"","volume","return"
"2018-11-05 08:31:00",41687,0
"2018-11-05 08:32:00",18289,-0.0500000000000043
"2018-11-05 08:33:00",15550,-0.0399999999999991
"2018-11-05 08:34:00",9931,0.130000000000003
"2018-11-05 08:35:00",11870,0
"2018-11-05 08:36:00",29864,0.00999999999999801
"2018-11-05 08:37:00",36748,-0.0214999999999961
"2018-11-05 08:38:00",30463,-0.0735000000000028
"2018-11-05 08:39:00",13984,0.0249999999999986
"2018-11-05 08:40:00",18024,0.0474999999999994
"2018-11-05 08:41:00",22463,-0.0374999999999943
"2018-11-05 08:42:00",27842,0.0499999999999972
"2018-11-05 08:43:00",8227,-0.0399999999999991
"2018-11-05 08:44:00",10225,0.019999999999996
"2018-11-05 08:45:00",5073,-0.0449999999999946
"2018-11-05 08:46:00",16668,-0.0549999999999997
"2018-11-05 08:47:00",14279,0.119999999999997
"2018-11-05 08:48:00",15890,-0.0600000000000023
"2018-11-05 08:49:00",6667,-0.0300000000000011
"2018-11-05 08:50:00",25829,0.0200000000000031
"2018-11-05 08:51:00",12801,-0.00999999999999801
"2018-11-05 08:52:00",20454,-0.0700000000000003
"2018-11-05 08:53:00",27792,0.0499999999999972
"2018-11-05 08:54:00",12000,-0.0300000000000011
"2018-11-05 08:55:00",9436,-0.019999999999996
"2018-11-05 08:56:00",6401,0.00999999999999801
"2018-11-05 08:57:00",7983,0.0300000000000011
"2018-11-05 08:58:00",6728,-0.0500000000000043
"2018-11-05 08:59:00",9477,0.0200000000000031
"2018-11-05 09:00:00",8361,-0.0499999999999972
"2018-11-05 09:01:00",8120,0
"2018-11-05 09:02:00",22399,0.019999999999996
"2018-11-05 09:03:00",13410,0
"2018-11-05 09:04:00",6242,0.0249999999999986
"2018-11-05 09:05:00",11441,-0.0150000000000006
"2018-11-05 09:06:00",10525,-0.0399999999999991
"2018-11-05 09:07:00",11595,0.0300000000000011
"2018-11-05 09:08:00",5707,0.00999999999999801
"2018-11-05 09:09:00",16699,-0.0399999999999991
"2018-11-05 09:10:00",16520,-0.019999999999996
"2018-11-05 09:11:00",11523,0.00999999999999801
"2018-11-05 09:12:00",8614,-0.0499999999999972
"2018-11-05 09:13:00",11850,0.0399999999999991
"2018-11-05 09:14:00",8362,0.0244999999999962
"2018-11-05 09:15:00",10015,-0.00450000000000017
"2018-11-05 09:16:00",4138,-0.019999999999996
"2018-11-05 09:17:00",4400,-0.0300000000000011
"2018-11-05 09:18:00",4221,-0.00999999999999801
"2018-11-05 09:19:00",6673,0.0499999999999972
"2018-11-05 09:20:00",5051,-0.00999999999999801
"2018-11-05 09:21:00",7217,-0.0399999999999991
"2018-11-05 09:22:00",6287,-0.0300000000000011
"2018-11-05 09:23:00",5383,-0.0399999999999991
"2018-11-05 09:24:00",7619,0.0300000000000011
"2018-11-05 09:25:00",5722,-0.0400000000000063
"2018-11-05 09:26:00",5333,0.0600000000000023
"2018-11-05 09:27:00",2507,0.0300000000000011
"2018-11-05 09:28:00",7700,0.0700000000000003
"2018-11-05 09:29:00",8110,-0.00999999999999801
"2018-11-05 09:30:00",9768,0.00999999999999801
"2018-11-05 09:31:00",2622,0.0300000000000011
"2018-11-05 09:32:00",4064,-0.0300000000000011
"2018-11-05 09:33:00",7755,0.0225000000000009
"2018-11-05 09:34:00",2300,-0.00750000000000028
"2018-11-05 09:35:00",4932,0.0549999999999997
"2018-11-05 09:36:00",11860,-0.0500000000000043
"2018-11-05 09:37:00",6100,0
"2018-11-05 09:38:00",5217,0.0300000000000011
"2018-11-05 09:39:00",4100,-0.019999999999996
"2018-11-05 09:40:00",3394,0
"2018-11-05 09:41:00",8021,0.0300000000000011
"2018-11-05 09:42:00",8450,0
"2018-11-05 09:43:00",11319,0.00499999999999545
"2018-11-05 09:44:00",13449,0.0150000000000006
"2018-11-05 09:45:00",9652,0.0300000000000011
"2018-11-05 09:46:00",19686,-0.0600000000000023
"2018-11-05 09:47:00",9649,-0.019999999999996
"2018-11-05 09:48:00",8134,-0.0399999999999991
"2018-11-05 09:49:00",10878,0.00999999999999801
"2018-11-05 09:50:00",4389,0.0700000000000003
"2018-11-05 09:51:00",3954,-0.00999999999999801
"2018-11-05 09:52:00",14325,0.00999999999999801
"2018-11-05 09:53:00",6720,0.019999999999996
"2018-11-05 09:54:00",6752,0.0500000000000043
"2018-11-05 09:55:00",3846,-0.0200000000000031
"2018-11-05 09:56:00",800,-0.00999999999999801
"2018-11-05 09:57:00",6153,-0.0200000000000031
"2018-11-05 09:58:00",5231,0.0200000000000031
"2018-11-05 09:59:00",5343,0
"2018-11-05 10:00:00",5221,-0.00999999999999801
"2018-11-05 10:01:00",5919,0.0253999999999976
"2018-11-05 10:02:00",9978,0.0345999999999975
"2018-11-05 10:03:00",8079,-0.029999999999994
"2018-11-05 10:04:00",15492,0.00999999999999801
"2018-11-05 10:05:00",23804,0.0700000000000003
"2018-11-05 10:06:00",25015,0.019999999999996
"2018-11-05 10:07:00",11563,0.0100000000000051
"2018-11-05 10:08:00",17361,0
"2018-11-05 10:09:00",17988,-0.0450000000000017
"2018-11-05 10:10:00",9752,-0.0150000000000006
"2018-11-05 10:11:00",10943,0.0150000000000006
"2018-11-05 10:12:00",9437,-0.0350000000000037
"2018-11-05 10:13:00",9247,0.0100000000000051
"2018-11-05 10:14:00",11427,-0.0100000000000051
"2018-11-05 10:15:00",4392,-0.0499999999999972
"2018-11-05 10:16:00",50574,0.0399999999999991
"2018-11-05 10:17:00",4777,-0.0399999999999991
"2018-11-05 10:18:00",4714,0
"2018-11-05 10:19:00",7565,-0.0200000000000031
"2018-11-05 10:20:00",5940,-0.0149999999999935
"2018-11-05 10:21:00",2244,0.00499999999999545
"2018-11-05 10:22:00",1970,-0.00999999999999801
"2018-11-05 10:23:00",1962,-0.0200000000000031
"2018-11-05 10:24:00",11298,-0.0399999999999991
"2018-11-05 10:25:00",4176,0
"2018-11-05 10:26:00",3284,-0.019999999999996
"2018-11-05 10:27:00",3699,0.019999999999996
"2018-11-05 10:28:00",9651,-0.019999999999996
"2018-11-05 10:29:00",18964,0.0499999999999972
"2018-11-05 10:30:00",7152,-0.0300000000000011
"2018-11-05 10:31:00",26794,0.0150000000000006
"2018-11-05 10:32:00",1967,0.0150000000000006
"2018-11-05 10:33:00",2736,-0.0300000000000011
"2018-11-05 10:34:00",12779,-0.0599999999999952
"2018-11-05 10:35:00",2015,0.00999999999999801
"2018-11-05 10:36:00",2234,0.019999999999996
"2018-11-05 10:37:00",2350,-0.019999999999996
"2018-11-05 10:38:00",2415,-0.00890000000000413
"2018-11-05 10:39:00",11400,-0.021099999999997
"2018-11-05 10:40:00",15584,0.0208999999999975
"2018-11-05 10:41:00",1900,-0.0308999999999955
"2018-11-05 10:42:00",8591,-0.0399999999999991
"2018-11-05 10:43:00",3200,0.00999999999999801
"2018-11-05 10:44:00",1771,-0.0500000000000043
"2018-11-05 10:45:00",5390,-0.00999999999999801
"2018-11-05 10:46:00",2130,0.00500000000000256
"2018-11-05 10:47:00",4451,0.0249999999999986
"2018-11-05 10:48:00",6453,0.00999999999999801
"2018-11-05 10:49:00",4982,0.0100000000000051
"2018-11-05 10:50:00",1005,-0.0100000000000051
"2018-11-05 10:51:00",2844,0.0600000000000023
"2018-11-05 10:52:00",1560,-0.0300000000000011
"2018-11-05 10:53:00",1450,0.0399999999999991
"2018-11-05 10:54:00",1400,-0.0399999999999991
"2018-11-05 10:55:00",2573,-0.019999999999996
"2018-11-05 10:56:00",1016,0
"2018-11-05 10:57:00",1415,-0.0100000000000051
"2018-11-05 10:58:00",2610,-0.019999999999996
"2018-11-05 10:59:00",3760,-0.0100000000000051
"2018-11-05 11:00:00",2530,0.00670000000000215
"2018-11-05 11:01:00",2909,-0.0266999999999982
"2018-11-05 11:02:00",1886,0.00500000000000256
"2018-11-05 11:03:00",2020,-0.0350000000000037
"2018-11-05 11:04:00",1614,0
"2018-11-05 11:05:00",1445,-0.0200000000000031
"2018-11-05 11:06:00",1201,-0.0249999999999986
"2018-11-05 11:07:00",3604,0.00500000000000256
"2018-11-05 11:08:00",1617,0.00419999999999732
"2018-11-05 11:09:00",8113,-0.00419999999999732
"2018-11-05 11:10:00",4339,-0.00999999999999801
"2018-11-05 11:11:00",500,-0.0300000000000011
"2018-11-05 11:12:00",1500,0.00999999999999801
"2018-11-05 11:13:00",1987,-0.019999999999996
"2018-11-05 11:14:00",5288,0.00999999999999801
"2018-11-05 11:15:00",9593,-0.0500000000000043
"2018-11-05 11:16:00",1304,-0.00719999999999743
"2018-11-05 11:17:00",1950,-0.0127999999999986
"2018-11-05 11:18:00",2450,-0.0200000000000031
"2018-11-05 11:19:00",4350,-0.0399999999999991
"2018-11-05 11:20:00",4501,0.0500000000000043
"2018-11-05 11:21:00",1500,0.0399999999999991
"2018-11-05 11:22:00",1523,-0.0100000000000051
"2018-11-05 11:23:00",2900,0
"2018-11-05 11:24:00",3550,0.0600000000000023
"2018-11-05 11:25:00",3300,0.00999999999999801
"2018-11-05 11:26:00",1300,0
"2018-11-05 11:27:00",1550,0
"2018-11-05 11:28:00",1000,0
"2018-11-05 11:29:00",1000,-0.00339999999999918
"2018-11-05 11:30:00",2475,-0.00159999999999627
"2018-11-05 11:31:00",1650,-0.0150000000000006
"2018-11-05 11:32:00",2200,0
"2018-11-05 11:33:00",1700,-0.00999999999999801
"2018-11-05 11:34:00",1561,0.019999999999996
"2018-11-05 11:35:00",1028,0
"2018-11-05 11:36:00",500,0
"2018-11-05 11:37:00",5200,-0.00999999999999801
"2018-11-05 11:38:00",809,-0.0200000000000031
"2018-11-05 11:39:00",2310,0
"2018-11-05 11:40:00",3377,0
"2018-11-05 11:41:00",1735,-0.019999999999996
"2018-11-05 11:42:00",745,0.00499999999999545
"2018-11-05 11:43:00",2000,-0.00499999999999545
"2018-11-05 11:44:00",1026,-0.00659999999999883
"2018-11-05 11:45:00",1710,0.0366
"2018-11-05 11:46:00",2859,-0.0099000000000018
"2018-11-05 11:47:00",1960,-0.0101000000000013
"2018-11-05 11:48:00",3000,-0.0200000000000031
"2018-11-05 11:49:00",4955,0.0100000000000051
"2018-11-05 11:50:00",2572,0.0238999999999976
"2018-11-05 11:51:00",2545,0.0161000000000016
"2018-11-05 11:52:00",800,0
"2018-11-05 11:53:00",500,-0.00999999999999801
"2018-11-05 11:54:00",2029,0
"2018-11-05 11:55:00",2623,0.0134999999999934
"2018-11-05 11:56:00",1214,0.00960000000000605
"2018-11-05 11:57:00",1962,-0.00310000000000343
"2018-11-05 11:58:00",1654,0.00999999999999801
"2018-11-05 11:59:00",700,-0.00499999999999545
"2018-11-05 12:00:00",339,0.00499999999999545
"2018-11-05 12:01:00",5613,-0.0437999999999974
"2018-11-05 12:02:00",2794,-0.00249999999999773
"2018-11-05 12:03:00",5696,0.0202999999999989
"2018-11-05 12:04:00",2192,0.0259999999999962
"2018-11-05 12:05:00",1776,-0.019999999999996
"2018-11-05 12:06:00",1330,0
"2018-11-05 12:07:00",1305,0.019999999999996
"2018-11-05 12:08:00",1000,0.0264000000000024
"2018-11-05 12:09:00",3326,0.0236000000000018
"2018-11-05 12:10:00",3793,0.019999999999996
"2018-11-05 12:11:00",2037,-0.0300000000000011
"2018-11-05 12:12:00",2180,0.00590000000000401
"2018-11-05 12:13:00",500,0.0240999999999971
"2018-11-05 12:14:00",3730,0
"2018-11-05 12:15:00",2980,0.0200000000000031
"2018-11-05 12:16:00",4010,0.019999999999996
"2018-11-05 12:17:00",4052,0
"2018-11-05 12:18:00",1518,0
"2018-11-05 12:19:00",1028,0.0200000000000031
"2018-11-05 12:20:00",5266,-0.0069999999999979
"2018-11-05 12:21:00",5302,-0.00300000000000011
"2018-11-05 12:22:00",2669,0
"2018-11-05 12:23:00",2703,-0.0100000000000051
"2018-11-05 12:24:00",1712,-0.00999999999999801
"2018-11-05 12:25:00",928,0.0266999999999982
"2018-11-05 12:26:00",1100,-0.0167000000000002
"2018-11-05 12:27:00",1000,0.0400000000000063
"2018-11-05 12:28:00",2370,0.00999999999999801
"2018-11-05 12:29:00",4117,0
"2018-11-05 12:30:00",3315,0.0300000000000011
"2018-11-05 12:31:00",4549,0.019999999999996
"2018-11-05 12:32:00",1231,0
"2018-11-05 12:33:00",1058,-0.019999999999996
"2018-11-05 12:34:00",1220,-0.0224000000000046
"2018-11-05 12:35:00",1230,0.00240000000000151
"2018-11-05 12:36:00",3900,-0.00999999999999801
"2018-11-05 12:37:00",1200,0.00499999999999545
"2018-11-05 12:38:00",2939,0.0550000000000068
"2018-11-05 12:39:00",1903,9.99999999962142e-05
"2018-11-05 12:40:00",2500,-0.0200999999999993
"2018-11-05 12:41:00",888,0.0099000000000018
"2018-11-05 12:42:00",8848,9.99999999962142e-05
"2018-11-05 12:43:00",2014,0.0100000000000051
"2018-11-05 12:44:00",1545,-0.0100000000000051
"2018-11-05 12:45:00",7438,0.0150000000000006
"2018-11-05 12:46:00",600,-0.00499999999999545
"2018-11-05 12:47:00",300,0
"2018-11-05 12:48:00",1724,-0.0100000000000051
"2018-11-05 12:49:00",3347,0.0300000000000011
"2018-11-05 12:50:00",900,-0.00999999999999801
"2018-11-05 12:51:00",4506,-0.00670000000000215
"2018-11-05 12:52:00",1700,-0.00329999999999586
"2018-11-05 12:53:00",2100,0.019999999999996
"2018-11-05 12:54:00",8315,0.0200000000000031
"2018-11-05 12:55:00",4017,0.00999999999999801
"2018-11-05 12:56:00",1557,0.019999999999996
"2018-11-05 12:57:00",1233,0.0500000000000043
"2018-11-05 12:58:00",2182,0.00999999999999801
"2018-11-05 12:59:00",1535,-0.019999999999996
"2018-11-05 13:00:00",5884,-0.0100000000000051
"2018-11-05 13:01:00",3549,0.0100000000000051
"2018-11-05 13:02:00",2038,-0.0200000000000031
"2018-11-05 13:03:00",1671,0.0200000000000031
"2018-11-05 13:04:00",9324,-0.0300000000000011
"2018-11-05 13:05:00",3559,-0.00500000000000256
"2018-11-05 13:06:00",1587,-0.0150000000000006
"2018-11-05 13:07:00",3750,0.00999999999999801
"2018-11-05 13:08:00",3543,0.0200000000000031
"2018-11-05 13:09:00",959,0.00999999999999801
"2018-11-05 13:10:00",800,0.00690000000000168
"2018-11-05 13:11:00",1009,-0.00909999999999656
"2018-11-05 13:12:00",1332,0.0171999999999954
"2018-11-05 13:13:00",2290,-0.00499999999999545
"2018-11-05 13:14:00",2207,0.0150000000000006
"2018-11-05 13:15:00",1594,-0.0250000000000057
"2018-11-05 13:16:00",862,0.0250000000000057
"2018-11-05 13:17:00",1056,0.0149999999999935
"2018-11-05 13:18:00",3388,-0.0149999999999935
"2018-11-05 13:19:00",7455,0.0449999999999946
"2018-11-05 13:20:00",2587,0.0249999999999986
"2018-11-05 13:21:00",2250,-0.0349999999999966
"2018-11-05 13:22:00",3511,0.00999999999999801
"2018-11-05 13:23:00",3066,-0.0311999999999983
"2018-11-05 13:24:00",6193,-0.0187999999999988
"2018-11-05 13:25:00",5699,0.00500000000000256
"2018-11-05 13:26:00",2808,-0.0250000000000057
"2018-11-05 13:27:00",3513,-0.0300000000000011
"2018-11-05 13:28:00",15123,-0.019999999999996
"2018-11-05 13:29:00",9803,0.00500000000000256
"2018-11-05 13:30:00",12921,-0.00500000000000256
"2018-11-05 13:31:00",5437,-0.00999999999999801
"2018-11-05 13:32:00",1986,-0.0200000000000031
"2018-11-05 13:33:00",15801,-0.0600000000000023
"2018-11-05 13:34:00",1291,-9.99999999962142e-05
"2018-11-05 13:35:00",1000,-0.0298999999999978
"2018-11-05 13:36:00",8287,0.00999999999999801
"2018-11-05 13:37:00",2649,0.00999999999999801
"2018-11-05 13:38:00",1830,0.00999999999999801
"2018-11-05 13:39:00",4350,-0.00999999999999801
"2018-11-05 13:40:00",2150,0.0367000000000033
"2018-11-05 13:41:00",2419,0.00329999999999586
"2018-11-05 13:42:00",1805,0
"2018-11-05 13:43:00",400,-0.00999999999999801
"2018-11-05 13:44:00",3811,0.0600000000000023
"2018-11-05 13:45:00",1835,0.00999999999999801
"2018-11-05 13:46:00",2649,0.00999999999999801
"2018-11-05 13:47:00",2635,-0.00999999999999801
"2018-11-05 13:48:00",3178,0.0300000000000011
"2018-11-05 13:49:00",2908,-0.0200000000000031
"2018-11-05 13:50:00",11747,0.0300000000000011
"2018-11-05 13:51:00",2667,-0.0249999999999986
"2018-11-05 13:52:00",3436,0.0103999999999971
"2018-11-05 13:53:00",4300,0.00460000000000349
"2018-11-05 13:54:00",922,0
"2018-11-05 13:55:00",4772,-0.0420000000000016
"2018-11-05 13:56:00",3675,0.00869999999999749
"2018-11-05 13:57:00",12318,0.00830000000000553
"2018-11-05 13:58:00",452,-0.00500000000000256
"2018-11-05 13:59:00",3281,-0.0200000000000031
"2018-11-05 14:00:00",7564,0.0200000000000031
"2018-11-05 14:01:00",900,-0.00999999999999801
"2018-11-05 14:02:00",3184,0.00499999999999545
"2018-11-05 14:03:00",1988,-0.0111999999999952
"2018-11-05 14:04:00",674,0.00619999999999976
"2018-11-05 14:05:00",4402,-0.014400000000002
"2018-11-05 14:06:00",2200,0.0219000000000023
"2018-11-05 14:07:00",3898,0.00750000000000028
"2018-11-05 14:08:00",900,-0.0041000000000011
"2018-11-05 14:09:00",4421,-0.000900000000001455
"2018-11-05 14:10:00",2604,-0.00999999999999801
"2018-11-05 14:11:00",3501,0.0399999999999991
"2018-11-05 14:12:00",1400,-0.0300000000000011
"2018-11-05 14:13:00",2782,0.019999999999996
"2018-11-05 14:14:00",5075,0
"2018-11-05 14:15:00",2700,-0.029999999999994
"2018-11-05 14:16:00",1392,0.00999999999999801
"2018-11-05 14:17:00",2490,-0.00999999999999801
"2018-11-05 14:18:00",3444,-0.0100000000000051
"2018-11-05 14:19:00",2445,0.0200000000000031
"2018-11-05 14:20:00",2188,0
"2018-11-05 14:21:00",4325,-0.00999999999999801
"2018-11-05 14:22:00",1733,0.00999999999999801
"2018-11-05 14:23:00",2146,-0.0300000000000011
"2018-11-05 14:24:00",4369,-0.0523999999999987
"2018-11-05 14:25:00",12479,-0.0208999999999975
"2018-11-05 14:26:00",3092,0.00329999999999586
"2018-11-05 14:27:00",2146,0.013300000000001
"2018-11-05 14:28:00",4292,0.0217000000000027
"2018-11-05 14:29:00",5148,0.00499999999999545
"2018-11-05 14:30:00",6022,0
"2018-11-05 14:31:00",5964,-0.00999999999999801
"2018-11-05 14:32:00",4165,0
"2018-11-05 14:33:00",3150,0.0200000000000031
"2018-11-05 14:34:00",6888,0.019999999999996
"2018-11-05 14:35:00",2854,0.0200000000000031
"2018-11-05 14:36:00",5571,0.019999999999996
"2018-11-05 14:37:00",4088,-0.00999999999999801
"2018-11-05 14:38:00",4342,0.019999999999996
"2018-11-05 14:39:00",5000,0
"2018-11-05 14:40:00",7915,-0.019999999999996
"2018-11-05 14:41:00",4226,-0.0298999999999978
"2018-11-05 14:42:00",4400,-0.0101000000000013
"2018-11-05 14:43:00",13323,0.00489999999999924
"2018-11-05 14:44:00",5600,-0.00489999999999924
"2018-11-05 14:45:00",13920,-0.0600000000000023
"2018-11-05 14:46:00",3781,0
"2018-11-05 14:47:00",9082,0.00500000000000256
"2018-11-05 14:48:00",9069,-0.00270000000000437
"2018-11-05 14:49:00",5906,0.00769999999999982
"2018-11-05 14:50:00",8266,-0.00999999999999801
"2018-11-05 14:51:00",18178,-0.00500000000000256
"2018-11-05 14:52:00",42965,0.0350000000000037
"2018-11-05 14:53:00",5575,0.048099999999998
"2018-11-05 14:54:00",9928,0.0219000000000023
"2018-11-05 14:55:00",12371,0.0150000000000006
"2018-11-05 14:56:00",13504,0
"2018-11-05 14:57:00",16994,0
"2018-11-05 14:58:00",28037,-0.0249999999999986
"2018-11-05 14:59:00",25910,0.00999999999999801
"2018-11-05 15:02:00",43212,0
"2018-11-05 15:15:00",0,0
"2018-11-06 08:30:00",25067,0.0499999999999972
"2018-11-06 08:31:00",9703,0
"2018-11-06 08:32:00",16625,-0.0799999999999983
"2018-11-06 08:33:00",9610,0.0499999999999972
"2018-11-06 08:34:00",8205,-0.0349999999999966
"2018-11-06 08:35:00",12110,0.0549999999999997
"2018-11-06 08:36:00",28711,-0.0499999999999972
"2018-11-06 08:37:00",21746,-0.0399999999999991
"2018-11-06 08:38:00",16216,-0.0200000000000031
"2018-11-06 08:39:00",12212,-0.0300000000000011
"2018-11-06 08:40:00",19289,0.0762
"2018-11-06 08:41:00",9836,-0.00619999999999976
"2018-11-06 08:42:00",28172,0.0399000000000029
"2018-11-06 08:43:00",13415,-0.0349000000000004
"2018-11-06 08:44:00",16810,-0.0150000000000006
"2018-11-06 08:45:00",11865,0.0499999999999972
"2018-11-06 08:46:00",8338,-0.0749999999999957
"2018-11-06 08:47:00",21914,0.0549999999999997
"2018-11-06 08:48:00",11382,-0.0300000000000011
"2018-11-06 08:49:00",11409,0.0599999999999952
"2018-11-06 08:50:00",5514,-0.0399999999999991
"2018-11-06 08:51:00",5424,-0.0150000000000006
"2018-11-06 08:52:00",10500,-0.00999999999999801
"2018-11-06 08:53:00",13720,-0.0150000000000006
"2018-11-06 08:54:00",8159,0.0100000000000051
"2018-11-06 08:55:00",16806,-0.0200000000000031
"2018-11-06 08:56:00",10403,-0.0399999999999991
"2018-11-06 08:57:00",9503,-0.0399999999999991
"2018-11-06 08:58:00",23971,-0.0200000000000031
"2018-11-06 08:59:00",29644,-0.0349999999999966
"2018-11-06 09:00:00",8446,0.0150000000000006
"2018-11-06 09:01:00",19586,0.0599999999999952
"2018-11-06 09:02:00",3392,-0.00999999999999801
"2018-11-06 09:03:00",8378,0.00999999999999801
"2018-11-06 09:04:00",6470,-0.019999999999996
"2018-11-06 09:05:00",9330,0.00999999999999801
"2018-11-06 09:06:00",7494,-0.0200000000000031
"2018-11-06 09:07:00",7897,0.0150000000000006
"2018-11-06 09:08:00",5709,0.00500000000000256
"2018-11-06 09:09:00",3634,0.0200000000000031
"2018-11-06 09:10:00",10750,-0.0100000000000051
"2018-11-06 09:11:00",4455,0
"2018-11-06 09:12:00",1733,0.0300000000000011
"2018-11-06 09:13:00",2494,0.0200000000000031
"2018-11-06 09:14:00",3605,0.00499999999999545
"2018-11-06 09:15:00",5699,-0.0150000000000006
"2018-11-06 09:16:00",6126,0
"2018-11-06 09:17:00",4075,-0.019999999999996
"2018-11-06 09:18:00",4011,-0.0500000000000043
"2018-11-06 09:19:00",3434,0
"2018-11-06 09:20:00",6206,0.0500000000000043
"2018-11-06 09:21:00",6713,0.0150000000000006
"2018-11-06 09:22:00",4903,-0.0100000000000051
"2018-11-06 09:23:00",4244,-0.0249999999999986
"2018-11-06 09:24:00",9152,0.0500000000000043
"2018-11-06 09:25:00",5834,-0.0600000000000023
"2018-11-06 09:26:00",13001,-0.0349999999999966
"2018-11-06 09:27:00",15182,-0.0550000000000068
"2018-11-06 09:28:00",4996,-0.0379999999999967
"2018-11-06 09:29:00",5873,-0.0120000000000005
"2018-11-06 09:30:00",5528,0.00999999999999801
"2018-11-06 09:31:00",6376,0.0100000000000051
"2018-11-06 09:32:00",19344,-0.105000000000004
"2018-11-06 09:33:00",24346,0.0300000000000011
"2018-11-06 09:34:00",8021,-0.0150000000000006
"2018-11-06 09:35:00",10032,0
"2018-11-06 09:36:00",7417,-0.0799999999999983
"2018-11-06 09:37:00",11940,0.0549999999999997
"2018-11-06 09:38:00",7544,-0.0549999999999997
"2018-11-06 09:39:00",8347,0.0399999999999991
"2018-11-06 09:40:00",8914,-0.0700000000000003
"2018-11-06 09:41:00",10758,0.100099999999998
"2018-11-06 09:42:00",3563,-0.0150999999999968
"2018-11-06 09:43:00",5422,-0.0249999999999986
"2018-11-06 09:44:00",10606,-0.0200000000000031
"2018-11-06 09:45:00",5706,0.0600000000000023
"2018-11-06 09:46:00",8041,0.0649999999999977
"2018-11-06 09:47:00",8545,-0.0150000000000006
"2018-11-06 09:48:00",4364,-0.0249999999999986
"2018-11-06 09:49:00",2260,0.0215000000000032
"2018-11-06 09:50:00",3705,-0.00650000000000261
"2018-11-06 09:51:00",1300,-0.0200000000000031
"2018-11-06 09:52:00",1500,0.0500000000000043
"2018-11-06 09:53:00",1344,0.019999999999996
"2018-11-06 09:54:00",3716,0.0432000000000059
"2018-11-06 09:55:00",7560,-0.0332000000000008
"2018-11-06 09:56:00",3200,-0.0200000000000031
"2018-11-06 09:57:00",2942,0
"2018-11-06 09:58:00",2302,-0.00999999999999801
"2018-11-06 09:59:00",2500,0
"2018-11-06 10:00:00",16147,-0.00690000000000168
"2018-11-06 10:01:00",12290,-0.00309999999999633
"2018-11-06 10:02:00",2360,0.00999999999999801
"2018-11-06 10:03:00",9100,-0.0200000000000031
"2018-11-06 10:04:00",5259,0.0500000000000043
"2018-11-06 10:05:00",5690,-0.0300000000000011
"2018-11-06 10:06:00",2912,-0.00999999999999801
"2018-11-06 10:07:00",2787,0.0128999999999948
"2018-11-06 10:08:00",8707,0.0271000000000043
"2018-11-06 10:09:00",3100,-0.0300000000000011
"2018-11-06 10:10:00",5300,0.028100000000002
"2018-11-06 10:11:00",3011,0.0318999999999932
"2018-11-06 10:12:00",2150,0.0200000000000031
"2018-11-06 10:13:00",11124,0.0450000000000017
"2018-11-06 10:14:00",6700,0.0649999999999977
"2018-11-06 10:15:00",9625,-0.0300000000000011
"2018-11-06 10:16:00",16825,0.00500000000000256
"2018-11-06 10:17:00",7013,-0.0150000000000006
"2018-11-06 10:18:00",2575,0.00319999999999965
"2018-11-06 10:19:00",3190,0.00679999999999836
"2018-11-06 10:20:00",14598,-0.0599999999999952
"2018-11-06 10:21:00",33693,-0.0600000000000023
"2018-11-06 10:22:00",15019,-0.00500000000000256
"2018-11-06 10:23:00",12115,-0.0150000000000006
"2018-11-06 10:24:00",19628,0.0100000000000051
"2018-11-06 10:25:00",19153,-0.100000000000001
"2018-11-06 10:26:00",6182,0.00999999999999801
"2018-11-06 10:27:00",3657,0
"2018-11-06 10:28:00",3332,0.0500000000000043
"2018-11-06 10:29:00",6637,0
"2018-11-06 10:30:00",3942,-0.0100000000000051
"2018-11-06 10:31:00",9900,-0.00999999999999801
"2018-11-06 10:32:00",2900,-0.00999999999999801
"2018-11-06 10:33:00",8888,0
"2018-11-06 10:34:00",5540,0.00999999999999801
"2018-11-06 10:35:00",2620,0
"2018-11-06 10:36:00",11136,0.00999999999999801
"2018-11-06 10:37:00",8258,0.0191000000000017
"2018-11-06 10:38:00",7558,-0.0041000000000011
"2018-11-06 10:39:00",4540,0.00500000000000256
"2018-11-06 10:40:00",4184,-0.0200000000000031
"2018-11-06 10:41:00",9602,-0.00999999999999801
"2018-11-06 10:42:00",4035,0.0499999999999972
"2018-11-06 10:43:00",957,-0.0249999999999986
"2018-11-06 10:44:00",2207,-0.00499999999999545
"2018-11-06 10:45:00",7612,0
"2018-11-06 10:46:00",4636,0.00999999999999801
"2018-11-06 10:47:00",1586,0
"2018-11-06 10:48:00",3955,-0.0200000000000031
"2018-11-06 10:49:00",2189,-0.00999999999999801
"2018-11-06 10:50:00",3603,0.00999999999999801
"2018-11-06 10:51:00",1966,0
"2018-11-06 10:52:00",3728,-0.019999999999996
"2018-11-06 10:53:00",4589,-0.0300000000000011
"2018-11-06 10:54:00",1300,0.00999999999999801
"2018-11-06 10:55:00",1500,-0.00500000000000256
"2018-11-06 10:56:00",3407,0.0716000000000037
"2018-11-06 10:57:00",2200,-0.046599999999998
"2018-11-06 10:58:00",2638,-0.0100000000000051
"2018-11-06 10:59:00",3051,0.00500000000000256
"2018-11-06 11:00:00",2937,0.0112000000000023
"2018-11-06 11:01:00",3936,0.0137999999999963
"2018-11-06 11:02:00",3570,0.0300000000000011
"2018-11-06 11:03:00",4746,-0.0101000000000013
"2018-11-06 11:04:00",3824,0.00010000000000332
"2018-11-06 11:05:00",2207,0.00999999999999801
"2018-11-06 11:06:00",2223,0.0200000000000031
"2018-11-06 11:07:00",5841,0.019999999999996
"2018-11-06 11:08:00",3023,-0.00999999999999801
"2018-11-06 11:09:00",3837,0.0399999999999991
"2018-11-06 11:10:00",9140,0.00999999999999801
"2018-11-06 11:11:00",1500,-0.0300000000000011
"2018-11-06 11:12:00",2400,-0.00999999999999801
"2018-11-06 11:13:00",4194,0.00999999999999801
"2018-11-06 11:14:00",2308,0
"2018-11-06 11:15:00",4226,-0.029999999999994
"2018-11-06 11:16:00",2930,-0.0335999999999999
"2018-11-06 11:17:00",6246,-0.0063999999999993
"2018-11-06 11:18:00",12687,-0.0100000000000051
"2018-11-06 11:19:00",3874,-0.00499999999999545
"2018-11-06 11:20:00",8173,-0.0250000000000057
"2018-11-06 11:21:00",10152,0.0100000000000051
"2018-11-06 11:22:00",9759,-0.0200000000000031
"2018-11-06 11:23:00",16660,-0.00999999999999801
"2018-11-06 11:24:00",4239,-0.0200000000000031
"2018-11-06 11:25:00",2321,0
"2018-11-06 11:26:00",8459,0.0249999999999986
"2018-11-06 11:27:00",4817,0.00500000000000256
"2018-11-06 11:28:00",1520,-0.019999999999996
"2018-11-06 11:29:00",2100,0.00999999999999801
"2018-11-06 11:30:00",10015,0.00999999999999801
"2018-11-06 11:31:00",6204,0.0200000000000031
"2018-11-06 11:32:00",2307,0.0300000000000011
"2018-11-06 11:33:00",7722,0.0300999999999974
"2018-11-06 11:34:00",4920,0.0249000000000024
"2018-11-06 11:35:00",1861,-0.0250000000000057
"2018-11-06 11:36:00",5237,0.0399999999999991
"2018-11-06 11:37:00",2437,-0.019999999999996
"2018-11-06 11:38:00",544,0
"2018-11-06 11:39:00",3168,-0.00999999999999801
"2018-11-06 11:40:00",2367,0.0148999999999972
"2018-11-06 11:41:00",2751,0.0251000000000019
"2018-11-06 11:42:00",400,0.00499999999999545
"2018-11-06 11:43:00",3980,0.0250000000000057
"2018-11-06 11:44:00",8626,0.00999999999999801
"2018-11-06 11:45:00",2986,-0.0200000000000031
"2018-11-06 11:46:00",1932,0.0100000000000051
"2018-11-06 11:47:00",2743,0.0140999999999991
"2018-11-06 11:48:00",3734,-0.0140999999999991
"2018-11-06 11:49:00",1742,-0.0100000000000051
"2018-11-06 11:50:00",4629,-0.00999999999999801
"2018-11-06 11:51:00",1250,-0.00560000000000116
"2018-11-06 11:52:00",1857,-0.00220000000000198
"2018-11-06 11:53:00",3972,-0.00219999999999487
"2018-11-06 11:54:00",800,-0.0100000000000051
"2018-11-06 11:55:00",1307,-0.00499999999999545
"2018-11-06 11:56:00",2149,0.00999999999999801
"2018-11-06 11:57:00",2120,0.0150000000000006
"2018-11-06 11:58:00",2297,0.0150000000000006
"2018-11-06 11:59:00",3506,-0.00999999999999801
"2018-11-06 12:00:00",522,0.00499999999999545
"2018-11-06 12:01:00",3775,-0.00999999999999801
"2018-11-06 12:02:00",3176,-0.00999999999999801
"2018-11-06 12:03:00",5272,0
"2018-11-06 12:04:00",1140,0.0150000000000006
"2018-11-06 12:05:00",1100,-0.00500000000000256
"2018-11-06 12:06:00",2971,0.00999999999999801
"2018-11-06 12:07:00",2600,-0.00999999999999801
"2018-11-06 12:08:00",3324,0.00999999999999801
"2018-11-06 12:09:00",1900,-0.00999999999999801
"2018-11-06 12:10:00",900,-0.00999999999999801
"2018-11-06 12:11:00",766,0.00999999999999801
"2018-11-06 12:12:00",1360,0
"2018-11-06 12:13:00",900,-0.0300000000000011
"2018-11-06 12:14:00",362,0
"2018-11-06 12:15:00",1407,0.0200000000000031
"2018-11-06 12:16:00",1219,0.00999999999999801
"2018-11-06 12:17:00",1559,-0.0200000000000031
"2018-11-06 12:18:00",2682,0
"2018-11-06 12:19:00",1861,0.0300000000000011
"2018-11-06 12:20:00",1561,-0.00999999999999801
"2018-11-06 12:21:00",5458,-0.0200000000000031
"2018-11-06 12:22:00",2221,-0.0349999999999966
"2018-11-06 12:23:00",1190,-0.00500000000000256
"2018-11-06 12:24:00",7885,-0.00999999999999801
"2018-11-06 12:25:00",11013,0.0200000000000031
"2018-11-06 12:26:00",1850,0.019999999999996
"2018-11-06 12:27:00",1615,-0.00999999999999801
"2018-11-06 12:28:00",4087,-0.00500000000000256
"2018-11-06 12:29:00",1901,-0.00649999999999551
"2018-11-06 12:30:00",1754,0.0214999999999961
"2018-11-06 12:31:00",1744,0.0249999999999986
"2018-11-06 12:32:00",5549,0.0150000000000006
"2018-11-06 12:33:00",2645,-0.00999999999999801
"2018-11-06 12:34:00",6828,0.00999999999999801
"2018-11-06 12:35:00",6100,0.0100000000000051
"2018-11-06 12:36:00",6701,-0.0250000000000057
"2018-11-06 12:37:00",1900,0.0100000000000051
"2018-11-06 12:38:00",7461,0.0300000000000011
"2018-11-06 12:39:00",5525,0.019999999999996
"2018-11-06 12:40:00",300,0.00500000000000256
"2018-11-06 12:41:00",2956,0
"2018-11-06 12:42:00",2955,-0.0150000000000006
"2018-11-06 12:43:00",3834,0.0150000000000006
"2018-11-06 12:44:00",760,-0.00500000000000256
"2018-11-06 12:45:00",1799,0.0150000000000006
"2018-11-06 12:46:00",1700,0.0300000000000011
"2018-11-06 12:47:00",4390,0.00999999999999801
"2018-11-06 12:48:00",1600,-0.0300000000000011
"2018-11-06 12:49:00",5717,0.0100000000000051
"2018-11-06 12:50:00",5568,0
"2018-11-06 12:51:00",4239,0.0399999999999991
"2018-11-06 12:52:00",3524,-0.0200000000000031
"2018-11-06 12:53:00",3826,-0.0150000000000006
"2018-11-06 12:54:00",8181,0.0249999999999986
"2018-11-06 12:55:00",5141,0.0250000000000057
"2018-11-06 12:56:00",3608,-0.0150000000000006
"2018-11-06 12:57:00",2471,0.00999999999999801
"2018-11-06 12:58:00",3118,-0.0200000000000031
"2018-11-06 12:59:00",4954,0
"2018-11-06 13:00:00",6563,-0.019999999999996
"2018-11-06 13:01:00",5815,-0.0467000000000013
"2018-11-06 13:02:00",2130,0.00169999999999959
"2018-11-06 13:03:00",2501,-0.0150000000000006
"2018-11-06 13:04:00",1373,0.00010000000000332
"2018-11-06 13:05:00",2174,0.0291999999999959
"2018-11-06 13:06:00",1697,0.0106999999999999
"2018-11-06 13:07:00",2500,0.0350000000000037
"2018-11-06 13:08:00",3400,-0.0150000000000006
"2018-11-06 13:09:00",1848,0
"2018-11-06 13:10:00",4045,0.0300000000000011
"2018-11-06 13:11:00",1000,0.0260999999999996
"2018-11-06 13:12:00",1819,0.00390000000000157
"2018-11-06 13:13:00",4905,-0.0300000000000011
"2018-11-06 13:14:00",1900,-0.0150000000000006
"2018-11-06 13:15:00",3040,-0.0249999999999986
"2018-11-06 13:16:00",1100,-0.0100000000000051
"2018-11-06 13:17:00",3908,0
"2018-11-06 13:18:00",1500,-0.0244
"2018-11-06 13:19:00",10490,0.00939999999999941
"2018-11-06 13:20:00",3262,-0.0152000000000001
"2018-11-06 13:21:00",4392,0.0102000000000046
"2018-11-06 13:22:00",2962,0.019999999999996
"2018-11-06 13:23:00",6129,0.0100000000000051
"2018-11-06 13:24:00",14145,0.029999999999994
"2018-11-06 13:25:00",4327,0
"2018-11-06 13:26:00",6526,-0.029999999999994
"2018-11-06 13:27:00",1544,0
"2018-11-06 13:28:00",1114,-0.0500000000000043
"2018-11-06 13:29:00",3501,-0.00670000000000215
"2018-11-06 13:30:00",20544,0.00670000000000215
"2018-11-06 13:31:00",2000,0.0249999999999986
"2018-11-06 13:32:00",5483,0.0250000000000057
"2018-11-06 13:33:00",3701,0.00999999999999801
"2018-11-06 13:34:00",3099,-0.0200000000000031
"2018-11-06 13:35:00",1781,0.00530000000000541
"2018-11-06 13:36:00",4064,0.0346999999999937
"2018-11-06 13:37:00",3477,-0.0349999999999966
"2018-11-06 13:38:00",6631,-0.00500000000000256
"2018-11-06 13:39:00",4745,-0.019999999999996
"2018-11-06 13:40:00",4610,0.019999999999996
"2018-11-06 13:41:00",2268,0.0100000000000051
"2018-11-06 13:42:00",937,-0.00500000000000256
"2018-11-06 13:43:00",6078,-0.0198000000000036
"2018-11-06 13:44:00",5338,0.0206000000000017
"2018-11-06 13:45:00",3166,0.00919999999999987
"2018-11-06 13:46:00",3285,-0.00499999999999545
"2018-11-06 13:47:00",3300,0
"2018-11-06 13:48:00",4350,0.0399999999999991
"2018-11-06 13:49:00",1048,0.00499999999999545
"2018-11-06 13:50:00",2240,0.0250000000000057
"2018-11-06 13:51:00",2436,0
"2018-11-06 13:52:00",4612,-0.0200000000000031
"2018-11-06 13:53:00",3048,0.00500000000000256
"2018-11-06 13:54:00",1800,-0.0250000000000057
"2018-11-06 13:55:00",3014,-0.029999999999994
"2018-11-06 13:56:00",5663,0.0287999999999968
"2018-11-06 13:57:00",1840,-0.00379999999999825
"2018-11-06 13:58:00",4896,-0.00500000000000256
"2018-11-06 13:59:00",1511,-0.00999999999999801
"2018-11-06 14:00:00",4068,-0.0200000000000031
"2018-11-06 14:01:00",5488,0.0100000000000051
"2018-11-06 14:02:00",1247,0.019999999999996
"2018-11-06 14:03:00",3880,0.0249999999999986
"2018-11-06 14:04:00",1944,-0.0150000000000006
"2018-11-06 14:05:00",10008,0.0100000000000051
"2018-11-06 14:06:00",7056,-0.0200000000000031
"2018-11-06 14:07:00",1642,0
"2018-11-06 14:08:00",2290,0.00999999999999801
"2018-11-06 14:09:00",6627,0
"2018-11-06 14:10:00",3982,0
"2018-11-06 14:11:00",1454,0
"2018-11-06 14:12:00",5630,0.0300000000000011
"2018-11-06 14:13:00",1970,0
"2018-11-06 14:14:00",2818,-0.0150000000000006
"2018-11-06 14:15:00",3133,0
"2018-11-06 14:16:00",2900,0.0150000000000006
"2018-11-06 14:17:00",2492,0.0100000000000051
"2018-11-06 14:18:00",2582,-0.0100000000000051
"2018-11-06 14:19:00",2966,-0.00999999999999801
"2018-11-06 14:20:00",1535,-0.0161999999999978
"2018-11-06 14:21:00",3923,-0.00880000000000081
"2018-11-06 14:22:00",7322,0.0249999999999986
"2018-11-06 14:23:00",3130,-0.0150000000000006
"2018-11-06 14:24:00",7874,0.0249999999999986
"2018-11-06 14:25:00",6945,-0.00499999999999545
"2018-11-06 14:26:00",6429,0.00499999999999545
"2018-11-06 14:27:00",6412,0.0150000000000006
"2018-11-06 14:28:00",2623,0.00500000000000256
"2018-11-06 14:29:00",6456,0.00999999999999801
"2018-11-06 14:30:00",7447,-0.00999999999999801
"2018-11-06 14:31:00",4393,-0.00999999999999801
"2018-11-06 14:32:00",7079,-0.0100000000000051
"2018-11-06 14:33:00",1431,0
"2018-11-06 14:34:00",7376,-0.0249999999999986
"2018-11-06 14:35:00",1896,0.00500000000000256
"2018-11-06 14:36:00",7531,-0.0150000000000006
"2018-11-06 14:37:00",2272,-0.00500000000000256
"2018-11-06 14:38:00",10481,-0.0150000000000006
"2018-11-06 14:39:00",6634,-0.00999999999999801
"2018-11-06 14:40:00",6367,-0.0200000000000031
"2018-11-06 14:41:00",4693,0
"2018-11-06 14:42:00",8190,0.00500000000000256
"2018-11-06 14:43:00",5128,0.0200000000000031
"2018-11-06 14:44:00",6269,-0.0200000000000031
"2018-11-06 14:45:00",9011,0.0200000000000031
"2018-11-06 14:46:00",3926,0.019999999999996
"2018-11-06 14:47:00",10279,0.0399999999999991
"2018-11-06 14:48:00",15764,-0.00999999999999801
"2018-11-06 14:49:00",11693,-0.00999999999999801
"2018-11-06 14:50:00",3800,0.00499999999999545
"2018-11-06 14:51:00",8327,0.0150000000000006
"2018-11-06 14:52:00",7445,0.0650000000000048
"2018-11-06 14:53:00",5514,0.0249999999999986
"2018-11-06 14:54:00",10151,0.0249999999999986
"2018-11-06 14:55:00",19210,0.0150000000000006
"2018-11-06 14:56:00",8288,-0.0150000000000006
"2018-11-06 14:57:00",12804,0.0300000000000011
"2018-11-06 14:58:00",8430,-0.0150000000000006
"2018-11-06 14:59:00",18113,0.00999999999999801
"2018-11-06 15:02:00",36686,-0.019999999999996
"2018-11-06 15:15:00",0,0
"2018-11-07 08:30:00",49800,0.980000000000004
"2018-11-07 08:31:00",18168,0.0485999999999933
"2018-11-07 08:32:00",26889,-0.0485999999999933
"2018-11-07 08:33:00",19172,0.0699999999999932
"2018-11-07 08:34:00",17649,0.019999999999996
"2018-11-07 08:35:00",30450,0.0100000000000051
"2018-11-07 08:36:00",18277,-0.085000000000008
"2018-11-07 08:37:00",28541,-0.0649999999999977
"2018-11-07 08:38:00",23566,-0.019999999999996
"2018-11-07 08:39:00",20428,-0.0499999999999972
"2018-11-07 08:40:00",27051,-0.129999999999995
"2018-11-07 08:41:00",23718,0.00999999999999091
"2018-11-07 08:42:00",48384,-0.019999999999996
"2018-11-07 08:43:00",19592,0.0100000000000051
"2018-11-07 08:44:00",15137,-0.0231000000000137
"2018-11-07 08:45:00",17520,-0.00189999999999202
"2018-11-07 08:46:00",23443,-0.00499999999999545
"2018-11-07 08:47:00",18918,-0.0200000000000102
"2018-11-07 08:48:00",6363,0.0150000000000006
"2018-11-07 08:49:00",9182,-0.0849999999999937
"2018-11-07 08:50:00",18572,-0.0349999999999966
"2018-11-07 08:51:00",26262,-0.0150000000000006
"2018-11-07 08:52:00",18590,0.00999999999999091
"2018-11-07 08:53:00",25783,-0.0599999999999952
"2018-11-07 08:54:00",27916,-0.0900000000000034
"2018-11-07 08:55:00",8461,0.0399999999999991
"2018-11-07 08:56:00",4640,0
"2018-11-07 08:57:00",7809,-0.0399999999999991
"2018-11-07 08:58:00",11232,0.0300000000000011
"2018-11-07 08:59:00",21052,-0.019999999999996
"2018-11-07 09:00:00",16529,0.109999999999999
"2018-11-07 09:01:00",18963,-0.056200000000004
"2018-11-07 09:02:00",24160,-0.0337999999999994
"2018-11-07 09:03:00",16232,-0.100000000000001
"2018-11-07 09:04:00",20755,-0.0150000000000006
"2018-11-07 09:05:00",12042,0.0150000000000006
"2018-11-07 09:06:00",11443,0.0630000000000024
"2018-11-07 09:07:00",8151,0.027000000000001
"2018-11-07 09:08:00",18032,0.019999999999996
"2018-11-07 09:09:00",16271,0.0300000000000011
"2018-11-07 09:10:00",10580,0.0500000000000043
"2018-11-07 09:11:00",11300,-0.0300000000000011
"2018-11-07 09:12:00",6850,0.019999999999996
"2018-11-07 09:13:00",5726,0
"2018-11-07 09:14:00",6983,-0.029999999999994
"2018-11-07 09:15:00",4038,-0.0100000000000051
"2018-11-07 09:16:00",3973,0.0399999999999991
"2018-11-07 09:17:00",3558,0.0300000000000082
"2018-11-07 09:18:00",7278,-0.0200000000000031
"2018-11-07 09:19:00",3800,-0.0399999999999991
"2018-11-07 09:20:00",3200,-0.0500000000000043
"2018-11-07 09:21:00",6905,0.00999999999999801
"2018-11-07 09:22:00",9383,-0.029999999999994
"2018-11-07 09:23:00",5430,0.0499999999999972
"2018-11-07 09:24:00",3493,0.0800000000000054
"2018-11-07 09:25:00",7671,0.0599999999999881
"2018-11-07 09:26:00",17089,0.0100000000000051
"2018-11-07 09:27:00",3676,0.0460999999999956
"2018-11-07 09:28:00",2700,-0.00609999999998934
"2018-11-07 09:29:00",18583,-0.0900000000000034
"2018-11-07 09:30:00",6067,0.0900000000000034
"2018-11-07 09:31:00",2306,-0.0799999999999983
"2018-11-07 09:32:00",19598,-0.0650000000000048
"2018-11-07 09:33:00",18547,0.0148999999999972
"2018-11-07 09:34:00",15718,0.130100000000006
"2018-11-07 09:35:00",2300,0.0699999999999932
"2018-11-07 09:36:00",1700,-0.0499999999999972
"2018-11-07 09:37:00",5569,0.0300000000000011
"2018-11-07 09:38:00",4547,-0.0400000000000063
"2018-11-07 09:39:00",4794,-0.0699999999999932
"2018-11-07 09:40:00",1600,-0.019999999999996
"2018-11-07 09:41:00",10112,0.019999999999996
"2018-11-07 09:42:00",3400,-0.019999999999996
"2018-11-07 09:43:00",1200,0.0499999999999972
"2018-11-07 09:44:00",10921,-0.0499999999999972
"2018-11-07 09:45:00",6941,0
"2018-11-07 09:46:00",9528,-0.0700000000000074
"2018-11-07 09:47:00",10224,-0.0700000000000003
"2018-11-07 09:48:00",7267,-0.0399999999999991
"2018-11-07 09:49:00",7221,0.0150000000000006
"2018-11-07 09:50:00",8578,-0.0489999999999995
"2018-11-07 09:51:00",10031,0.0339999999999989
"2018-11-07 09:52:00",2200,-0.0300000000000011
"2018-11-07 09:53:00",4491,0.0366
"2018-11-07 09:54:00",11052,-0.0315999999999974
"2018-11-07 09:55:00",2780,-0.00500000000000256
"2018-11-07 09:56:00",33880,-0.00999999999999801
"2018-11-07 09:57:00",8982,0.0200000000000031
"2018-11-07 09:58:00",23626,-0.100000000000001
"2018-11-07 09:59:00",2518,0.0300000000000011
"2018-11-07 10:00:00",3655,0.0449999999999946
"2018-11-07 10:01:00",55252,-0.0150000000000006
"2018-11-07 10:02:00",8323,0
"2018-11-07 10:03:00",29725,0.0150000000000006
"2018-11-07 10:04:00",13480,-0.00499999999999545
"2018-11-07 10:05:00",36030,-0.0100000000000051
"2018-11-07 10:06:00",4953,-0.0416999999999987
"2018-11-07 10:07:00",29063,0.0617000000000019
"2018-11-07 10:08:00",49817,-0.0150000000000006
"2018-11-07 10:09:00",12536,-0.0450000000000017
"2018-11-07 10:10:00",11072,0.0200000000000031
"2018-11-07 10:11:00",4600,0.0300000000000011
"2018-11-07 10:12:00",24164,0.0225000000000009
"2018-11-07 10:13:00",36717,-0.0275000000000034
"2018-11-07 10:14:00",70235,-0.00500000000000256
"2018-11-07 10:15:00",31448,-0.00999999999999801
"2018-11-07 10:16:00",43330,0.00999999999999801
"2018-11-07 10:17:00",50499,0.0242000000000004
"2018-11-07 10:18:00",11446,-0.0541999999999945
"2018-11-07 10:19:00",21632,0.0499999999999972
"2018-11-07 10:20:00",11154,-0.0600000000000023
"2018-11-07 10:21:00",20814,0.0100000000000051
"2018-11-07 10:22:00",25416,-0.0300000000000011
"2018-11-07 10:23:00",8734,-0.0300000000000011
"2018-11-07 10:24:00",7473,-0.0500000000000043
"2018-11-07 10:25:00",15847,0.0500000000000043
"2018-11-07 10:26:00",10472,-0.0200000000000031
"2018-11-07 10:27:00",10128,-0.0300000000000011
"2018-11-07 10:28:00",9397,0.0150000000000006
"2018-11-07 10:29:00",17351,0.0250000000000057
"2018-11-07 10:30:00",3421,0.0281999999999982
"2018-11-07 10:31:00",2598,0.0418000000000021
"2018-11-07 10:32:00",4170,0.019999999999996
"2018-11-07 10:33:00",6157,0.0300000000000011
"2018-11-07 10:34:00",2864,0.0300000000000011
"2018-11-07 10:35:00",7881,0
"2018-11-07 10:36:00",13241,0.0599999999999952
"2018-11-07 10:37:00",1800,0.0100000000000051
"2018-11-07 10:38:00",4568,0.0300000000000011
"2018-11-07 10:39:00",3165,0.0349000000000004
"2018-11-07 10:40:00",6063,-0.0149000000000044
"2018-11-07 10:41:00",2617,0.0300000000000011
"2018-11-07 10:42:00",4950,-0.0150000000000006
"2018-11-07 10:43:00",3000,-0.0649999999999977
"2018-11-07 10:44:00",6539,-0.0200000000000031
"2018-11-07 10:45:00",1545,0.0200000000000031
"2018-11-07 10:46:00",1100,0.0399999999999991
"2018-11-07 10:47:00",2100,0.0500000000000043
"2018-11-07 10:48:00",3777,-0.0300000000000082
"2018-11-07 10:49:00",4420,-0.029999999999994
"2018-11-07 10:50:00",2100,0.00499999999999545
"2018-11-07 10:51:00",4192,0.0550000000000068
"2018-11-07 10:52:00",800,-0.0300000000000082
"2018-11-07 10:53:00",2028,0
"2018-11-07 10:54:00",22890,0.0500000000000043
"2018-11-07 10:55:00",22719,0.0100000000000051
"2018-11-07 10:56:00",17784,-0.0100000000000051
"2018-11-07 10:57:00",1460,-0.0500000000000043
"2018-11-07 10:58:00",3247,0.0350000000000037
"2018-11-07 10:59:00",3212,0.00499999999999545
"2018-11-07 11:00:00",1181,0.0100000000000051
"2018-11-07 11:01:00",2357,-0.0300000000000011
"2018-11-07 11:02:00",1010,-0.0200000000000031
"2018-11-07 11:03:00",2400,0
"2018-11-07 11:04:00",1000,0.0300000000000082
"2018-11-07 11:05:00",2156,0.00999999999999091
"2018-11-07 11:06:00",4642,-0.00999999999999091
"2018-11-07 11:07:00",4927,0.019999999999996
"2018-11-07 11:08:00",2128,-0.0399999999999991
"2018-11-07 11:09:00",2164,-0.0300000000000011
"2018-11-07 11:10:00",4615,0.0300000000000011
"2018-11-07 11:11:00",4860,-0.0399999999999991
"2018-11-07 11:12:00",8067,0.00999999999999801
"2018-11-07 11:13:00",1915,-0.00999999999999801
"2018-11-07 11:14:00",1473,0.0150000000000006
"2018-11-07 11:15:00",2222,-0.0291000000000068
"2018-11-07 11:16:00",2379,-0.035899999999998
"2018-11-07 11:17:00",1134,0.0200000000000031
"2018-11-07 11:18:00",2088,-0.0399999999999991
"2018-11-07 11:19:00",2910,0
"2018-11-07 11:20:00",1300,-0.0100000000000051
"2018-11-07 11:21:00",1200,0.0100000000000051
"2018-11-07 11:22:00",2184,0.019999999999996
"2018-11-07 11:23:00",1205,0
"2018-11-07 11:24:00",1100,-0.019999999999996
"2018-11-07 11:25:00",1330,-0.0300000000000011
"2018-11-07 11:26:00",2269,-0.00999999999999801
"2018-11-07 11:27:00",5062,-0.0101000000000013
"2018-11-07 11:28:00",1575,-0.00890000000000413
"2018-11-07 11:29:00",2612,0.00900000000000034
"2018-11-07 11:30:00",3335,0.0399999999999991
"2018-11-07 11:31:00",1200,-0.00999999999999801
"2018-11-07 11:32:00",1000,0
"2018-11-07 11:33:00",3952,0
"2018-11-07 11:34:00",800,0.0600000000000023
"2018-11-07 11:35:00",1010,0
"2018-11-07 11:36:00",1100,-0.0500000000000043
"2018-11-07 11:37:00",1208,0
"2018-11-07 11:38:00",2205,0.0100000000000051
"2018-11-07 11:39:00",2054,-0.0200000000000031
"2018-11-07 11:40:00",1460,-0.019999999999996
"2018-11-07 11:41:00",2306,0.029999999999994
"2018-11-07 11:42:00",200,-0.00999999999999801
"2018-11-07 11:43:00",819,0
"2018-11-07 11:44:00",100,-0.00999999999999801
"2018-11-07 11:45:00",2700,0.019999999999996
"2018-11-07 11:46:00",1125,-0.019999999999996
"2018-11-07 11:47:00",600,0
"2018-11-07 11:48:00",2589,-0.0200000000000031
"2018-11-07 11:49:00",6218,-0.0229999999999961
"2018-11-07 11:50:00",1930,0.00300000000000011
"2018-11-07 11:51:00",2163,0.019999999999996
"2018-11-07 11:52:00",2600,-0.00499999999999545
"2018-11-07 11:53:00",2598,0.0349999999999966
"2018-11-07 11:54:00",4622,-0.00999999999999801
"2018-11-07 11:55:00",784,0
"2018-11-07 11:56:00",2500,0.0799999999999983
"2018-11-07 11:57:00",400,0.00999999999999801
"2018-11-07 11:58:00",3154,0
"2018-11-07 11:59:00",5000,0.0100000000000051
"2018-11-07 12:00:00",5500,0.0399999999999991
"2018-11-07 12:01:00",2478,-0.0100000000000051
"2018-11-07 12:02:00",2508,-0.00999999999999801
"2018-11-07 12:03:00",4047,-0.00999999999999801
"2018-11-07 12:04:00",2226,0.00999999999999801
"2018-11-07 12:05:00",2885,0.0300000000000011
"2018-11-07 12:06:00",2600,-0.0300000000000011
"2018-11-07 12:07:00",2600,-0.0300000000000011
"2018-11-07 12:08:00",700,0.0200000000000031
"2018-11-07 12:09:00",1308,-0.00999999999999801
"2018-11-07 12:10:00",1600,-0.0200000000000031
"2018-11-07 12:11:00",8082,0.00249999999999773
"2018-11-07 12:12:00",1700,-0.0124999999999957
"2018-11-07 12:13:00",1209,0.0099000000000018
"2018-11-07 12:14:00",500,-0.0199000000000069
"2018-11-07 12:15:00",600,-0.00999999999999801
"2018-11-07 12:16:00",1100,0.0399999999999991
"2018-11-07 12:17:00",800,0.0100000000000051
"2018-11-07 12:18:00",1500,0.00719999999999743
"2018-11-07 12:19:00",600,0.0427999999999997
"2018-11-07 12:20:00",920,-0.0227999999999966
"2018-11-07 12:21:00",3343,-0.0172000000000025
"2018-11-07 12:22:00",6242,0
"2018-11-07 12:23:00",1800,-0.0200000000000031
"2018-11-07 12:24:00",674,0.0100000000000051
"2018-11-07 12:25:00",1721,-0.0100000000000051
"2018-11-07 12:26:00",3124,-0.00999999999999801
"2018-11-07 12:27:00",2080,0
"2018-11-07 12:28:00",5532,0.0300000000000011
"2018-11-07 12:29:00",6632,-0.00999999999999801
"2018-11-07 12:30:00",2394,0
"2018-11-07 12:31:00",2490,-0.0100000000000051
"2018-11-07 12:32:00",3060,-0.00999999999999801
"2018-11-07 12:33:00",1695,-0.0300000000000011
"2018-11-07 12:34:00",4247,-0.0467999999999975
"2018-11-07 12:35:00",3184,-0.00319999999999965
"2018-11-07 12:36:00",631,0.00999999999999801
"2018-11-07 12:37:00",2600,-0.019999999999996
"2018-11-07 12:38:00",3703,0.00999999999999801
"2018-11-07 12:39:00",2600,-0.0450000000000017
"2018-11-07 12:40:00",2726,0.0249999999999986
"2018-11-07 12:41:00",2100,-0.00999999999999801
"2018-11-07 12:42:00",1300,0
"2018-11-07 12:43:00",2240,-0.0200000000000031
"2018-11-07 12:44:00",1200,0.0150000000000006
"2018-11-07 12:45:00",1588,-0.0182000000000002
"2018-11-07 12:46:00",2585,0.0432000000000059
"2018-11-07 12:47:00",2046,-0.00500000000000256
"2018-11-07 12:48:00",2307,-0.00820000000000221
"2018-11-07 12:49:00",1700,0.0132000000000048
"2018-11-07 12:50:00",1900,-0.0300000000000011
"2018-11-07 12:51:00",3150,-0.0200000000000031
"2018-11-07 12:52:00",2617,0.0099000000000018
"2018-11-07 12:53:00",1981,0.0101000000000013
"2018-11-07 12:54:00",2200,-0.0100000000000051
"2018-11-07 12:55:00",2888,-0.00999999999999801
"2018-11-07 12:56:00",3067,0.0200000000000031
"2018-11-07 12:57:00",600,0
"2018-11-07 12:58:00",2202,0.00999999999999801
"2018-11-07 12:59:00",500,-0.0200000000000031
"2018-11-07 13:00:00",3455,-0.00999999999999801
"2018-11-07 13:01:00",1500,0.0200000000000031
"2018-11-07 13:02:00",3500,0
"2018-11-07 13:03:00",2956,0.0300000000000011
"2018-11-07 13:04:00",1323,0.019999999999996
"2018-11-07 13:05:00",3604,0.0157000000000025
"2018-11-07 13:06:00",600,0.0242999999999967
"2018-11-07 13:07:00",1250,0.0500000000000043
"2018-11-07 13:08:00",2775,0.00329999999999586
"2018-11-07 13:09:00",3082,0.0266999999999982
"2018-11-07 13:10:00",9236,0.0549999999999997
"2018-11-07 13:11:00",3537,-0.00499999999999545
"2018-11-07 13:12:00",1980,0.0100000000000051
"2018-11-07 13:13:00",845,-0.0300000000000011
"2018-11-07 13:14:00",1700,-0.0500000000000043
"2018-11-07 13:15:00",1983,0.0399999999999991
"2018-11-07 13:16:00",2945,-0.0300000000000011
"2018-11-07 13:17:00",3290,0.00500000000000256
"2018-11-07 13:18:00",3077,0.0449999999999946
"2018-11-07 13:19:00",2420,-0.019999999999996
"2018-11-07 13:20:00",2359,0.0250000000000057
"2018-11-07 13:21:00",4733,-0.0350000000000037
"2018-11-07 13:22:00",3241,0
"2018-11-07 13:23:00",2097,0.00999999999999801
"2018-11-07 13:24:00",1217,0
"2018-11-07 13:25:00",3893,-0.0200000000000031
"2018-11-07 13:26:00",2854,-0.019999999999996
"2018-11-07 13:27:00",1500,-0.0200000000000031
"2018-11-07 13:28:00",9862,0.0538000000000025
"2018-11-07 13:29:00",5000,0.0351999999999961
"2018-11-07 13:30:00",4824,0.0409999999999968
"2018-11-07 13:31:00",4320,0.0300000000000011
"2018-11-07 13:32:00",2662,-0.0499999999999972
"2018-11-07 13:33:00",1593,-0.00999999999999091
"2018-11-07 13:34:00",1539,-0.0200000000000102
"2018-11-07 13:35:00",980,-0.00999999999999091
"2018-11-07 13:36:00",1592,-0.0100000000000051
"2018-11-07 13:37:00",2656,0.0100000000000051
"2018-11-07 13:38:00",3850,0
"2018-11-07 13:39:00",2418,-0.0200000000000031
"2018-11-07 13:40:00",3298,-0.0172000000000025
"2018-11-07 13:41:00",1001,-0.0227999999999966
"2018-11-07 13:42:00",1200,-0.0300000000000011
"2018-11-07 13:43:00",2645,0
"2018-11-07 13:44:00",1100,0
"2018-11-07 13:45:00",400,0.00999999999999801
"2018-11-07 13:46:00",4045,-0.00500000000000256
"2018-11-07 13:47:00",5027,-0.0150000000000006
"2018-11-07 13:48:00",3187,-0.029999999999994
"2018-11-07 13:49:00",3733,0.019999999999996
"2018-11-07 13:50:00",3707,0.0249999999999986
"2018-11-07 13:51:00",6313,-0.0249999999999986
"2018-11-07 13:52:00",3071,-0.0150000000000006
"2018-11-07 13:53:00",3040,0.0350000000000037
"2018-11-07 13:54:00",1300,0.00999999999999801
"2018-11-07 13:55:00",2000,0.00999999999999801
"2018-11-07 13:56:00",3067,0.0150000000000006
"2018-11-07 13:57:00",2582,0.0150000000000006
"2018-11-07 13:58:00",1757,0.0300000000000011
"2018-11-07 13:59:00",300,0
"2018-11-07 14:00:00",4143,0.044700000000006
"2018-11-07 14:01:00",1341,0.0052999999999912
"2018-11-07 14:02:00",4958,0.0100000000000051
"2018-11-07 14:03:00",1865,-0.0390000000000015
"2018-11-07 14:04:00",3000,0.00900000000000034
"2018-11-07 14:05:00",1200,-0.0300000000000011
"2018-11-07 14:06:00",2863,0
"2018-11-07 14:07:00",5894,0
"2018-11-07 14:08:00",3559,-0.00999999999999801
"2018-11-07 14:09:00",4197,0.0200000000000031
"2018-11-07 14:10:00",4438,0.00499999999999545
"2018-11-07 14:11:00",1267,0.019999999999996
"2018-11-07 14:12:00",3126,0.0200000000000102
"2018-11-07 14:13:00",2871,0.0149999999999864
"2018-11-07 14:14:00",2837,-0.019999999999996
"2018-11-07 14:15:00",3207,-0.00499999999999545
"2018-11-07 14:16:00",3957,-0.00499999999999545
"2018-11-07 14:17:00",1820,-0.0100000000000051
"2018-11-07 14:18:00",5978,0.0263999999999953
"2018-11-07 14:19:00",400,-0.00139999999998963
"2018-11-07 14:20:00",11348,0.00499999999999545
"2018-11-07 14:21:00",2400,-0.019999999999996
"2018-11-07 14:22:00",4589,0.00999999999999091
"2018-11-07 14:23:00",3348,0.019999999999996
"2018-11-07 14:24:00",1900,0.00500000000000966
"2018-11-07 14:25:00",5769,0.0150000000000006
"2018-11-07 14:26:00",4421,-0.0100000000000051
"2018-11-07 14:27:00",4144,-0.019999999999996
"2018-11-07 14:28:00",4295,0.0300000000000011
"2018-11-07 14:29:00",7957,0.019999999999996
"2018-11-07 14:30:00",5583,-0.0100000000000051
"2018-11-07 14:31:00",3868,0.0200000000000102
"2018-11-07 14:32:00",6629,-0.0100000000000051
"2018-11-07 14:33:00",6915,0.0250000000000057
"2018-11-07 14:34:00",7630,0.00499999999999545
"2018-11-07 14:35:00",7337,-0.0100000000000051
"2018-11-07 14:36:00",4372,-0.039999999999992
"2018-11-07 14:37:00",5759,0.00499999999999545
"2018-11-07 14:38:00",4827,0.0250000000000057
"2018-11-07 14:39:00",10359,-0.0316000000000116
"2018-11-07 14:40:00",5509,0.00160000000001048
"2018-11-07 14:41:00",10272,0.019999999999996
"2018-11-07 14:42:00",8567,0
"2018-11-07 14:43:00",6474,-0.0300000000000011
"2018-11-07 14:44:00",7045,0
"2018-11-07 14:45:00",24845,0.019999999999996
"2018-11-07 14:46:00",6279,0
"2018-11-07 14:47:00",8050,-0.0249999999999915
"2018-11-07 14:48:00",9849,-0.0100000000000051
"2018-11-07 14:49:00",11982,-0.00999999999999091
"2018-11-07 14:50:00",40321,0.00999999999999091
"2018-11-07 14:51:00",6933,0.0148999999999972
"2018-11-07 14:52:00",11549,0.0200999999999993
"2018-11-07 14:53:00",8297,-0.0300000000000011
"2018-11-07 14:54:00",16348,0.0150000000000006
"2018-11-07 14:55:00",21743,0.0250000000000057
"2018-11-07 14:56:00",22350,0.0300000000000011
"2018-11-07 14:57:00",6125,0.00499999999999545
"2018-11-07 14:58:00",20190,-0.0150000000000006
"2018-11-07 14:59:00",34610,0.0200000000000102
"2018-11-07 15:02:00",19833,-0.0300000000000011
"2018-11-07 15:15:00",0,0
"2018-11-08 08:30:00",31503,-0.340000000000003
"2018-11-08 08:31:00",16465,0
"2018-11-08 08:32:00",12641,0.0499999999999972
"2018-11-08 08:33:00",26538,-0.00999999999999801
"2018-11-08 08:34:00",8104,0.00999999999999801
"2018-11-08 08:35:00",17720,-0.0399999999999991
"2018-11-08 08:36:00",13545,-0.0799999999999983
"2018-11-08 08:37:00",17968,0.00999999999999801
"2018-11-08 08:38:00",4060,0.0399999999999991
"2018-11-08 08:39:00",12972,0.0200000000000031
"2018-11-08 08:40:00",10477,0.0349999999999966
"2018-11-08 08:41:00",11132,0.0250000000000057
"2018-11-08 08:42:00",7946,-0.0450000000000017
"2018-11-08 08:43:00",5854,-0.0249999999999986
"2018-11-08 08:44:00",6090,0.00999999999999801
"2018-11-08 08:45:00",13065,-0.0399999999999991
"2018-11-08 08:46:00",9087,0.0300000000000011
"2018-11-08 08:47:00",13596,-0.0650000000000048
"2018-11-08 08:48:00",14544,0.0350000000000037
"2018-11-08 08:49:00",9559,-0.0600000000000023
"2018-11-08 08:50:00",32039,-0.0399999999999991
"2018-11-08 08:51:00",6146,-0.0200000000000031
"2018-11-08 08:52:00",16317,-0.0599999999999952
"2018-11-08 08:53:00",15439,0.019999999999996
"2018-11-08 08:54:00",10123,0.0399999999999991
"2018-11-08 08:55:00",12045,-0.0700000000000003
"2018-11-08 08:56:00",19716,-0.0384999999999991
"2018-11-08 08:57:00",11277,-0.0414999999999992
"2018-11-08 08:58:00",29479,0.00999999999999801
"2018-11-08 08:59:00",18065,0.0200000000000031
"2018-11-08 09:00:00",13981,-0.0499999999999972
"2018-11-08 09:01:00",15926,-0.0300000000000011
"2018-11-08 09:02:00",10616,0.00999999999999801
"2018-11-08 09:03:00",18742,0.0850000000000009
"2018-11-08 09:04:00",9657,0.00779999999999603
"2018-11-08 09:05:00",14459,-0.0127999999999986
"2018-11-08 09:06:00",15316,-0.0499999999999972
"2018-11-08 09:07:00",42871,-0.0249999999999986
"2018-11-08 09:08:00",32017,-0.0350000000000037
"2018-11-08 09:09:00",22276,0.0799999999999983
"2018-11-08 09:10:00",7018,0.0100000000000051
"2018-11-08 09:11:00",15281,-0.0401000000000025
"2018-11-08 09:12:00",9907,0.00010000000000332
"2018-11-08 09:13:00",7099,-0.0300000000000011
"2018-11-08 09:14:00",12371,0.0253000000000014
"2018-11-08 09:15:00",22079,0.0046999999999997
"2018-11-08 09:16:00",3352,-0.0200000000000031
"2018-11-08 09:17:00",8861,0.0200000000000031
"2018-11-08 09:18:00",5267,0.019999999999996
"2018-11-08 09:19:00",11672,0.0300000000000011
"2018-11-08 09:20:00",16826,0.0399999999999991
"2018-11-08 09:21:00",14244,-0.00500000000000256
"2018-11-08 09:22:00",6153,-0.0393999999999934
"2018-11-08 09:23:00",7821,-0.0156000000000063
"2018-11-08 09:24:00",7858,-0.029999999999994
"2018-11-08 09:25:00",3844,0
"2018-11-08 09:26:00",6137,-0.00500000000000256
"2018-11-08 09:27:00",10671,0.00500000000000256
"2018-11-08 09:28:00",3700,-0.0100000000000051
"2018-11-08 09:29:00",4031,-0.00999999999999801
"2018-11-08 09:30:00",11844,-0.0589999999999975
"2018-11-08 09:31:00",9580,0.0189999999999984
"2018-11-08 09:32:00",9589,0.00999999999999801
"2018-11-08 09:33:00",13895,0.0500000000000043
"2018-11-08 09:34:00",12582,0
"2018-11-08 09:35:00",10645,-0.0450000000000017
"2018-11-08 09:36:00",5600,-0.00999999999999801
"2018-11-08 09:37:00",11064,-0.0023000000000053
"2018-11-08 09:38:00",4600,0.0023000000000053
"2018-11-08 09:39:00",23314,0.0700000000000003
"2018-11-08 09:40:00",5593,-0.0382000000000033
"2018-11-08 09:41:00",8382,0.00319999999999965
"2018-11-08 09:42:00",17316,-0.0799999999999983
"2018-11-08 09:43:00",5344,-0.00999999999999801
"2018-11-08 09:44:00",7566,-0.0228000000000037
"2018-11-08 09:45:00",11969,-0.0471999999999966
"2018-11-08 09:46:00",9641,-0.0100000000000051
"2018-11-08 09:47:00",12348,0
"2018-11-08 09:48:00",7889,0
"2018-11-08 09:49:00",30492,0.0500000000000043
"2018-11-08 09:50:00",8688,-0.0300000000000011
"2018-11-08 09:51:00",6283,-0.00999999999999801
"2018-11-08 09:52:00",6701,-0.0100000000000051
"2018-11-08 09:53:00",5073,0.0399999999999991
"2018-11-08 09:54:00",5417,0
"2018-11-08 09:55:00",1900,-0.00999999999999801
"2018-11-08 09:56:00",16002,-0.00999999999999801
"2018-11-08 09:57:00",3107,-0.0600000000000023
"2018-11-08 09:58:00",16637,-0.0300000000000011
"2018-11-08 09:59:00",22432,-0.00499999999999545
"2018-11-08 10:00:00",7000,-0.00500000000000256
"2018-11-08 10:01:00",14550,0.0200000000000031
"2018-11-08 10:02:00",8681,0.019999999999996
"2018-11-08 10:03:00",7451,0.0300000000000011
"2018-11-08 10:04:00",7167,-0.0399999999999991
"2018-11-08 10:05:00",7202,0.0399999999999991
"2018-11-08 10:06:00",7161,-0.0249999999999986
"2018-11-08 10:07:00",5937,-0.0249999999999986
"2018-11-08 10:08:00",8642,-0.0366
"2018-11-08 10:09:00",5468,0.0516000000000005
"2018-11-08 10:10:00",2600,-0.00510000000000588
"2018-11-08 10:11:00",5913,0.0101000000000013
"2018-11-08 10:12:00",3253,0.0700000000000003
"2018-11-08 10:13:00",2731,0.0300000000000011
"2018-11-08 10:14:00",9481,0.0200000000000031
"2018-11-08 10:15:00",11988,-0.0100000000000051
"2018-11-08 10:16:00",4100,-0.00999999999999801
"2018-11-08 10:17:00",11100,0.0399999999999991
"2018-11-08 10:18:00",8399,0.0249999999999986
"2018-11-08 10:19:00",9158,-0.0449999999999946
"2018-11-08 10:20:00",3634,-0.0100000000000051
"2018-11-08 10:21:00",6156,0.0150000000000006
"2018-11-08 10:22:00",9311,0.0450000000000017
"2018-11-08 10:23:00",8261,0
"2018-11-08 10:24:00",7799,-0.0200000000000031
"2018-11-08 10:25:00",9562,0.0300000000000011
"2018-11-08 10:26:00",39898,0
"2018-11-08 10:27:00",12793,-0.00999999999999801
"2018-11-08 10:28:00",8900,0.019999999999996
"2018-11-08 10:29:00",3071,-0.0699999999999932
"2018-11-08 10:30:00",7611,0.059899999999999
"2018-11-08 10:31:00",11555,0.0400999999999954
"2018-11-08 10:32:00",4954,0.0100000000000051
"2018-11-08 10:33:00",15175,0.00619999999999976
"2018-11-08 10:34:00",48106,0.0437999999999974
"2018-11-08 10:35:00",8200,-0.0300000000000011
"2018-11-08 10:36:00",3091,-0.00999999999999801
"2018-11-08 10:37:00",10800,-0.0530000000000044
"2018-11-08 10:38:00",2356,-0.0069999999999979
"2018-11-08 10:39:00",1220,0.0178000000000011
"2018-11-08 10:40:00",8995,-0.0878000000000014
"2018-11-08 10:41:00",3800,-0.00999999999999801
"2018-11-08 10:42:00",2000,-0.0200000000000031
"2018-11-08 10:43:00",3878,-0.00359999999999872
"2018-11-08 10:44:00",2444,-0.0063999999999993
"2018-11-08 10:45:00",1250,-0.00999999999999801
"2018-11-08 10:46:00",3206,0.019999999999996
"2018-11-08 10:47:00",1313,0.0100000000000051
"2018-11-08 10:48:00",2257,0.00499999999999545
"2018-11-08 10:49:00",4857,0.00500000000000256
"2018-11-08 10:50:00",2982,-0.0150000000000006
"2018-11-08 10:51:00",1417,-0.0150000000000006
"2018-11-08 10:52:00",1686,-0.019999999999996
"2018-11-08 10:53:00",8125,-0.0650000000000048
"2018-11-08 10:54:00",22238,-0.00499999999999545
"2018-11-08 10:55:00",6403,0.0281999999999982
"2018-11-08 10:56:00",2417,-0.0232000000000028
"2018-11-08 10:57:00",8450,-0.00499999999999545
"2018-11-08 10:58:00",5062,-0.0200000000000031
"2018-11-08 10:59:00",3178,0.0352999999999994
"2018-11-08 11:00:00",1150,-0.00130000000000052
"2018-11-08 11:01:00",2204,0.0159999999999982
"2018-11-08 11:02:00",4207,-0.019999999999996
"2018-11-08 11:03:00",924,-0.0197000000000003
"2018-11-08 11:04:00",1894,0.00970000000000226
"2018-11-08 11:05:00",3901,0
"2018-11-08 11:06:00",2952,-0.0100000000000051
"2018-11-08 11:07:00",1600,0.0150000000000006
"2018-11-08 11:08:00",908,0.0150000000000006
"2018-11-08 11:09:00",3789,-0.019999999999996
"2018-11-08 11:10:00",840,-0.0300000000000011
"2018-11-08 11:11:00",3467,0.00679999999999836
"2018-11-08 11:12:00",4047,-0.0204000000000022
"2018-11-08 11:13:00",1017,0.0335999999999999
"2018-11-08 11:14:00",874,0.0100000000000051
"2018-11-08 11:15:00",2550,-0.0400000000000063
"2018-11-08 11:16:00",3100,-0.00999999999999801
"2018-11-08 11:17:00",2080,-0.00999999999999801
"2018-11-08 11:18:00",700,0
"2018-11-08 11:19:00",1837,0
"2018-11-08 11:20:00",3700,0.0169999999999959
"2018-11-08 11:21:00",2991,-0.033299999999997
"2018-11-08 11:22:00",1317,-0.0187000000000026
"2018-11-08 11:23:00",8637,-0.00499999999999545
"2018-11-08 11:24:00",3171,-0.0300000000000011
"2018-11-08 11:25:00",12132,-0.0499999999999972
"2018-11-08 11:26:00",20961,-0.0700000000000003
"2018-11-08 11:27:00",3935,-0.0100000000000051
"2018-11-08 11:28:00",3826,0
"2018-11-08 11:29:00",14343,-0.0499999999999972
"2018-11-08 11:30:00",5102,0.019999999999996
"2018-11-08 11:31:00",16450,0
"2018-11-08 11:32:00",5957,-0.00319999999999965
"2018-11-08 11:33:00",3477,0.083200000000005
"2018-11-08 11:34:00",8029,-0.0100000000000051
"2018-11-08 11:35:00",1900,-0.029999999999994
"2018-11-08 11:36:00",16238,-0.00750000000000028
"2018-11-08 11:37:00",11315,-0.00750000000000028
"2018-11-08 11:38:00",19960,-0.0350000000000037
"2018-11-08 11:39:00",19851,0
"2018-11-08 11:40:00",15540,0
"2018-11-08 11:41:00",9334,0
"2018-11-08 11:42:00",2000,-0.0034999999999954
"2018-11-08 11:43:00",5660,-0.0165000000000006
"2018-11-08 11:44:00",5751,0
"2018-11-08 11:45:00",8991,-0.0300000000000011
"2018-11-08 11:46:00",17565,-0.0168000000000035
"2018-11-08 11:47:00",7262,0.0268000000000015
"2018-11-08 11:48:00",5544,0.0499999999999972
"2018-11-08 11:49:00",4812,-0.029999999999994
"2018-11-08 11:50:00",12569,-0.0300000000000011
"2018-11-08 11:51:00",3647,0.00289999999999679
"2018-11-08 11:52:00",29268,0.0320999999999998
"2018-11-08 11:53:00",5212,0.0150000000000006
"2018-11-08 11:54:00",5996,-0.0152000000000001
"2018-11-08 11:55:00",18888,-0.0347999999999971
"2018-11-08 11:56:00",6334,0.019999999999996
"2018-11-08 11:57:00",9654,-0.0399999999999991
"2018-11-08 11:58:00",3990,0.0200000000000031
"2018-11-08 11:59:00",3731,-0.0200000000000031
"2018-11-08 12:00:00",4039,-0.00999999999999801
"2018-11-08 12:01:00",4035,0
"2018-11-08 12:02:00",4160,0
"2018-11-08 12:03:00",4011,0.0200000000000031
"2018-11-08 12:04:00",2094,0.0149999999999935
"2018-11-08 12:05:00",1000,-0.00499999999999545
"2018-11-08 12:06:00",4483,0
"2018-11-08 12:07:00",2453,0.00999999999999801
"2018-11-08 12:08:00",4360,-0.0150000000000006
"2018-11-08 12:09:00",2622,0.0150000000000006
"2018-11-08 12:10:00",2214,0.0200000000000031
"2018-11-08 12:11:00",2667,0
"2018-11-08 12:12:00",12693,0.0236999999999981
"2018-11-08 12:13:00",8460,-0.00489999999999924
"2018-11-08 12:14:00",4105,0.0011999999999972
"2018-11-08 12:15:00",4166,-0.0268000000000015
"2018-11-08 12:16:00",3112,0.000500000000002387
"2018-11-08 12:17:00",2823,0.0142999999999986
"2018-11-08 12:18:00",1892,0.0110000000000028
"2018-11-08 12:19:00",4818,-0.00900000000000034
"2018-11-08 12:20:00",4085,-0.00999999999999801
"2018-11-08 12:21:00",5467,-0.0100000000000051
"2018-11-08 12:22:00",2316,0.0100000000000051
"2018-11-08 12:23:00",24485,0.0499999999999972
"2018-11-08 12:24:00",2875,0.00999999999999801
"2018-11-08 12:25:00",1000,0.0100000000000051
"2018-11-08 12:26:00",5926,0.029999999999994
"2018-11-08 12:27:00",5847,0.0400000000000063
"2018-11-08 12:28:00",8796,-0.0300000000000011
"2018-11-08 12:29:00",1713,-0.0100000000000051
"2018-11-08 12:30:00",2227,-0.00499999999999545
"2018-11-08 12:31:00",1870,-0.0150000000000006
"2018-11-08 12:32:00",1960,-0.0249999999999986
"2018-11-08 12:33:00",3301,0.0300000000000011
"2018-11-08 12:34:00",1321,0.0249999999999986
"2018-11-08 12:35:00",4184,0.0200999999999993
"2018-11-08 12:36:00",789,0.0398999999999958
"2018-11-08 12:37:00",5726,0.00500000000000256
"2018-11-08 12:38:00",2576,-0.00999999999999801
"2018-11-08 12:39:00",4847,-0.0150000000000006
"2018-11-08 12:40:00",4042,0.019999999999996
"2018-11-08 12:41:00",4809,-0.019999999999996
"2018-11-08 12:42:00",3071,-0.0399999999999991
"2018-11-08 12:43:00",2768,-0.0200000000000031
"2018-11-08 12:44:00",2452,0.0500000000000043
"2018-11-08 12:45:00",4262,-0.00150000000000006
"2018-11-08 12:46:00",2303,0.00529999999999831
"2018-11-08 12:47:00",4811,0.0261999999999958
"2018-11-08 12:48:00",1841,0.0150000000000006
"2018-11-08 12:49:00",2746,-0.00499999999999545
"2018-11-08 12:50:00",2207,-0.0136000000000038
"2018-11-08 12:51:00",2036,-0.0063999999999993
"2018-11-08 12:52:00",2793,-0.00999999999999801
"2018-11-08 12:53:00",6820,0.0165999999999968
"2018-11-08 12:54:00",1491,0.0284000000000049
"2018-11-08 12:55:00",2042,-0.00500000000000256
"2018-11-08 12:56:00",3800,0.00999999999999801
"2018-11-08 12:57:00",2460,0.0300000000000011
"2018-11-08 12:58:00",7577,0.0399999999999991
"2018-11-08 12:59:00",13163,0.0300000000000011
"2018-11-08 13:00:00",4180,0.0264000000000024
"2018-11-08 13:01:00",4108,-0.0163000000000011
"2018-11-08 13:02:00",4989,-0.0301000000000045
"2018-11-08 13:03:00",7724,-0.148499999999999
"2018-11-08 13:04:00",6926,-0.0165000000000006
"2018-11-08 13:05:00",4756,-0.0150000000000006
"2018-11-08 13:06:00",8850,-0.019999999999996
"2018-11-08 13:07:00",2956,0.0700000000000003
"2018-11-08 13:08:00",3919,0
"2018-11-08 13:09:00",2930,0.0399999999999991
"2018-11-08 13:10:00",2882,-0.0399999999999991
"2018-11-08 13:11:00",3368,-0.0399999999999991
"2018-11-08 13:12:00",2057,0
"2018-11-08 13:13:00",3012,-0.0500000000000043
"2018-11-08 13:14:00",5182,0
"2018-11-08 13:15:00",3230,0
"2018-11-08 13:16:00",1754,0
"2018-11-08 13:17:00",3200,-0.00679999999999836
"2018-11-08 13:18:00",6978,-0.0131999999999977
"2018-11-08 13:19:00",4800,-0.0200000000000031
"2018-11-08 13:20:00",6564,0.0499000000000009
"2018-11-08 13:21:00",3615,0.0101000000000013
"2018-11-08 13:22:00",3499,0
"2018-11-08 13:23:00",5259,-0.0300000000000011
"2018-11-08 13:24:00",2169,-0.0300000000000011
"2018-11-08 13:25:00",4996,-0.00649999999999551
"2018-11-08 13:26:00",3107,-0.0435000000000016
"2018-11-08 13:27:00",3505,0
"2018-11-08 13:28:00",3561,0.019999999999996
"2018-11-08 13:29:00",2621,-0.00999999999999801
"2018-11-08 13:30:00",3739,-0.0300000000000011
"2018-11-08 13:31:00",2724,-0.019999999999996
"2018-11-08 13:32:00",6944,-0.0100000000000051
"2018-11-08 13:33:00",6185,0.0146000000000015
"2018-11-08 13:34:00",1311,-0.0245999999999995
"2018-11-08 13:35:00",2916,-0.014800000000001
"2018-11-08 13:36:00",4497,0.00850000000000506
"2018-11-08 13:37:00",3558,-0.0287000000000006
"2018-11-08 13:38:00",15826,-0.0350000000000037
"2018-11-08 13:39:00",8881,-0.019999999999996
"2018-11-08 13:40:00",10351,-0.0300000000000011
"2018-11-08 13:41:00",1620,0
"2018-11-08 13:42:00",10795,-0.0200000000000031
"2018-11-08 13:43:00",3100,0.0500000000000043
"2018-11-08 13:44:00",5762,-0.0200000000000031
"2018-11-08 13:45:00",4686,-0.00999999999999801
"2018-11-08 13:46:00",6928,0.019999999999996
"2018-11-08 13:47:00",4247,0.0350000000000037
"2018-11-08 13:48:00",1976,-0.0150000000000006
"2018-11-08 13:49:00",2064,-0.00500000000000256
"2018-11-08 13:50:00",7927,-0.0349999999999966
"2018-11-08 13:51:00",1564,0
"2018-11-08 13:52:00",2341,0.0384999999999991
"2018-11-08 13:53:00",5949,0.0315000000000012
"2018-11-08 13:54:00",2239,-0.0300000000000011
"2018-11-08 13:55:00",2572,0
"2018-11-08 13:56:00",11347,-0.0200000000000031
"2018-11-08 13:57:00",7468,0.00500000000000256
"2018-11-08 13:58:00",4030,-0.0249999999999986
"2018-11-08 13:59:00",10000,0.00999999999999801
"2018-11-08 14:00:00",5065,-0.00500000000000256
"2018-11-08 14:01:00",4530,-0.0249999999999986
"2018-11-08 14:02:00",8700,-0.0249999999999986
"2018-11-08 14:03:00",3801,0.0249999999999986
"2018-11-08 14:04:00",6809,-0.0429999999999993
"2018-11-08 14:05:00",5253,0.0129999999999981
"2018-11-08 14:06:00",2060,0.0399000000000029
"2018-11-08 14:07:00",3836,0.0101000000000013
"2018-11-08 14:08:00",6129,0.0399999999999991
"2018-11-08 14:09:00",4785,0.027000000000001
"2018-11-08 14:10:00",4648,-0.007000000000005
"2018-11-08 14:11:00",3824,-0.00999999999999801
"2018-11-08 14:12:00",6058,0.0150000000000006
"2018-11-08 14:13:00",2711,0.00500000000000256
"2018-11-08 14:14:00",2067,0.019999999999996
"2018-11-08 14:15:00",5936,0.0200000000000031
"2018-11-08 14:16:00",9921,-0.0549999999999997
"2018-11-08 14:17:00",5859,-0.00999999999999801
"2018-11-08 14:18:00",21048,-0.0500000000000043
"2018-11-08 14:19:00",8018,0.0200000000000031
"2018-11-08 14:20:00",8999,0.00499999999999545
"2018-11-08 14:21:00",11406,-0.00499999999999545
"2018-11-08 14:22:00",3971,-0.0200000000000031
"2018-11-08 14:23:00",5522,-0.0249999999999986
"2018-11-08 14:24:00",7759,0
"2018-11-08 14:25:00",5167,-0.00999999999999801
"2018-11-08 14:26:00",4475,0.00999999999999801
"2018-11-08 14:27:00",4955,-0.00500000000000256
"2018-11-08 14:28:00",4880,-0.0150000000000006
"2018-11-08 14:29:00",6058,-0.0549999999999997
"2018-11-08 14:30:00",10749,0.00500000000000256
"2018-11-08 14:31:00",13362,0.0300000000000011
"2018-11-08 14:32:00",2456,0.0135999999999967
"2018-11-08 14:33:00",4831,0.0063999999999993
"2018-11-08 14:34:00",15379,-0.00999999999999801
"2018-11-08 14:35:00",6785,-0.00999999999999801
"2018-11-08 14:36:00",6951,-0.0300000000000011
"2018-11-08 14:37:00",7449,-0.0450000000000017
"2018-11-08 14:38:00",16242,-0.00499999999999545
"2018-11-08 14:39:00",10975,0.019999999999996
"2018-11-08 14:40:00",5551,0.00999999999999801
"2018-11-08 14:41:00",3864,0.0100000000000051
"2018-11-08 14:42:00",4759,0.00999999999999801
"2018-11-08 14:43:00",8320,0.00999999999999801
"2018-11-08 14:44:00",3378,0
"2018-11-08 14:45:00",7684,0.0100000000000051
"2018-11-08 14:46:00",9159,0.0549999999999997
"2018-11-08 14:47:00",34903,0.00499999999999545
"2018-11-08 14:48:00",5864,-0.00499999999999545
"2018-11-08 14:49:00",12432,-0.00500000000000256
"2018-11-08 14:50:00",9647,0
"2018-11-08 14:51:00",8639,0.0210000000000008
"2018-11-08 14:52:00",5503,0.00399999999999778
"2018-11-08 14:53:00",9656,-0.0249999999999986
"2018-11-08 14:54:00",12998,-0.00999999999999801
"2018-11-08 14:55:00",8886,-0.0100000000000051
"2018-11-08 14:56:00",7685,0
"2018-11-08 14:57:00",15270,0.0150000000000006
"2018-11-08 14:58:00",40567,0.0449000000000055
"2018-11-08 14:59:00",104997,0.0800999999999945
"2018-11-08 15:02:00",94030,0.0100000000000051
"2018-11-08 15:15:00",0,0
"2018-11-09 08:30:00",90596,-0.475000000000001
"2018-11-09 08:31:00",37990,-0.0549999999999997
"2018-11-09 08:32:00",29547,0.119999999999997
"2018-11-09 08:33:00",17439,-0.0300000000000011
"2018-11-09 08:34:00",9000,-0.019999999999996
"2018-11-09 08:35:00",18876,-0.0600000000000023
"2018-11-09 08:36:00",5474,0.0150000000000006
"2018-11-09 08:37:00",5888,0.0150000000000006
"2018-11-09 08:38:00",10464,0.0799999999999983
"2018-11-09 08:39:00",12997,-0.0600000000000023
"2018-11-09 08:40:00",13446,0.0100000000000051
"2018-11-09 08:41:00",12416,-0.0200000000000031
"2018-11-09 08:42:00",11631,0.0350000000000037
"2018-11-09 08:43:00",9366,-0.0410000000000039
"2018-11-09 08:44:00",6908,0.0560000000000045
"2018-11-09 08:45:00",8600,-0.0300000000000011
"2018-11-09 08:46:00",21467,-0.0399999999999991
"2018-11-09 08:47:00",19389,0.0499999999999972
"2018-11-09 08:48:00",16031,0.0450000000000017
"2018-11-09 08:49:00",9291,0.104999999999997
"2018-11-09 08:50:00",7913,0
"2018-11-09 08:51:00",3704,0.0500000000000043
"2018-11-09 08:52:00",4120,-0.0400000000000063
"2018-11-09 08:53:00",11222,-0.00999999999999801
"2018-11-09 08:54:00",6812,-0.0600000000000023
"2018-11-09 08:55:00",5839,0.0200000000000031
"2018-11-09 08:56:00",8198,0.0499999999999972
"2018-11-09 08:57:00",5758,0.00619999999999976
"2018-11-09 08:58:00",2718,-0.0011999999999972
"2018-11-09 08:59:00",9883,0.0350000000000037
"2018-11-09 09:00:00",13465,0.0499999999999972
"2018-11-09 09:01:00",17698,-0.0200000000000031
"2018-11-09 09:02:00",3300,-0.035899999999998
"2018-11-09 09:03:00",2400,-0.0298999999999978
"2018-11-09 09:04:00",19050,0.000799999999998136
"2018-11-09 09:05:00",3023,0.0150000000000006
"2018-11-09 09:06:00",5164,0.0600000000000023
"2018-11-09 09:07:00",10659,-0.0399999999999991
"2018-11-09 09:08:00",1036,-0.0470000000000041
"2018-11-09 09:09:00",12319,-0.0679999999999978
"2018-11-09 09:10:00",5370,-0.0150000000000006
"2018-11-09 09:11:00",3982,0.0249999999999986
"2018-11-09 09:12:00",10901,-0.00500000000000256
"2018-11-09 09:13:00",5665,0.0100000000000051
"2018-11-09 09:14:00",4141,0
"2018-11-09 09:15:00",7057,-0.0200000000000031
"2018-11-09 09:16:00",16209,0.0249999999999986
"2018-11-09 09:17:00",5034,0.0234000000000023
"2018-11-09 09:18:00",11412,0.00160000000000338
"2018-11-09 09:19:00",18306,-0.0771000000000015
"2018-11-09 09:20:00",5944,0.0523999999999987
"2018-11-09 09:21:00",9355,0.0247000000000028
"2018-11-09 09:22:00",15272,-0.0100000000000051
"2018-11-09 09:23:00",9122,0.0600000000000023
"2018-11-09 09:24:00",1600,-0.00999999999999801
"2018-11-09 09:25:00",2784,0.0529999999999973
"2018-11-09 09:26:00",4445,0.0069999999999979
"2018-11-09 09:27:00",6692,0
"2018-11-09 09:28:00",2407,0.0200000000000031
"2018-11-09 09:29:00",9856,0.0799999999999983
"2018-11-09 09:30:00",11565,-0.0399999999999991
"2018-11-09 09:31:00",9132,0.0200000000000031
"2018-11-09 09:32:00",9328,0.0799999999999983
"2018-11-09 09:33:00",4036,-0.0399999999999991
"2018-11-09 09:34:00",4103,0.0700000000000003
"2018-11-09 09:35:00",9314,0.0300000000000011
"2018-11-09 09:36:00",5378,-0.0549999999999997
"2018-11-09 09:37:00",5442,0.0549999999999997
"2018-11-09 09:38:00",3098,0.0429999999999993
"2018-11-09 09:39:00",9166,0.036999999999999
"2018-11-09 09:40:00",4746,-0.0300000000000011
"2018-11-09 09:41:00",10724,0.0300000000000011
"2018-11-09 09:42:00",11063,-0.0399999999999991
"2018-11-09 09:43:00",36463,-0.0600000000000023
"2018-11-09 09:44:00",10175,-0.0399999999999991
"2018-11-09 09:45:00",9114,-0.0399999999999991
"2018-11-09 09:46:00",5922,0.0549999999999997
"2018-11-09 09:47:00",9394,0.0450000000000017
"2018-11-09 09:48:00",13212,-0.0300000000000011
"2018-11-09 09:49:00",4980,-0.0100000000000051
"2018-11-09 09:50:00",6758,-0.0399999999999991
"2018-11-09 09:51:00",6265,0.0800000000000054
"2018-11-09 09:52:00",1507,-0.0200000000000031
"2018-11-09 09:53:00",8091,0.00999999999999801
"2018-11-09 09:54:00",5100,-0.0300000000000011
"2018-11-09 09:55:00",11074,0.0300000000000011
"2018-11-09 09:56:00",1330,0
"2018-11-09 09:57:00",2099,-0.0599999999999952
"2018-11-09 09:58:00",22406,0.0399999999999991
"2018-11-09 09:59:00",8262,0.00999999999999801
"2018-11-09 10:00:00",7204,0.0249999999999986
"2018-11-09 10:01:00",3250,-0.0450000000000017
"2018-11-09 10:02:00",5039,0.0435000000000016
"2018-11-09 10:03:00",7000,-0.0135000000000005
"2018-11-09 10:04:00",16616,-0.0700000000000003
"2018-11-09 10:05:00",4194,-0.019999999999996
"2018-11-09 10:06:00",4820,-0.0100000000000051
"2018-11-09 10:07:00",5721,0
"2018-11-09 10:08:00",5028,-0.0399999999999991
"2018-11-09 10:09:00",4955,-0.029999999999994
"2018-11-09 10:10:00",4540,0.0499999999999972
"2018-11-09 10:11:00",2127,-0.0300000000000011
"2018-11-09 10:12:00",2114,0.0300000000000011
"2018-11-09 10:13:00",13614,0.00999999999999801
"2018-11-09 10:14:00",4841,0.0200000000000031
"2018-11-09 10:15:00",3714,0.109999999999999
"2018-11-09 10:16:00",2113,0.0300000000000011
"2018-11-09 10:17:00",3062,0.0300000000000011
"2018-11-09 10:18:00",5202,0.029999999999994
"2018-11-09 10:19:00",13491,0.0200000000000031
"2018-11-09 10:20:00",9354,-0.0399999999999991
"2018-11-09 10:21:00",10757,0
"2018-11-09 10:22:00",3684,0
"2018-11-09 10:23:00",4822,-0.0500000000000043
"2018-11-09 10:24:00",5948,0.0300000000000011
"2018-11-09 10:25:00",6684,-0.019999999999996
"2018-11-09 10:26:00",10544,0.0449999999999946
"2018-11-09 10:27:00",9399,-0.104999999999997
"2018-11-09 10:28:00",18261,0
"2018-11-09 10:29:00",6725,0.0700000000000003
"2018-11-09 10:30:00",4620,9.99999999962142e-05
"2018-11-09 10:31:00",6951,0.0399000000000029
"2018-11-09 10:32:00",1795,-0.019999999999996
"2018-11-09 10:33:00",1600,-0.0450000000000017
"2018-11-09 10:34:00",4975,-0.00500000000000256
"2018-11-09 10:35:00",1207,-0.0399999999999991
"2018-11-09 10:36:00",2938,0.00999999999999801
"2018-11-09 10:37:00",4705,-0.0300000000000011
"2018-11-09 10:38:00",7514,0.0200000000000031
"2018-11-09 10:39:00",4516,0.0600000000000023
"2018-11-09 10:40:00",1904,-0.0448000000000022
"2018-11-09 10:41:00",6300,-0.0551999999999992
"2018-11-09 10:42:00",2500,0.0300000000000011
"2018-11-09 10:43:00",1580,-0.0137
"2018-11-09 10:44:00",1300,-0.00130000000000052
"2018-11-09 10:45:00",1719,0.0249999999999986
"2018-11-09 10:46:00",3067,-0.0247000000000028
"2018-11-09 10:47:00",2450,-0.0252999999999943
"2018-11-09 10:48:00",1200,-0.0200000000000031
"2018-11-09 10:49:00",3109,0.0200000000000031
"2018-11-09 10:50:00",2200,-0.0400000000000063
"2018-11-09 10:51:00",1300,0
"2018-11-09 10:52:00",1588,0.0200000000000031
"2018-11-09 10:53:00",736,0
"2018-11-09 10:54:00",800,-0.00999999999999801
"2018-11-09 10:55:00",1838,-0.0200000000000031
"2018-11-09 10:56:00",2165,-0.00999999999999801
"2018-11-09 10:57:00",266,-0.0168999999999997
"2018-11-09 10:58:00",1600,0.00690000000000168
"2018-11-09 10:59:00",1480,-0.0500000000000043
"2018-11-09 11:00:00",2600,0.0100000000000051
"2018-11-09 11:01:00",736,0.023299999999999
"2018-11-09 11:02:00",2801,-0.00330000000000297
"2018-11-09 11:03:00",1336,-0.0300000000000011
"2018-11-09 11:04:00",3241,0.0200000000000031
"2018-11-09 11:05:00",2149,0.00499999999999545
"2018-11-09 11:06:00",1010,-0.0192999999999941
"2018-11-09 11:07:00",1401,-0.0557000000000016
"2018-11-09 11:08:00",1550,-0.0152000000000001
"2018-11-09 11:09:00",2958,0.0351999999999961
"2018-11-09 11:10:00",2063,0.0100000000000051
"2018-11-09 11:11:00",630,0.0150000000000006
"2018-11-09 11:12:00",4669,-0.0250000000000057
"2018-11-09 11:13:00",900,-0.00999999999999801
"2018-11-09 11:14:00",1680,0
"2018-11-09 11:15:00",3200,-0.0300000000000011
"2018-11-09 11:16:00",4812,-0.019999999999996
"2018-11-09 11:17:00",1545,0
"2018-11-09 11:18:00",3741,0.0499999999999972
"2018-11-09 11:19:00",800,-0.00999999999999801
"2018-11-09 11:20:00",2885,-0.0150000000000006
"2018-11-09 11:21:00",750,0.00169999999999959
"2018-11-09 11:22:00",1472,0.013300000000001
"2018-11-09 11:23:00",2994,0
"2018-11-09 11:24:00",1721,-0.00999999999999801
"2018-11-09 11:25:00",1600,0
"2018-11-09 11:26:00",900,0.029999999999994
"2018-11-09 11:27:00",2290,0.0100000000000051
"2018-11-09 11:28:00",300,0
"2018-11-09 11:29:00",1282,0.0300000000000011
"2018-11-09 11:30:00",7696,-0.0200000000000031
"2018-11-09 11:31:00",800,0.0499999999999972
"2018-11-09 11:32:00",2994,0.0500000000000043
"2018-11-09 11:33:00",3393,0.00999999999999801
"2018-11-09 11:34:00",1200,0
"2018-11-09 11:35:00",3523,0.00999999999999801
"2018-11-09 11:36:00",1000,-0.0298999999999978
"2018-11-09 11:37:00",1593,0.0198999999999998
"2018-11-09 11:38:00",2342,0.0249999999999986
"2018-11-09 11:39:00",7991,-0.00499999999999545
"2018-11-09 11:40:00",12800,0.0399999999999991
"2018-11-09 11:41:00",2800,-0.0200000000000031
"2018-11-09 11:42:00",3228,-0.019999999999996
"2018-11-09 11:43:00",4399,0.00999999999999801
"2018-11-09 11:44:00",3900,0.00999999999999801
"2018-11-09 11:45:00",2507,-0.00999999999999801
"2018-11-09 11:46:00",4260,0.0366999999999962
"2018-11-09 11:47:00",608,-0.0266999999999982
"2018-11-09 11:48:00",2770,-0.00999999999999801
"2018-11-09 11:49:00",1525,0.00999999999999801
"2018-11-09 11:50:00",2932,-0.0499999999999972
"2018-11-09 11:51:00",700,0.0041000000000011
"2018-11-09 11:52:00",1399,-0.0041000000000011
"2018-11-09 11:53:00",3639,0
"2018-11-09 11:54:00",4278,0
"2018-11-09 11:55:00",2152,-0.0200000000000031
"2018-11-09 11:56:00",1868,0
"2018-11-09 11:57:00",2403,-0.0150000000000006
"2018-11-09 11:58:00",200,0.00500000000000256
"2018-11-09 11:59:00",3471,-0.00999999999999801
"2018-11-09 12:00:00",3907,-0.0300000000000011
"2018-11-09 12:01:00",200,0
"2018-11-09 12:02:00",1400,0
"2018-11-09 12:03:00",1300,-0.0110000000000028
"2018-11-09 12:04:00",1272,0.0110000000000028
"2018-11-09 12:05:00",900,-0.00999999999999801
"2018-11-09 12:06:00",507,0.00999999999999801
"2018-11-09 12:07:00",1141,0.0300000000000011
"2018-11-09 12:08:00",2760,0.0150000000000006
"2018-11-09 12:09:00",2588,0.0149999999999935
"2018-11-09 12:10:00",902,-0.00499999999999545
"2018-11-09 12:11:00",1610,-0.0200000000000031
"2018-11-09 12:12:00",2255,0.0100000000000051
"2018-11-09 12:13:00",2301,0
"2018-11-09 12:14:00",3797,-0.0150000000000006
"2018-11-09 12:15:00",800,0.00999999999999801
"2018-11-09 12:16:00",1572,0.0150000000000006
"2018-11-09 12:17:00",1500,-0.0200000000000031
"2018-11-09 12:18:00",1600,-0.00499999999999545
"2018-11-09 12:19:00",3228,-0.0100000000000051
"2018-11-09 12:20:00",2538,-0.00359999999999872
"2018-11-09 12:21:00",1010,-0.0114999999999981
"2018-11-09 12:22:00",1640,0.0118999999999971
"2018-11-09 12:23:00",3953,0.0182000000000002
"2018-11-09 12:24:00",100,-0.00499999999999545
"2018-11-09 12:25:00",2075,0.00999999999999801
"2018-11-09 12:26:00",1150,0.0150000000000006
"2018-11-09 12:27:00",2900,-0.00010000000000332
"2018-11-09 12:28:00",1400,0.00509999999999877
"2018-11-09 12:29:00",1768,0.0200000000000031
"2018-11-09 12:30:00",3000,-0.00500000000000256
"2018-11-09 12:31:00",2760,0
"2018-11-09 12:32:00",5562,-0.0399999999999991
"2018-11-09 12:33:00",1855,-0.0150000000000006
"2018-11-09 12:34:00",1200,-0.00499999999999545
"2018-11-09 12:35:00",200,-0.00600000000000023
"2018-11-09 12:36:00",2613,0.000999999999997669
"2018-11-09 12:37:00",3675,-0.00500000000000256
"2018-11-09 12:38:00",1315,-0.00999999999999801
"2018-11-09 12:39:00",2013,-0.00499999999999545
"2018-11-09 12:40:00",2465,0.00999999999999801
"2018-11-09 12:41:00",2035,0.0399999999999991
"2018-11-09 12:42:00",1601,0.0300000000000011
"2018-11-09 12:43:00",2400,0.00499999999999545
"2018-11-09 12:44:00",4803,-0.0150000000000006
"2018-11-09 12:45:00",6763,0.00500000000000256
"2018-11-09 12:46:00",1600,0.00500000000000256
"2018-11-09 12:47:00",4158,-0.0249999999999986
"2018-11-09 12:48:00",909,-0.0100000000000051
"2018-11-09 12:49:00",3400,-0.00499999999999545
"2018-11-09 12:50:00",2457,0.029999999999994
"2018-11-09 12:51:00",1085,-0.0069999999999979
"2018-11-09 12:52:00",1404,0.017000000000003
"2018-11-09 12:53:00",3138,0.00999999999999801
"2018-11-09 12:54:00",438,0
"2018-11-09 12:55:00",4134,0.0300000000000011
"2018-11-09 12:56:00",650,0.019999999999996
"2018-11-09 12:57:00",1970,-0.00999999999999801
"2018-11-09 12:58:00",700,0
"2018-11-09 12:59:00",2324,-0.00999999999999801
"2018-11-09 13:00:00",3000,-0.00999999999999801
"2018-11-09 13:01:00",3333,0.0499999999999972
"2018-11-09 13:02:00",5147,0.00659999999999883
"2018-11-09 13:03:00",2210,0.027000000000001
"2018-11-09 13:04:00",3240,-0.00359999999999872
"2018-11-09 13:05:00",1850,0.00499999999999545
"2018-11-09 13:06:00",1359,-0.00999999999999801
"2018-11-09 13:07:00",3436,0.00500000000000256
"2018-11-09 13:08:00",500,-0.0136000000000038
"2018-11-09 13:09:00",2289,-0.0213999999999999
"2018-11-09 13:10:00",3400,-0.0150000000000006
"2018-11-09 13:11:00",4528,-0.0249999999999986
"2018-11-09 13:12:00",3902,-0.00999999999999801
"2018-11-09 13:13:00",4013,-0.0200000000000031
"2018-11-09 13:14:00",4282,-0.00499999999999545
"2018-11-09 13:15:00",3249,0.019999999999996
"2018-11-09 13:16:00",4465,-0.0150000000000006
"2018-11-09 13:17:00",1896,0.0200000000000031
"2018-11-09 13:18:00",4791,0.00999999999999801
"2018-11-09 13:19:00",3945,-0.0450000000000017
"2018-11-09 13:20:00",2778,-0.019999999999996
"2018-11-09 13:21:00",2815,-0.00999999999999801
"2018-11-09 13:22:00",2392,0.00999999999999801
"2018-11-09 13:23:00",1203,0.00500000000000256
"2018-11-09 13:24:00",4148,-0.00500000000000256
"2018-11-09 13:25:00",3300,0.00999999999999801
"2018-11-09 13:26:00",1400,-0.00999999999999801
"2018-11-09 13:27:00",2100,0.00999999999999801
"2018-11-09 13:28:00",7500,-0.019999999999996
"2018-11-09 13:29:00",4576,-0.0100000000000051
"2018-11-09 13:30:00",2590,0
"2018-11-09 13:31:00",1350,0.0100000000000051
"2018-11-09 13:32:00",2413,-0.013300000000001
"2018-11-09 13:33:00",3260,-0.00670000000000215
"2018-11-09 13:34:00",3113,0.0399999999999991
"2018-11-09 13:35:00",3740,-0.00999999999999801
"2018-11-09 13:36:00",3100,0.0600000000000023
"2018-11-09 13:37:00",2400,0.00999999999999801
"2018-11-09 13:38:00",2503,0.00999999999999801
"2018-11-09 13:39:00",9072,0.0500000000000043
"2018-11-09 13:40:00",3240,0.0399999999999991
"2018-11-09 13:41:00",5095,0.00499999999999545
"2018-11-09 13:42:00",4999,-0.00489999999999924
"2018-11-09 13:43:00",1753,-0.00300000000000011
"2018-11-09 13:44:00",2779,-0.00209999999999866
"2018-11-09 13:45:00",4429,-0.00999999999999801
"2018-11-09 13:46:00",5193,0.0349999999999966
"2018-11-09 13:47:00",4292,-0.0499999999999972
"2018-11-09 13:48:00",4997,-0.0200000000000031
"2018-11-09 13:49:00",3100,0.0300000000000011
"2018-11-09 13:50:00",2278,0.0399999999999991
"2018-11-09 13:51:00",8620,0.00650000000000261
"2018-11-09 13:52:00",11172,0.0035000000000025
"2018-11-09 13:53:00",6034,0
"2018-11-09 13:54:00",8255,0.0499999999999972
"2018-11-09 13:55:00",18424,0.0649999999999977
"2018-11-09 13:56:00",4110,0.00500000000000256
"2018-11-09 13:57:00",3450,-0.00999999999999801
"2018-11-09 13:58:00",3944,0
"2018-11-09 13:59:00",6170,0
"2018-11-09 14:00:00",4203,-0.0600000000000023
"2018-11-09 14:01:00",5204,0.0489999999999995
"2018-11-09 14:02:00",2548,0.0110000000000028
"2018-11-09 14:03:00",5500,0.00499999999999545
"2018-11-09 14:04:00",7737,-0.0150000000000006
"2018-11-09 14:05:00",1300,-0.0249999999999986
"2018-11-09 14:06:00",3366,-0.00999999999999801
"2018-11-09 14:07:00",6135,0.019999999999996
"2018-11-09 14:08:00",5546,0.0100000000000051
"2018-11-09 14:09:00",3700,0.0159999999999982
"2018-11-09 14:10:00",3467,-0.0210000000000008
"2018-11-09 14:11:00",3958,0.0200000000000031
"2018-11-09 14:12:00",3850,0.0499999999999972
"2018-11-09 14:13:00",6744,0.0300000000000011
"2018-11-09 14:14:00",7000,0.00999999999999801
"2018-11-09 14:15:00",7477,-0.019999999999996
"2018-11-09 14:16:00",5288,-0.0489000000000033
"2018-11-09 14:17:00",2760,0.0138999999999996
"2018-11-09 14:18:00",3979,0.0150000000000006
"2018-11-09 14:19:00",4729,0
"2018-11-09 14:20:00",5481,0.00999999999999801
"2018-11-09 14:21:00",29160,-0.0499999999999972
"2018-11-09 14:22:00",4195,0.00999999999999801
"2018-11-09 14:23:00",6222,0.0799999999999983
"2018-11-09 14:24:00",7932,0.0099000000000018
"2018-11-09 14:25:00",9689,0.0101000000000013
"2018-11-09 14:26:00",12815,-0.0300000000000011
"2018-11-09 14:27:00",5812,-0.0300000000000011
"2018-11-09 14:28:00",19472,0.0500000000000043
"2018-11-09 14:29:00",5572,-0.0200000000000031
"2018-11-09 14:30:00",13577,0.0700000000000003
"2018-11-09 14:31:00",3619,-0.0399999999999991
"2018-11-09 14:32:00",8371,-0.00500000000000256
"2018-11-09 14:33:00",8599,-0.0150000000000006
"2018-11-09 14:34:00",6058,0.0200000000000031
"2018-11-09 14:35:00",16847,0.0200000000000031
"2018-11-09 14:36:00",8367,0
"2018-11-09 14:37:00",7907,0.019999999999996
"2018-11-09 14:38:00",9347,-0.0041000000000011
"2018-11-09 14:39:00",7698,-0.00909999999999656
"2018-11-09 14:40:00",17176,0.0131999999999977
"2018-11-09 14:41:00",17868,0.0200000000000031
"2018-11-09 14:42:00",6509,0.019999999999996
"2018-11-09 14:43:00",6594,0.00999999999999801
"2018-11-09 14:44:00",12385,-0.00499999999999545
"2018-11-09 14:45:00",19403,-0.0350000000000037
"2018-11-09 14:46:00",8030,-0.0349999999999966
"2018-11-09 14:47:00",7173,-0.0249999999999986
"2018-11-09 14:48:00",6190,0
"2018-11-09 14:49:00",8918,-0.0399999999999991
"2018-11-09 14:50:00",11520,0.00499999999999545
"2018-11-09 14:51:00",11179,0.0200000000000031
"2018-11-09 14:52:00",7106,-0.00500000000000256
"2018-11-09 14:53:00",7598,0.00500000000000256
"2018-11-09 14:54:00",9299,0.00499999999999545
"2018-11-09 14:55:00",21559,0
"2018-11-09 14:56:00",12920,0.0300000000000011
"2018-11-09 14:57:00",9275,-0.00499999999999545
"2018-11-09 14:58:00",18581,-0.0100000000000051
"2018-11-09 14:59:00",22259,-0.0749999999999957
"2018-11-09 15:02:00",24325,0.00999999999999801
"2018-11-09 15:15:00",0,0
"2018-11-12 08:30:00",67327,0.200000000000003
"2018-11-12 08:31:00",17938,-0.0700000000000003
"2018-11-12 08:32:00",7027,-0.0600000000000023
"2018-11-12 08:33:00",17506,0.0200000000000031
"2018-11-12 08:34:00",17069,0.0499999999999972
"2018-11-12 08:35:00",8362,0
"2018-11-12 08:36:00",11360,0.0399999999999991
"2018-11-12 08:37:00",6285,-0.0200000000000031
"2018-11-12 08:38:00",33064,-0.0699999999999932
"2018-11-12 08:39:00",20445,0.00999999999999801
"2018-11-12 08:40:00",10370,0.0499999999999972
"2018-11-12 08:41:00",8518,0
"2018-11-12 08:42:00",5812,-0.0300000000000011
"2018-11-12 08:43:00",5354,-0.00999999999999801
"2018-11-12 08:44:00",8930,-0.019999999999996
"2018-11-12 08:45:00",6944,-0.0600000000000023
"2018-11-12 08:46:00",6479,0.0600000000000023
"2018-11-12 08:47:00",3445,0.019999999999996
"2018-11-12 08:48:00",4101,-0.0700000000000003
"2018-11-12 08:49:00",7424,0.0200000000000031
"2018-11-12 08:50:00",8363,-0.0300000000000011
"2018-11-12 08:51:00",13413,-0.0200000000000031
"2018-11-12 08:52:00",5177,0.0100000000000051
"2018-11-12 08:53:00",3992,0.019999999999996
"2018-11-12 08:54:00",7334,-0.0399999999999991
"2018-11-12 08:55:00",6244,0.0300000000000011
"2018-11-12 08:56:00",17211,0.0700000000000003
"2018-11-12 08:57:00",28277,-0.00500000000000256
"2018-11-12 08:58:00",23807,0.00500000000000256
"2018-11-12 08:59:00",42158,-0.0350000000000037
"2018-11-12 09:00:00",44888,-0.0349999999999966
"2018-11-12 09:01:00",21182,-0.0300000000000011
"2018-11-12 09:02:00",3992,0.0200000000000031
"2018-11-12 09:03:00",2107,0.029999999999994
"2018-11-12 09:04:00",10104,-0.0499999999999972
"2018-11-12 09:05:00",7948,0.0300000000000011
"2018-11-12 09:06:00",8626,0.0600000000000023
"2018-11-12 09:07:00",6647,0.019999999999996
"2018-11-12 09:08:00",8000,0.00999999999999801
"2018-11-12 09:09:00",5073,-0.00499999999999545
"2018-11-12 09:10:00",3566,-0.0150000000000006
"2018-11-12 09:11:00",4443,0.0399999999999991
"2018-11-12 09:12:00",3600,0.0399999999999991
"2018-11-12 09:13:00",26925,-0.00999999999999801
"2018-11-12 09:14:00",18068,-0.0600000000000023
"2018-11-12 09:15:00",3026,0.00500000000000256
"2018-11-12 09:16:00",24709,-0.0267000000000053
"2018-11-12 09:17:00",9600,-0.0182999999999964
"2018-11-12 09:18:00",8675,-0.00999999999999801
"2018-11-12 09:19:00",4345,0.00999999999999801
"2018-11-12 09:20:00",12758,0
"2018-11-12 09:21:00",25893,-0.0399999999999991
"2018-11-12 09:22:00",9127,0.0399999999999991
"2018-11-12 09:23:00",9460,-0.0200000000000031
"2018-11-12 09:24:00",4554,0.0200000000000031
"2018-11-12 09:25:00",5348,-0.00999999999999801
"2018-11-12 09:26:00",12128,0.0300000000000011
"2018-11-12 09:27:00",3667,-0.0146000000000015
"2018-11-12 09:28:00",19557,0.00459999999999638
"2018-11-12 09:29:00",5166,-0.0349999999999966
"2018-11-12 09:30:00",9116,0.00499999999999545
"2018-11-12 09:31:00",2678,0.0250000000000057
"2018-11-12 09:32:00",9122,0.0249999999999986
"2018-11-12 09:33:00",2335,0.019999999999996
"2018-11-12 09:34:00",8792,0.0399999999999991
"2018-11-12 09:35:00",5124,0.0250000000000057
"2018-11-12 09:36:00",12086,-0.0549999999999997
"2018-11-12 09:37:00",1000,-0.0100000000000051
"2018-11-12 09:38:00",2467,-0.019999999999996
"2018-11-12 09:39:00",3321,-0.00999999999999801
"2018-11-12 09:40:00",4421,-0.0300000000000011
"2018-11-12 09:41:00",3921,-0.0100000000000051
"2018-11-12 09:42:00",5311,-0.00999999999999801
"2018-11-12 09:43:00",5754,0.00999999999999801
"2018-11-12 09:44:00",4298,-0.0150000000000006
"2018-11-12 09:45:00",6787,-0.0349999999999966
"2018-11-12 09:46:00",1300,0.0549999999999997
"2018-11-12 09:47:00",5790,0.00500000000000256
"2018-11-12 09:48:00",7140,-0.0300000000000011
"2018-11-12 09:49:00",7599,-0.0300000000000011
"2018-11-12 09:50:00",3603,-0.00999999999999801
"2018-11-12 09:51:00",5610,-0.0200000000000031
"2018-11-12 09:52:00",8595,-0.0499999999999972
"2018-11-12 09:53:00",2497,0.0499999999999972
"2018-11-12 09:54:00",14986,-0.019999999999996
"2018-11-12 09:55:00",6014,0
"2018-11-12 09:56:00",4416,-0.0300000000000011
"2018-11-12 09:57:00",3970,-0.0100000000000051
"2018-11-12 09:58:00",3629,-0.0399999999999991
"2018-11-12 09:59:00",8896,-0.019999999999996
"2018-11-12 10:00:00",5400,-0.0300000000000011
"2018-11-12 10:01:00",5808,-0.00010000000000332
"2018-11-12 10:02:00",13539,-0.059899999999999
"2018-11-12 10:03:00",4499,0.0399999999999991
"2018-11-12 10:04:00",3874,-0.029999999999994
"2018-11-12 10:05:00",3876,0.0185999999999993
"2018-11-12 10:06:00",2200,0.0113999999999947
"2018-11-12 10:07:00",10414,-0.029999999999994
"2018-11-12 10:08:00",5067,0.0499999999999972
"2018-11-12 10:09:00",1416,-0.00999999999999801
"2018-11-12 10:10:00",1700,-0.0200000000000031
"2018-11-12 10:11:00",3271,-0.019999999999996
"2018-11-12 10:12:00",9052,-0.0500000000000043
"2018-11-12 10:13:00",7898,-0.019999999999996
"2018-11-12 10:14:00",5897,-0.0300000000000011
"2018-11-12 10:15:00",4707,-0.0365000000000038
"2018-11-12 10:16:00",10273,-0.0434999999999945
"2018-11-12 10:17:00",6477,-0.00360000000000582
"2018-11-12 10:18:00",21319,0.0136000000000038
"2018-11-12 10:19:00",7321,0.019999999999996
"2018-11-12 10:20:00",2336,-0.0137
"2018-11-12 10:21:00",5347,0.0237000000000052
"2018-11-12 10:22:00",15126,-0.0100000000000051
"2018-11-12 10:23:00",4119,0.0100000000000051
"2018-11-12 10:24:00",6828,-0.0399999999999991
"2018-11-12 10:25:00",9671,0.029999999999994
"2018-11-12 10:26:00",1800,-0.00499999999999545
"2018-11-12 10:27:00",1600,0.0150000000000006
"2018-11-12 10:28:00",6005,0.029999999999994
"2018-11-12 10:29:00",7630,-0.0499999999999972
"2018-11-12 10:30:00",2083,0.00999999999999801
"2018-11-12 10:31:00",5273,0
"2018-11-12 10:32:00",10892,-0.0449999999999946
"2018-11-12 10:33:00",14483,-0.0650000000000048
"2018-11-12 10:34:00",15668,0.0100000000000051
"2018-11-12 10:35:00",20763,0.0261999999999958
"2018-11-12 10:36:00",5299,0.00379999999999825
"2018-11-12 10:37:00",4300,-0.0298999999999978
"2018-11-12 10:38:00",5117,-0.0101000000000013
"2018-11-12 10:39:00",9277,-0.00999999999999801
"2018-11-12 10:40:00",6172,0.0666999999999973
"2018-11-12 10:41:00",4075,0.00330000000000297
"2018-11-12 10:42:00",1600,-0.0399999999999991
"2018-11-12 10:43:00",900,-0.00999999999999801
"2018-11-12 10:44:00",1280,-0.00500000000000256
"2018-11-12 10:45:00",2005,0.0349000000000004
"2018-11-12 10:46:00",2714,0.0200999999999993
"2018-11-12 10:47:00",1064,0.0300000000000011
"2018-11-12 10:48:00",1800,-0.026600000000002
"2018-11-12 10:49:00",2055,-0.0133999999999972
"2018-11-12 10:50:00",5210,-0.0200999999999993
"2018-11-12 10:51:00",3877,-0.0399000000000029
"2018-11-12 10:52:00",3735,-0.0200000000000031
"2018-11-12 10:53:00",42610,0.0600000000000023
"2018-11-12 10:54:00",5905,0.0700000000000003
"2018-11-12 10:55:00",3425,0.0200000000000031
"2018-11-12 10:56:00",2100,0.0499999999999972
"2018-11-12 10:57:00",1400,0.00999999999999801
"2018-11-12 10:58:00",2277,-0.0399999999999991
"2018-11-12 10:59:00",2485,0.00999999999999801
"2018-11-12 11:00:00",2400,-0.0399999999999991
"2018-11-12 11:01:00",1500,0.0300000000000011
"2018-11-12 11:02:00",5310,-0.0399999999999991
"2018-11-12 11:03:00",2742,-0.0300000000000011
"2018-11-12 11:04:00",1925,0.0300000000000011
"2018-11-12 11:05:00",3050,0.0350000000000037
"2018-11-12 11:06:00",3249,0.0349999999999966
"2018-11-12 11:07:00",3500,0.0268999999999977
"2018-11-12 11:08:00",1220,0.0431000000000026
"2018-11-12 11:09:00",1693,-0.0170999999999992
"2018-11-12 11:10:00",843,-0.0228999999999999
"2018-11-12 11:11:00",5546,0.00999999999999801
"2018-11-12 11:12:00",418,-0.00999999999999801
"2018-11-12 11:13:00",1500,0
"2018-11-12 11:14:00",7525,0
"2018-11-12 11:15:00",2014,0
"2018-11-12 11:16:00",1663,0.0349999999999966
"2018-11-12 11:17:00",7701,-0.00499999999999545
"2018-11-12 11:18:00",10400,-0.0100000000000051
"2018-11-12 11:19:00",3261,-0.00999999999999801
"2018-11-12 11:20:00",4960,0.00999999999999801
"2018-11-12 11:21:00",1581,0.0300000000000011
"2018-11-12 11:22:00",1000,0
"2018-11-12 11:23:00",2389,-0.019999999999996
"2018-11-12 11:24:00",1900,0.019999999999996
"2018-11-12 11:25:00",6127,0.0100000000000051
"2018-11-12 11:26:00",8933,-0.0100000000000051
"2018-11-12 11:27:00",2110,0
"2018-11-12 11:28:00",2399,-0.00999999999999801
"2018-11-12 11:29:00",1451,-0.0200000000000031
"2018-11-12 11:30:00",1241,-0.019999999999996
"2018-11-12 11:31:00",3300,0
"2018-11-12 11:32:00",4051,-0.00999999999999801
"2018-11-12 11:33:00",2723,-0.0400000000000063
"2018-11-12 11:34:00",1288,-0.00999999999999801
"2018-11-12 11:35:00",916,-0.00999999999999801
"2018-11-12 11:36:00",1700,0.019999999999996
"2018-11-12 11:37:00",2454,0.0400000000000063
"2018-11-12 11:38:00",1437,0
"2018-11-12 11:39:00",1090,0
"2018-11-12 11:40:00",5595,0.00999999999999801
"2018-11-12 11:41:00",6374,0.00999999999999801
"2018-11-12 11:42:00",5390,0.0450000000000017
"2018-11-12 11:43:00",1319,0.00500000000000256
"2018-11-12 11:44:00",1174,-0.0124000000000066
"2018-11-12 11:45:00",2500,-0.0175999999999945
"2018-11-12 11:46:00",500,0
"2018-11-12 11:47:00",7649,0.019999999999996
"2018-11-12 11:48:00",2967,-0.00989999999999469
"2018-11-12 11:49:00",13275,-0.0401000000000025
"2018-11-12 11:50:00",3509,0.019999999999996
"2018-11-12 11:51:00",21241,-0.0324999999999989
"2018-11-12 11:52:00",9323,0.00250000000000483
"2018-11-12 11:53:00",622,0
"2018-11-12 11:54:00",200,0.00999999999999801
"2018-11-12 11:55:00",4701,0.00500000000000256
"2018-11-12 11:56:00",2469,0.00999999999999801
"2018-11-12 11:57:00",4000,-0.00500000000000256
"2018-11-12 11:58:00",2770,0.00500000000000256
"2018-11-12 11:59:00",15676,-0.00999999999999801
"2018-11-12 12:00:00",6275,-0.00500000000000256
"2018-11-12 12:01:00",4682,-0.00010000000000332
"2018-11-12 12:02:00",5306,-0.00989999999999469
"2018-11-12 12:03:00",1300,0
"2018-11-12 12:04:00",700,0.00999999999999801
"2018-11-12 12:05:00",8875,-0.0150000000000006
"2018-11-12 12:06:00",4851,-0.00500000000000256
"2018-11-12 12:07:00",5751,-0.0150000000000006
"2018-11-12 12:08:00",2072,0
"2018-11-12 12:09:00",20910,0
"2018-11-12 12:10:00",9112,0.0100000000000051
"2018-11-12 12:11:00",10478,0.00999999999999801
"2018-11-12 12:12:00",5046,0.00370000000000203
"2018-11-12 12:13:00",10444,-0.0287000000000006
"2018-11-12 12:14:00",675,0.00999999999999801
"2018-11-12 12:15:00",6483,0.00999999999999801
"2018-11-12 12:16:00",5977,0.0300000000000011
"2018-11-12 12:17:00",1225,-0.00999999999999801
"2018-11-12 12:18:00",5252,-0.0300000000000011
"2018-11-12 12:19:00",13509,-0.00999999999999801
"2018-11-12 12:20:00",10679,0.0300000000000011
"2018-11-12 12:21:00",15614,-0.0800000000000054
"2018-11-12 12:22:00",1850,0.0399999999999991
"2018-11-12 12:23:00",3850,0.027000000000001
"2018-11-12 12:24:00",2890,0.00300000000000011
"2018-11-12 12:25:00",9831,0
"2018-11-12 12:26:00",6096,0.0161000000000016
"2018-11-12 12:27:00",1000,0.0138999999999996
"2018-11-12 12:28:00",3369,0.0399999999999991
"2018-11-12 12:29:00",4494,-0.0399999999999991
"2018-11-12 12:30:00",3000,0.0200000000000031
"2018-11-12 12:31:00",6000,0.0200999999999993
"2018-11-12 12:32:00",1358,-0.0101000000000013
"2018-11-12 12:33:00",2406,-0.00500000000000256
"2018-11-12 12:34:00",5584,-0.00499999999999545
"2018-11-12 12:35:00",3295,-0.0234000000000023
"2018-11-12 12:36:00",3146,0.0133999999999972
"2018-11-12 12:37:00",4268,-0.029999999999994
"2018-11-12 12:38:00",9426,-0.0200000000000031
"2018-11-12 12:39:00",6789,0
"2018-11-12 12:40:00",3745,0.0200000000000031
"2018-11-12 12:41:00",600,0
"2018-11-12 12:42:00",4457,-0.0200000000000031
"2018-11-12 12:43:00",4196,-0.0200000000000031
"2018-11-12 12:44:00",5214,-0.0100999999999942
"2018-11-12 12:45:00",4491,-0.0346000000000046
"2018-11-12 12:46:00",13236,-0.0152999999999963
"2018-11-12 12:47:00",6948,0.0399999999999991
"2018-11-12 12:48:00",2044,0.019999999999996
"2018-11-12 12:49:00",2370,-0.0069999999999979
"2018-11-12 12:50:00",7467,0.0570000000000022
"2018-11-12 12:51:00",2505,0.019999999999996
"2018-11-12 12:52:00",4700,0.0300000000000011
"2018-11-12 12:53:00",6794,0.0399999999999991
"2018-11-12 12:54:00",2008,-0.0249999999999986
"2018-11-12 12:55:00",15418,-0.00499999999999545
"2018-11-12 12:56:00",2759,-0.00500000000000256
"2018-11-12 12:57:00",8685,-0.015900000000002
"2018-11-12 12:58:00",10200,0.000900000000001455
"2018-11-12 12:59:00",2200,-0.0349999999999966
"2018-11-12 13:00:00",2409,0.0349999999999966
"2018-11-12 13:01:00",5094,-0.00010000000000332
"2018-11-12 13:02:00",2558,0.0276000000000067
"2018-11-12 13:03:00",3249,0.0324999999999989
"2018-11-12 13:04:00",3950,0.0300000000000011
"2018-11-12 13:05:00",5855,-0.0489000000000033
"2018-11-12 13:06:00",600,0.0189000000000021
"2018-11-12 13:07:00",1099,0.0298999999999978
"2018-11-12 13:08:00",3283,-0.025500000000001
"2018-11-12 13:09:00",2715,0.00560000000000116
"2018-11-12 13:10:00",2929,0.0399999999999991
"2018-11-12 13:11:00",2265,0.0300000000000011
"2018-11-12 13:12:00",4418,-0.0133999999999972
"2018-11-12 13:13:00",1200,-0.026600000000002
"2018-11-12 13:14:00",1979,-0.00999999999999801
"2018-11-12 13:15:00",2438,0
"2018-11-12 13:16:00",2227,0.029999999999994
"2018-11-12 13:17:00",4496,0.00540000000000163
"2018-11-12 13:18:00",3571,0.0146000000000015
"2018-11-12 13:19:00",5500,-0.0300000000000011
"2018-11-12 13:20:00",2592,-0.0388000000000019
"2018-11-12 13:21:00",6740,-0.00389999999999446
"2018-11-12 13:22:00",2800,-0.0273000000000039
"2018-11-12 13:23:00",3036,-0.019999999999996
"2018-11-12 13:24:00",1235,0.029999999999994
"2018-11-12 13:25:00",2740,-0.00669999999999504
"2018-11-12 13:26:00",3660,-0.00330000000000297
"2018-11-12 13:27:00",707,-0.00999999999999801
"2018-11-12 13:28:00",7501,-0.0300000000000011
"2018-11-12 13:29:00",3840,-0.0200000000000031
"2018-11-12 13:30:00",2256,0.0500000000000043
"2018-11-12 13:31:00",3315,0.00999999999999801
"2018-11-12 13:32:00",1493,0
"2018-11-12 13:33:00",1325,-0.019999999999996
"2018-11-12 13:34:00",2871,0.019999999999996
"2018-11-12 13:35:00",5122,-0.0399999999999991
"2018-11-12 13:36:00",1192,-0.0200000000000031
"2018-11-12 13:37:00",1819,-0.00999999999999801
"2018-11-12 13:38:00",5578,0.00999999999999801
"2018-11-12 13:39:00",900,0
"2018-11-12 13:40:00",800,0.0137
"2018-11-12 13:41:00",2070,-0.00869999999999749
"2018-11-12 13:42:00",2900,0.0249999999999986
"2018-11-12 13:43:00",3039,0.0200000000000031
"2018-11-12 13:44:00",5093,0.00499999999999545
"2018-11-12 13:45:00",4857,0.0550000000000068
"2018-11-12 13:46:00",2489,0.019999999999996
"2018-11-12 13:47:00",1986,0.00999999999999801
"2018-11-12 13:48:00",4456,0.00720000000000454
"2018-11-12 13:49:00",1300,-0.0271000000000043
"2018-11-12 13:50:00",7486,-9.99999999962142e-05
"2018-11-12 13:51:00",4097,-0.0200000000000031
"2018-11-12 13:52:00",2006,-0.0499999999999972
"2018-11-12 13:53:00",3053,-0.0300000000000011
"2018-11-12 13:54:00",650,-0.00999999999999801
"2018-11-12 13:55:00",1623,-0.00489999999999924
"2018-11-12 13:56:00",10605,-0.00510000000000588
"2018-11-12 13:57:00",1600,-0.019999999999996
"2018-11-12 13:58:00",4238,-0.0300000000000011
"2018-11-12 13:59:00",7577,-0.0399999999999991
"2018-11-12 14:00:00",13560,0
"2018-11-12 14:01:00",2355,0.019999999999996
"2018-11-12 14:02:00",6661,-0.0609999999999999
"2018-11-12 14:03:00",5861,0.0510000000000019
"2018-11-12 14:04:00",2900,-0.0399999999999991
"2018-11-12 14:05:00",2097,-0.0300000000000011
"2018-11-12 14:06:00",10867,-0.0349999999999966
"2018-11-12 14:07:00",8268,-0.0200000000000031
"2018-11-12 14:08:00",5339,0.0300000000000011
"2018-11-12 14:09:00",2271,-0.0150000000000006
"2018-11-12 14:10:00",6774,-0.00500000000000256
"2018-11-12 14:11:00",2700,0.00500000000000256
"2018-11-12 14:12:00",11001,-0.0700000000000003
"2018-11-12 14:13:00",3842,0.0399999999999991
"2018-11-12 14:14:00",6554,0.0200000000000031
"2018-11-12 14:15:00",5071,-0.0399999999999991
"2018-11-12 14:16:00",23079,-0.0100000000000051
"2018-11-12 14:17:00",5399,0.0300000000000011
"2018-11-12 14:18:00",4479,-0.0700000000000003
"2018-11-12 14:19:00",9705,0.0500000000000043
"2018-11-12 14:20:00",5907,0
"2018-11-12 14:21:00",7536,0
"2018-11-12 14:22:00",5337,0.019999999999996
"2018-11-12 14:23:00",3895,-0.0293999999999954
"2018-11-12 14:24:00",5599,0.00939999999999941
"2018-11-12 14:25:00",4808,-0.0100000000000051
"2018-11-12 14:26:00",4127,-0.00999999999999801
"2018-11-12 14:27:00",5225,-0.00999999999999801
"2018-11-12 14:28:00",11953,-0.0534000000000034
"2018-11-12 14:29:00",7397,-0.0215999999999994
"2018-11-12 14:30:00",9857,-0.0899999999999963
"2018-11-12 14:31:00",19663,0.00499999999999545
"2018-11-12 14:32:00",4478,-0.0399999999999991
"2018-11-12 14:33:00",26191,-0.0200999999999993
"2018-11-12 14:34:00",14248,-0.0099000000000018
"2018-11-12 14:35:00",10564,0.0300000000000011
"2018-11-12 14:36:00",10993,0
"2018-11-12 14:37:00",7237,0
"2018-11-12 14:38:00",21758,-0.0399999999999991
"2018-11-12 14:39:00",12592,0.00999999999999801
"2018-11-12 14:40:00",6970,-0.00999999999999801
"2018-11-12 14:41:00",21438,0.0200000000000031
"2018-11-12 14:42:00",11497,0.019999999999996
"2018-11-12 14:43:00",13469,0.0300000000000011
"2018-11-12 14:44:00",11142,0
"2018-11-12 14:45:00",22879,0
"2018-11-12 14:46:00",10999,0.0649999999999977
"2018-11-12 14:47:00",8042,-0.029999999999994
"2018-11-12 14:48:00",15534,-0.0350000000000037
"2018-11-12 14:49:00",6433,-0.019999999999996
"2018-11-12 14:50:00",11504,-0.0741000000000014
"2018-11-12 14:51:00",14247,0.0041000000000011
"2018-11-12 14:52:00",13546,-0.0200000000000031
"2018-11-12 14:53:00",14930,-0.0249999999999986
"2018-11-12 14:54:00",19748,-0.0450000000000017
"2018-11-12 14:55:00",22451,0.0450000000000017
"2018-11-12 14:56:00",19291,0.0350999999999999
"2018-11-12 14:57:00",13818,-0.0101000000000013
"2018-11-12 14:58:00",26167,-0.00999999999999801
"2018-11-12 14:59:00",63555,-0.0100000000000051
"2018-11-12 15:02:00",40360,0
"2018-11-12 15:15:00",0,0
"2018-11-13 08:30:00",114686,-0.719999999999999
"2018-11-13 08:31:00",15655,0.0100000000000051
"2018-11-13 08:32:00",34669,0.0700000000000003
"2018-11-13 08:33:00",29881,0.129999999999995
"2018-11-13 08:34:00",14420,-0.0399999999999991
"2018-11-13 08:35:00",20082,0.0200000000000031
"2018-11-13 08:36:00",19704,0.029999999999994
"2018-11-13 08:37:00",22135,0
"2018-11-13 08:38:00",19417,0.0800000000000054
"2018-11-13 08:39:00",15058,-0.00630000000000308
"2018-11-13 08:40:00",8344,-0.0137
"2018-11-13 08:41:00",25981,-0.0300000000000011
"2018-11-13 08:42:00",11175,-0.0300000000000011
"2018-11-13 08:43:00",15744,0.0300000000000011
"2018-11-13 08:44:00",15065,0
"2018-11-13 08:45:00",16360,0
"2018-11-13 08:46:00",21616,0.0600000000000023
"2018-11-13 08:47:00",9258,0.109999999999999
"2018-11-13 08:48:00",16396,0.00999999999999801
"2018-11-13 08:49:00",15765,-0.0431999999999988
"2018-11-13 08:50:00",15003,-0.0668000000000006
"2018-11-13 08:51:00",9949,0.0300000000000011
"2018-11-13 08:52:00",12008,-0.0399999999999991
"2018-11-13 08:53:00",7469,0.0778999999999996
"2018-11-13 08:54:00",21382,0.000199999999999534
"2018-11-13 08:55:00",12745,-0.0780999999999992
"2018-11-13 08:56:00",13961,-0.0399999999999991
"2018-11-13 08:57:00",5010,0
"2018-11-13 08:58:00",13505,-0.0799999999999983
"2018-11-13 08:59:00",16854,0.0899999999999963
"2018-11-13 09:00:00",14592,-0.0649999999999977
"2018-11-13 09:01:00",23721,-0.0900000000000034
"2018-11-13 09:02:00",32390,-0.114999999999995
"2018-11-13 09:03:00",35170,-0.0300000000000011
"2018-11-13 09:04:00",29813,-0.0750000000000028
"2018-11-13 09:05:00",13433,-0.0349999999999966
"2018-11-13 09:06:00",10684,0.0599999999999952
"2018-11-13 09:07:00",13874,0.0500000000000043
"2018-11-13 09:08:00",12736,-0.0300000000000011
"2018-11-13 09:09:00",18982,0
"2018-11-13 09:10:00",7629,-0.0399999999999991
"2018-11-13 09:11:00",8000,0
"2018-11-13 09:12:00",7969,0.00999999999999801
"2018-11-13 09:13:00",8455,-0.00309999999999633
"2018-11-13 09:14:00",4466,0.0430999999999955
"2018-11-13 09:15:00",12007,0.0900000000000034
"2018-11-13 09:16:00",8305,-0.00440000000000396
"2018-11-13 09:17:00",5805,-0.0655999999999963
"2018-11-13 09:18:00",15155,-0.0300000000000011
"2018-11-13 09:19:00",10283,-0.0399999999999991
"2018-11-13 09:20:00",13445,-0.0700000000000003
"2018-11-13 09:21:00",38160,-0.0799999999999983
"2018-11-13 09:22:00",10690,0.0239999999999938
"2018-11-13 09:23:00",13322,0.00600000000000023
"2018-11-13 09:24:00",14311,0.0100000000000051
"2018-11-13 09:25:00",21043,-0.0700000000000003
"2018-11-13 09:26:00",9054,-0.0500000000000043
"2018-11-13 09:27:00",3679,0
"2018-11-13 09:28:00",22769,0.0100000000000051
"2018-11-13 09:29:00",20131,-0.0700000000000003
"2018-11-13 09:30:00",8282,0.0300000000000011
"2018-11-13 09:31:00",6348,-0.0200000000000031
"2018-11-13 09:32:00",6399,0.0300000000000011
"2018-11-13 09:33:00",10288,0.0463999999999984
"2018-11-13 09:34:00",14784,-0.00300000000000011
"2018-11-13 09:35:00",10840,0.0656000000000034
"2018-11-13 09:36:00",10971,0.0109999999999957
"2018-11-13 09:37:00",3928,0.00999999999999801
"2018-11-13 09:38:00",11793,0.0800000000000054
"2018-11-13 09:39:00",8650,0
"2018-11-13 09:40:00",12302,-0.0399999999999991
"2018-11-13 09:41:00",10847,-0.0200000000000031
"2018-11-13 09:42:00",12703,0.0200000000000031
"2018-11-13 09:43:00",21311,0.0700000000000003
"2018-11-13 09:44:00",10591,-0.0600000000000023
"2018-11-13 09:45:00",18901,0.195
"2018-11-13 09:46:00",21437,0.0150000000000006
"2018-11-13 09:47:00",15961,0.0599999999999952
"2018-11-13 09:48:00",10021,-0.019999999999996
"2018-11-13 09:49:00",5951,0.00999999999999801
"2018-11-13 09:50:00",5942,-0.0300000000000011
"2018-11-13 09:51:00",18872,0.0399999999999991
"2018-11-13 09:52:00",13053,-0.029999999999994
"2018-11-13 09:53:00",10109,-0.0400000000000063
"2018-11-13 09:54:00",3846,0.0300000000000011
"2018-11-13 09:55:00",11649,0.100000000000001
"2018-11-13 09:56:00",9462,-0.0499999999999972
"2018-11-13 09:57:00",15023,0.0999999999999943
"2018-11-13 09:58:00",17182,0.0200000000000031
"2018-11-13 09:59:00",20431,-0.0200000000000031
"2018-11-13 10:00:00",15711,0
"2018-11-13 10:01:00",4012,0.0700000000000003
"2018-11-13 10:02:00",12010,0.0100000000000051
"2018-11-13 10:03:00",11336,0
"2018-11-13 10:04:00",24008,-0.0108999999999995
"2018-11-13 10:05:00",9502,0.00089999999999435
"2018-11-13 10:06:00",7697,0.0200000000000031
"2018-11-13 10:07:00",10023,0.0700000000000003
"2018-11-13 10:08:00",16140,-0.00999999999999801
"2018-11-13 10:09:00",20786,-0.0200000000000031
"2018-11-13 10:10:00",8683,-0.00500000000000256
"2018-11-13 10:11:00",3731,0.0150000000000006
"2018-11-13 10:12:00",5921,0.0200000000000031
"2018-11-13 10:13:00",4255,-0.0279000000000025
"2018-11-13 10:14:00",2544,-0.00209999999999866
"2018-11-13 10:15:00",7804,0
"2018-11-13 10:16:00",8538,0.00999999999999801
"2018-11-13 10:17:00",11916,0.0300000000000011
"2018-11-13 10:18:00",20086,0.0600000000000023
"2018-11-13 10:19:00",7545,0.0399999999999991
"2018-11-13 10:20:00",44572,-0.0399999999999991
"2018-11-13 10:21:00",6175,0.00999999999999801
"2018-11-13 10:22:00",2811,-0.0499999999999972
"2018-11-13 10:23:00",9413,-0.0249999999999986
"2018-11-13 10:24:00",4993,-0.0450000000000017
"2018-11-13 10:25:00",29995,0.0298999999999978
"2018-11-13 10:26:00",7870,0.00010000000000332
"2018-11-13 10:27:00",15755,-0.0100000000000051
"2018-11-13 10:28:00",12095,0.0300000000000011
"2018-11-13 10:29:00",13462,-0.0799999999999983
"2018-11-13 10:30:00",11497,0.00999999999999801
"2018-11-13 10:31:00",3857,0.0100000000000051
"2018-11-13 10:32:00",13547,0.0499999999999972
"2018-11-13 10:33:00",15457,0.0200000000000031
"2018-11-13 10:34:00",43244,0.0699999999999932
"2018-11-13 10:35:00",14377,-0.0699999999999932
"2018-11-13 10:36:00",18871,-0.0600000000000023
"2018-11-13 10:37:00",8062,0.0300000000000011
"2018-11-13 10:38:00",6015,0.019999999999996
"2018-11-13 10:39:00",10245,0.00500000000000256
"2018-11-13 10:40:00",6792,-0.0150000000000006
"2018-11-13 10:41:00",16625,0.00280000000000058
"2018-11-13 10:42:00",2231,-0.00280000000000058
"2018-11-13 10:43:00",4289,0.0499999999999972
"2018-11-13 10:44:00",2800,-0.0499999999999972
"2018-11-13 10:45:00",2336,0.00999999999999801
"2018-11-13 10:46:00",2000,0.0300000000000011
"2018-11-13 10:47:00",7045,0.0382000000000033
"2018-11-13 10:48:00",23254,0.0117999999999938
"2018-11-13 10:49:00",5537,0.0500000000000043
"2018-11-13 10:50:00",3000,0.0300000000000011
"2018-11-13 10:51:00",3555,0.00499999999999545
"2018-11-13 10:52:00",2650,-0.0150000000000006
"2018-11-13 10:53:00",1645,0.0100000000000051
"2018-11-13 10:54:00",1698,-0.0650000000000048
"2018-11-13 10:55:00",3485,0.0150000000000006
"2018-11-13 10:56:00",5124,0.0200000000000031
"2018-11-13 10:57:00",2949,-0.0200000000000031
"2018-11-13 10:58:00",7102,0.00500000000000256
"2018-11-13 10:59:00",20919,-0.0600000000000023
"2018-11-13 11:00:00",83394,-0.00499999999999545
"2018-11-13 11:01:00",3898,0.00999999999999801
"2018-11-13 11:02:00",7945,-0.00999999999999801
"2018-11-13 11:03:00",5600,0.0499999999999972
"2018-11-13 11:04:00",10686,0.0399999999999991
"2018-11-13 11:05:00",5901,-0.0850000000000009
"2018-11-13 11:06:00",2413,-0.0750999999999991
"2018-11-13 11:07:00",4925,-0.0499000000000009
"2018-11-13 11:08:00",2070,-0.00999999999999801
"2018-11-13 11:09:00",2100,-0.00999999999999801
"2018-11-13 11:10:00",3378,-0.0100000000000051
"2018-11-13 11:11:00",13118,0.0200000000000031
"2018-11-13 11:12:00",3913,0
"2018-11-13 11:13:00",1595,-0.00999999999999801
"2018-11-13 11:14:00",3147,0.0599999999999952
"2018-11-13 11:15:00",716,-0.019999999999996
"2018-11-13 11:16:00",2254,-0.0300000000000011
"2018-11-13 11:17:00",2148,-0.0499999999999972
"2018-11-13 11:18:00",5296,0.0499999999999972
"2018-11-13 11:19:00",960,-0.0300000000000011
"2018-11-13 11:20:00",800,-0.00359999999999872
"2018-11-13 11:21:00",2490,-0.0063999999999993
"2018-11-13 11:22:00",3928,0.019999999999996
"2018-11-13 11:23:00",3522,-0.00499999999999545
"2018-11-13 11:24:00",1740,0.00499999999999545
"2018-11-13 11:25:00",2944,0.0100000000000051
"2018-11-13 11:26:00",2427,0
"2018-11-13 11:27:00",1260,0.019999999999996
"2018-11-13 11:28:00",2990,0.0399999999999991
"2018-11-13 11:29:00",4447,-0.029999999999994
"2018-11-13 11:30:00",6741,-0.0400000000000063
"2018-11-13 11:31:00",2630,0
"2018-11-13 11:32:00",2558,0.0100000000000051
"2018-11-13 11:33:00",9640,-0.0300000000000011
"2018-11-13 11:34:00",2623,-0.0200000000000031
"2018-11-13 11:35:00",3015,-0.0300000000000011
"2018-11-13 11:36:00",1721,-0.0699999999999932
"2018-11-13 11:37:00",8003,-0.00500000000000256
"2018-11-13 11:38:00",1713,-0.00500000000000256
"2018-11-13 11:39:00",13426,0.0200000000000031
"2018-11-13 11:40:00",3055,0
"2018-11-13 11:41:00",8176,-0.0799999999999983
"2018-11-13 11:42:00",3960,-0.0200000000000031
"2018-11-13 11:43:00",3494,0
"2018-11-13 11:44:00",3985,0.00999999999999801
"2018-11-13 11:45:00",3497,-0.00280000000000058
"2018-11-13 11:46:00",2200,0.0128000000000057
"2018-11-13 11:47:00",5369,-0.0234000000000023
"2018-11-13 11:48:00",3729,-0.0366
"2018-11-13 11:49:00",3400,0.00999999999999801
"2018-11-13 11:50:00",980,0.0200000000000031
"2018-11-13 11:51:00",2659,-0.0200000000000031
"2018-11-13 11:52:00",700,0.00999999999999801
"2018-11-13 11:53:00",10000,0.0300000000000011
"2018-11-13 11:54:00",4715,0.0100000000000051
"2018-11-13 11:55:00",3543,-0.0400000000000063
"2018-11-13 11:56:00",1937,-0.00999999999999801
"2018-11-13 11:57:00",1769,0
"2018-11-13 11:58:00",1339,-0.00999999999999801
"2018-11-13 11:59:00",3038,0
"2018-11-13 12:00:00",6322,-0.0200000000000031
"2018-11-13 12:01:00",3700,0.0138000000000034
"2018-11-13 12:02:00",1300,0.0261999999999958
"2018-11-13 12:03:00",3071,-0.0499999999999972
"2018-11-13 12:04:00",3400,0.0099000000000018
"2018-11-13 12:05:00",3096,-0.0198999999999998
"2018-11-13 12:06:00",3350,-0.0500000000000043
"2018-11-13 12:07:00",7300,-0.0399999999999991
"2018-11-13 12:08:00",14377,-0.0399999999999991
"2018-11-13 12:09:00",20166,-0.0499999999999972
"2018-11-13 12:10:00",18397,-0.0399999999999991
"2018-11-13 12:11:00",9923,-0.0500000000000043
"2018-11-13 12:12:00",19200,0.0900000000000034
"2018-11-13 12:13:00",16635,-0.0500000000000043
"2018-11-13 12:14:00",9636,0.0100000000000051
"2018-11-13 12:15:00",14550,0.0549999999999997
"2018-11-13 12:16:00",9776,-0.0650000000000048
"2018-11-13 12:17:00",20500,-0.0700000000000003
"2018-11-13 12:18:00",16087,0.0200000000000031
"2018-11-13 12:19:00",5098,0.0249999999999986
"2018-11-13 12:20:00",11588,0.0750000000000028
"2018-11-13 12:21:00",4536,-0.0600000000000023
"2018-11-13 12:22:00",4400,0.0200000000000031
"2018-11-13 12:23:00",5522,-0.0100000000000051
"2018-11-13 12:24:00",4637,0.0500000000000043
"2018-11-13 12:25:00",6800,-0.0300000000000011
"2018-11-13 12:26:00",6154,0
"2018-11-13 12:27:00",12400,-0.0900000000000034
"2018-11-13 12:28:00",19602,0.0100000000000051
"2018-11-13 12:29:00",8200,0
"2018-11-13 12:30:00",7074,0.00499999999999545
"2018-11-13 12:31:00",7171,0.0549999999999997
"2018-11-13 12:32:00",4089,-0.019999999999996
"2018-11-13 12:33:00",3544,-0.00840000000000174
"2018-11-13 12:34:00",8487,0.0884
"2018-11-13 12:35:00",7641,0.0399999999999991
"2018-11-13 12:36:00",2850,-0.0336999999999961
"2018-11-13 12:37:00",13228,-0.0363000000000042
"2018-11-13 12:38:00",7093,-0.0300000000000011
"2018-11-13 12:39:00",8431,0.0600000000000023
"2018-11-13 12:40:00",3537,-0.00999999999999801
"2018-11-13 12:41:00",7980,-0.0200000000000031
"2018-11-13 12:42:00",2000,0.00999999999999801
"2018-11-13 12:43:00",2540,-0.019999999999996
"2018-11-13 12:44:00",2339,-0.0159999999999982
"2018-11-13 12:45:00",1386,-0.0590000000000046
"2018-11-13 12:46:00",4807,-0.00829999999999842
"2018-11-13 12:47:00",4835,-0.0467000000000013
"2018-11-13 12:48:00",7961,0.0172000000000025
"2018-11-13 12:49:00",4555,-0.0172000000000025
"2018-11-13 12:50:00",7380,0.0100000000000051
"2018-11-13 12:51:00",8471,-0.0100000000000051
"2018-11-13 12:52:00",3313,-0.00669999999999504
"2018-11-13 12:53:00",6062,0.0366999999999962
"2018-11-13 12:54:00",2218,0.0200000000000031
"2018-11-13 12:55:00",5043,-0.0100000000000051
"2018-11-13 12:56:00",12791,-0.00999999999999801
"2018-11-13 12:57:00",3876,-0.00629999999999598
"2018-11-13 12:58:00",1876,-0.0237000000000052
"2018-11-13 12:59:00",22159,-0.0499999999999972
"2018-11-13 13:00:00",18491,0
"2018-11-13 13:01:00",8989,-0.00999999999999801
"2018-11-13 13:02:00",7764,0.029999999999994
"2018-11-13 13:03:00",3902,-0.019999999999996
"2018-11-13 13:04:00",1364,-0.0101000000000013
"2018-11-13 13:05:00",44339,-0.0148999999999972
"2018-11-13 13:06:00",5055,0.0448999999999984
"2018-11-13 13:07:00",4787,0.00739999999999696
"2018-11-13 13:08:00",5007,-0.0172999999999988
"2018-11-13 13:09:00",4938,-0.00619999999999976
"2018-11-13 13:10:00",3641,-0.0337999999999994
"2018-11-13 13:11:00",4045,0.00999999999999801
"2018-11-13 13:12:00",3650,-0.0300000000000011
"2018-11-13 13:13:00",13622,-0.019999999999996
"2018-11-13 13:14:00",12079,-0.0900000000000034
"2018-11-13 13:15:00",13518,0.0301000000000045
"2018-11-13 13:16:00",7668,-0.0301000000000045
"2018-11-13 13:17:00",3225,-0.0599999999999952
"2018-11-13 13:18:00",5144,-0.00500000000000256
"2018-11-13 13:19:00",3988,0.0249999999999986
"2018-11-13 13:20:00",6960,0.0700000000000003
"2018-11-13 13:21:00",6801,0.0399999999999991
"2018-11-13 13:22:00",5369,-0.0999999999999943
"2018-11-13 13:23:00",4976,-0.0100000000000051
"2018-11-13 13:24:00",8583,0.0561000000000007
"2018-11-13 13:25:00",5821,-0.0360999999999976
"2018-11-13 13:26:00",7269,-0.0700000000000003
"2018-11-13 13:27:00",10881,0.0156999999999954
"2018-11-13 13:28:00",3811,-0.00569999999999737
"2018-11-13 13:29:00",20791,0.0399999999999991
"2018-11-13 13:30:00",10644,0.0356000000000023
"2018-11-13 13:31:00",4173,0.00439999999999685
"2018-11-13 13:32:00",2311,0.0200000000000031
"2018-11-13 13:33:00",2500,-0.0300000000000011
"2018-11-13 13:34:00",2000,0.00999999999999801
"2018-11-13 13:35:00",7332,0.0599000000000061
"2018-11-13 13:36:00",3800,-0.0549000000000035
"2018-11-13 13:37:00",6700,-0.0300000000000011
"2018-11-13 13:38:00",11372,0.0450000000000017
"2018-11-13 13:39:00",4957,-0.0600000000000023
"2018-11-13 13:40:00",14494,-0.0300000000000011
"2018-11-13 13:41:00",4994,-0.0249999999999986
"2018-11-13 13:42:00",10645,-0.0549999999999997
"2018-11-13 13:43:00",4585,0.0200000000000031
"2018-11-13 13:44:00",4971,-0.0150000000000006
"2018-11-13 13:45:00",8641,0.0099000000000018
"2018-11-13 13:46:00",5751,-0.0249000000000024
"2018-11-13 13:47:00",6229,0.0600000000000023
"2018-11-13 13:48:00",5958,-0.0200000000000031
"2018-11-13 13:49:00",8883,-0.0200000000000031
"2018-11-13 13:50:00",13440,-0.00499999999999545
"2018-11-13 13:51:00",3170,0.0335999999999999
"2018-11-13 13:52:00",6730,-0.00860000000000127
"2018-11-13 13:53:00",2852,0
"2018-11-13 13:54:00",12091,0.00999999999999801
"2018-11-13 13:55:00",4146,0.0500000000000043
"2018-11-13 13:56:00",6455,-0.042500000000004
"2018-11-13 13:57:00",19670,0.00250000000000483
"2018-11-13 13:58:00",6368,-0.0400000000000063
"2018-11-13 13:59:00",3100,0
"2018-11-13 14:00:00",7609,0.0500000000000043
"2018-11-13 14:01:00",7577,0.0799999999999983
"2018-11-13 14:02:00",13546,0.0200000000000031
"2018-11-13 14:03:00",5652,-0.0143000000000058
"2018-11-13 14:04:00",3799,0.0343000000000018
"2018-11-13 14:05:00",2892,-0.0198999999999998
"2018-11-13 14:06:00",7694,-0.0200999999999993
"2018-11-13 14:07:00",3479,0.00999999999999801
"2018-11-13 14:08:00",7583,-0.0399999999999991
"2018-11-13 14:09:00",8148,0.0100000000000051
"2018-11-13 14:10:00",21968,-0.0369000000000028
"2018-11-13 14:11:00",3000,-0.0131000000000014
"2018-11-13 14:12:00",2659,-0.019999999999996
"2018-11-13 14:13:00",2608,0.0349999999999966
"2018-11-13 14:14:00",4614,-0.0200000000000031
"2018-11-13 14:15:00",4410,-0.0149999999999935
"2018-11-13 14:16:00",9262,-0.0400000000000063
"2018-11-13 14:17:00",11945,-0.00999999999999801
"2018-11-13 14:18:00",7255,-0.00999999999999801
"2018-11-13 14:19:00",9783,0.019999999999996
"2018-11-13 14:20:00",6328,-0.029999999999994
"2018-11-13 14:21:00",6593,-0.0100000000000051
"2018-11-13 14:22:00",8533,0.0100000000000051
"2018-11-13 14:23:00",11663,0
"2018-11-13 14:24:00",9858,-0.0100000000000051
"2018-11-13 14:25:00",6651,0.0399999999999991
"2018-11-13 14:26:00",5515,0.0200000000000031
"2018-11-13 14:27:00",7041,0.0200000000000031
"2018-11-13 14:28:00",3776,-0.0500000000000043
"2018-11-13 14:29:00",7787,-0.0700000000000003
"2018-11-13 14:30:00",11933,0.0200000000000031
"2018-11-13 14:31:00",11656,-0.0700000000000003
"2018-11-13 14:32:00",32439,-0.00500000000000256
"2018-11-13 14:33:00",41993,0.00500000000000256
"2018-11-13 14:34:00",2995,0.019999999999996
"2018-11-13 14:35:00",8438,0.0100000000000051
"2018-11-13 14:36:00",3027,0
"2018-11-13 14:37:00",6938,0.018899999999995
"2018-11-13 14:38:00",12153,0.0761000000000038
"2018-11-13 14:39:00",9923,-0.0249999999999986
"2018-11-13 14:40:00",5862,-0.0100000000000051
"2018-11-13 14:41:00",6152,0
"2018-11-13 14:42:00",10724,-0.00139999999999674
"2018-11-13 14:43:00",16964,0.0069999999999979
"2018-11-13 14:44:00",25542,0.0244
"2018-11-13 14:45:00",20784,0.0300000000000011
"2018-11-13 14:46:00",17492,-0.0499999999999972
"2018-11-13 14:47:00",12237,0.029999999999994
"2018-11-13 14:48:00",9388,0.0099000000000018
"2018-11-13 14:49:00",21227,0.0501000000000005
"2018-11-13 14:50:00",11878,0.00999999999999801
"2018-11-13 14:51:00",7593,0.00500000000000256
"2018-11-13 14:52:00",16822,0.00500000000000256
"2018-11-13 14:53:00",8627,-0.0100000000000051
"2018-11-13 14:54:00",12387,-0.019999999999996
"2018-11-13 14:55:00",23865,-0.0350000000000037
"2018-11-13 14:56:00",78673,-0.0399999999999991
"2018-11-13 14:57:00",47627,0.00500000000000256
"2018-11-13 14:58:00",27452,0.0499999999999972
"2018-11-13 14:59:00",23459,0.0300000000000011
"2018-11-13 15:02:00",63524,-0.0700000000000003
"2018-11-13 15:15:00",0,0
"2018-11-14 08:30:00",62773,1.07
"2018-11-14 08:31:00",26557,-0.0420999999999978
"2018-11-14 08:32:00",8473,-0.0379000000000005
"2018-11-14 08:33:00",23794,-0.105000000000004
"2018-11-14 08:34:00",9668,-0.0249999999999986
"2018-11-14 08:35:00",7834,0.100000000000001
"2018-11-14 08:36:00",16015,-0.00500000000000256
"2018-11-14 08:37:00",13222,-0.114999999999995
"2018-11-14 08:38:00",21358,-0.0500000000000043
"2018-11-14 08:39:00",11662,0.0500000000000043
"2018-11-14 08:40:00",18823,0.0749999999999957
"2018-11-14 08:41:00",10381,0.0450000000000017
"2018-11-14 08:42:00",9099,0.0300000000000011
"2018-11-14 08:43:00",9700,0.0899999999999963
"2018-11-14 08:44:00",12016,0.0700000000000003
"2018-11-14 08:45:00",16689,-0.032199999999996
"2018-11-14 08:46:00",30383,-0.117800000000003
"2018-11-14 08:47:00",10538,0.00999999999999801
"2018-11-14 08:48:00",5487,-0.0249999999999986
"2018-11-14 08:49:00",5415,-0.0150000000000006
"2018-11-14 08:50:00",9210,0.0100000000000051
"2018-11-14 08:51:00",8801,-0.0300000000000011
"2018-11-14 08:52:00",14337,-0.0600000000000023
"2018-11-14 08:53:00",18162,0.00999999999999801
"2018-11-14 08:54:00",14518,0.0700000000000003
"2018-11-14 08:55:00",19821,-0.0499999999999972
"2018-11-14 08:56:00",5433,-0.0200000000000031
"2018-11-14 08:57:00",5400,0
"2018-11-14 08:58:00",9148,-0.0799999999999983
"2018-11-14 08:59:00",15972,0.100000000000001
"2018-11-14 09:00:00",24502,0
"2018-11-14 09:01:00",13412,0
"2018-11-14 09:02:00",15980,-0.134999999999998
"2018-11-14 09:03:00",10148,-0.0164000000000044
"2018-11-14 09:04:00",10729,0.031400000000005
"2018-11-14 09:05:00",17767,0.119999999999997
"2018-11-14 09:06:00",40844,0.0366999999999962
"2018-11-14 09:07:00",26732,0.113300000000002
"2018-11-14 09:08:00",10732,-0.0700000000000003
"2018-11-14 09:09:00",12710,-0.0728999999999971
"2018-11-14 09:10:00",11791,0.0128999999999948
"2018-11-14 09:11:00",10704,-0.00999999999999801
"2018-11-14 09:12:00",7855,0.0300000000000011
"2018-11-14 09:13:00",9204,0
"2018-11-14 09:14:00",9603,-0.00999999999999801
"2018-11-14 09:15:00",4733,-0.0450000000000017
"2018-11-14 09:16:00",15652,0.00500000000000256
"2018-11-14 09:17:00",13511,-0.0500000000000043
"2018-11-14 09:18:00",9800,0.0132000000000048
"2018-11-14 09:19:00",8177,0.0167999999999964
"2018-11-14 09:20:00",3932,-0.0300000000000011
"2018-11-14 09:21:00",18427,-0.019999999999996
"2018-11-14 09:22:00",5759,0
"2018-11-14 09:23:00",17968,0.0399999999999991
"2018-11-14 09:24:00",8361,-0.0500000000000043
"2018-11-14 09:25:00",6792,-0.0700000000000003
"2018-11-14 09:26:00",2901,0.0400000000000063
"2018-11-14 09:27:00",13059,-0.0100000000000051
"2018-11-14 09:28:00",5401,0.0100000000000051
"2018-11-14 09:29:00",7896,0.029999999999994
"2018-11-14 09:30:00",8796,0.0300000000000011
"2018-11-14 09:31:00",4594,-0.00309999999999633
"2018-11-14 09:32:00",9660,0.0131000000000014
"2018-11-14 09:33:00",5066,0.0699999999999932
"2018-11-14 09:34:00",4631,-0.00999999999999801
"2018-11-14 09:35:00",10000,-0.0471999999999966
"2018-11-14 09:36:00",11458,0.0371999999999986
"2018-11-14 09:37:00",10402,0
"2018-11-14 09:38:00",13544,0.0499999999999972
"2018-11-14 09:39:00",10436,0
"2018-11-14 09:40:00",7424,-0.00999999999999801
"2018-11-14 09:41:00",10658,-0.00670000000000215
"2018-11-14 09:42:00",4701,-0.00329999999999586
"2018-11-14 09:43:00",7575,0.0300000000000011
"2018-11-14 09:44:00",6089,-0.0300000000000011
"2018-11-14 09:45:00",4076,-0.00010000000000332
"2018-11-14 09:46:00",10964,0.0101000000000013
"2018-11-14 09:47:00",6748,0.0200000000000031
"2018-11-14 09:48:00",4943,-0.0300000000000011
"2018-11-14 09:49:00",5506,-0.0700000000000003
"2018-11-14 09:50:00",10503,0
"2018-11-14 09:51:00",23320,-0.0600000000000023
"2018-11-14 09:52:00",10506,-0.0799999999999983
"2018-11-14 09:53:00",36090,0.00999999999999801
"2018-11-14 09:54:00",10723,-0.019999999999996
"2018-11-14 09:55:00",17676,0.00999999999999801
"2018-11-14 09:56:00",13209,-0.0600000000000023
"2018-11-14 09:57:00",2700,-0.019999999999996
"2018-11-14 09:58:00",4227,0.029999999999994
"2018-11-14 09:59:00",2676,0.0200000000000031
"2018-11-14 10:00:00",21724,0.0300000000000011
"2018-11-14 10:01:00",10978,-0.00999999999999801
"2018-11-14 10:02:00",3803,-0.0100000000000051
"2018-11-14 10:03:00",16976,-0.019999999999996
"2018-11-14 10:04:00",10903,0.00999999999999801
"2018-11-14 10:05:00",14281,-0.0200000000000031
"2018-11-14 10:06:00",4320,0.00790000000000646
"2018-11-14 10:07:00",7789,-0.0379000000000005
"2018-11-14 10:08:00",6728,0
"2018-11-14 10:09:00",6401,0
"2018-11-14 10:10:00",8868,0.00999999999999801
"2018-11-14 10:11:00",7091,0
"2018-11-14 10:12:00",6047,-0.00999999999999801
"2018-11-14 10:13:00",4275,0
"2018-11-14 10:14:00",4834,-0.0150000000000006
"2018-11-14 10:15:00",19927,-0.0549999999999997
"2018-11-14 10:16:00",9407,0.0799999999999983
"2018-11-14 10:17:00",5068,-0.0300000000000011
"2018-11-14 10:18:00",5621,0.0399999999999991
"2018-11-14 10:19:00",11421,-0.0499999999999972
"2018-11-14 10:20:00",10152,0.019999999999996
"2018-11-14 10:21:00",4043,0
"2018-11-14 10:22:00",18201,0
"2018-11-14 10:23:00",6646,-0.00999999999999801
"2018-11-14 10:24:00",3243,0.00999999999999801
"2018-11-14 10:25:00",16273,-0.0399999999999991
"2018-11-14 10:26:00",6104,0.0300000000000011
"2018-11-14 10:27:00",10130,0
"2018-11-14 10:28:00",9862,-0.00999999999999801
"2018-11-14 10:29:00",13585,0.0249999999999986
"2018-11-14 10:30:00",5363,0.0349999999999966
"2018-11-14 10:31:00",11989,-0.0499999999999972
"2018-11-14 10:32:00",12431,0.0345000000000013
"2018-11-14 10:33:00",9562,-0.0395000000000039
"2018-11-14 10:34:00",16693,0.0350000000000037
"2018-11-14 10:35:00",5844,-0.0200000000000031
"2018-11-14 10:36:00",18435,0.0200000000000031
"2018-11-14 10:37:00",20618,-0.0200000000000031
"2018-11-14 10:38:00",7979,-0.0399999999999991
"2018-11-14 10:39:00",22215,0
"2018-11-14 10:40:00",9721,-0.0300000000000011
"2018-11-14 10:41:00",10800,-0.0349999999999966
"2018-11-14 10:42:00",8954,-0.0549999999999997
"2018-11-14 10:43:00",1400,0.0399999999999991
"2018-11-14 10:44:00",9795,-0.00999999999999801
"2018-11-14 10:45:00",3810,-0.0700000000000003
"2018-11-14 10:46:00",5348,0.0460999999999956
"2018-11-14 10:47:00",3476,0.020300000000006
"2018-11-14 10:48:00",5230,0.0135999999999967
"2018-11-14 10:49:00",4164,0.0300000000000011
"2018-11-14 10:50:00",7193,0.019999999999996
"2018-11-14 10:51:00",2350,-0.0349999999999966
"2018-11-14 10:52:00",4650,-0.00500000000000256
"2018-11-14 10:53:00",1838,0.0600000000000023
"2018-11-14 10:54:00",7370,0.0700000000000003
"2018-11-14 10:55:00",2665,-0.0450999999999979
"2018-11-14 10:56:00",1849,-0.00489999999999924
"2018-11-14 10:57:00",4935,0.0999999999999943
"2018-11-14 10:58:00",2198,-0.0200999999999993
"2018-11-14 10:59:00",1575,-0.0148999999999972
"2018-11-14 11:00:00",7102,-0.0150000000000006
"2018-11-14 11:01:00",1014,0
"2018-11-14 11:02:00",3605,0.0347999999999971
"2018-11-14 11:03:00",1000,-0.0347999999999971
"2018-11-14 11:04:00",1345,0.0140999999999991
"2018-11-14 11:05:00",2181,0.0208999999999975
"2018-11-14 11:06:00",3383,0.0350000000000037
"2018-11-14 11:07:00",4433,0.0189999999999984
"2018-11-14 11:08:00",2450,-0.027000000000001
"2018-11-14 11:09:00",2935,-0.0219999999999985
"2018-11-14 11:10:00",3817,0.00260000000000105
"2018-11-14 11:11:00",803,-0.0288000000000039
"2018-11-14 11:12:00",2422,-0.0422999999999973
"2018-11-14 11:13:00",1700,0.0384999999999991
"2018-11-14 11:14:00",9271,0
"2018-11-14 11:15:00",2999,-0.00999999999999801
"2018-11-14 11:16:00",1362,-0.00999999999999801
"2018-11-14 11:17:00",5606,-0.0100000000000051
"2018-11-14 11:18:00",2744,0.0200000000000031
"2018-11-14 11:19:00",3200,0.0399999999999991
"2018-11-14 11:20:00",1296,0
"2018-11-14 11:21:00",1636,0.0799999999999983
"2018-11-14 11:22:00",5400,0
"2018-11-14 11:23:00",7817,-0.00999999999999801
"2018-11-14 11:24:00",1800,-0.00999999999999801
"2018-11-14 11:25:00",2061,-0.0110000000000028
"2018-11-14 11:26:00",5264,-0.00900000000000034
"2018-11-14 11:27:00",2935,0
"2018-11-14 11:28:00",5244,0.0300000000000011
"2018-11-14 11:29:00",2913,0.00999999999999801
"2018-11-14 11:30:00",5836,0.0100000000000051
"2018-11-14 11:31:00",3452,-0.0800000000000054
"2018-11-14 11:32:00",2026,0.0100000000000051
"2018-11-14 11:33:00",2553,-0.0100000000000051
"2018-11-14 11:34:00",900,-0.00999999999999801
"2018-11-14 11:35:00",7583,-0.00999999999999801
"2018-11-14 11:36:00",7986,-0.0500000000000043
"2018-11-14 11:37:00",6106,-0.0599999999999952
"2018-11-14 11:38:00",5181,0.0700000000000003
"2018-11-14 11:39:00",6200,-0.0200000000000031
"2018-11-14 11:40:00",6652,-0.019999999999996
"2018-11-14 11:41:00",2701,-0.0600000000000023
"2018-11-14 11:42:00",2250,0.00499999999999545
"2018-11-14 11:43:00",2127,0.0150000000000006
"2018-11-14 11:44:00",9466,-0.019999999999996
"2018-11-14 11:45:00",3640,0.0499999999999972
"2018-11-14 11:46:00",6303,-0.0399999999999991
"2018-11-14 11:47:00",1600,0.0500000000000043
"2018-11-14 11:48:00",7033,0.029999999999994
"2018-11-14 11:49:00",2700,0.0299000000000049
"2018-11-14 11:50:00",4417,-0.059899999999999
"2018-11-14 11:51:00",15792,0.0799999999999983
"2018-11-14 11:52:00",2585,0.019999999999996
"2018-11-14 11:53:00",4204,0.0399999999999991
"2018-11-14 11:54:00",5503,-0.0499999999999972
"2018-11-14 11:55:00",8158,-0.0200000000000031
"2018-11-14 11:56:00",9296,-0.00999999999999801
"2018-11-14 11:57:00",4600,-0.00999999999999801
"2018-11-14 11:58:00",2000,0
"2018-11-14 11:59:00",14968,0
"2018-11-14 12:00:00",9153,0.0499999999999972
"2018-11-14 12:01:00",4361,-0.0300000000000011
"2018-11-14 12:02:00",4556,-0.019999999999996
"2018-11-14 12:03:00",700,-0.0200000000000031
"2018-11-14 12:04:00",3900,0.0250000000000057
"2018-11-14 12:05:00",9025,0.0249999999999986
"2018-11-14 12:06:00",2000,-0.0300000000000011
"2018-11-14 12:07:00",3804,-0.0200000000000031
"2018-11-14 12:08:00",2950,0
"2018-11-14 12:09:00",3092,-0.0499999999999972
"2018-11-14 12:10:00",6433,-0.0499999999999972
"2018-11-14 12:11:00",14080,-0.0800000000000054
"2018-11-14 12:12:00",5300,0.0300000000000011
"2018-11-14 12:13:00",7212,0.0399999999999991
"2018-11-14 12:14:00",2636,-0.0150000000000006
"2018-11-14 12:15:00",4400,0.0150000000000006
"2018-11-14 12:16:00",1950,0.00500000000000256
"2018-11-14 12:17:00",4522,0.0249999999999986
"2018-11-14 12:18:00",7370,0.0399999999999991
"2018-11-14 12:19:00",2651,-0.00999999999999801
"2018-11-14 12:20:00",2869,-0.0300000000000011
"2018-11-14 12:21:00",3166,-0.0150999999999968
"2018-11-14 12:22:00",6619,-0.00489999999999924
"2018-11-14 12:23:00",1420,-0.0300000000000011
"2018-11-14 12:24:00",3659,-0.0500000000000043
"2018-11-14 12:25:00",3512,0
"2018-11-14 12:26:00",1140,-0.0240000000000009
"2018-11-14 12:27:00",3300,0.054000000000002
"2018-11-14 12:28:00",2600,-0.0349999999999966
"2018-11-14 12:29:00",2661,0.0150000000000006
"2018-11-14 12:30:00",2350,0.019999999999996
"2018-11-14 12:31:00",3100,-0.0600000000000023
"2018-11-14 12:32:00",4840,-0.019999999999996
"2018-11-14 12:33:00",2453,-0.00999999999999801
"2018-11-14 12:34:00",5794,0.019999999999996
"2018-11-14 12:35:00",3005,0.0249999999999986
"2018-11-14 12:36:00",5400,-0.00839999999999463
"2018-11-14 12:37:00",2383,-0.0166000000000039
"2018-11-14 12:38:00",5287,0
"2018-11-14 12:39:00",3016,0.0099000000000018
"2018-11-14 12:40:00",3940,-0.0099000000000018
"2018-11-14 12:41:00",6485,-0.0399999999999991
"2018-11-14 12:42:00",8077,-0.0122
"2018-11-14 12:43:00",2100,-0.0328000000000017
"2018-11-14 12:44:00",4600,-0.036999999999999
"2018-11-14 12:45:00",6652,0.00200000000000244
"2018-11-14 12:46:00",1500,0.0300000000000011
"2018-11-14 12:47:00",2100,-0.0100000000000051
"2018-11-14 12:48:00",7500,-0.0399999999999991
"2018-11-14 12:49:00",2700,0.0100000000000051
"2018-11-14 12:50:00",3015,0.00999999999999801
"2018-11-14 12:51:00",3534,0
"2018-11-14 12:52:00",3939,-0.00999999999999801
"2018-11-14 12:53:00",2194,0.00999999999999801
"2018-11-14 12:54:00",6713,0.019999999999996
"2018-11-14 12:55:00",6279,0.0300000000000011
"2018-11-14 12:56:00",5461,0.0500000000000043
"2018-11-14 12:57:00",9592,0.0249999999999986
"2018-11-14 12:58:00",2764,0.00499999999999545
"2018-11-14 12:59:00",2540,0.00500000000000256
"2018-11-14 13:00:00",4297,-0.0450000000000017
"2018-11-14 13:01:00",1447,-0.0349999999999966
"2018-11-14 13:02:00",2931,-0.0549999999999997
"2018-11-14 13:03:00",2716,-0.00999999999999801
"2018-11-14 13:04:00",7442,-0.0100000000000051
"2018-11-14 13:05:00",8465,-0.0499999999999972
"2018-11-14 13:06:00",4136,0.0399999999999991
"2018-11-14 13:07:00",1830,0.00999999999999801
"2018-11-14 13:08:00",2200,-0.00989999999999469
"2018-11-14 13:09:00",2576,-0.0101000000000013
"2018-11-14 13:10:00",7150,0.019999999999996
"2018-11-14 13:11:00",6354,0.0500000000000043
"2018-11-14 13:12:00",3647,0.0599999999999952
"2018-11-14 13:13:00",10424,-0.00999999999999801
"2018-11-14 13:14:00",7729,0.0799999999999983
"2018-11-14 13:15:00",20664,0.130000000000003
"2018-11-14 13:16:00",7508,-0.0399999999999991
"2018-11-14 13:17:00",5177,0.0600000000000023
"2018-11-14 13:18:00",7558,-0.0253000000000014
"2018-11-14 13:19:00",7003,-0.064700000000002
"2018-11-14 13:20:00",4470,-0.0200000000000031
"2018-11-14 13:21:00",11790,0.106700000000004
"2018-11-14 13:22:00",2700,-0.0167000000000002
"2018-11-14 13:23:00",6713,-0.0700000000000003
"2018-11-14 13:24:00",11686,0.0399999999999991
"2018-11-14 13:25:00",2800,-0.0700000000000003
"2018-11-14 13:26:00",6496,-0.109999999999999
"2018-11-14 13:27:00",11154,0.0600000000000023
"2018-11-14 13:28:00",4400,-0.0399999999999991
"2018-11-14 13:29:00",5218,-0.0600000000000023
"2018-11-14 13:30:00",5173,0.00999999999999801
"2018-11-14 13:31:00",5417,0.0900000000000034
"2018-11-14 13:32:00",3700,0.019999999999996
"2018-11-14 13:33:00",4120,-0.0799999999999983
"2018-11-14 13:34:00",3226,0.00999999999999801
"2018-11-14 13:35:00",2580,0.0100000000000051
"2018-11-14 13:36:00",5787,0.0700000000000003
"2018-11-14 13:37:00",4026,0.019999999999996
"2018-11-14 13:38:00",5355,0
"2018-11-14 13:39:00",4000,-0.0300000000000011
"2018-11-14 13:40:00",2400,0.0100000000000051
"2018-11-14 13:41:00",4755,-0.0666000000000011
"2018-11-14 13:42:00",10100,0.0366
"2018-11-14 13:43:00",3264,-0.0500000000000043
"2018-11-14 13:44:00",5572,0.0100000000000051
"2018-11-14 13:45:00",1977,0.00999999999999801
"2018-11-14 13:46:00",5697,0.0499999999999972
"2018-11-14 13:47:00",4832,-0.0399999999999991
"2018-11-14 13:48:00",36894,0.0350000000000037
"2018-11-14 13:49:00",17822,-0.00919999999999987
"2018-11-14 13:50:00",26199,0.00419999999999732
"2018-11-14 13:51:00",3717,0
"2018-11-14 13:52:00",4750,0.0649999999999977
"2018-11-14 13:53:00",3651,-0.00499999999999545
"2018-11-14 13:54:00",5295,0.0799999999999983
"2018-11-14 13:55:00",4186,0.00999999999999801
"2018-11-14 13:56:00",3626,0.0100000000000051
"2018-11-14 13:57:00",14009,0.0599999999999952
"2018-11-14 13:58:00",4602,-0.00999999999999801
"2018-11-14 13:59:00",11398,0.0600000000000023
"2018-11-14 14:00:00",7874,-0.0486000000000004
"2018-11-14 14:01:00",2525,0.0785999999999945
"2018-11-14 14:02:00",4140,0.0400000000000063
"2018-11-14 14:03:00",3096,-0.0300000000000011
"2018-11-14 14:04:00",4500,0.019999999999996
"2018-11-14 14:05:00",6396,0.0290000000000035
"2018-11-14 14:06:00",2289,-0.0390000000000015
"2018-11-14 14:07:00",5793,0.0499999999999972
"2018-11-14 14:08:00",6173,0.0300000000000011
"2018-11-14 14:09:00",5100,-0.0499999999999972
"2018-11-14 14:10:00",3667,0.019999999999996
"2018-11-14 14:11:00",4197,-0.0399999999999991
"2018-11-14 14:12:00",2615,-0.019999999999996
"2018-11-14 14:13:00",5041,0.0599999999999952
"2018-11-14 14:14:00",17304,0.0400000000000063
"2018-11-14 14:15:00",3325,-0.0200000000000031
"2018-11-14 14:16:00",2800,-0.0200000000000031
"2018-11-14 14:17:00",3971,0.0200000000000031
"2018-11-14 14:18:00",3126,0.0300000000000011
"2018-11-14 14:19:00",3483,-0.00999999999999801
"2018-11-14 14:20:00",3297,-0.0300000000000011
"2018-11-14 14:21:00",2900,-0.0600000000000023
"2018-11-14 14:22:00",7697,0.0200000000000031
"2018-11-14 14:23:00",3743,0.019999999999996
"2018-11-14 14:24:00",2824,-0.00520000000000209
"2018-11-14 14:25:00",3325,-0.024799999999999
"2018-11-14 14:26:00",5814,-0.00999999999999801
"2018-11-14 14:27:00",2604,0.0200000000000031
"2018-11-14 14:28:00",5612,-0.0400000000000063
"2018-11-14 14:29:00",7185,0.0500000000000043
"2018-11-14 14:30:00",10169,0.0150000000000006
"2018-11-14 14:31:00",6140,-0.0450000000000017
"2018-11-14 14:32:00",4431,-0.0200000000000031
"2018-11-14 14:33:00",11671,0.0500000000000043
"2018-11-14 14:34:00",5547,-0.0300000000000011
"2018-11-14 14:35:00",2722,-0.00999999999999801
"2018-11-14 14:36:00",1916,-0.0100000000000051
"2018-11-14 14:37:00",5200,0
"2018-11-14 14:38:00",3650,0.0200000000000031
"2018-11-14 14:39:00",24217,0
"2018-11-14 14:40:00",15487,-0.0200000000000031
"2018-11-14 14:41:00",10824,-0.00499999999999545
"2018-11-14 14:42:00",7204,-0.00500000000000256
"2018-11-14 14:43:00",6446,0.0200000000000031
"2018-11-14 14:44:00",6725,-0.0350000000000037
"2018-11-14 14:45:00",8308,0.0450000000000017
"2018-11-14 14:46:00",10881,0
"2018-11-14 14:47:00",5595,0
"2018-11-14 14:48:00",8243,-0.0153000000000034
"2018-11-14 14:49:00",15818,-0.0146999999999977
"2018-11-14 14:50:00",7899,-0.0315000000000012
"2018-11-14 14:51:00",4965,0.0115000000000052
"2018-11-14 14:52:00",10158,-0.0200000000000031
"2018-11-14 14:53:00",17161,-0.0549999999999997
"2018-11-14 14:54:00",10279,-0.0349999999999966
"2018-11-14 14:55:00",24976,0.0399999999999991
"2018-11-14 14:56:00",13526,-0.0300000000000011
"2018-11-14 14:57:00",19941,0.00999999999999801
"2018-11-14 14:58:00",4897,0
"2018-11-14 14:59:00",18844,-0.0200999999999993
"2018-11-14 15:02:00",30318,0.00010000000000332
"2018-11-14 15:15:00",0,0
"2018-11-15 08:30:00",111997,-0.710000000000001
"2018-11-15 08:31:00",25626,-0.130000000000003
"2018-11-15 08:32:00",21968,-0.0900000000000034
"2018-11-15 08:33:00",22053,0.0250000000000057
"2018-11-15 08:34:00",18536,0.0949999999999989
"2018-11-15 08:35:00",23315,0.129999999999995
"2018-11-15 08:36:00",38904,-0.029999999999994
"2018-11-15 08:37:00",37220,-0.0300000000000011
"2018-11-15 08:38:00",13689,0.019999999999996
"2018-11-15 08:39:00",8061,0.0150000000000006
"2018-11-15 08:40:00",15140,-0.0449999999999946
"2018-11-15 08:41:00",24233,0.0599999999999952
"2018-11-15 08:42:00",11616,-0.140000000000001
"2018-11-15 08:43:00",20149,0.0671000000000035
"2018-11-15 08:44:00",23952,0.0228999999999999
"2018-11-15 08:45:00",26941,0.0499999999999972
"2018-11-15 08:46:00",15230,-0.00999999999999801
"2018-11-15 08:47:00",5340,-0.0399999999999991
"2018-11-15 08:48:00",13672,0.0349999999999966
"2018-11-15 08:49:00",16741,0.0350000000000037
"2018-11-15 08:50:00",6415,-0.0700000000000003
"2018-11-15 08:51:00",7416,-0.0700000000000003
"2018-11-15 08:52:00",6581,0.019999999999996
"2018-11-15 08:53:00",14151,0.0500000000000043
"2018-11-15 08:54:00",11028,-0.0200000000000031
"2018-11-15 08:55:00",12937,0.00500000000000256
"2018-11-15 08:56:00",17876,0.0349999999999966
"2018-11-15 08:57:00",14422,-0.0249999999999986
"2018-11-15 08:58:00",13818,-0.0118000000000009
"2018-11-15 08:59:00",19184,-0.0781999999999954
"2018-11-15 09:00:00",18156,0.0449999999999946
"2018-11-15 09:01:00",8807,0.0600000000000023
"2018-11-15 09:02:00",7400,-0.019999999999996
"2018-11-15 09:03:00",8256,-0.0100000000000051
"2018-11-15 09:04:00",10765,0.0100000000000051
"2018-11-15 09:05:00",10489,0.00999999999999801
"2018-11-15 09:06:00",7986,-0.0200000000000031
"2018-11-15 09:07:00",13565,0.0100000000000051
"2018-11-15 09:08:00",10129,0.029999999999994
"2018-11-15 09:09:00",4840,-0.0399999999999991
"2018-11-15 09:10:00",10650,-0.0700000000000003
"2018-11-15 09:11:00",17907,0.0100000000000051
"2018-11-15 09:12:00",9718,0.029999999999994
"2018-11-15 09:13:00",17164,0.0500000000000043
"2018-11-15 09:14:00",7284,-0.0300000000000011
"2018-11-15 09:15:00",4467,0.0349999999999966
"2018-11-15 09:16:00",8067,0.0150000000000006
"2018-11-15 09:17:00",3400,-0.029999999999994
"2018-11-15 09:18:00",5848,-0.0100000000000051
"2018-11-15 09:19:00",3381,0.0200000000000031
"2018-11-15 09:20:00",4359,-0.0500000000000043
"2018-11-15 09:21:00",5309,0.0400000000000063
"2018-11-15 09:22:00",3700,0.029999999999994
"2018-11-15 09:23:00",5900,-0.029999999999994
"2018-11-15 09:24:00",14307,-0.0300000000000011
"2018-11-15 09:25:00",5756,0.0700000000000003
"2018-11-15 09:26:00",3480,-0.0200000000000031
"2018-11-15 09:27:00",2969,0.0200000000000031
"2018-11-15 09:28:00",1417,0.0599999999999952
"2018-11-15 09:29:00",5495,0.0100000000000051
"2018-11-15 09:30:00",4484,-0.0400000000000063
"2018-11-15 09:31:00",2055,-0.0549999999999997
"2018-11-15 09:32:00",38543,-0.0259999999999962
"2018-11-15 09:33:00",14554,-0.0589999999999975
"2018-11-15 09:34:00",15269,-0.100000000000001
"2018-11-15 09:35:00",7303,-0.0100000000000051
"2018-11-15 09:36:00",12804,-0.0499999999999972
"2018-11-15 09:37:00",7100,-0.00500000000000256
"2018-11-15 09:38:00",3526,-0.0549999999999997
"2018-11-15 09:39:00",11899,0.0100000000000051
"2018-11-15 09:40:00",15787,0.019999999999996
"2018-11-15 09:41:00",11500,0.0200000000000031
"2018-11-15 09:42:00",7577,0.0489999999999995
"2018-11-15 09:43:00",13078,0.0109999999999957
"2018-11-15 09:44:00",15458,-0.0349999999999966
"2018-11-15 09:45:00",16285,0.0450000000000017
"2018-11-15 09:46:00",19368,0.0499999999999972
"2018-11-15 09:47:00",12884,0.0500000000000043
"2018-11-15 09:48:00",12444,-0.0500000000000043
"2018-11-15 09:49:00",14874,0.0200000000000031
"2018-11-15 09:50:00",17632,0.0527000000000015
"2018-11-15 09:51:00",7607,0.0272999999999968
"2018-11-15 09:52:00",6999,-0.0200000000000031
"2018-11-15 09:53:00",14807,0.0200000000000031
"2018-11-15 09:54:00",14488,0
"2018-11-15 09:55:00",8127,-0.00999999999999801
"2018-11-15 09:56:00",7661,-0.0200000000000031
"2018-11-15 09:57:00",20969,0
"2018-11-15 09:58:00",13237,0.0500000000000043
"2018-11-15 09:59:00",14324,-0.0600000000000023
"2018-11-15 10:00:00",10255,-0.0450000000000017
"2018-11-15 10:01:00",4777,-0.0600000000000023
"2018-11-15 10:02:00",14505,-0.0349999999999966
"2018-11-15 10:03:00",11869,0.0232000000000028
"2018-11-15 10:04:00",22570,0.186799999999998
"2018-11-15 10:05:00",12360,-0.0200000000000031
"2018-11-15 10:06:00",5700,0.0200000000000031
"2018-11-15 10:07:00",15485,0.18
"2018-11-15 10:08:00",5961,-0.0600000000000023
"2018-11-15 10:09:00",12670,-0.0799999999999983
"2018-11-15 10:10:00",7758,0.0399999999999991
"2018-11-15 10:11:00",23430,0.00500000000000256
"2018-11-15 10:12:00",22068,-0.0450000000000017
"2018-11-15 10:13:00",11933,0.0399999999999991
"2018-11-15 10:14:00",10556,-0.0200000000000031
"2018-11-15 10:15:00",17682,0.00500000000000256
"2018-11-15 10:16:00",11411,0.0150000000000006
"2018-11-15 10:17:00",12714,0.0700000000000003
"2018-11-15 10:18:00",15365,-0.0499999999999972
"2018-11-15 10:19:00",26723,0.0599999999999952
"2018-11-15 10:20:00",22258,0.0800000000000054
"2018-11-15 10:21:00",19460,0.00999999999999801
"2018-11-15 10:22:00",14884,0.0499999999999972
"2018-11-15 10:23:00",19583,0.0399999999999991
"2018-11-15 10:24:00",25564,-0.0300000000000011
"2018-11-15 10:25:00",9480,-0.00999999999999801
"2018-11-15 10:26:00",62287,-0.019999999999996
"2018-11-15 10:27:00",8830,0.00999999999999801
"2018-11-15 10:28:00",43873,0.0799999999999983
"2018-11-15 10:29:00",37734,0.0900000000000034
"2018-11-15 10:30:00",14823,-0.0200000000000031
"2018-11-15 10:31:00",9216,-0.0399999999999991
"2018-11-15 10:32:00",18196,0.0300000000000011
"2018-11-15 10:33:00",17934,0.0949999999999989
"2018-11-15 10:34:00",6096,0.0450000000000017
"2018-11-15 10:35:00",25109,0
"2018-11-15 10:36:00",13443,-0.0200000000000031
"2018-11-15 10:37:00",6159,0.0500000000000043
"2018-11-15 10:38:00",11137,-0.0200000000000031
"2018-11-15 10:39:00",9439,-0.0399999999999991
"2018-11-15 10:40:00",7488,0.053600000000003
"2018-11-15 10:41:00",18459,0.0313999999999979
"2018-11-15 10:42:00",5667,0.0599999999999952
"2018-11-15 10:43:00",7353,-0.0149999999999935
"2018-11-15 10:44:00",17431,-0.092800000000004
"2018-11-15 10:45:00",6564,0.0401000000000025
"2018-11-15 10:46:00",3854,0.0326999999999984
"2018-11-15 10:47:00",3587,0.0499999999999972
"2018-11-15 10:48:00",6543,-0.00999999999999801
"2018-11-15 10:49:00",8048,-0.0349999999999966
"2018-11-15 10:50:00",7614,-0.0250000000000057
"2018-11-15 10:51:00",9200,0.0600000000000023
"2018-11-15 10:52:00",6246,-0.0429999999999993
"2018-11-15 10:53:00",3700,0.0129999999999981
"2018-11-15 10:54:00",4457,0.0399999999999991
"2018-11-15 10:55:00",1608,-0.029999999999994
"2018-11-15 10:56:00",4566,-0.0500000000000043
"2018-11-15 10:57:00",12686,0.0200000000000031
"2018-11-15 10:58:00",5658,-0.0300000000000011
"2018-11-15 10:59:00",11407,0.00999999999999801
"2018-11-15 11:00:00",8522,-0.019999999999996
"2018-11-15 11:01:00",2649,0
"2018-11-15 11:02:00",2350,0.00999999999999801
"2018-11-15 11:03:00",5881,0.0600000000000023
"2018-11-15 11:04:00",3952,0.029999999999994
"2018-11-15 11:05:00",10131,0.0700000000000003
"2018-11-15 11:06:00",8084,-0.0899999999999963
"2018-11-15 11:07:00",5044,0
"2018-11-15 11:08:00",8722,-0.109999999999999
"2018-11-15 11:09:00",3800,0
"2018-11-15 11:10:00",2800,0
"2018-11-15 11:11:00",2850,0.0399999999999991
"2018-11-15 11:12:00",6401,0.00500000000000256
"2018-11-15 11:13:00",4307,0.0249999999999986
"2018-11-15 11:14:00",8208,-0.0399999999999991
"2018-11-15 11:15:00",2100,-0.0300000000000011
"2018-11-15 11:16:00",1831,0
"2018-11-15 11:17:00",5056,0.0300000000000011
"2018-11-15 11:18:00",3769,0.019999999999996
"2018-11-15 11:19:00",2154,0.00999999999999801
"2018-11-15 11:20:00",3651,-0.019999999999996
"2018-11-15 11:21:00",1385,-0.00500000000000256
"2018-11-15 11:22:00",5700,-0.00499999999999545
"2018-11-15 11:23:00",1702,0
"2018-11-15 11:24:00",1900,0.0575999999999937
"2018-11-15 11:25:00",7631,-0.0975999999999999
"2018-11-15 11:26:00",10471,0.0400000000000063
"2018-11-15 11:27:00",1600,0.029999999999994
"2018-11-15 11:28:00",4829,0.0467000000000013
"2018-11-15 11:29:00",4695,0.0433000000000021
"2018-11-15 11:30:00",5349,-0.0300000000000011
"2018-11-15 11:31:00",12286,-0.0349999999999966
"2018-11-15 11:32:00",1900,0.00499999999999545
"2018-11-15 11:33:00",1200,0
"2018-11-15 11:34:00",3412,0.0200000000000031
"2018-11-15 11:35:00",2830,-0.00999999999999801
"2018-11-15 11:36:00",6290,-0.0200000000000031
"2018-11-15 11:37:00",2792,0.0200000000000031
"2018-11-15 11:38:00",3114,0.019999999999996
"2018-11-15 11:39:00",7655,0.0600000000000023
"2018-11-15 11:40:00",3126,-0.0399999999999991
"2018-11-15 11:41:00",2361,-0.0100000000000051
"2018-11-15 11:42:00",2061,-0.00999999999999801
"2018-11-15 11:43:00",3025,-0.019999999999996
"2018-11-15 11:44:00",3831,0
"2018-11-15 11:45:00",7008,-0.0200000000000031
"2018-11-15 11:46:00",3000,-0.0300000000000011
"2018-11-15 11:47:00",2700,0.0200000000000031
"2018-11-15 11:48:00",2600,0.00999999999999801
"2018-11-15 11:49:00",2400,-0.0200000000000031
"2018-11-15 11:50:00",800,-0.00999999999999801
"2018-11-15 11:51:00",6549,0
"2018-11-15 11:52:00",7650,0.011099999999999
"2018-11-15 11:53:00",4577,-0.021099999999997
"2018-11-15 11:54:00",8604,-0.0249999999999986
"2018-11-15 11:55:00",3508,-0.0450000000000017
"2018-11-15 11:56:00",2641,-0.00999999999999801
"2018-11-15 11:57:00",4979,-0.0350000000000037
"2018-11-15 11:58:00",3766,0.0150000000000006
"2018-11-15 11:59:00",3311,-0.0249999999999986
"2018-11-15 12:00:00",9145,0.0399999999999991
"2018-11-15 12:01:00",4708,0.00359999999999872
"2018-11-15 12:02:00",9423,0.00140000000000384
"2018-11-15 12:03:00",3057,-0.0116000000000014
"2018-11-15 12:04:00",3441,0.0114999999999981
"2018-11-15 12:05:00",3514,0.0178000000000011
"2018-11-15 12:06:00",2804,-0.0227000000000004
"2018-11-15 12:07:00",15196,-0.0450000000000017
"2018-11-15 12:08:00",5185,0.0200000000000031
"2018-11-15 12:09:00",6146,0.026600000000002
"2018-11-15 12:10:00",1213,0.0389999999999944
"2018-11-15 12:11:00",2829,0.00440000000000396
"2018-11-15 12:12:00",2400,0.0399999999999991
"2018-11-15 12:13:00",3214,0.0399999999999991
"2018-11-15 12:14:00",3395,0.0200000000000031
"2018-11-15 12:15:00",2400,-0.0100000000000051
"2018-11-15 12:16:00",2424,0
"2018-11-15 12:17:00",14905,0.0900000000000034
"2018-11-15 12:18:00",14628,0.0300000000000011
"2018-11-15 12:19:00",7079,-0.0100000000000051
"2018-11-15 12:20:00",14289,0.0900000000000034
"2018-11-15 12:21:00",3407,-0.0600000000000023
"2018-11-15 12:22:00",8814,0.0600000000000023
"2018-11-15 12:23:00",8665,0.0399999999999991
"2018-11-15 12:24:00",7561,0.0499999999999972
"2018-11-15 12:25:00",9125,-0.019999999999996
"2018-11-15 12:26:00",5450,-0.00999999999999801
"2018-11-15 12:27:00",4879,-0.0300000000000011
"2018-11-15 12:28:00",13465,0.0799999999999983
"2018-11-15 12:29:00",5450,0.00999999999999801
"2018-11-15 12:30:00",9323,0.0399999999999991
"2018-11-15 12:31:00",4712,0.00900000000000034
"2018-11-15 12:32:00",18510,-0.0489999999999995
"2018-11-15 12:33:00",4006,-0.0152000000000001
"2018-11-15 12:34:00",9292,0.0951999999999984
"2018-11-15 12:35:00",2652,-0.00999999999999801
"2018-11-15 12:36:00",16698,-0.0399999999999991
"2018-11-15 12:37:00",10045,0.0099000000000018
"2018-11-15 12:38:00",2729,0.0400999999999954
"2018-11-15 12:39:00",4677,-0.0399999999999991
"2018-11-15 12:40:00",14673,0.0100000000000051
"2018-11-15 12:41:00",2358,-0.0200000000000031
"2018-11-15 12:42:00",6232,0.0200000000000031
"2018-11-15 12:43:00",5878,0.029999999999994
"2018-11-15 12:44:00",5400,-0.00999999999999801
"2018-11-15 12:45:00",5800,-0.00529999999999831
"2018-11-15 12:46:00",7918,0.00529999999999831
"2018-11-15 12:47:00",7670,-0.129999999999995
"2018-11-15 12:48:00",9510,-0.00010000000000332
"2018-11-15 12:49:00",9660,-0.0399000000000029
"2018-11-15 12:50:00",1760,0.0299000000000049
"2018-11-15 12:51:00",8228,0.0200999999999993
"2018-11-15 12:52:00",3401,0
"2018-11-15 12:53:00",9372,0.0399999999999991
"2018-11-15 12:54:00",4400,0
"2018-11-15 12:55:00",10084,0.0499999999999972
"2018-11-15 12:56:00",6081,-0.019999999999996
"2018-11-15 12:57:00",9016,-0.0350000000000037
"2018-11-15 12:58:00",23457,0.0399999999999991
"2018-11-15 12:59:00",3330,-0.0249999999999986
"2018-11-15 13:00:00",8819,-0.0399999999999991
"2018-11-15 13:01:00",7099,0.0600000000000023
"2018-11-15 13:02:00",10600,0
"2018-11-15 13:03:00",10224,-0.0500000000000043
"2018-11-15 13:04:00",2509,-0.019999999999996
"2018-11-15 13:05:00",3261,-0.00999999999999801
"2018-11-15 13:06:00",3270,0
"2018-11-15 13:07:00",6760,0
"2018-11-15 13:08:00",2785,0.019999999999996
"2018-11-15 13:09:00",3554,-0.0300000000000011
"2018-11-15 13:10:00",1300,-0.0300000000000011
"2018-11-15 13:11:00",5875,-0.0228999999999999
"2018-11-15 13:12:00",4266,0.0129000000000019
"2018-11-15 13:13:00",10218,0.0450000000000017
"2018-11-15 13:14:00",4830,-0.0150000000000006
"2018-11-15 13:15:00",8424,0.00800000000000267
"2018-11-15 13:16:00",10445,-0.00800000000000267
"2018-11-15 13:17:00",6443,-0.00999999999999801
"2018-11-15 13:18:00",2792,0
"2018-11-15 13:19:00",9164,9.99999999962142e-05
"2018-11-15 13:20:00",6240,0.0198999999999998
"2018-11-15 13:21:00",8928,0.0100000000000051
"2018-11-15 13:22:00",15422,0.00999999999999801
"2018-11-15 13:23:00",6381,-0.00500000000000256
"2018-11-15 13:24:00",14452,-0.0300000000000011
"2018-11-15 13:25:00",3021,0.0023000000000053
"2018-11-15 13:26:00",4942,0.0685999999999964
"2018-11-15 13:27:00",12016,-0.000900000000001455
"2018-11-15 13:28:00",10108,-0.0249999999999986
"2018-11-15 13:29:00",5899,0.0799999999999983
"2018-11-15 13:30:00",3855,0.0150000000000006
"2018-11-15 13:31:00",7699,0.0350000000000037
"2018-11-15 13:32:00",10189,0.0399999999999991
"2018-11-15 13:33:00",6342,-0.0200000000000031
"2018-11-15 13:34:00",14743,-0.019999999999996
"2018-11-15 13:35:00",4640,-0.0399999999999991
"2018-11-15 13:36:00",2408,0
"2018-11-15 13:37:00",2330,-0.0300000000000011
"2018-11-15 13:38:00",3605,-0.0200000000000031
"2018-11-15 13:39:00",1500,0.0399999999999991
"2018-11-15 13:40:00",2500,0.0200000000000031
"2018-11-15 13:41:00",4223,-0.00670000000000215
"2018-11-15 13:42:00",3334,0.0167000000000002
"2018-11-15 13:43:00",3557,-0.0499999999999972
"2018-11-15 13:44:00",3613,0.019999999999996
"2018-11-15 13:45:00",745,0.0100000000000051
"2018-11-15 13:46:00",4175,0.029999999999994
"2018-11-15 13:47:00",4268,-0.00999999999999801
"2018-11-15 13:48:00",9425,-0.019999999999996
"2018-11-15 13:49:00",3138,0
"2018-11-15 13:50:00",5621,-0.0900000000000034
"2018-11-15 13:51:00",8297,0
"2018-11-15 13:52:00",4491,0.0150000000000006
"2018-11-15 13:53:00",5648,0.00999999999999801
"2018-11-15 13:54:00",2246,0.0150000000000006
"2018-11-15 13:55:00",3290,-0.019999999999996
"2018-11-15 13:56:00",9102,0.0599999999999952
"2018-11-15 13:57:00",10645,0
"2018-11-15 13:58:00",3529,-0.0034999999999954
"2018-11-15 13:59:00",3816,-0.0264999999999986
"2018-11-15 14:00:00",7361,-0.0400000000000063
"2018-11-15 14:01:00",48709,-0.140000000000001
"2018-11-15 14:02:00",11237,0.0100000000000051
"2018-11-15 14:03:00",7498,0.0467000000000013
"2018-11-15 14:04:00",10835,-0.00670000000000215
"2018-11-15 14:05:00",20513,0.0399999999999991
"2018-11-15 14:06:00",8737,0.00999999999999801
"2018-11-15 14:07:00",17446,0.0600000000000023
"2018-11-15 14:08:00",9976,-0.0150000000000006
"2018-11-15 14:09:00",12513,0.00500000000000256
"2018-11-15 14:10:00",11179,-0.0100000000000051
"2018-11-15 14:11:00",12046,0.0275000000000034
"2018-11-15 14:12:00",34393,-0.0275000000000034
"2018-11-15 14:13:00",12041,0.0250000000000057
"2018-11-15 14:14:00",12289,0.0582999999999956
"2018-11-15 14:15:00",11594,-0.0377999999999972
"2018-11-15 14:16:00",9824,0.0144999999999982
"2018-11-15 14:17:00",8740,0.00500000000000256
"2018-11-15 14:18:00",17671,-0.0350000000000037
"2018-11-15 14:19:00",17582,-0.0150000000000006
"2018-11-15 14:20:00",11987,-0.0482999999999976
"2018-11-15 14:21:00",7569,-0.0204000000000022
"2018-11-15 14:22:00",9244,-0.0403999999999982
"2018-11-15 14:23:00",4581,0.0191000000000017
"2018-11-15 14:24:00",4150,0.0499999999999972
"2018-11-15 14:25:00",6429,0.0450000000000017
"2018-11-15 14:26:00",3114,0.0236000000000018
"2018-11-15 14:27:00",2583,-0.0136000000000038
"2018-11-15 14:28:00",2802,-0.0399999999999991
"2018-11-15 14:29:00",3266,-0.00999999999999801
"2018-11-15 14:30:00",8028,0
"2018-11-15 14:31:00",25040,0.019999999999996
"2018-11-15 14:32:00",49090,0.0400000000000063
"2018-11-15 14:33:00",77964,-0.0400000000000063
"2018-11-15 14:34:00",24842,-0.019999999999996
"2018-11-15 14:35:00",15581,0.0499999999999972
"2018-11-15 14:36:00",9056,-0.0349999999999966
"2018-11-15 14:37:00",12281,0.00499999999999545
"2018-11-15 14:38:00",6197,-0.00499999999999545
"2018-11-15 14:39:00",52173,-0.0200000000000031
"2018-11-15 14:40:00",135418,0.0300000000000011
"2018-11-15 14:41:00",7381,-0.0300000000000011
"2018-11-15 14:42:00",7440,-0.00999999999999801
"2018-11-15 14:43:00",7977,0.00500000000000256
"2018-11-15 14:44:00",9292,0.0249999999999986
"2018-11-15 14:45:00",9083,0.019999999999996
"2018-11-15 14:46:00",11316,-0.0399999999999991
"2018-11-15 14:47:00",11422,0.0350000000000037
"2018-11-15 14:48:00",3926,0.019999999999996
"2018-11-15 14:49:00",8423,0
"2018-11-15 14:50:00",19994,0.0664000000000016
"2018-11-15 14:51:00",19943,-0.0063999999999993
"2018-11-15 14:52:00",13519,0.019999999999996
"2018-11-15 14:53:00",7304,0.0100000000000051
"2018-11-15 14:54:00",37900,0.00999999999999801
"2018-11-15 14:55:00",11877,-0.0200000000000031
"2018-11-15 14:56:00",11331,-0.00999999999999801
"2018-11-15 14:57:00",12193,-0.00999999999999801
"2018-11-15 14:58:00",13331,-0.00999999999999801
"2018-11-15 14:59:00",48324,0.0399999999999991
"2018-11-15 15:02:00",77341,-0.0100000000000051
"2018-11-15 15:15:00",0,0
"2018-11-16 08:30:00",51340,0.0800000000000054
"2018-11-16 08:31:00",13346,0.019999999999996
"2018-11-16 08:32:00",16603,-0.019999999999996
"2018-11-16 08:33:00",15310,0.0899999999999963
"2018-11-16 08:34:00",11783,-0.100000000000001
"2018-11-16 08:35:00",16883,-0.0499999999999972
"2018-11-16 08:36:00",19191,-0.0799999999999983
"2018-11-16 08:37:00",20931,-0.0600000000000023
"2018-11-16 08:38:00",9233,0.0399999999999991
"2018-11-16 08:39:00",3975,-0.0700000000000003
"2018-11-16 08:40:00",9250,0.0900000000000034
"2018-11-16 08:41:00",10142,0.115000000000002
"2018-11-16 08:42:00",25954,-0.0850000000000009
"2018-11-16 08:43:00",13447,0.0599999999999952
"2018-11-16 08:44:00",10892,0.0800000000000054
"2018-11-16 08:45:00",14990,-0.0200000000000031
"2018-11-16 08:46:00",17682,0.0249999999999986
"2018-11-16 08:47:00",19846,-0.0649999999999977
"2018-11-16 08:48:00",18602,0.0399999999999991
"2018-11-16 08:49:00",16371,-0.0499999999999972
"2018-11-16 08:50:00",15144,-0.0700000000000003
"2018-11-16 08:51:00",30320,0.00999999999999801
"2018-11-16 08:52:00",14632,0
"2018-11-16 08:53:00",16714,0.019999999999996
"2018-11-16 08:54:00",8379,0.0200000000000031
"2018-11-16 08:55:00",6834,-0.0300999999999974
"2018-11-16 08:56:00",11010,0.00669999999999504
"2018-11-16 08:57:00",7827,0.0284000000000049
"2018-11-16 08:58:00",5905,0.0649999999999977
"2018-11-16 08:59:00",5646,0.00500000000000256
"2018-11-16 09:00:00",9399,0.0150000000000006
"2018-11-16 09:01:00",8609,0.0749999999999957
"2018-11-16 09:02:00",23130,0.0150000000000006
"2018-11-16 09:03:00",17502,0.0600000000000023
"2018-11-16 09:04:00",21502,0.0599999999999952
"2018-11-16 09:05:00",9433,-0.0749999999999957
"2018-11-16 09:06:00",23493,0.0249999999999986
"2018-11-16 09:07:00",20809,-0.0200000000000031
"2018-11-16 09:08:00",14405,-0.0399999999999991
"2018-11-16 09:09:00",9324,-0.019999999999996
"2018-11-16 09:10:00",8390,-0.0300000000000011
"2018-11-16 09:11:00",17527,-0.0200000000000031
"2018-11-16 09:12:00",15241,0.0100000000000051
"2018-11-16 09:13:00",16756,0.0349999999999966
"2018-11-16 09:14:00",12074,0.0350000000000037
"2018-11-16 09:15:00",8981,0.019999999999996
"2018-11-16 09:16:00",16452,0.0600000000000023
"2018-11-16 09:17:00",20667,-0.0300000000000011
"2018-11-16 09:18:00",18518,-0.0399999999999991
"2018-11-16 09:19:00",16180,0.00999999999999801
"2018-11-16 09:20:00",14667,0.0165000000000006
"2018-11-16 09:21:00",10844,0.0035000000000025
"2018-11-16 09:22:00",9203,0
"2018-11-16 09:23:00",7436,-0.0350000000000037
"2018-11-16 09:24:00",14043,0.0150000000000006
"2018-11-16 09:25:00",12925,0.0500000000000043
"2018-11-16 09:26:00",10651,-0.0401000000000025
"2018-11-16 09:27:00",3300,-0.0146999999999977
"2018-11-16 09:28:00",13218,0.00479999999999592
"2018-11-16 09:29:00",8406,0.0200000000000031
"2018-11-16 09:30:00",6997,0.00999999999999801
"2018-11-16 09:31:00",6750,-0.00999999999999801
"2018-11-16 09:32:00",49179,0.129999999999995
"2018-11-16 09:33:00",5783,-0.019999999999996
"2018-11-16 09:34:00",7174,0
"2018-11-16 09:35:00",10609,-0.00999999999999801
"2018-11-16 09:36:00",8495,0.00549999999999784
"2018-11-16 09:37:00",8245,0.00450000000000017
"2018-11-16 09:38:00",10709,-0.0700000000000003
"2018-11-16 09:39:00",9200,0.00999999999999801
"2018-11-16 09:40:00",7298,-0.019999999999996
"2018-11-16 09:41:00",8576,0.0349999999999966
"2018-11-16 09:42:00",12883,0.00500000000000256
"2018-11-16 09:43:00",27794,-0.0350000000000037
"2018-11-16 09:44:00",5994,0.0350000000000037
"2018-11-16 09:45:00",7855,-0.0200000000000031
"2018-11-16 09:46:00",9474,-0.0300000000000011
"2018-11-16 09:47:00",46435,-0.019999999999996
"2018-11-16 09:48:00",11304,0.019999999999996
"2018-11-16 09:49:00",9283,0.0200000000000031
"2018-11-16 09:50:00",19526,-0.00999999999999801
"2018-11-16 09:51:00",11865,-0.0350000000000037
"2018-11-16 09:52:00",18982,0.0249999999999986
"2018-11-16 09:53:00",7716,-0.00999999999999801
"2018-11-16 09:54:00",15579,0.0499999999999972
"2018-11-16 09:55:00",3126,0
"2018-11-16 09:56:00",2089,0
"2018-11-16 09:57:00",10319,-0.019999999999996
"2018-11-16 09:58:00",11815,-0.0600000000000023
"2018-11-16 09:59:00",14656,-0.019999999999996
"2018-11-16 10:00:00",22005,0.0399999999999991
"2018-11-16 10:01:00",4700,-0.0249999999999986
"2018-11-16 10:02:00",10900,-0.00500000000000256
"2018-11-16 10:03:00",10976,0.0300000000000011
"2018-11-16 10:04:00",10827,0.019999999999996
"2018-11-16 10:05:00",3300,0.0100000000000051
"2018-11-16 10:06:00",11013,0.0399999999999991
"2018-11-16 10:07:00",15189,0.0109999999999957
"2018-11-16 10:08:00",5452,-0.0109999999999957
"2018-11-16 10:09:00",3464,0.0300000000000011
"2018-11-16 10:10:00",7169,0.00999999999999801
"2018-11-16 10:11:00",9432,-0.0150000000000006
"2018-11-16 10:12:00",13606,-0.0750000000000028
"2018-11-16 10:13:00",13043,-0.0700000000000003
"2018-11-16 10:14:00",10898,0.0399999999999991
"2018-11-16 10:15:00",21709,-0.029999999999994
"2018-11-16 10:16:00",34387,0.0499999999999972
"2018-11-16 10:17:00",8940,0.0300000000000011
"2018-11-16 10:18:00",17656,0.019999999999996
"2018-11-16 10:19:00",12372,-0.019999999999996
"2018-11-16 10:20:00",14208,-0.0399999999999991
"2018-11-16 10:21:00",6849,-0.0448000000000022
"2018-11-16 10:22:00",17285,-0.00520000000000209
"2018-11-16 10:23:00",16889,0.0300000000000011
"2018-11-16 10:24:00",14087,0.0150000000000006
"2018-11-16 10:25:00",14375,0.00500000000000256
"2018-11-16 10:26:00",39755,0.019999999999996
"2018-11-16 10:27:00",17154,0
"2018-11-16 10:28:00",13323,-0.00999999999999801
"2018-11-16 10:29:00",13380,-0.0399999999999991
"2018-11-16 10:30:00",10012,-0.00999999999999801
"2018-11-16 10:31:00",16817,-0.0300000000000011
"2018-11-16 10:32:00",22237,-0.0200000000000031
"2018-11-16 10:33:00",13891,0.0549999999999997
"2018-11-16 10:34:00",8291,-0.0549999999999997
"2018-11-16 10:35:00",9719,-0.0399999999999991
"2018-11-16 10:36:00",4988,-0.00999999999999801
"2018-11-16 10:37:00",4243,-0.0166000000000039
"2018-11-16 10:38:00",5467,-0.0533999999999963
"2018-11-16 10:39:00",5900,-0.0500000000000043
"2018-11-16 10:40:00",5724,0.0100000000000051
"2018-11-16 10:41:00",3513,0
"2018-11-16 10:42:00",6430,-0.0234000000000023
"2018-11-16 10:43:00",2123,0.0553999999999988
"2018-11-16 10:44:00",3515,0.0330000000000013
"2018-11-16 10:45:00",6500,0.0150000000000006
"2018-11-16 10:46:00",6235,-0.0600000000000023
"2018-11-16 10:47:00",4651,0.0150000000000006
"2018-11-16 10:48:00",3055,-0.0249999999999986
"2018-11-16 10:49:00",2430,-0.024799999999999
"2018-11-16 10:50:00",4853,0.0165000000000006
"2018-11-16 10:51:00",3733,0.00829999999999842
"2018-11-16 10:52:00",3606,-0.0399999999999991
"2018-11-16 10:53:00",3840,-0.00500000000000256
"2018-11-16 10:54:00",8736,0.0549999999999997
"2018-11-16 10:55:00",5483,0
"2018-11-16 10:56:00",7038,0.0250000000000057
"2018-11-16 10:57:00",5432,0.0449999999999946
"2018-11-16 10:58:00",5560,0.0200000000000031
"2018-11-16 10:59:00",13510,-0.0450000000000017
"2018-11-16 11:00:00",8262,0.0150000000000006
"2018-11-16 11:01:00",4080,0.00999999999999801
"2018-11-16 11:02:00",7605,-0.0449999999999946
"2018-11-16 11:03:00",5127,-0.0250000000000057
"2018-11-16 11:04:00",3981,0.059899999999999
"2018-11-16 11:05:00",9155,0.0401000000000025
"2018-11-16 11:06:00",8119,0.0500000000000043
"2018-11-16 11:07:00",2783,-0.0600000000000023
"2018-11-16 11:08:00",7661,0.00999999999999801
"2018-11-16 11:09:00",2000,0.0300000000000011
"2018-11-16 11:10:00",4882,-0.0144999999999982
"2018-11-16 11:11:00",1672,-0.00860000000000127
"2018-11-16 11:12:00",1680,-0.00690000000000168
"2018-11-16 11:13:00",7200,0.0200000000000031
"2018-11-16 11:14:00",10200,0.00999999999999801
"2018-11-16 11:15:00",2659,-0.00999999999999801
"2018-11-16 11:16:00",8360,-0.0601000000000056
"2018-11-16 11:17:00",4800,0.0101000000000013
"2018-11-16 11:18:00",3377,0
"2018-11-16 11:19:00",4060,0.0200000000000031
"2018-11-16 11:20:00",1702,-0.0200000000000031
"2018-11-16 11:21:00",3826,-0.0399999999999991
"2018-11-16 11:22:00",6097,0.00999999999999801
"2018-11-16 11:23:00",3105,-0.019999999999996
"2018-11-16 11:24:00",5777,-0.0161000000000016
"2018-11-16 11:25:00",6086,-0.0238999999999976
"2018-11-16 11:26:00",1800,-0.0200000000000031
"2018-11-16 11:27:00",7534,-0.0450000000000017
"2018-11-16 11:28:00",14761,-0.0149999999999935
"2018-11-16 11:29:00",8317,-0.0300000000000011
"2018-11-16 11:30:00",7395,-0.00500000000000256
"2018-11-16 11:31:00",3748,-0.00500000000000256
"2018-11-16 11:32:00",3239,-0.029999999999994
"2018-11-16 11:33:00",27820,0.00999999999999801
"2018-11-16 11:34:00",7283,0.170000000000002
"2018-11-16 11:35:00",16053,0.109999999999999
"2018-11-16 11:36:00",4908,-0.0300000000000011
"2018-11-16 11:37:00",5567,0.0700000000000003
"2018-11-16 11:38:00",8493,-0.0399999999999991
"2018-11-16 11:39:00",4666,-0.0600000000000023
"2018-11-16 11:40:00",8272,0.0399999999999991
"2018-11-16 11:41:00",10700,0.0399999999999991
"2018-11-16 11:42:00",2544,0.0249999999999986
"2018-11-16 11:43:00",2300,-0.0249999999999986
"2018-11-16 11:44:00",3182,-0.0599999999999952
"2018-11-16 11:45:00",14164,0.109999999999999
"2018-11-16 11:46:00",7206,-0.0200000000000031
"2018-11-16 11:47:00",8536,0.0700000000000003
"2018-11-16 11:48:00",6505,0.00999999999999801
"2018-11-16 11:49:00",8503,-0.019999999999996
"2018-11-16 11:50:00",8638,-0.0200000000000031
"2018-11-16 11:51:00",3500,0.0300000000000011
"2018-11-16 11:52:00",12279,-0.0150000000000006
"2018-11-16 11:53:00",7202,0.00999999999999801
"2018-11-16 11:54:00",7317,0.0150000000000006
"2018-11-16 11:55:00",2372,-0.00999999999999801
"2018-11-16 11:56:00",13993,0.00500000000000256
"2018-11-16 11:57:00",3250,0.00779999999999603
"2018-11-16 11:58:00",4723,-0.0427999999999997
"2018-11-16 11:59:00",5032,0.0399999999999991
"2018-11-16 12:00:00",5354,0.0399999999999991
"2018-11-16 12:01:00",6366,-0.0700000000000003
"2018-11-16 12:02:00",6124,0.0450000000000017
"2018-11-16 12:03:00",7359,0.0150000000000006
"2018-11-16 12:04:00",4970,-0.0499999999999972
"2018-11-16 12:05:00",2315,0.00999999999999801
"2018-11-16 12:06:00",7060,-0.0799999999999983
"2018-11-16 12:07:00",7860,0.00999999999999801
"2018-11-16 12:08:00",3400,-0.00309999999999633
"2018-11-16 12:09:00",22344,0.0180999999999969
"2018-11-16 12:10:00",5052,0.0150000000000006
"2018-11-16 12:11:00",5591,0
"2018-11-16 12:12:00",6711,0
"2018-11-16 12:13:00",8305,0.0150000000000006
"2018-11-16 12:14:00",3190,-0.0200000000000031
"2018-11-16 12:15:00",5712,0
"2018-11-16 12:16:00",2325,0.00500000000000256
"2018-11-16 12:17:00",3715,0.0150000000000006
"2018-11-16 12:18:00",5004,0
"2018-11-16 12:19:00",2304,-0.0150000000000006
"2018-11-16 12:20:00",4908,0
"2018-11-16 12:21:00",4993,-0.0200000000000031
"2018-11-16 12:22:00",2406,-0.00999999999999801
"2018-11-16 12:23:00",2817,0
"2018-11-16 12:24:00",4705,0
"2018-11-16 12:25:00",3676,0
"2018-11-16 12:26:00",22817,-0.00999999999999801
"2018-11-16 12:27:00",2655,0
"2018-11-16 12:28:00",2839,0
"2018-11-16 12:29:00",1900,0
"2018-11-16 12:30:00",1847,-0.0300000000000011
"2018-11-16 12:31:00",4458,-0.0320000000000036
"2018-11-16 12:32:00",3790,0.0121000000000038
"2018-11-16 12:33:00",4004,0.00240000000000151
"2018-11-16 12:34:00",3796,-0.0125000000000028
"2018-11-16 12:35:00",10354,0.0300000000000011
"2018-11-16 12:36:00",1853,0
"2018-11-16 12:37:00",2488,0.00500000000000256
"2018-11-16 12:38:00",7015,-0.00500000000000256
"2018-11-16 12:39:00",3606,0.0300000000000011
"2018-11-16 12:40:00",1936,0.00999999999999801
"2018-11-16 12:41:00",10881,-0.0249999999999986
"2018-11-16 12:42:00",6166,-0.0649999999999977
"2018-11-16 12:43:00",8364,0.019999999999996
"2018-11-16 12:44:00",5698,0
"2018-11-16 12:45:00",6447,-0.0150000000000006
"2018-11-16 12:46:00",7944,-0.00499999999999545
"2018-11-16 12:47:00",8355,0.029999999999994
"2018-11-16 12:48:00",6990,0.0300000000000011
"2018-11-16 12:49:00",2577,0
"2018-11-16 12:50:00",4243,-0.0300000000000011
"2018-11-16 12:51:00",5296,-0.00999999999999801
"2018-11-16 12:52:00",7508,-0.019999999999996
"2018-11-16 12:53:00",1656,0
"2018-11-16 12:54:00",5861,-0.0250000000000057
"2018-11-16 12:55:00",2333,0.0450000000000017
"2018-11-16 12:56:00",2015,-0.0349999999999966
"2018-11-16 12:57:00",6774,-0.0099000000000018
"2018-11-16 12:58:00",2104,-0.00509999999999877
"2018-11-16 12:59:00",4872,-0.0195000000000007
"2018-11-16 13:00:00",9004,0.0459999999999994
"2018-11-16 13:01:00",2443,-0.0165000000000006
"2018-11-16 13:02:00",2774,-0.0399999999999991
"2018-11-16 13:03:00",3487,-0.00999999999999801
"2018-11-16 13:04:00",2844,-0.00530000000000541
"2018-11-16 13:05:00",6203,0.0715000000000003
"2018-11-16 13:06:00",3819,-0.0261999999999958
"2018-11-16 13:07:00",4617,0
"2018-11-16 13:08:00",2261,0.00379999999999825
"2018-11-16 13:09:00",2219,0.00619999999999976
"2018-11-16 13:10:00",10677,0.0200000000000031
"2018-11-16 13:11:00",1900,0
"2018-11-16 13:12:00",2087,0.0249999999999986
"2018-11-16 13:13:00",2113,-0.0150000000000006
"2018-11-16 13:14:00",3148,0.00499999999999545
"2018-11-16 13:15:00",4856,-0.0192999999999941
"2018-11-16 13:16:00",5114,0.0242999999999967
"2018-11-16 13:17:00",5425,0.0350000000000037
"2018-11-16 13:18:00",4109,0.00499999999999545
"2018-11-16 13:19:00",3699,0.0100000000000051
"2018-11-16 13:20:00",6447,0.00999999999999801
"2018-11-16 13:21:00",5055,0
"2018-11-16 13:22:00",2535,0.00499999999999545
"2018-11-16 13:23:00",4529,-0.019999999999996
"2018-11-16 13:24:00",6237,-0.00999999999999801
"2018-11-16 13:25:00",2834,-0.0150000000000006
"2018-11-16 13:26:00",7229,-0.00500000000000256
"2018-11-16 13:27:00",4810,0.00500000000000256
"2018-11-16 13:28:00",5954,0.0599999999999952
"2018-11-16 13:29:00",3809,0.0100000000000051
"2018-11-16 13:30:00",5552,0.0398999999999958
"2018-11-16 13:31:00",5762,-0.0108999999999995
"2018-11-16 13:32:00",2200,-0.0189999999999984
"2018-11-16 13:33:00",2686,-0.00999999999999801
"2018-11-16 13:34:00",1749,0
"2018-11-16 13:35:00",2047,0.00999999999999801
"2018-11-16 13:36:00",800,-0.00999999999999801
"2018-11-16 13:37:00",5189,0.00499999999999545
"2018-11-16 13:38:00",9611,0.00500000000000256
"2018-11-16 13:39:00",1800,0
"2018-11-16 13:40:00",3797,-0.0300000000000011
"2018-11-16 13:41:00",3856,-0.019999999999996
"2018-11-16 13:42:00",2208,0.00300000000000011
"2018-11-16 13:43:00",3873,0.0341999999999985
"2018-11-16 13:44:00",2200,-0.00720000000000454
"2018-11-16 13:45:00",4905,0.0549999999999997
"2018-11-16 13:46:00",3363,0.00500000000000256
"2018-11-16 13:47:00",6658,0
"2018-11-16 13:48:00",2980,0.00500000000000256
"2018-11-16 13:49:00",2608,0.0449999999999946
"2018-11-16 13:50:00",9748,0.0100000000000051
"2018-11-16 13:51:00",9894,-0.0399999999999991
"2018-11-16 13:52:00",4634,-0.0350000000000037
"2018-11-16 13:53:00",3341,-0.00500000000000256
"2018-11-16 13:54:00",2566,0.0100000000000051
"2018-11-16 13:55:00",1400,0
"2018-11-16 13:56:00",1392,-0.0100000000000051
"2018-11-16 13:57:00",9068,-0.0238999999999976
"2018-11-16 13:58:00",5223,0.00390000000000157
"2018-11-16 13:59:00",3700,0.0300000000000011
"2018-11-16 14:00:00",10238,0.0249999999999986
"2018-11-16 14:01:00",7920,0
"2018-11-16 14:02:00",9444,0.0450000000000017
"2018-11-16 14:03:00",5033,-0.0500000000000043
"2018-11-16 14:04:00",1598,-0.019999999999996
"2018-11-16 14:05:00",4501,0.0150000000000006
"2018-11-16 14:06:00",4460,-0.0200000000000031
"2018-11-16 14:07:00",13898,-0.00500000000000256
"2018-11-16 14:08:00",11107,0.0200000000000031
"2018-11-16 14:09:00",6742,-0.00500000000000256
"2018-11-16 14:10:00",2500,0
"2018-11-16 14:11:00",3708,0.0450000000000017
"2018-11-16 14:12:00",1656,-0.00159999999999627
"2018-11-16 14:13:00",4575,-0.00840000000000174
"2018-11-16 14:14:00",4930,0
"2018-11-16 14:15:00",7327,0.0499999999999972
"2018-11-16 14:16:00",4834,-0.00999999999999801
"2018-11-16 14:17:00",3834,0.00500000000000256
"2018-11-16 14:18:00",2905,-0.0150000000000006
"2018-11-16 14:19:00",7563,0.0210000000000008
"2018-11-16 14:20:00",6510,0.034399999999998
"2018-11-16 14:21:00",13546,-0.0104000000000042
"2018-11-16 14:22:00",4653,-0.0149999999999935
"2018-11-16 14:23:00",4663,0.00999999999999801
"2018-11-16 14:24:00",3508,0
"2018-11-16 14:25:00",5640,0.00339999999999918
"2018-11-16 14:26:00",3225,0.00549999999999784
"2018-11-16 14:27:00",5346,-0.00889999999999702
"2018-11-16 14:28:00",6802,0.00999999999999801
"2018-11-16 14:29:00",6488,-0.0349999999999966
"2018-11-16 14:30:00",4817,0
"2018-11-16 14:31:00",4000,-0.00500000000000256
"2018-11-16 14:32:00",7548,-0.00999999999999801
"2018-11-16 14:33:00",5085,0.00499999999999545
"2018-11-16 14:34:00",6636,-0.0349999999999966
"2018-11-16 14:35:00",6801,0.0300000000000011
"2018-11-16 14:36:00",3404,0
"2018-11-16 14:37:00",2506,0.00499999999999545
"2018-11-16 14:38:00",5037,-0.0150000000000006
"2018-11-16 14:39:00",4101,0.0333000000000041
"2018-11-16 14:40:00",9844,0.0216999999999956
"2018-11-16 14:41:00",5947,-0.00999999999999801
"2018-11-16 14:42:00",37101,-0.0300000000000011
"2018-11-16 14:43:00",8793,-0.0120000000000005
"2018-11-16 14:44:00",4520,0.007000000000005
"2018-11-16 14:45:00",7292,0.0300000000000011
"2018-11-16 14:46:00",13194,0.00499999999999545
"2018-11-16 14:47:00",2272,-0.0300000000000011
"2018-11-16 14:48:00",8430,-0.00499999999999545
"2018-11-16 14:49:00",4915,0
"2018-11-16 14:50:00",8012,-0.0150000000000006
"2018-11-16 14:51:00",6298,-0.00999999999999801
"2018-11-16 14:52:00",5545,-0.0150000000000006
"2018-11-16 14:53:00",11306,-0.0150000000000006
"2018-11-16 14:54:00",17431,0
"2018-11-16 14:55:00",54257,0
"2018-11-16 14:56:00",5010,0
"2018-11-16 14:57:00",18235,0.00999999999999801
"2018-11-16 14:58:00",35403,0.0399999999999991
"2018-11-16 14:59:00",40397,0.0350000000000037
"2018-11-16 15:02:00",34685,0
"2018-11-16 15:15:00",0,0
"2018-11-19 08:30:00",111429,-0.300000000000004
"2018-11-19 08:31:00",6397,0.00999999999999801
"2018-11-19 08:32:00",17631,-0.00999999999999801
"2018-11-19 08:33:00",18473,-0.0799999999999983
"2018-11-19 08:34:00",10152,0.0600000000000023
"2018-11-19 08:35:00",12524,-0.0700000000000003
"2018-11-19 08:36:00",20791,0.0799999999999983
"2018-11-19 08:37:00",10490,0
"2018-11-19 08:38:00",18368,-0.00999999999999801
"2018-11-19 08:39:00",14531,-0.0200000000000031
"2018-11-19 08:40:00",8180,0.0399999999999991
"2018-11-19 08:41:00",10178,0.0600000000000023
"2018-11-19 08:42:00",6683,0.0300000000000011
"2018-11-19 08:43:00",3863,-0.0300000000000011
"2018-11-19 08:44:00",3863,-0.00999999999999801
"2018-11-19 08:45:00",17595,-0.0750000000000028
"2018-11-19 08:46:00",4810,-0.0150000000000006
"2018-11-19 08:47:00",23650,0
"2018-11-19 08:48:00",3350,0.0200000000000031
"2018-11-19 08:49:00",21086,-0.0200000000000031
"2018-11-19 08:50:00",3766,-0.0399999999999991
"2018-11-19 08:51:00",13526,-0.0900000000000034
"2018-11-19 08:52:00",7733,0.0500000000000043
"2018-11-19 08:53:00",7061,-0.0700000000000003
"2018-11-19 08:54:00",9578,-0.0200999999999993
"2018-11-19 08:55:00",10500,0.0200999999999993
"2018-11-19 08:56:00",13411,-0.0399999999999991
"2018-11-19 08:57:00",12082,0.0399999999999991
"2018-11-19 08:58:00",5095,-0.0399999999999991
"2018-11-19 08:59:00",6127,-0.0100000000000051
"2018-11-19 09:00:00",4220,-0.00999999999999801
"2018-11-19 09:01:00",5325,-0.0649999999999977
"2018-11-19 09:02:00",9111,0.0600000000000023
"2018-11-19 09:03:00",7000,-0.0550000000000068
"2018-11-19 09:04:00",6022,0.0200000000000031
"2018-11-19 09:05:00",3805,-0.0799999999999983
"2018-11-19 09:06:00",9426,0.0300000000000011
"2018-11-19 09:07:00",4977,-0.0200000000000031
"2018-11-19 09:08:00",6900,0.0150000000000006
"2018-11-19 09:09:00",11615,-0.0150000000000006
"2018-11-19 09:10:00",6989,0.0399999999999991
"2018-11-19 09:11:00",5535,0.0249999999999986
"2018-11-19 09:12:00",2524,0.0250000000000057
"2018-11-19 09:13:00",4100,0.029999999999994
"2018-11-19 09:14:00",5557,-0.019999999999996
"2018-11-19 09:15:00",4950,0.0799999999999983
"2018-11-19 09:16:00",6050,0.0500000000000043
"2018-11-19 09:17:00",4415,0.00999999999999801
"2018-11-19 09:18:00",4271,0.0249999999999986
"2018-11-19 09:19:00",12804,0.0700000000000003
"2018-11-19 09:20:00",9821,-0.0499999999999972
"2018-11-19 09:21:00",11057,-0.0500000000000043
"2018-11-19 09:22:00",9729,0.0150000000000006
"2018-11-19 09:23:00",3870,-0.019999999999996
"2018-11-19 09:24:00",2283,-0.0299000000000049
"2018-11-19 09:25:00",4031,0.0198999999999998
"2018-11-19 09:26:00",5800,0.0200000000000031
"2018-11-19 09:27:00",9884,0.0399999999999991
"2018-11-19 09:28:00",6200,-0.0300000000000011
"2018-11-19 09:29:00",5621,0.00500000000000256
"2018-11-19 09:30:00",3146,0.0449999999999946
"2018-11-19 09:31:00",4140,-0.0149999999999935
"2018-11-19 09:32:00",11305,-0.0549999999999997
"2018-11-19 09:33:00",8209,-0.0600000000000023
"2018-11-19 09:34:00",8036,0
"2018-11-19 09:35:00",8315,-0.0399999999999991
"2018-11-19 09:36:00",8353,-0.0200000000000031
"2018-11-19 09:37:00",4348,0.0300000000000011
"2018-11-19 09:38:00",4413,-0.0249999999999986
"2018-11-19 09:39:00",3106,0.0549999999999997
"2018-11-19 09:40:00",6032,0.0600000000000023
"2018-11-19 09:41:00",20209,0.029999999999994
"2018-11-19 09:42:00",1704,0.00330000000000297
"2018-11-19 09:43:00",4830,0.0112000000000023
"2018-11-19 09:44:00",4710,0.0254999999999939
"2018-11-19 09:45:00",5808,-0.0114999999999981
"2018-11-19 09:46:00",5899,-0.018499999999996
"2018-11-19 09:47:00",3272,0.0399999999999991
"2018-11-19 09:48:00",5005,0.00499999999999545
"2018-11-19 09:49:00",12900,0.0549999999999997
"2018-11-19 09:50:00",20501,0.0100000000000051
"2018-11-19 09:51:00",8487,-0.0200000000000031
"2018-11-19 09:52:00",1600,0.0200000000000031
"2018-11-19 09:53:00",7389,-0.0100000000000051
"2018-11-19 09:54:00",9732,0
"2018-11-19 09:55:00",5900,0.0300000000000011
"2018-11-19 09:56:00",4950,0.0100000000000051
"2018-11-19 09:57:00",1923,-0.0100000000000051
"2018-11-19 09:58:00",2418,-0.019999999999996
"2018-11-19 09:59:00",5656,0
"2018-11-19 10:00:00",13251,0.0349999999999966
"2018-11-19 10:01:00",7794,0.00999999999999801
"2018-11-19 10:02:00",3600,-0.0349999999999966
"2018-11-19 10:03:00",10842,-0.100000000000001
"2018-11-19 10:04:00",8138,-0.00999999999999801
"2018-11-19 10:05:00",5363,0.0373999999999981
"2018-11-19 10:06:00",1969,-0.00739999999999696
"2018-11-19 10:07:00",3418,0.0300000000000011
"2018-11-19 10:08:00",7473,-0.00970000000000226
"2018-11-19 10:09:00",3200,-0.0352999999999994
"2018-11-19 10:10:00",5058,-0.0200000000000031
"2018-11-19 10:11:00",12820,0.0450000000000017
"2018-11-19 10:12:00",5068,0.00999999999999801
"2018-11-19 10:13:00",9029,-0.0599999999999952
"2018-11-19 10:14:00",2742,0.00999999999999801
"2018-11-19 10:15:00",6943,-0.0300000000000011
"2018-11-19 10:16:00",3531,-0.0399999999999991
"2018-11-19 10:17:00",7204,-0.00999999999999801
"2018-11-19 10:18:00",7277,-0.0200000000000031
"2018-11-19 10:19:00",5802,0
"2018-11-19 10:20:00",4394,0
"2018-11-19 10:21:00",10542,0.00999999999999801
"2018-11-19 10:22:00",4759,0.0400000000000063
"2018-11-19 10:23:00",4900,-0.0300000000000011
"2018-11-19 10:24:00",14714,-0.0800000000000054
"2018-11-19 10:25:00",7982,-0.029999999999994
"2018-11-19 10:26:00",11849,0.029999999999994
"2018-11-19 10:27:00",10211,0.0300000000000011
"2018-11-19 10:28:00",14409,0.015900000000002
"2018-11-19 10:29:00",26131,-0.0259
"2018-11-19 10:30:00",12100,-0.0300000000000011
"2018-11-19 10:31:00",6751,0.0200000000000031
"2018-11-19 10:32:00",6071,-0.00370000000000203
"2018-11-19 10:33:00",7500,-0.00130000000000052
"2018-11-19 10:34:00",31420,0.0649999999999977
"2018-11-19 10:35:00",14347,-0.00499999999999545
"2018-11-19 10:36:00",5900,-0.0700000000000003
"2018-11-19 10:37:00",3140,0.00499999999999545
"2018-11-19 10:38:00",3820,0.00500000000000256
"2018-11-19 10:39:00",3996,-0.0750000000000028
"2018-11-19 10:40:00",10146,-0.0499999999999972
"2018-11-19 10:41:00",1793,0.0300000000000011
"2018-11-19 10:42:00",3300,0.0399999999999991
"2018-11-19 10:43:00",1450,-0.0300000000000011
"2018-11-19 10:44:00",4385,0.0399999999999991
"2018-11-19 10:45:00",2315,0.0100000000000051
"2018-11-19 10:46:00",2703,-0.0400000000000063
"2018-11-19 10:47:00",1257,-0.029999999999994
"2018-11-19 10:48:00",2450,-0.0150000000000006
"2018-11-19 10:49:00",3802,0.0150000000000006
"2018-11-19 10:50:00",1720,0.029999999999994
"2018-11-19 10:51:00",3797,-0.0899999999999963
"2018-11-19 10:52:00",5347,0.0349999999999966
"2018-11-19 10:53:00",3238,-0.0449999999999946
"2018-11-19 10:54:00",3258,-0.0300000000000011
"2018-11-19 10:55:00",4950,0.026600000000002
"2018-11-19 10:56:00",2187,0.0533999999999963
"2018-11-19 10:57:00",1500,0.00999999999999801
"2018-11-19 10:58:00",3057,-0.0499999999999972
"2018-11-19 10:59:00",4598,0.00999999999999801
"2018-11-19 11:00:00",4851,-0.0300000000000011
"2018-11-19 11:01:00",1430,0.0166000000000039
"2018-11-19 11:02:00",3718,0.00339999999999918
"2018-11-19 11:03:00",3304,0
"2018-11-19 11:04:00",5295,-0.00999999999999801
"2018-11-19 11:05:00",1625,-0.0100000000000051
"2018-11-19 11:06:00",5046,-0.019999999999996
"2018-11-19 11:07:00",3700,-0.0666000000000011
"2018-11-19 11:08:00",4499,0.00659999999999883
"2018-11-19 11:09:00",2952,0.0500000000000043
"2018-11-19 11:10:00",3150,0.0670000000000002
"2018-11-19 11:11:00",3728,0.0429999999999993
"2018-11-19 11:12:00",3223,0.019999999999996
"2018-11-19 11:13:00",1715,-0.0399999999999991
"2018-11-19 11:14:00",3554,0.0249999999999986
"2018-11-19 11:15:00",3368,-0.00499999999999545
"2018-11-19 11:16:00",5627,0.0399999999999991
"2018-11-19 11:17:00",2126,0.00999999999999801
"2018-11-19 11:18:00",600,0
"2018-11-19 11:19:00",4297,0.00999999999999801
"2018-11-19 11:20:00",1800,0
"2018-11-19 11:21:00",3276,0.0100000000000051
"2018-11-19 11:22:00",5180,-0.0200000000000031
"2018-11-19 11:23:00",3400,-0.00999999999999801
"2018-11-19 11:24:00",5272,-0.0399999999999991
"2018-11-19 11:25:00",13280,0
"2018-11-19 11:26:00",6400,-0.0200000000000031
"2018-11-19 11:27:00",2204,0.00999999999999801
"2018-11-19 11:28:00",1511,0.0399999999999991
"2018-11-19 11:29:00",3400,0.0200000000000031
"2018-11-19 11:30:00",2576,-0.0499999999999972
"2018-11-19 11:31:00",1300,0.029999999999994
"2018-11-19 11:32:00",2900,-0.029999999999994
"2018-11-19 11:33:00",3422,-0.0200000000000031
"2018-11-19 11:34:00",4209,-0.00549999999999784
"2018-11-19 11:35:00",4029,0.025500000000001
"2018-11-19 11:36:00",3001,0.0499999999999972
"2018-11-19 11:37:00",2351,0.0399999999999991
"2018-11-19 11:38:00",4520,0.0300000000000011
"2018-11-19 11:39:00",4218,0.00999999999999801
"2018-11-19 11:40:00",4900,0
"2018-11-19 11:41:00",1200,0.0200000000000031
"2018-11-19 11:42:00",1300,0
"2018-11-19 11:43:00",1600,0.019999999999996
"2018-11-19 11:44:00",3043,-0.00999999999999801
"2018-11-19 11:45:00",4763,0.00999999999999801
"2018-11-19 11:46:00",4500,-0.0252999999999943
"2018-11-19 11:47:00",1400,-0.0147000000000048
"2018-11-19 11:48:00",3015,0.0300000000000011
"2018-11-19 11:49:00",4336,-0.019999999999996
"2018-11-19 11:50:00",4434,-0.0172000000000025
"2018-11-19 11:51:00",2402,-0.00280000000000058
"2018-11-19 11:52:00",16331,0.0300000000000011
"2018-11-19 11:53:00",2300,0.0499999999999972
"2018-11-19 11:54:00",2700,-0.0300000000000011
"2018-11-19 11:55:00",6350,-0.0499999999999972
"2018-11-19 11:56:00",3945,0.0200000000000031
"2018-11-19 11:57:00",1116,0.00499999999999545
"2018-11-19 11:58:00",6376,0.0249999999999986
"2018-11-19 11:59:00",4232,0.0100000000000051
"2018-11-19 12:00:00",1700,-0.0300000000000011
"2018-11-19 12:01:00",3105,-0.0200000000000031
"2018-11-19 12:02:00",1456,0.0200000000000031
"2018-11-19 12:03:00",5109,0.00999999999999801
"2018-11-19 12:04:00",2114,0.00359999999999872
"2018-11-19 12:05:00",980,0.0164000000000044
"2018-11-19 12:06:00",1509,0.00589999999999691
"2018-11-19 12:07:00",12372,-0.0758999999999972
"2018-11-19 12:08:00",3560,-0.0100000000000051
"2018-11-19 12:09:00",4874,-0.029999999999994
"2018-11-19 12:10:00",1400,0.0599999999999952
"2018-11-19 12:11:00",1620,0
"2018-11-19 12:12:00",2044,-0.00999999999999801
"2018-11-19 12:13:00",1500,0
"2018-11-19 12:14:00",2400,0.0176000000000016
"2018-11-19 12:15:00",1599,-0.0476000000000028
"2018-11-19 12:16:00",4169,0.00999999999999801
"2018-11-19 12:17:00",1802,-0.00499999999999545
"2018-11-19 12:18:00",2233,0.00499999999999545
"2018-11-19 12:19:00",4042,0.0500000000000043
"2018-11-19 12:20:00",1929,0.019999999999996
"2018-11-19 12:21:00",2042,-0.0298999999999978
"2018-11-19 12:22:00",3789,0.0099000000000018
"2018-11-19 12:23:00",1400,0.0300000000000011
"2018-11-19 12:24:00",1394,0
"2018-11-19 12:25:00",5228,-0.00840000000000174
"2018-11-19 12:26:00",3666,0.00339999999999918
"2018-11-19 12:27:00",1300,0.0350000000000037
"2018-11-19 12:28:00",1732,-0.0300000000000011
"2018-11-19 12:29:00",871,0
"2018-11-19 12:30:00",4483,0.019999999999996
"2018-11-19 12:31:00",8044,-0.0731999999999999
"2018-11-19 12:32:00",2824,0.0132000000000048
"2018-11-19 12:33:00",1900,0.00999999999999801
"2018-11-19 12:34:00",1750,-0.0200999999999993
"2018-11-19 12:35:00",5440,0.110099999999996
"2018-11-19 12:36:00",2957,0.0100000000000051
"2018-11-19 12:37:00",3329,0.00999999999999801
"2018-11-19 12:38:00",5926,0.00999999999999801
"2018-11-19 12:39:00",1200,0
"2018-11-19 12:40:00",3607,0.0200000000000031
"2018-11-19 12:41:00",1400,0
"2018-11-19 12:42:00",3406,-0.0100000000000051
"2018-11-19 12:43:00",6287,-0.019999999999996
"2018-11-19 12:44:00",6072,0.019999999999996
"2018-11-19 12:45:00",6286,0.0100000000000051
"2018-11-19 12:46:00",5909,-0.0700000000000003
"2018-11-19 12:47:00",1400,0
"2018-11-19 12:48:00",3011,-0.0221000000000018
"2018-11-19 12:49:00",2148,0.00189999999999912
"2018-11-19 12:50:00",2260,-0.0364999999999966
"2018-11-19 12:51:00",1638,-0.0200999999999993
"2018-11-19 12:52:00",1700,0.0367999999999995
"2018-11-19 12:53:00",2046,-0.0367000000000033
"2018-11-19 12:54:00",976,-0.0124999999999957
"2018-11-19 12:55:00",1922,-0.000800000000005241
"2018-11-19 12:56:00",1222,-0.00999999999999801
"2018-11-19 12:57:00",839,-0.00999999999999801
"2018-11-19 12:58:00",2300,-0.0200000000000031
"2018-11-19 12:59:00",3105,-0.00999999999999801
"2018-11-19 13:00:00",5058,-0.0399000000000029
"2018-11-19 13:01:00",1995,0.0099000000000018
"2018-11-19 13:02:00",4161,-0.0399999999999991
"2018-11-19 13:03:00",5131,0.0150000000000006
"2018-11-19 13:04:00",1309,-0.00500000000000256
"2018-11-19 13:05:00",1384,0.00999999999999801
"2018-11-19 13:06:00",1358,-0.0168999999999997
"2018-11-19 13:07:00",5603,-0.0381
"2018-11-19 13:08:00",6153,0
"2018-11-19 13:09:00",5644,0.0290000000000035
"2018-11-19 13:10:00",4000,-0.0240000000000009
"2018-11-19 13:11:00",4700,-0.019999999999996
"2018-11-19 13:12:00",2400,0.029999999999994
"2018-11-19 13:13:00",1200,0
"2018-11-19 13:14:00",2310,-0.00999999999999801
"2018-11-19 13:15:00",2200,-0.00999999999999801
"2018-11-19 13:16:00",1950,0.0399999999999991
"2018-11-19 13:17:00",2169,0.0499999999999972
"2018-11-19 13:18:00",2900,-0.019999999999996
"2018-11-19 13:19:00",1548,-0.0249999999999986
"2018-11-19 13:20:00",1563,0.0249999999999986
"2018-11-19 13:21:00",800,-0.0399999999999991
"2018-11-19 13:22:00",4162,-0.0250000000000057
"2018-11-19 13:23:00",1290,-0.00499999999999545
"2018-11-19 13:24:00",2527,0.0349999999999966
"2018-11-19 13:25:00",7918,0.0105000000000004
"2018-11-19 13:26:00",1850,0.0245000000000033
"2018-11-19 13:27:00",2762,0.00999999999999801
"2018-11-19 13:28:00",3881,0.104999999999997
"2018-11-19 13:29:00",1779,0.00650000000000261
"2018-11-19 13:30:00",2825,-0.00150000000000006
"2018-11-19 13:31:00",2053,-0.0499999999999972
"2018-11-19 13:32:00",2400,-0.0200000000000031
"2018-11-19 13:33:00",1163,0
"2018-11-19 13:34:00",2400,0.0700000000000003
"2018-11-19 13:35:00",2300,-0.0101000000000013
"2018-11-19 13:36:00",2963,-0.00989999999999469
"2018-11-19 13:37:00",1359,0
"2018-11-19 13:38:00",1331,0.029999999999994
"2018-11-19 13:39:00",6445,0.105000000000004
"2018-11-19 13:40:00",4936,0.00499999999999545
"2018-11-19 13:41:00",3270,-0.019999999999996
"2018-11-19 13:42:00",4711,0.00500000000000256
"2018-11-19 13:43:00",4135,-0.0549999999999997
"2018-11-19 13:44:00",2400,0
"2018-11-19 13:45:00",2744,-0.0300000000000011
"2018-11-19 13:46:00",7197,0.0399999999999991
"2018-11-19 13:47:00",2000,0
"2018-11-19 13:48:00",5700,0.00999999999999801
"2018-11-19 13:49:00",2003,-0.00999999999999801
"2018-11-19 13:50:00",26153,-0.0300000000000011
"2018-11-19 13:51:00",1000,0
"2018-11-19 13:52:00",3923,0.0399999999999991
"2018-11-19 13:53:00",1598,0.0063999999999993
"2018-11-19 13:54:00",7653,0.0335999999999999
"2018-11-19 13:55:00",2262,-0.0300000000000011
"2018-11-19 13:56:00",2941,-0.019999999999996
"2018-11-19 13:57:00",1270,-0.0200000000000031
"2018-11-19 13:58:00",5861,0.0600000000000023
"2018-11-19 13:59:00",1000,-0.00999999999999801
"2018-11-19 14:00:00",11961,-0.0500000000000043
"2018-11-19 14:01:00",2632,0
"2018-11-19 14:02:00",5830,0.0300000000000011
"2018-11-19 14:03:00",3057,0.0300000000000011
"2018-11-19 14:04:00",1753,0
"2018-11-19 14:05:00",2508,0.0249999999999986
"2018-11-19 14:06:00",1274,0.0249999999999986
"2018-11-19 14:07:00",1112,0.00680000000000547
"2018-11-19 14:08:00",4702,-0.0268000000000015
"2018-11-19 14:09:00",2292,-0.0299000000000049
"2018-11-19 14:10:00",2779,0.0099000000000018
"2018-11-19 14:11:00",6966,0.0600000000000023
"2018-11-19 14:12:00",7132,-0.0200000000000031
"2018-11-19 14:13:00",6287,0.0300000000000011
"2018-11-19 14:14:00",16655,-0.0296999999999983
"2018-11-19 14:15:00",7113,0.00970000000000226
"2018-11-19 14:16:00",1622,-0.0100000000000051
"2018-11-19 14:17:00",5979,-0.0298999999999978
"2018-11-19 14:18:00",4259,0.069899999999997
"2018-11-19 14:19:00",2985,-0.0399999999999991
"2018-11-19 14:20:00",2652,0.0200000000000031
"2018-11-19 14:21:00",10876,0.00999999999999801
"2018-11-19 14:22:00",19341,0.00999999999999801
"2018-11-19 14:23:00",1000,0.00500000000000256
"2018-11-19 14:24:00",2769,-0.0249999999999986
"2018-11-19 14:25:00",1638,-0.0300000000000011
"2018-11-19 14:26:00",2578,0.0300000000000011
"2018-11-19 14:27:00",1774,-0.0300000000000011
"2018-11-19 14:28:00",5557,-0.0549999999999997
"2018-11-19 14:29:00",1500,0.0450000000000017
"2018-11-19 14:30:00",8109,-0.0300000000000011
"2018-11-19 14:31:00",3424,0
"2018-11-19 14:32:00",3629,0
"2018-11-19 14:33:00",3011,-0.00500000000000256
"2018-11-19 14:34:00",3445,-0.0349999999999966
"2018-11-19 14:35:00",3774,0.019999999999996
"2018-11-19 14:36:00",5394,0
"2018-11-19 14:37:00",6085,-0.019999999999996
"2018-11-19 14:38:00",3441,0.019999999999996
"2018-11-19 14:39:00",5622,-0.029999999999994
"2018-11-19 14:40:00",5306,-0.0400000000000063
"2018-11-19 14:41:00",7987,-0.0150000000000006
"2018-11-19 14:42:00",8583,-0.00499999999999545
"2018-11-19 14:43:00",4609,0.019999999999996
"2018-11-19 14:44:00",6646,0.0150000000000006
"2018-11-19 14:45:00",10335,-0.00499999999999545
"2018-11-19 14:46:00",8506,-0.0146000000000015
"2018-11-19 14:47:00",8315,0.0146000000000015
"2018-11-19 14:48:00",8433,0.00999999999999801
"2018-11-19 14:49:00",10339,-0.00999999999999801
"2018-11-19 14:50:00",4966,-0.0300000000000011
"2018-11-19 14:51:00",9618,0.00999999999999801
"2018-11-19 14:52:00",8629,0.0099000000000018
"2018-11-19 14:53:00",12850,-0.0198999999999998
"2018-11-19 14:54:00",20102,0.00999999999999801
"2018-11-19 14:55:00",12216,0.0257000000000005
"2018-11-19 14:56:00",8746,0.0142999999999986
"2018-11-19 14:57:00",5456,0.0100000000000051
"2018-11-19 14:58:00",15022,0.0249999999999986
"2018-11-19 14:59:00",29182,0.0649999999999977
"2018-11-19 15:02:00",47583,0
"2018-11-19 15:15:00",0,0
"2018-11-20 08:30:00",81317,-1.06
"2018-11-20 08:31:00",22111,0.0399999999999991
"2018-11-20 08:32:00",17787,0.0500000000000043
"2018-11-20 08:33:00",26887,0.00999999999999801
"2018-11-20 08:34:00",21114,0
"2018-11-20 08:35:00",10320,-0.0399999999999991
"2018-11-20 08:36:00",20239,-0.0399999999999991
"2018-11-20 08:37:00",23634,0.00999999999999801
"2018-11-20 08:38:00",25734,0.0300000000000011
"2018-11-20 08:39:00",15140,0.0799999999999983
"2018-11-20 08:40:00",13097,0
"2018-11-20 08:41:00",10202,0.100000000000001
"2018-11-20 08:42:00",10253,-0.0600000000000023
"2018-11-20 08:43:00",8524,-0.0499999999999972
"2018-11-20 08:44:00",10731,0.0200000000000031
"2018-11-20 08:45:00",9940,-0.0250000000000057
"2018-11-20 08:46:00",10000,-0.0150000000000006
"2018-11-20 08:47:00",16154,-0.0499999999999972
"2018-11-20 08:48:00",5605,-0.0150000000000006
"2018-11-20 08:49:00",7000,0.0249999999999986
"2018-11-20 08:50:00",6353,-0.0499999999999972
"2018-11-20 08:51:00",7894,-0.0399999999999991
"2018-11-20 08:52:00",5498,-0.0630999999999986
"2018-11-20 08:53:00",21343,-0.0269000000000048
"2018-11-20 08:54:00",19941,-0.0899999999999963
"2018-11-20 08:55:00",5900,-0.0100000000000051
"2018-11-20 08:56:00",76067,-0.139999999999993
"2018-11-20 08:57:00",13700,0.0499999999999972
"2018-11-20 08:58:00",12183,0.0700000000000003
"2018-11-20 08:59:00",16896,-0.0150000000000006
"2018-11-20 09:00:00",32817,-0.0249999999999986
"2018-11-20 09:01:00",11243,0.0549999999999997
"2018-11-20 09:02:00",14451,-0.140000000000001
"2018-11-20 09:03:00",18367,-0.00500000000000256
"2018-11-20 09:04:00",21620,-0.0850000000000009
"2018-11-20 09:05:00",8190,-0.0660999999999987
"2018-11-20 09:06:00",20824,0.0260999999999996
"2018-11-20 09:07:00",12024,-0.114999999999995
"2018-11-20 09:08:00",57788,0.0149999999999935
"2018-11-20 09:09:00",18536,-0.104999999999997
"2018-11-20 09:10:00",24582,0
"2018-11-20 09:11:00",16983,-0.0230000000000032
"2018-11-20 09:12:00",16281,-0.0269999999999939
"2018-11-20 09:13:00",19723,0.0700000000000003
"2018-11-20 09:14:00",26113,-0.160000000000004
"2018-11-20 09:15:00",18979,0.0799999999999983
"2018-11-20 09:16:00",21318,-0.00999999999999801
"2018-11-20 09:17:00",37377,0.130000000000003
"2018-11-20 09:18:00",24102,0.019999999999996
"2018-11-20 09:19:00",15225,0.0200000000000031
"2018-11-20 09:20:00",22575,-0.0600000000000023
"2018-11-20 09:21:00",22341,0.0549999999999997
"2018-11-20 09:22:00",15987,0.00500000000000256
"2018-11-20 09:23:00",20799,0.100000000000001
"2018-11-20 09:24:00",20281,0.00999999999999801
"2018-11-20 09:25:00",12452,-0.00999999999999801
"2018-11-20 09:26:00",16060,0
"2018-11-20 09:27:00",7591,-0.0500000000000043
"2018-11-20 09:28:00",11005,0.0200000000000031
"2018-11-20 09:29:00",17163,0.0300000000000011
"2018-11-20 09:30:00",14934,-0.0200000000000031
"2018-11-20 09:31:00",9760,0.0700000000000003
"2018-11-20 09:32:00",15427,0.00999999999999801
"2018-11-20 09:33:00",11530,-0.0599999999999952
"2018-11-20 09:34:00",12910,-0.0100000000000051
"2018-11-20 09:35:00",8159,0.0700000000000003
"2018-11-20 09:36:00",9651,0.0600000000000023
"2018-11-20 09:37:00",16778,0.0600000000000023
"2018-11-20 09:38:00",15585,0.0899999999999963
"2018-11-20 09:39:00",21860,-0.0300000000000011
"2018-11-20 09:40:00",25591,-0.0399999999999991
"2018-11-20 09:41:00",27193,0.0100000000000051
"2018-11-20 09:42:00",6014,0.069899999999997
"2018-11-20 09:43:00",9280,-0.0198999999999998
"2018-11-20 09:44:00",5228,-0.0300000000000011
"2018-11-20 09:45:00",7655,-0.0499999999999972
"2018-11-20 09:46:00",8539,0.019999999999996
"2018-11-20 09:47:00",6777,-0.0533999999999963
"2018-11-20 09:48:00",5443,-0.0166000000000039
"2018-11-20 09:49:00",11435,0.0700000000000003
"2018-11-20 09:50:00",6425,0.0699000000000041
"2018-11-20 09:51:00",14322,0.0700999999999965
"2018-11-20 09:52:00",15795,0.0692000000000021
"2018-11-20 09:53:00",18180,0.0407999999999973
"2018-11-20 09:54:00",9216,0.0300000000000011
"2018-11-20 09:55:00",15260,0.0200000000000031
"2018-11-20 09:56:00",6369,-0.0350000000000037
"2018-11-20 09:57:00",10490,0.0150000000000006
"2018-11-20 09:58:00",8451,0.0499000000000009
"2018-11-20 09:59:00",9116,-0.0298999999999978
"2018-11-20 10:00:00",5529,0.0799999999999983
"2018-11-20 10:01:00",10190,-0.0300000000000011
"2018-11-20 10:02:00",12275,-0.0649999999999977
"2018-11-20 10:03:00",5715,-0.0750000000000028
"2018-11-20 10:04:00",4851,-0.0499999999999972
"2018-11-20 10:05:00",20261,-0.0200000000000031
"2018-11-20 10:06:00",9846,0.100000000000001
"2018-11-20 10:07:00",4041,-0.00999999999999801
"2018-11-20 10:08:00",4314,0.0399999999999991
"2018-11-20 10:09:00",5592,0.0249999999999986
"2018-11-20 10:10:00",8408,0.0349999999999966
"2018-11-20 10:11:00",8412,0
"2018-11-20 10:12:00",4665,-0.0733999999999995
"2018-11-20 10:13:00",9087,-0.00659999999999883
"2018-11-20 10:14:00",9217,-0.0549999999999997
"2018-11-20 10:15:00",26572,-0.0450000000000017
"2018-11-20 10:16:00",5675,0.0200000000000031
"2018-11-20 10:17:00",5283,-0.0399999999999991
"2018-11-20 10:18:00",4682,-0.00999999999999801
"2018-11-20 10:19:00",9110,-0.0450000000000017
"2018-11-20 10:20:00",7051,0.0249999999999986
"2018-11-20 10:21:00",8837,-0.00999999999999801
"2018-11-20 10:22:00",8391,0.0499999999999972
"2018-11-20 10:23:00",4654,-0.0249999999999986
"2018-11-20 10:24:00",5365,-0.104999999999997
"2018-11-20 10:25:00",5435,0.00999999999999801
"2018-11-20 10:26:00",6391,-0.00999999999999801
"2018-11-20 10:27:00",8362,-0.0400000000000063
"2018-11-20 10:28:00",11127,0.0400000000000063
"2018-11-20 10:29:00",10133,-0.0400000000000063
"2018-11-20 10:30:00",6288,0.0100000000000051
"2018-11-20 10:31:00",10202,0.019999999999996
"2018-11-20 10:32:00",8484,-0.00999999999999801
"2018-11-20 10:33:00",29642,0.00999999999999801
"2018-11-20 10:34:00",47551,0.0100000000000051
"2018-11-20 10:35:00",19079,-0.0300000000000011
"2018-11-20 10:36:00",6317,0.0300000000000011
"2018-11-20 10:37:00",13068,-0.0390000000000015
"2018-11-20 10:38:00",5110,0.0489999999999995
"2018-11-20 10:39:00",11356,0.0499999999999972
"2018-11-20 10:40:00",4934,-0.0300000000000011
"2018-11-20 10:41:00",11157,-0.0399999999999991
"2018-11-20 10:42:00",3752,0.0500000000000043
"2018-11-20 10:43:00",8179,-0.0150000000000006
"2018-11-20 10:44:00",3769,-0.0150000000000006
"2018-11-20 10:45:00",10513,0.0154999999999959
"2018-11-20 10:46:00",3121,0.00450000000000017
"2018-11-20 10:47:00",2310,-0.0347999999999971
"2018-11-20 10:48:00",13180,-0.0352000000000032
"2018-11-20 10:49:00",5731,-0.0499999999999972
"2018-11-20 10:50:00",21210,-0.00999999999999801
"2018-11-20 10:51:00",12912,-0.0500000000000043
"2018-11-20 10:52:00",5500,-0.0399999999999991
"2018-11-20 10:53:00",10730,0.0399999999999991
"2018-11-20 10:54:00",8135,-0.00999999999999801
"2018-11-20 10:55:00",5947,0.0750000000000028
"2018-11-20 10:56:00",7500,0.0349999999999966
"2018-11-20 10:57:00",7405,-0.0700000000000003
"2018-11-20 10:58:00",8699,0.00500000000000256
"2018-11-20 10:59:00",5240,0.0249999999999986
"2018-11-20 11:00:00",5958,-0.0101000000000013
"2018-11-20 11:01:00",3940,0.00010000000000332
"2018-11-20 11:02:00",8269,-0.0750000000000028
"2018-11-20 11:03:00",5107,0.0913000000000039
"2018-11-20 11:04:00",8826,0.0236999999999981
"2018-11-20 11:05:00",6529,-0.0649999999999977
"2018-11-20 11:06:00",4584,-0.0450000000000017
"2018-11-20 11:07:00",6699,-0.013300000000001
"2018-11-20 11:08:00",100758,0.153300000000002
"2018-11-20 11:09:00",10882,-0.0200000000000031
"2018-11-20 11:10:00",3900,-0.0399999999999991
"2018-11-20 11:11:00",15743,0.0300000000000011
"2018-11-20 11:12:00",9289,0.0399999999999991
"2018-11-20 11:13:00",6348,-0.0600000000000023
"2018-11-20 11:14:00",4156,0.0300000000000011
"2018-11-20 11:15:00",10397,-0.0300000000000011
"2018-11-20 11:16:00",3583,0.0200000000000031
"2018-11-20 11:17:00",8277,0.00499999999999545
"2018-11-20 11:18:00",2481,-0.0449999999999946
"2018-11-20 11:19:00",24681,0.0399999999999991
"2018-11-20 11:20:00",9062,0.0300000000000011
"2018-11-20 11:21:00",3464,-0.0399999999999991
"2018-11-20 11:22:00",2800,-0.0035000000000025
"2018-11-20 11:23:00",3100,0.0135000000000005
"2018-11-20 11:24:00",5307,0.0228999999999999
"2018-11-20 11:25:00",22547,0.0670999999999964
"2018-11-20 11:26:00",11199,-0.0499999999999972
"2018-11-20 11:27:00",7832,0.0799999999999983
"2018-11-20 11:28:00",5965,-0.0399999999999991
"2018-11-20 11:29:00",18165,0.0300000000000011
"2018-11-20 11:30:00",4842,-0.0200000000000031
"2018-11-20 11:31:00",3694,0.0140999999999991
"2018-11-20 11:32:00",2140,0.0113000000000056
"2018-11-20 11:33:00",4684,-0.0153999999999996
"2018-11-20 11:34:00",4062,-0.0500000000000043
"2018-11-20 11:35:00",12034,0.0399999999999991
"2018-11-20 11:36:00",7362,0
"2018-11-20 11:37:00",5003,-0.0499999999999972
"2018-11-20 11:38:00",1375,0
"2018-11-20 11:39:00",3185,0
"2018-11-20 11:40:00",1433,-0.0041000000000011
"2018-11-20 11:41:00",3178,0.0241000000000042
"2018-11-20 11:42:00",2359,0.029999999999994
"2018-11-20 11:43:00",2675,-0.0353999999999957
"2018-11-20 11:44:00",4456,-0.029200000000003
"2018-11-20 11:45:00",3269,-0.0291999999999959
"2018-11-20 11:46:00",5341,-0.066200000000002
"2018-11-20 11:47:00",2747,-0.00999999999999801
"2018-11-20 11:48:00",2400,0.029999999999994
"2018-11-20 11:49:00",2824,0.0100000000000051
"2018-11-20 11:50:00",2407,0.0300000000000011
"2018-11-20 11:51:00",3694,0
"2018-11-20 11:52:00",4012,0.0249999999999986
"2018-11-20 11:53:00",2700,-0.0350000000000037
"2018-11-20 11:54:00",2300,-0.00999999999999801
"2018-11-20 11:55:00",3434,-0.0200000000000031
"2018-11-20 11:56:00",4587,-0.0399999999999991
"2018-11-20 11:57:00",3719,0.0100000000000051
"2018-11-20 11:58:00",2200,-0.0400000000000063
"2018-11-20 11:59:00",4150,-0.00999999999999801
"2018-11-20 12:00:00",2388,-0.00999999999999801
"2018-11-20 12:01:00",2603,0.00999999999999801
"2018-11-20 12:02:00",4970,-0.0700000000000003
"2018-11-20 12:03:00",7325,0.00590000000000401
"2018-11-20 12:04:00",4395,0.00909999999999656
"2018-11-20 12:05:00",4617,0.0549999999999997
"2018-11-20 12:06:00",1656,-0.0399999999999991
"2018-11-20 12:07:00",4092,-0.0300000000000011
"2018-11-20 12:08:00",2553,0.0200000000000031
"2018-11-20 12:09:00",3247,0.00999999999999801
"2018-11-20 12:10:00",9019,-0.00450000000000017
"2018-11-20 12:11:00",2348,-0.0313999999999979
"2018-11-20 12:12:00",8707,-0.0585000000000022
"2018-11-20 12:13:00",7706,0.034399999999998
"2018-11-20 12:14:00",3543,0
"2018-11-20 12:15:00",3600,-0.019999999999996
"2018-11-20 12:16:00",5100,-0.0300000000000011
"2018-11-20 12:17:00",7297,0.0110000000000028
"2018-11-20 12:18:00",6741,-0.00100000000000477
"2018-11-20 12:19:00",21279,-0.0349999999999966
"2018-11-20 12:20:00",11747,0.0349999999999966
"2018-11-20 12:21:00",11884,-0.0300000000000011
"2018-11-20 12:22:00",10783,0.0200000000000031
"2018-11-20 12:23:00",16342,-0.0150000000000006
"2018-11-20 12:24:00",17290,-0.0103999999999971
"2018-11-20 12:25:00",12165,0.0253999999999976
"2018-11-20 12:26:00",4406,0.0300000000000011
"2018-11-20 12:27:00",3157,-0.0300000000000011
"2018-11-20 12:28:00",1293,0.0499999999999972
"2018-11-20 12:29:00",2536,-0.00999999999999801
"2018-11-20 12:30:00",2082,-0.00999999999999801
"2018-11-20 12:31:00",3336,-0.00999999999999801
"2018-11-20 12:32:00",2680,0.029999999999994
"2018-11-20 12:33:00",3237,0.0200000000000031
"2018-11-20 12:34:00",3756,0.0200000000000031
"2018-11-20 12:35:00",4188,-0.0400000000000063
"2018-11-20 12:36:00",4496,-0.0399999999999991
"2018-11-20 12:37:00",17475,-0.0349999999999966
"2018-11-20 12:38:00",5944,0.00499999999999545
"2018-11-20 12:39:00",3202,0.0100000000000051
"2018-11-20 12:40:00",4820,0.00999999999999801
"2018-11-20 12:41:00",16200,-0.00500000000000256
"2018-11-20 12:42:00",8114,0.0150000000000006
"2018-11-20 12:43:00",14784,-0.019999999999996
"2018-11-20 12:44:00",7418,-0.0301000000000045
"2018-11-20 12:45:00",11427,-0.0198999999999998
"2018-11-20 12:46:00",6780,-0.019999999999996
"2018-11-20 12:47:00",3053,-0.0100000000000051
"2018-11-20 12:48:00",4203,0.0100000000000051
"2018-11-20 12:49:00",8297,0
"2018-11-20 12:50:00",3634,0.0152000000000001
"2018-11-20 12:51:00",3358,-0.00520000000000209
"2018-11-20 12:52:00",7452,0.0200000000000031
"2018-11-20 12:53:00",3061,-0.0100000000000051
"2018-11-20 12:54:00",2769,0.0200000000000031
"2018-11-20 12:55:00",2435,-0.0200000000000031
"2018-11-20 12:56:00",2642,-0.00300000000000011
"2018-11-20 12:57:00",3424,0.00300000000000011
"2018-11-20 12:58:00",2970,0.0100000000000051
"2018-11-20 12:59:00",6063,-0.0500000000000043
"2018-11-20 13:00:00",8220,-0.00999999999999801
"2018-11-20 13:01:00",3022,-0.0234000000000023
"2018-11-20 13:02:00",5161,-0.00669999999999504
"2018-11-20 13:03:00",7373,0.0200999999999993
"2018-11-20 13:04:00",9699,-0.0300000000000011
"2018-11-20 13:05:00",13187,-0.0399999999999991
"2018-11-20 13:06:00",21748,0.0399999999999991
"2018-11-20 13:07:00",17181,-0.0500000000000043
"2018-11-20 13:08:00",9187,-0.00999999999999801
"2018-11-20 13:09:00",6835,0.00500000000000256
"2018-11-20 13:10:00",6879,0.0649999999999977
"2018-11-20 13:11:00",9423,0.0399999999999991
"2018-11-20 13:12:00",2242,-0.00999999999999801
"2018-11-20 13:13:00",3501,-0.00999999999999801
"2018-11-20 13:14:00",6042,0.0499999999999972
"2018-11-20 13:15:00",6944,0.0200000000000031
"2018-11-20 13:16:00",4989,-0.0250000000000057
"2018-11-20 13:17:00",7545,0.00820000000000221
"2018-11-20 13:18:00",5233,0.00679999999999836
"2018-11-20 13:19:00",4702,-0.019999999999996
"2018-11-20 13:20:00",8158,-0.0200000000000031
"2018-11-20 13:21:00",8241,-0.019999999999996
"2018-11-20 13:22:00",2853,-0.0300000000000011
"2018-11-20 13:23:00",2519,-0.0399999999999991
"2018-11-20 13:24:00",4719,0.0599999999999952
"2018-11-20 13:25:00",3797,0.0700000000000003
"2018-11-20 13:26:00",4304,-0.0499999999999972
"2018-11-20 13:27:00",5815,-0.0300000000000011
"2018-11-20 13:28:00",2610,0
"2018-11-20 13:29:00",3145,0.00999999999999801
"2018-11-20 13:30:00",2600,0.044700000000006
"2018-11-20 13:31:00",4269,0.0252999999999943
"2018-11-20 13:32:00",6165,0.0900000000000034
"2018-11-20 13:33:00",6068,-0.00999999999999801
"2018-11-20 13:34:00",12084,0.0527999999999977
"2018-11-20 13:35:00",4974,0.0172000000000025
"2018-11-20 13:36:00",4416,-0.0366
"2018-11-20 13:37:00",3409,-0.0234000000000023
"2018-11-20 13:38:00",4343,-0.0300000000000011
"2018-11-20 13:39:00",5995,-0.0146999999999977
"2018-11-20 13:40:00",3310,0.0046999999999997
"2018-11-20 13:41:00",3227,-0.0399999999999991
"2018-11-20 13:42:00",4633,-0.0400000000000063
"2018-11-20 13:43:00",4048,-0.019999999999996
"2018-11-20 13:44:00",6713,-0.00560000000000116
"2018-11-20 13:45:00",2551,0.0356000000000023
"2018-11-20 13:46:00",7650,-0.0566000000000031
"2018-11-20 13:47:00",11885,0.0416000000000025
"2018-11-20 13:48:00",1684,-0.0150000000000006
"2018-11-20 13:49:00",3553,0
"2018-11-20 13:50:00",4231,-0.00679999999999836
"2018-11-20 13:51:00",3975,-0.00319999999999965
"2018-11-20 13:52:00",6390,0.029999999999994
"2018-11-20 13:53:00",6167,-0.0699999999999932
"2018-11-20 13:54:00",4991,-0.0300000000000011
"2018-11-20 13:55:00",3271,0.00999999999999801
"2018-11-20 13:56:00",3657,-0.00999999999999801
"2018-11-20 13:57:00",8871,0.00989999999999469
"2018-11-20 13:58:00",15702,0.00010000000000332
"2018-11-20 13:59:00",4410,0
"2018-11-20 14:00:00",4428,0.0200000000000031
"2018-11-20 14:01:00",5444,-0.0350000000000037
"2018-11-20 14:02:00",5899,-0.0249999999999986
"2018-11-20 14:03:00",16652,-0.0700000000000003
"2018-11-20 14:04:00",14009,0
"2018-11-20 14:05:00",7084,-0.0549999999999997
"2018-11-20 14:06:00",12745,-0.0150000000000006
"2018-11-20 14:07:00",6199,0.0499999999999972
"2018-11-20 14:08:00",6291,0.00110000000000099
"2018-11-20 14:09:00",5547,0.0289000000000001
"2018-11-20 14:10:00",10759,-0.0124999999999957
"2018-11-20 14:11:00",7497,0.00249999999999773
"2018-11-20 14:12:00",8298,0.019999999999996
"2018-11-20 14:13:00",16939,0.0200000000000031
"2018-11-20 14:14:00",6079,-0.0399999999999991
"2018-11-20 14:15:00",13069,0.0899999999999963
"2018-11-20 14:16:00",5908,0.0400000000000063
"2018-11-20 14:17:00",6136,0.019999999999996
"2018-11-20 14:18:00",4821,-0.019999999999996
"2018-11-20 14:19:00",31897,0
"2018-11-20 14:20:00",10841,0.029999999999994
"2018-11-20 14:21:00",5985,-0.019999999999996
"2018-11-20 14:22:00",4135,0.00999999999999801
"2018-11-20 14:23:00",8710,0
"2018-11-20 14:24:00",9784,0.00999999999999801
"2018-11-20 14:25:00",8494,-0.0170999999999992
"2018-11-20 14:26:00",7327,0.0350999999999999
"2018-11-20 14:27:00",9697,0.0519999999999996
"2018-11-20 14:28:00",57105,0.100000000000001
"2018-11-20 14:29:00",13036,-0.0499999999999972
"2018-11-20 14:30:00",9716,0.00999999999999801
"2018-11-20 14:31:00",10393,-0.0499999999999972
"2018-11-20 14:32:00",4050,0.0399999999999991
"2018-11-20 14:33:00",11230,-0.0200000000000031
"2018-11-20 14:34:00",12907,0.0300000000000011
"2018-11-20 14:35:00",6288,0.0300000000000011
"2018-11-20 14:36:00",5859,-0.0200000000000031
"2018-11-20 14:37:00",9973,0.0100000000000051
"2018-11-20 14:38:00",11167,-0.0100000000000051
"2018-11-20 14:39:00",19489,0.0300000000000011
"2018-11-20 14:40:00",9120,-0.019999999999996
"2018-11-20 14:41:00",12368,-0.0400000000000063
"2018-11-20 14:42:00",9444,-0.019999999999996
"2018-11-20 14:43:00",12939,-0.0300000000000011
"2018-11-20 14:44:00",15900,0.0150000000000006
"2018-11-20 14:45:00",27304,0.0200000000000031
"2018-11-20 14:46:00",10328,0.0149999999999935
"2018-11-20 14:47:00",10843,-0.0399999999999991
"2018-11-20 14:48:00",9115,0.0200000000000031
"2018-11-20 14:49:00",12520,-0.00500000000000256
"2018-11-20 14:50:00",12712,0.0450000000000017
"2018-11-20 14:51:00",9882,-0.0450000000000017
"2018-11-20 14:52:00",10220,-0.00999999999999801
"2018-11-20 14:53:00",15203,-0.0399999999999991
"2018-11-20 14:54:00",16256,0.0150000000000006
"2018-11-20 14:55:00",13843,0.0300000000000011
"2018-11-20 14:56:00",24381,0.0335999999999999
"2018-11-20 14:57:00",29889,0.0263999999999953
"2018-11-20 14:58:00",20263,-0.019999999999996
"2018-11-20 14:59:00",27648,-0.0200000000000031
"2018-11-20 15:02:00",73227,-0.00999999999999801
"2018-11-20 15:15:00",0,0
"2018-11-21 08:30:00",92316,1.27
"2018-11-21 08:31:00",40351,0.110000000000007
"2018-11-21 08:32:00",31426,-0.160000000000004
"2018-11-21 08:33:00",14595,0.00999999999999801
"2018-11-21 08:34:00",10157,0.0399999999999991
"2018-11-21 08:35:00",18962,-0.00499999999999545
"2018-11-21 08:36:00",12842,0.0349999999999966
"2018-11-21 08:37:00",11529,0.0200000000000031
"2018-11-21 08:38:00",4400,-0.0600000000000023
"2018-11-21 08:39:00",18544,0.0900000000000034
"2018-11-21 08:40:00",15317,-0.0600000000000023
"2018-11-21 08:41:00",7030,-0.0399999999999991
"2018-11-21 08:42:00",6954,0.0450000000000017
"2018-11-21 08:43:00",6802,0.0150000000000006
"2018-11-21 08:44:00",6770,0
"2018-11-21 08:45:00",6508,0.0399999999999991
"2018-11-21 08:46:00",10631,-0.0200999999999993
"2018-11-21 08:47:00",13222,-0.0198999999999998
"2018-11-21 08:48:00",25219,0.00999999999999801
"2018-11-21 08:49:00",52069,-0.0350000000000037
"2018-11-21 08:50:00",12515,-0.00499999999999545
"2018-11-21 08:51:00",11634,-0.0166000000000039
"2018-11-21 08:52:00",13856,0.0566000000000031
"2018-11-21 08:53:00",1900,-0.0200000000000031
"2018-11-21 08:54:00",9067,-0.0449999999999946
"2018-11-21 08:55:00",9600,0.0149999999999935
"2018-11-21 08:56:00",5500,0
"2018-11-21 08:57:00",16811,0.0300000000000011
"2018-11-21 08:58:00",13344,-0.0399999999999991
"2018-11-21 08:59:00",18003,0.00999999999999801
"2018-11-21 09:00:00",46315,0.0300000000000011
"2018-11-21 09:01:00",5715,-0.00999999999999801
"2018-11-21 09:02:00",15845,0.00500000000000256
"2018-11-21 09:03:00",15030,0.0150000000000006
"2018-11-21 09:04:00",10299,0.00999999999999801
"2018-11-21 09:05:00",2052,-0.0200000000000031
"2018-11-21 09:06:00",9241,-0.0499999999999972
"2018-11-21 09:07:00",11899,0.00999999999999801
"2018-11-21 09:08:00",2821,-0.0300000000000011
"2018-11-21 09:09:00",3137,0
"2018-11-21 09:10:00",6491,0.0198999999999998
"2018-11-21 09:11:00",7965,-0.0499000000000009
"2018-11-21 09:12:00",3359,-0.0203999999999951
"2018-11-21 09:13:00",6551,0.0503999999999962
"2018-11-21 09:14:00",2100,0.0200000000000031
"2018-11-21 09:15:00",7664,0.0399999999999991
"2018-11-21 09:16:00",3299,0.0300000000000011
"2018-11-21 09:17:00",12514,0.0600000000000023
"2018-11-21 09:18:00",9780,-0.0800000000000054
"2018-11-21 09:19:00",2200,0.0100000000000051
"2018-11-21 09:20:00",6267,-0.0600000000000023
"2018-11-21 09:21:00",5491,0.0600000000000023
"2018-11-21 09:22:00",12869,0.019999999999996
"2018-11-21 09:23:00",7228,-0.0499999999999972
"2018-11-21 09:24:00",2556,0.0499999999999972
"2018-11-21 09:25:00",5614,0
"2018-11-21 09:26:00",3169,-0.019999999999996
"2018-11-21 09:27:00",2479,0.00999999999999801
"2018-11-21 09:28:00",3263,0.00999999999999801
"2018-11-21 09:29:00",23797,-0.0399999999999991
"2018-11-21 09:30:00",11479,-0.0399999999999991
"2018-11-21 09:31:00",11806,0.0501999999999967
"2018-11-21 09:32:00",4613,-0.0351999999999961
"2018-11-21 09:33:00",15174,-0.0650000000000048
"2018-11-21 09:34:00",6800,-0.0149999999999935
"2018-11-21 09:35:00",7927,-0.0250000000000057
"2018-11-21 09:36:00",14288,-0.00999999999999801
"2018-11-21 09:37:00",5530,0.0399999999999991
"2018-11-21 09:38:00",9152,0.0450000000000017
"2018-11-21 09:39:00",11633,0.0249999999999986
"2018-11-21 09:40:00",7951,0.0300000000000011
"2018-11-21 09:41:00",5097,-0.0200000000000031
"2018-11-21 09:42:00",4492,-0.0599999999999952
"2018-11-21 09:43:00",2600,-0.0300000000000011
"2018-11-21 09:44:00",7222,0.00999999999999801
"2018-11-21 09:45:00",2429,0
"2018-11-21 09:46:00",4044,0
"2018-11-21 09:47:00",3200,0.00999999999999801
"2018-11-21 09:48:00",1776,0.00500000000000256
"2018-11-21 09:49:00",3050,-0.0150000000000006
"2018-11-21 09:50:00",1000,-0.00999999999999801
"2018-11-21 09:51:00",5033,-0.0249999999999986
"2018-11-21 09:52:00",13325,0.0249999999999986
"2018-11-21 09:53:00",3940,0.019999999999996
"2018-11-21 09:54:00",14947,-0.00999999999999801
"2018-11-21 09:55:00",14224,0.0200000000000031
"2018-11-21 09:56:00",3863,-0.0649000000000015
"2018-11-21 09:57:00",5907,0.0148999999999972
"2018-11-21 09:58:00",6321,-0.00999999999999801
"2018-11-21 09:59:00",3544,-0.019999999999996
"2018-11-21 10:00:00",4944,0.0499999999999972
"2018-11-21 10:01:00",7356,0.00999999999999801
"2018-11-21 10:02:00",5105,0.0399999999999991
"2018-11-21 10:03:00",3831,0.0500000000000043
"2018-11-21 10:04:00",3892,0.019999999999996
"2018-11-21 10:05:00",8011,-0.00999999999999801
"2018-11-21 10:06:00",2802,0.0150000000000006
"2018-11-21 10:07:00",18394,0.0300000000000011
"2018-11-21 10:08:00",2848,-0.0166000000000039
"2018-11-21 10:09:00",11061,0.0116000000000014
"2018-11-21 10:10:00",2760,0.0200000000000031
"2018-11-21 10:11:00",4871,0.0599999999999952
"2018-11-21 10:12:00",10101,0.0399999999999991
"2018-11-21 10:13:00",9377,-0.00999999999999801
"2018-11-21 10:14:00",26640,-0.0150000000000006
"2018-11-21 10:15:00",12611,0.0150000000000006
"2018-11-21 10:16:00",8334,0.0500000000000043
"2018-11-21 10:17:00",2367,0.019999999999996
"2018-11-21 10:18:00",7298,0.0200000000000031
"2018-11-21 10:19:00",11077,0.0300000000000011
"2018-11-21 10:20:00",6106,0.0149999999999935
"2018-11-21 10:21:00",8039,-0.0349999999999966
"2018-11-21 10:22:00",7355,-0.0200000000000031
"2018-11-21 10:23:00",13431,0.0600000000000023
"2018-11-21 10:24:00",11221,-0.0426000000000002
"2018-11-21 10:25:00",5453,0.00260000000000105
"2018-11-21 10:26:00",4827,-0.0349999999999966
"2018-11-21 10:27:00",13958,-0.00500000000000256
"2018-11-21 10:28:00",11796,0.0649999999999977
"2018-11-21 10:29:00",14367,0.0350000000000037
"2018-11-21 10:30:00",4743,0.0300000000000011
"2018-11-21 10:31:00",2790,0
"2018-11-21 10:32:00",7945,0.029999999999994
"2018-11-21 10:33:00",2800,-0.00999999999999801
"2018-11-21 10:34:00",4909,-0.0300000000000011
"2018-11-21 10:35:00",5615,0.0846000000000018
"2018-11-21 10:36:00",9675,0.0153999999999996
"2018-11-21 10:37:00",12481,-0.0200000000000031
"2018-11-21 10:38:00",13561,0.00100000000000477
"2018-11-21 10:39:00",14074,0.0339999999999989
"2018-11-21 10:40:00",10993,0.00500000000000256
"2018-11-21 10:41:00",2324,-0.0300000000000011
"2018-11-21 10:42:00",5904,0.0300000000000011
"2018-11-21 10:43:00",3206,0.00999999999999801
"2018-11-21 10:44:00",3894,-0.0300000000000011
"2018-11-21 10:45:00",11938,-0.00999999999999801
"2018-11-21 10:46:00",7454,0
"2018-11-21 10:47:00",20034,0.0150000000000006
"2018-11-21 10:48:00",7735,0.0549999999999997
"2018-11-21 10:49:00",5471,-0.0240000000000009
"2018-11-21 10:50:00",4300,-0.0360000000000014
"2018-11-21 10:51:00",6676,0.0150000000000006
"2018-11-21 10:52:00",4445,-0.00500000000000256
"2018-11-21 10:53:00",3720,0.0399999999999991
"2018-11-21 10:54:00",5938,0.0350000000000037
"2018-11-21 10:55:00",6934,-0.0249999999999986
"2018-11-21 10:56:00",8793,0.0300000000000011
"2018-11-21 10:57:00",16304,0
"2018-11-21 10:58:00",12424,0.0700000000000003
"2018-11-21 10:59:00",4624,-0.0200000000000031
"2018-11-21 11:00:00",1900,0.0165000000000006
"2018-11-21 11:01:00",3141,-0.0165000000000006
"2018-11-21 11:02:00",4775,-0.00999999999999801
"2018-11-21 11:03:00",6059,-0.0399999999999991
"2018-11-21 11:04:00",4025,-0.0100000000000051
"2018-11-21 11:05:00",841,-0.00169999999999959
"2018-11-21 11:06:00",4522,0.00169999999999959
"2018-11-21 11:07:00",946,-0.00999999999999801
"2018-11-21 11:08:00",1700,0.00999999999999801
"2018-11-21 11:09:00",4598,-0.0300000000000011
"2018-11-21 11:10:00",3546,0.0500000000000043
"2018-11-21 11:11:00",5500,-0.00500000000000256
"2018-11-21 11:12:00",700,-0.0150000000000006
"2018-11-21 11:13:00",6755,0
"2018-11-21 11:14:00",4341,0.0500000000000043
"2018-11-21 11:15:00",6464,0.0300000000000011
"2018-11-21 11:16:00",6871,0
"2018-11-21 11:17:00",2700,-0.042500000000004
"2018-11-21 11:18:00",3545,-0.0274999999999963
"2018-11-21 11:19:00",2725,0.0499999999999972
"2018-11-21 11:20:00",8200,0.0300000000000011
"2018-11-21 11:21:00",4050,-0.0200000000000031
"2018-11-21 11:22:00",19761,-0.0599999999999952
"2018-11-21 11:23:00",6839,0.00459999999999638
"2018-11-21 11:24:00",3015,-0.0137999999999963
"2018-11-21 11:25:00",5647,0.0190999999999946
"2018-11-21 11:26:00",4791,-0.0298999999999978
"2018-11-21 11:27:00",1554,0.00999999999999801
"2018-11-21 11:28:00",1600,-0.00999999999999801
"2018-11-21 11:29:00",1300,0.0249999999999986
"2018-11-21 11:30:00",6265,0.0350000000000037
"2018-11-21 11:31:00",4460,0.0399999999999991
"2018-11-21 11:32:00",6280,-0.0262000000000029
"2018-11-21 11:33:00",5212,0.0162000000000049
"2018-11-21 11:34:00",9311,0.0499999999999972
"2018-11-21 11:35:00",3627,-0.00719999999999743
"2018-11-21 11:36:00",2485,-0.0228000000000037
"2018-11-21 11:37:00",2644,0.0200999999999993
"2018-11-21 11:38:00",4622,0.0198999999999998
"2018-11-21 11:39:00",7100,-0.0700000000000003
"2018-11-21 11:40:00",2319,0.0399999999999991
"2018-11-21 11:41:00",3794,0.0200000000000031
"2018-11-21 11:42:00",700,0.0300000000000011
"2018-11-21 11:43:00",4270,0
"2018-11-21 11:44:00",792,0.00999999999999801
"2018-11-21 11:45:00",1611,-0.00359999999999872
"2018-11-21 11:46:00",13848,0.0435999999999979
"2018-11-21 11:47:00",6303,0
"2018-11-21 11:48:00",2990,0
"2018-11-21 11:49:00",2872,-0.00999999999999801
"2018-11-21 11:50:00",5271,0.0200999999999993
"2018-11-21 11:51:00",3239,-0.00010000000000332
"2018-11-21 11:52:00",3020,0.00720000000000454
"2018-11-21 11:53:00",3425,-0.00720000000000454
"2018-11-21 11:54:00",1706,0.0100000000000051
"2018-11-21 11:55:00",11446,0.019999999999996
"2018-11-21 11:56:00",4078,-0.0300000000000011
"2018-11-21 11:57:00",3186,-0.029999999999994
"2018-11-21 11:58:00",3319,0
"2018-11-21 11:59:00",7257,0.0599999999999952
"2018-11-21 12:00:00",4448,-0.019999999999996
"2018-11-21 12:01:00",4850,0.019999999999996
"2018-11-21 12:02:00",8752,0.0200000000000031
"2018-11-21 12:03:00",4200,0
"2018-11-21 12:04:00",5191,-0.0249999999999986
"2018-11-21 12:05:00",1400,0.0249999999999986
"2018-11-21 12:06:00",4000,0.019999999999996
"2018-11-21 12:07:00",4768,0.0100000000000051
"2018-11-21 12:08:00",3450,-0.0300000000000011
"2018-11-21 12:09:00",1600,-0.0289000000000001
"2018-11-21 12:10:00",1400,-0.00110000000000099
"2018-11-21 12:11:00",2016,-0.0347999999999971
"2018-11-21 12:12:00",4153,-0.00520000000000209
"2018-11-21 12:13:00",2503,-0.00999999999999801
"2018-11-21 12:14:00",3514,0.029999999999994
"2018-11-21 12:15:00",1700,-0.019999999999996
"2018-11-21 12:16:00",4876,0.00999999999999801
"2018-11-21 12:17:00",500,0.00010000000000332
"2018-11-21 12:18:00",3413,0.0298999999999978
"2018-11-21 12:19:00",5375,0.00999999999999801
"2018-11-21 12:20:00",7900,-0.0300000000000011
"2018-11-21 12:21:00",1500,-0.00999999999999801
"2018-11-21 12:22:00",4030,0.0300000000000011
"2018-11-21 12:23:00",5274,0.00500000000000256
"2018-11-21 12:24:00",8437,0.00999999999999801
"2018-11-21 12:25:00",3808,-0.0150000000000006
"2018-11-21 12:26:00",1904,-0.0200000000000031
"2018-11-21 12:27:00",3743,-0.00499999999999545
"2018-11-21 12:28:00",6599,0
"2018-11-21 12:29:00",6529,0.00499999999999545
"2018-11-21 12:30:00",3569,0.0100000000000051
"2018-11-21 12:31:00",3000,-0.0300000000000011
"2018-11-21 12:32:00",2000,-0.0149000000000044
"2018-11-21 12:33:00",2039,0.0299000000000049
"2018-11-21 12:34:00",3268,-0.0249999999999986
"2018-11-21 12:35:00",3000,0
"2018-11-21 12:36:00",2100,0.029999999999994
"2018-11-21 12:37:00",7150,0.0400000000000063
"2018-11-21 12:38:00",4471,0.019999999999996
"2018-11-21 12:39:00",6141,-0.019999999999996
"2018-11-21 12:40:00",2533,0
"2018-11-21 12:41:00",3908,0
"2018-11-21 12:42:00",13116,-0.0153999999999996
"2018-11-21 12:43:00",2211,0.0253999999999976
"2018-11-21 12:44:00",1700,-0.0200000000000031
"2018-11-21 12:45:00",4800,0.0100000000000051
"2018-11-21 12:46:00",900,-0.0100000000000051
"2018-11-21 12:47:00",1904,0.0100000000000051
"2018-11-21 12:48:00",3650,0.00999999999999801
"2018-11-21 12:49:00",4429,-0.0272000000000006
"2018-11-21 12:50:00",9178,0.00719999999999743
"2018-11-21 12:51:00",1587,0
"2018-11-21 12:52:00",2792,-0.019999999999996
"2018-11-21 12:53:00",2038,0.00999999999999801
"2018-11-21 12:54:00",1356,-0.00999999999999801
"2018-11-21 12:55:00",2120,0.00999999999999801
"2018-11-21 12:56:00",1000,-0.00999999999999801
"2018-11-21 12:57:00",2056,0
"2018-11-21 12:58:00",600,0
"2018-11-21 12:59:00",3054,-0.0200000000000031
"2018-11-21 13:00:00",2233,-0.019999999999996
"2018-11-21 13:01:00",6394,-0.0100000000000051
"2018-11-21 13:02:00",1211,-0.0150000000000006
"2018-11-21 13:03:00",8881,-0.0249999999999986
"2018-11-21 13:04:00",8125,0.00500000000000256
"2018-11-21 13:05:00",2910,0.00499999999999545
"2018-11-21 13:06:00",3816,0.0200000000000031
"2018-11-21 13:07:00",4673,-0.00300000000000011
"2018-11-21 13:08:00",6184,0.0230000000000032
"2018-11-21 13:09:00",675,0
"2018-11-21 13:10:00",830,0
"2018-11-21 13:11:00",6275,0.019999999999996
"2018-11-21 13:12:00",8967,0.00999999999999801
"2018-11-21 13:13:00",7151,-0.0399999999999991
"2018-11-21 13:14:00",1794,0.0100000000000051
"2018-11-21 13:15:00",1500,0
"2018-11-21 13:16:00",4023,0.0464999999999947
"2018-11-21 13:17:00",2080,0.0035000000000025
"2018-11-21 13:18:00",5561,0.0200000000000031
"2018-11-21 13:19:00",4955,0.029999999999994
"2018-11-21 13:20:00",3065,-0.0249999999999986
"2018-11-21 13:21:00",3239,-0.0081999999999951
"2018-11-21 13:22:00",900,-0.00680000000000547
"2018-11-21 13:23:00",4850,0.0300000000000011
"2018-11-21 13:24:00",6564,-0.019999999999996
"2018-11-21 13:25:00",1096,-0.0200000000000031
"2018-11-21 13:26:00",2983,-0.00999999999999801
"2018-11-21 13:27:00",5194,-0.0200000000000031
"2018-11-21 13:28:00",8805,-0.0600000000000023
"2018-11-21 13:29:00",4287,-0.00999999999999801
"2018-11-21 13:30:00",1889,0
"2018-11-21 13:31:00",3924,-0.0399999999999991
"2018-11-21 13:32:00",1516,0
"2018-11-21 13:33:00",7639,-0.0300000000000011
"2018-11-21 13:34:00",9634,0.0300000000000011
"2018-11-21 13:35:00",3857,-0.019999999999996
"2018-11-21 13:36:00",2464,0
"2018-11-21 13:37:00",4269,-0.0300000000000011
"2018-11-21 13:38:00",2263,0.00999999999999801
"2018-11-21 13:39:00",2176,-0.0300000000000011
"2018-11-21 13:40:00",2671,0.0200000000000031
"2018-11-21 13:41:00",1239,0.00999999999999801
"2018-11-21 13:42:00",22221,-0.0300000000000011
"2018-11-21 13:43:00",6560,-0.00999999999999801
"2018-11-21 13:44:00",6400,0.019999999999996
"2018-11-21 13:45:00",9561,-0.00499999999999545
"2018-11-21 13:46:00",8497,0.0249999999999986
"2018-11-21 13:47:00",8212,0.00289999999999679
"2018-11-21 13:48:00",3623,-0.00289999999999679
"2018-11-21 13:49:00",3274,0.0118999999999971
"2018-11-21 13:50:00",1294,-0.0182000000000002
"2018-11-21 13:51:00",1800,0.0113000000000056
"2018-11-21 13:52:00",6005,-0.0250000000000057
"2018-11-21 13:53:00",3406,-0.00999999999999801
"2018-11-21 13:54:00",3370,0.0234000000000023
"2018-11-21 13:55:00",2371,-0.00339999999999918
"2018-11-21 13:56:00",4595,0
"2018-11-21 13:57:00",7794,-0.0500000000000043
"2018-11-21 13:58:00",1700,0.00500000000000256
"2018-11-21 13:59:00",8238,0.0150000000000006
"2018-11-21 14:00:00",4599,0.019999999999996
"2018-11-21 14:01:00",2204,0.0200000000000031
"2018-11-21 14:02:00",2700,0.0200000000000031
"2018-11-21 14:03:00",4710,0
"2018-11-21 14:04:00",1604,0
"2018-11-21 14:05:00",1889,0.0249999999999986
"2018-11-21 14:06:00",1447,-0.00500000000000256
"2018-11-21 14:07:00",2768,0.0499999999999972
"2018-11-21 14:08:00",2754,-0.0149999999999935
"2018-11-21 14:09:00",1753,0.0249999999999986
"2018-11-21 14:10:00",2540,-0.0100000000000051
"2018-11-21 14:11:00",2221,-0.019999999999996
"2018-11-21 14:12:00",1514,0.000500000000002387
"2018-11-21 14:13:00",3290,0.0194999999999936
"2018-11-21 14:14:00",2000,-0.029999999999994
"2018-11-21 14:15:00",2869,0.0249999999999986
"2018-11-21 14:16:00",2542,0.0150000000000006
"2018-11-21 14:17:00",1982,-0.00520000000000209
"2018-11-21 14:18:00",2363,-0.0302999999999969
"2018-11-21 14:19:00",6160,0.0105000000000004
"2018-11-21 14:20:00",6716,-0.0350000000000037
"2018-11-21 14:21:00",3590,0.0150000000000006
"2018-11-21 14:22:00",3764,-0.0150000000000006
"2018-11-21 14:23:00",2000,-0.00999999999999801
"2018-11-21 14:24:00",2236,0.00999999999999801
"2018-11-21 14:25:00",9561,0.0245000000000033
"2018-11-21 14:26:00",1908,-0.0245000000000033
"2018-11-21 14:27:00",1800,-0.00500000000000256
"2018-11-21 14:28:00",2046,0
"2018-11-21 14:29:00",4169,-0.0149999999999935
"2018-11-21 14:30:00",12049,-0.0400000000000063
"2018-11-21 14:31:00",4840,-0.019999999999996
"2018-11-21 14:32:00",1600,0
"2018-11-21 14:33:00",4739,0
"2018-11-21 14:34:00",6875,0.0298999999999978
"2018-11-21 14:35:00",2581,0.000199999999999534
"2018-11-21 14:36:00",3053,-0.0101000000000013
"2018-11-21 14:37:00",2838,0.0100000000000051
"2018-11-21 14:38:00",1857,-0.0200000000000031
"2018-11-21 14:39:00",3788,-0.00999999999999801
"2018-11-21 14:40:00",13994,-0.0198999999999998
"2018-11-21 14:41:00",3782,-0.0101000000000013
"2018-11-21 14:42:00",8667,-0.0035000000000025
"2018-11-21 14:43:00",6274,-0.0264999999999986
"2018-11-21 14:44:00",8135,-0.0600000000000023
"2018-11-21 14:45:00",7040,0.0800000000000054
"2018-11-21 14:46:00",4448,-0.0100000000000051
"2018-11-21 14:47:00",1732,0.0200000000000031
"2018-11-21 14:48:00",6210,-0.0399999999999991
"2018-11-21 14:49:00",2387,-0.00010000000000332
"2018-11-21 14:50:00",6590,-0.00580000000000069
"2018-11-21 14:51:00",4562,-0.00419999999999732
"2018-11-21 14:52:00",8319,0.00010000000000332
"2018-11-21 14:53:00",5519,-0.00500000000000256
"2018-11-21 14:54:00",7148,-0.0150000000000006
"2018-11-21 14:55:00",13164,-0.0200000000000031
"2018-11-21 14:56:00",25948,0.0099000000000018
"2018-11-21 14:57:00",12421,0.0100000000000051
"2018-11-21 14:58:00",18689,9.99999999962142e-05
"2018-11-21 14:59:00",28191,-0.0399999999999991
"2018-11-21 15:02:00",37877,0
"2018-11-21 15:15:00",0,0
"2018-11-23 08:30:00",148610,-2.55
"2018-11-23 08:31:00",22872,0.019999999999996
"2018-11-23 08:32:00",23912,0
"2018-11-23 08:33:00",22356,0.0450000000000017
"2018-11-23 08:34:00",16845,0.0649999999999977
"2018-11-23 08:35:00",33013,0
"2018-11-23 08:36:00",17393,0.00999999999999801
"2018-11-23 08:37:00",30157,0.0900000000000034
"2018-11-23 08:38:00",12412,-0.0300000000000011
"2018-11-23 08:39:00",6007,-0.0651999999999973
"2018-11-23 08:40:00",16594,-0.0848000000000013
"2018-11-23 08:41:00",38170,-0.0900000000000034
"2018-11-23 08:42:00",9730,0.0100000000000051
"2018-11-23 08:43:00",17995,0.0300000000000011
"2018-11-23 08:44:00",17041,0.029999999999994
"2018-11-23 08:45:00",18609,-0.0649999999999977
"2018-11-23 08:46:00",19299,0.0150000000000006
"2018-11-23 08:47:00",8436,0.0200000000000031
"2018-11-23 08:48:00",11424,-0.0600000000000023
"2018-11-23 08:49:00",19092,-0.00999999999999801
"2018-11-23 08:50:00",57747,-0.0600000000000023
"2018-11-23 08:51:00",19415,0.019999999999996
"2018-11-23 08:52:00",9793,0.0200000000000031
"2018-11-23 08:53:00",12657,0.0200000000000031
"2018-11-23 08:54:00",33255,-0.00500000000000256
"2018-11-23 08:55:00",22547,0.0949999999999989
"2018-11-23 08:56:00",16245,0.00999999999999801
"2018-11-23 08:57:00",22438,0.0100000000000051
"2018-11-23 08:58:00",5311,0.00999999999999801
"2018-11-23 08:59:00",11221,0.00500000000000256
"2018-11-23 09:00:00",11908,-0.0300000000000011
"2018-11-23 09:01:00",39325,-0.0500000000000043
"2018-11-23 09:02:00",15557,0.0449000000000055
"2018-11-23 09:03:00",10665,9.99999999962142e-05
"2018-11-23 09:04:00",39261,0.0499999999999972
"2018-11-23 09:05:00",8438,-0.0499999999999972
"2018-11-23 09:06:00",19276,0
"2018-11-23 09:07:00",8374,0.0499999999999972
"2018-11-23 09:08:00",4227,-0.00999999999999801
"2018-11-23 09:09:00",12204,-0.00999999999999801
"2018-11-23 09:10:00",18698,-0.0200000000000031
"2018-11-23 09:11:00",22258,-0.0399999999999991
"2018-11-23 09:12:00",14405,-0.0499999999999972
"2018-11-23 09:13:00",15416,0.0399999999999991
"2018-11-23 09:14:00",14263,0.00500000000000256
"2018-11-23 09:15:00",6560,-0.0250000000000057
"2018-11-23 09:16:00",7792,0
"2018-11-23 09:17:00",5964,-0.019999999999996
"2018-11-23 09:18:00",12425,0.019999999999996
"2018-11-23 09:19:00",20913,0.00750000000000028
"2018-11-23 09:20:00",10691,-0.0225000000000009
"2018-11-23 09:21:00",23392,-0.0549999999999997
"2018-11-23 09:22:00",26898,-0.029999999999994
"2018-11-23 09:23:00",21132,-0.0400000000000063
"2018-11-23 09:24:00",32203,-0.0549999999999997
"2018-11-23 09:25:00",9634,-0.00499999999999545
"2018-11-23 09:26:00",7633,0.0300000000000011
"2018-11-23 09:27:00",9002,-0.0100000000000051
"2018-11-23 09:28:00",34895,-0.019999999999996
"2018-11-23 09:29:00",10054,-0.0401000000000025
"2018-11-23 09:30:00",18176,0.0501000000000005
"2018-11-23 09:31:00",10674,0
"2018-11-23 09:32:00",6060,0.0700000000000003
"2018-11-23 09:33:00",18791,0
"2018-11-23 09:34:00",8030,0.0300000000000011
"2018-11-23 09:35:00",15687,-0.0268999999999977
"2018-11-23 09:36:00",7095,0.00689999999999458
"2018-11-23 09:37:00",3196,-0.0300000000000011
"2018-11-23 09:38:00",11476,0
"2018-11-23 09:39:00",18985,0.057300000000005
"2018-11-23 09:40:00",33605,-0.0523000000000025
"2018-11-23 09:41:00",16598,0.00500000000000256
"2018-11-23 09:42:00",10465,0.00999999999999801
"2018-11-23 09:43:00",10938,-0.0850000000000009
"2018-11-23 09:44:00",11041,0.00500000000000256
"2018-11-23 09:45:00",9687,0.00999999999999801
"2018-11-23 09:46:00",39883,-0.0300000000000011
"2018-11-23 09:47:00",22127,-0.019999999999996
"2018-11-23 09:48:00",16490,0.0366999999999962
"2018-11-23 09:49:00",15135,-0.0266999999999982
"2018-11-23 09:50:00",6904,0.0300000000000011
"2018-11-23 09:51:00",14188,-0.0150000000000006
"2018-11-23 09:52:00",8041,0.0349999999999966
"2018-11-23 09:53:00",18574,0.0100000000000051
"2018-11-23 09:54:00",8586,-0.0250000000000057
"2018-11-23 09:55:00",7325,-0.00499999999999545
"2018-11-23 09:56:00",10853,-0.0326000000000022
"2018-11-23 09:57:00",16958,-0.0274000000000001
"2018-11-23 09:58:00",3596,-0.00999999999999801
"2018-11-23 09:59:00",9086,-0.0101000000000013
"2018-11-23 10:00:00",18747,0.0501000000000005
"2018-11-23 10:01:00",20051,0.0140999999999991
"2018-11-23 10:02:00",8796,-0.0540999999999983
"2018-11-23 10:03:00",17253,-0.0399999999999991
"2018-11-23 10:04:00",20607,-0.0200000000000031
"2018-11-23 10:05:00",9799,0.0500000000000043
"2018-11-23 10:06:00",18220,0.00999999999999801
"2018-11-23 10:07:00",12540,0.00999999999999801
"2018-11-23 10:08:00",18136,-0.0799999999999983
"2018-11-23 10:09:00",15234,-0.0300000000000011
"2018-11-23 10:10:00",17364,-0.00999999999999801
"2018-11-23 10:11:00",20885,-0.0900000000000034
"2018-11-23 10:12:00",20687,0.0465000000000018
"2018-11-23 10:13:00",21752,-0.00650000000000261
"2018-11-23 10:14:00",12402,0.0700000000000003
"2018-11-23 10:15:00",16412,0.0489999999999995
"2018-11-23 10:16:00",21027,0.0310000000000059
"2018-11-23 10:17:00",9715,-0.0300000000000011
"2018-11-23 10:18:00",19711,-0.0399999999999991
"2018-11-23 10:19:00",14585,-0.0100000000000051
"2018-11-23 10:20:00",12955,0.0399999999999991
"2018-11-23 10:21:00",7829,-0.019999999999996
"2018-11-23 10:22:00",11725,-0.0200000000000031
"2018-11-23 10:23:00",15510,-0.019999999999996
"2018-11-23 10:24:00",11792,-0.0150000000000006
"2018-11-23 10:25:00",6404,0.0450000000000017
"2018-11-23 10:26:00",18967,-0.0600000000000023
"2018-11-23 10:27:00",5471,-0.0200000000000031
"2018-11-23 10:28:00",24567,0.0700000000000003
"2018-11-23 10:29:00",7609,-0.0249999999999986
"2018-11-23 10:30:00",6502,0.0350000000000037
"2018-11-23 10:31:00",17061,0.029999999999994
"2018-11-23 10:32:00",42263,0.0600000000000023
"2018-11-23 10:33:00",6047,-0.00229999999999819
"2018-11-23 10:34:00",47138,0.0822999999999965
"2018-11-23 10:35:00",19739,-0.019999999999996
"2018-11-23 10:36:00",4033,0.0266999999999982
"2018-11-23 10:37:00",39855,0.0133999999999972
"2018-11-23 10:38:00",11354,-0.0137999999999963
"2018-11-23 10:39:00",10011,-0.00630000000000308
"2018-11-23 10:40:00",3706,-0.00999999999999801
"2018-11-23 10:41:00",12421,-0.00370000000000203
"2018-11-23 10:42:00",7300,0.0237000000000052
"2018-11-23 10:43:00",8704,0.019999999999996
"2018-11-23 10:44:00",4610,0.0500000000000043
"2018-11-23 10:45:00",10899,0.00999999999999801
"2018-11-23 10:46:00",6026,-0.0200000000000031
"2018-11-23 10:47:00",4323,-0.0300000000000011
"2018-11-23 10:48:00",4467,0
"2018-11-23 10:49:00",4700,0
"2018-11-23 10:50:00",14850,-0.029999999999994
"2018-11-23 10:51:00",26525,-0.0800000000000054
"2018-11-23 10:52:00",5266,0.0474999999999994
"2018-11-23 10:53:00",11906,-0.0474999999999994
"2018-11-23 10:54:00",9417,0.0100000000000051
"2018-11-23 10:55:00",8713,0.019999999999996
"2018-11-23 10:56:00",2440,0
"2018-11-23 10:57:00",9800,-0.019999999999996
"2018-11-23 10:58:00",12465,-0.0500000000000043
"2018-11-23 10:59:00",9179,0.0100000000000051
"2018-11-23 11:00:00",8091,0.00589999999999691
"2018-11-23 11:01:00",10903,-0.000900000000001455
"2018-11-23 11:02:00",8263,0
"2018-11-23 11:03:00",10454,-0.0249999999999986
"2018-11-23 11:04:00",7137,0.0200000000000031
"2018-11-23 11:05:00",4506,0
"2018-11-23 11:06:00",8598,-0.0100000000000051
"2018-11-23 11:07:00",12037,-0.00499999999999545
"2018-11-23 11:08:00",1326,-0.00500000000000256
"2018-11-23 11:09:00",6358,-0.0129000000000019
"2018-11-23 11:10:00",3550,-0.00710000000000122
"2018-11-23 11:11:00",7969,0
"2018-11-23 11:12:00",2994,-0.019999999999996
"2018-11-23 11:13:00",2388,-0.0150000000000006
"2018-11-23 11:14:00",9109,0.0200000000000031
"2018-11-23 11:15:00",2793,0.0442999999999998
"2018-11-23 11:16:00",5395,-0.00160000000000338
"2018-11-23 11:17:00",6958,0.0322999999999993
"2018-11-23 11:18:00",4765,0.0300000000000011
"2018-11-23 11:19:00",10534,-0.0600000000000023
"2018-11-23 11:20:00",4022,0.0300000000000011
"2018-11-23 11:21:00",1120,0.00999999999999801
"2018-11-23 11:22:00",15299,-0.0599999999999952
"2018-11-23 11:23:00",2655,0.019999999999996
"2018-11-23 11:24:00",2373,-0.00499999999999545
"2018-11-23 11:25:00",16095,0.00499999999999545
"2018-11-23 11:26:00",3197,0
"2018-11-23 11:27:00",8039,0.0100000000000051
"2018-11-23 11:28:00",2153,0
"2018-11-23 11:29:00",4738,0.0499999999999972
"2018-11-23 11:30:00",10813,-0.035499999999999
"2018-11-23 11:31:00",8646,-0.0144999999999982
"2018-11-23 11:32:00",13090,0.0398999999999958
"2018-11-23 11:33:00",5149,0.0501000000000005
"2018-11-23 11:34:00",7201,0.0771000000000015
"2018-11-23 11:35:00",6775,0.00289999999999679
"2018-11-23 11:36:00",5556,0.0399999999999991
"2018-11-23 11:37:00",14689,-0.0599999999999952
"2018-11-23 11:38:00",16165,0.019999999999996
"2018-11-23 11:39:00",7587,0.0399999999999991
"2018-11-23 11:40:00",7734,-0.019999999999996
"2018-11-23 11:41:00",8184,0.00999999999999801
"2018-11-23 11:42:00",4369,0.0249999999999986
"2018-11-23 11:43:00",13028,0.0450000000000017
"2018-11-23 11:44:00",15539,0.0200000000000031
"2018-11-23 11:45:00",9744,0.0399999999999991
"2018-11-23 11:46:00",8053,-0.00500000000000256
"2018-11-23 11:47:00",11586,-0.0349999999999966
"2018-11-23 11:48:00",5056,0
"2018-11-23 11:49:00",5666,-0.00500000000000256
"2018-11-23 11:50:00",7675,-0.0349999999999966
"2018-11-23 11:51:00",9407,-0.0200000000000031
"2018-11-23 11:52:00",12474,0.0200000000000031
"2018-11-23 11:53:00",20264,0.029999999999994
"2018-11-23 11:54:00",13226,0.00010000000000332
"2018-11-23 11:55:00",14523,-0.0101000000000013
"2018-11-23 11:56:00",19122,0
"2018-11-23 11:57:00",11528,-0.0435999999999979
"2018-11-23 11:58:00",20561,-0.0114000000000019
"2018-11-23 11:59:00",48976,-0.0150000000000006
"2018-11-23 12:01:00",80995,0.00999999999999801
"2018-11-23 12:40:00",0,0
"2018-11-23 15:15:00",0,0
"2018-11-26 08:30:00",83542,1.29000000000001
"2018-11-26 08:31:00",10559,0.0599999999999952
"2018-11-26 08:32:00",31399,0
"2018-11-26 08:33:00",18966,-0.019999999999996
"2018-11-26 08:34:00",21172,-0.0300000000000011
"2018-11-26 08:35:00",22476,-0.0799999999999983
"2018-11-26 08:36:00",29990,-0.0600000000000023
"2018-11-26 08:37:00",9394,0.0649999999999977
"2018-11-26 08:38:00",24210,-0.0450000000000017
"2018-11-26 08:39:00",9800,0.0701000000000036
"2018-11-26 08:40:00",8077,-0.0101000000000013
"2018-11-26 08:41:00",13081,0.0200000000000031
"2018-11-26 08:42:00",11447,0.00999999999999801
"2018-11-26 08:43:00",16086,-0.0150000000000006
"2018-11-26 08:44:00",9112,0.0350000000000037
"2018-11-26 08:45:00",8203,0.0649999999999977
"2018-11-26 08:46:00",13093,-0.0249999999999986
"2018-11-26 08:47:00",18136,-0.0399999999999991
"2018-11-26 08:48:00",21224,-0.00500000000000256
"2018-11-26 08:49:00",25448,-0.0249999999999986
"2018-11-26 08:50:00",12849,0
"2018-11-26 08:51:00",9611,0.00999999999999801
"2018-11-26 08:52:00",11220,0
"2018-11-26 08:53:00",10505,0.00999999999999801
"2018-11-26 08:54:00",16450,0.0200000000000031
"2018-11-26 08:55:00",19993,0
"2018-11-26 08:56:00",44432,0.00999999999999801
"2018-11-26 08:57:00",21085,0.0300000000000011
"2018-11-26 08:58:00",14230,-0.0200000000000031
"2018-11-26 08:59:00",25123,-0.019999999999996
"2018-11-26 09:00:00",16678,-0.0799999999999983
"2018-11-26 09:01:00",23392,0.0499999999999972
"2018-11-26 09:02:00",19226,0
"2018-11-26 09:03:00",10932,-0.0200000000000031
"2018-11-26 09:04:00",24307,0.0600000000000023
"2018-11-26 09:05:00",17637,0.00999999999999801
"2018-11-26 09:06:00",14044,0.0267000000000053
"2018-11-26 09:07:00",9494,0.0632999999999981
"2018-11-26 09:08:00",11609,-0.00999999999999801
"2018-11-26 09:09:00",11819,-0.0399999999999991
"2018-11-26 09:10:00",15171,-0.0350000000000037
"2018-11-26 09:11:00",5605,-0.00500000000000256
"2018-11-26 09:12:00",3566,0.0200000000000031
"2018-11-26 09:13:00",2671,0.00999999999999801
"2018-11-26 09:14:00",8660,0.0200000000000031
"2018-11-26 09:15:00",5512,-0.0200000000000031
"2018-11-26 09:16:00",7332,0.0500000000000043
"2018-11-26 09:17:00",10332,-0.0210000000000008
"2018-11-26 09:18:00",11270,0.000999999999997669
"2018-11-26 09:19:00",8387,0.00500000000000256
"2018-11-26 09:20:00",4876,0.00499999999999545
"2018-11-26 09:21:00",4864,0.0100000000000051
"2018-11-26 09:22:00",8087,-0.0300000000000011
"2018-11-26 09:23:00",3347,0.0300000000000011
"2018-11-26 09:24:00",5454,-0.0100000000000051
"2018-11-26 09:25:00",25887,0.0200000000000031
"2018-11-26 09:26:00",13114,-0.0200000000000031
"2018-11-26 09:27:00",6399,-0.00999999999999801
"2018-11-26 09:28:00",9276,0.0300000000000011
"2018-11-26 09:29:00",12589,-0.00999999999999801
"2018-11-26 09:30:00",21628,0.0399999999999991
"2018-11-26 09:31:00",4265,-0.0100000000000051
"2018-11-26 09:32:00",19142,-0.00999999999999801
"2018-11-26 09:33:00",11873,0
"2018-11-26 09:34:00",7908,0.00999999999999801
"2018-11-26 09:35:00",17043,-0.0699999999999932
"2018-11-26 09:36:00",33129,0.00999999999999801
"2018-11-26 09:37:00",13584,0.0399999999999991
"2018-11-26 09:38:00",5756,0.0499999999999972
"2018-11-26 09:39:00",15112,-0.019999999999996
"2018-11-26 09:40:00",9559,0.00999999999999801
"2018-11-26 09:41:00",5320,-0.00659999999999883
"2018-11-26 09:42:00",9825,0.046599999999998
"2018-11-26 09:43:00",12941,0
"2018-11-26 09:44:00",2456,0
"2018-11-26 09:45:00",11147,0.0399999999999991
"2018-11-26 09:46:00",18866,0.0100000000000051
"2018-11-26 09:47:00",15918,0
"2018-11-26 09:48:00",20686,0.0449999999999946
"2018-11-26 09:49:00",22010,0.0450000000000017
"2018-11-26 09:50:00",27761,0.0399999999999991
"2018-11-26 09:51:00",23413,0
"2018-11-26 09:52:00",16577,0.0600000000000023
"2018-11-26 09:53:00",16030,-0.0200000000000031
"2018-11-26 09:54:00",16524,-0.0300000000000011
"2018-11-26 09:55:00",14223,0.0600000000000023
"2018-11-26 09:56:00",13267,0.0200000000000031
"2018-11-26 09:57:00",21232,-0.0399999999999991
"2018-11-26 09:58:00",21903,0.0399999999999991
"2018-11-26 09:59:00",14615,-0.0100000000000051
"2018-11-26 10:00:00",14285,0.0200000000000031
"2018-11-26 10:01:00",10694,-0.0399999999999991
"2018-11-26 10:02:00",15451,0.0399999999999991
"2018-11-26 10:03:00",9543,-0.025500000000001
"2018-11-26 10:04:00",12667,0.00549999999999784
"2018-11-26 10:05:00",7903,0.0200000000000031
"2018-11-26 10:06:00",8094,0
"2018-11-26 10:07:00",10664,-0.0200000000000031
"2018-11-26 10:08:00",7978,0
"2018-11-26 10:09:00",8678,0.0400000000000063
"2018-11-26 10:10:00",2851,-0.0100000000000051
"2018-11-26 10:11:00",12417,0
"2018-11-26 10:12:00",12514,0.0200000000000031
"2018-11-26 10:13:00",6242,0.0300000000000011
"2018-11-26 10:14:00",12989,0.0300000000000011
"2018-11-26 10:15:00",8259,-0.0100000000000051
"2018-11-26 10:16:00",31992,0
"2018-11-26 10:17:00",7784,0
"2018-11-26 10:18:00",5797,-0.00999999999999801
"2018-11-26 10:19:00",5412,0.00500000000000256
"2018-11-26 10:20:00",7456,0.0249999999999986
"2018-11-26 10:21:00",18889,-0.0300000000000011
"2018-11-26 10:22:00",26092,-0.0499999999999972
"2018-11-26 10:23:00",9282,-0.0400000000000063
"2018-11-26 10:24:00",8698,-0.019999999999996
"2018-11-26 10:25:00",11489,-0.00999999999999801
"2018-11-26 10:26:00",32708,0
"2018-11-26 10:27:00",7347,-0.0200000000000031
"2018-11-26 10:28:00",12654,-0.0300000000000011
"2018-11-26 10:29:00",9154,-0.00999999999999801
"2018-11-26 10:30:00",5690,-0.0499999999999972
"2018-11-26 10:31:00",41675,-0.0400000000000063
"2018-11-26 10:32:00",7683,0.0167000000000002
"2018-11-26 10:33:00",2626,-0.0266999999999982
"2018-11-26 10:34:00",8235,-0.00999999999999801
"2018-11-26 10:35:00",20106,-0.0399999999999991
"2018-11-26 10:36:00",14274,-0.0299000000000049
"2018-11-26 10:37:00",5299,-0.0890999999999948
"2018-11-26 10:38:00",4971,-0.0110000000000028
"2018-11-26 10:39:00",7354,-0.0163000000000011
"2018-11-26 10:40:00",3483,0.0163000000000011
"2018-11-26 10:41:00",3500,-0.0150000000000006
"2018-11-26 10:42:00",3422,0.00500000000000256
"2018-11-26 10:43:00",7285,0.0399999999999991
"2018-11-26 10:44:00",6583,0.0499999999999972
"2018-11-26 10:45:00",3284,-0.019999999999996
"2018-11-26 10:46:00",2554,-0.0150000000000006
"2018-11-26 10:47:00",3815,-0.0249999999999986
"2018-11-26 10:48:00",2461,-0.0500000000000043
"2018-11-26 10:49:00",5632,0.0500000000000043
"2018-11-26 10:50:00",3300,-0.0600000000000023
"2018-11-26 10:51:00",4295,0.0150999999999968
"2018-11-26 10:52:00",2166,-0.0120999999999967
"2018-11-26 10:53:00",9476,0.0219999999999985
"2018-11-26 10:54:00",15400,0.0350000000000037
"2018-11-26 10:55:00",3521,-0.0500000000000043
"2018-11-26 10:56:00",4629,0.0100000000000051
"2018-11-26 10:57:00",9316,0.0399999999999991
"2018-11-26 10:58:00",8373,0.0499999999999972
"2018-11-26 10:59:00",2720,-0.0300000000000011
"2018-11-26 11:00:00",6966,-0.019999999999996
"2018-11-26 11:01:00",3468,0.019999999999996
"2018-11-26 11:02:00",7321,0
"2018-11-26 11:03:00",5142,-0.0499999999999972
"2018-11-26 11:04:00",3041,-0.0151000000000039
"2018-11-26 11:05:00",2212,-0.0131999999999977
"2018-11-26 11:06:00",5056,-0.00169999999999959
"2018-11-26 11:07:00",3133,0.0200000000000031
"2018-11-26 11:08:00",4367,0.019999999999996
"2018-11-26 11:09:00",1430,0.0300000000000011
"2018-11-26 11:10:00",7137,0.00999999999999801
"2018-11-26 11:11:00",1084,-0.0236999999999981
"2018-11-26 11:12:00",7567,-0.0112999999999985
"2018-11-26 11:13:00",3475,0.00499999999999545
"2018-11-26 11:14:00",3110,-0.019999999999996
"2018-11-26 11:15:00",3505,-0.0249999999999986
"2018-11-26 11:16:00",2939,-0.0215999999999994
"2018-11-26 11:17:00",7711,-0.0134000000000043
"2018-11-26 11:18:00",2300,0.0200000000000031
"2018-11-26 11:19:00",1500,-0.0100000000000051
"2018-11-26 11:20:00",3304,0
"2018-11-26 11:21:00",3200,-0.0399999999999991
"2018-11-26 11:22:00",2255,0.0100000000000051
"2018-11-26 11:23:00",1901,0.00999999999999801
"2018-11-26 11:24:00",1151,0
"2018-11-26 11:25:00",1300,-0.00500000000000256
"2018-11-26 11:26:00",3700,-0.0150000000000006
"2018-11-26 11:27:00",5399,-0.0300000000000011
"2018-11-26 11:28:00",16369,0.0213000000000036
"2018-11-26 11:29:00",400,-0.00630000000000308
"2018-11-26 11:30:00",13796,0.0150000000000006
"2018-11-26 11:31:00",3488,-0.00999999999999801
"2018-11-26 11:32:00",10836,-0.0200000000000031
"2018-11-26 11:33:00",8093,-0.0499999999999972
"2018-11-26 11:34:00",4839,0
"2018-11-26 11:35:00",7668,-0.0499999999999972
"2018-11-26 11:36:00",3200,-0.0100000000000051
"2018-11-26 11:37:00",7891,0
"2018-11-26 11:38:00",4226,0.0200000000000031
"2018-11-26 11:39:00",1300,0.0499999999999972
"2018-11-26 11:40:00",4002,0.0500000000000043
"2018-11-26 11:41:00",2830,-0.0399999999999991
"2018-11-26 11:42:00",1761,0.00659999999999883
"2018-11-26 11:43:00",4183,0.00339999999999918
"2018-11-26 11:44:00",2262,0.019999999999996
"2018-11-26 11:45:00",1828,0.0400000000000063
"2018-11-26 11:46:00",3947,-0.0200000000000031
"2018-11-26 11:47:00",2150,0
"2018-11-26 11:48:00",2260,-0.0300000000000011
"2018-11-26 11:49:00",2068,0.00999999999999801
"2018-11-26 11:50:00",4200,-0.00999999999999801
"2018-11-26 11:51:00",3350,0.0166000000000039
"2018-11-26 11:52:00",5333,-0.0166000000000039
"2018-11-26 11:53:00",2497,-0.00999999999999801
"2018-11-26 11:54:00",3500,-0.00999999999999801
"2018-11-26 11:55:00",1317,-0.0230000000000032
"2018-11-26 11:56:00",3171,-0.00200000000000244
"2018-11-26 11:57:00",2247,0.0150000000000006
"2018-11-26 11:58:00",2733,0.0200000000000031
"2018-11-26 11:59:00",2366,0.0200999999999993
"2018-11-26 12:00:00",2900,-0.0101000000000013
"2018-11-26 12:01:00",600,0.0101000000000013
"2018-11-26 12:02:00",1857,-0.0200999999999993
"2018-11-26 12:03:00",1358,0
"2018-11-26 12:04:00",1706,-0.0300000000000011
"2018-11-26 12:05:00",2440,0.00659999999999883
"2018-11-26 12:06:00",2279,-0.026600000000002
"2018-11-26 12:07:00",5833,0.0200000000000031
"2018-11-26 12:08:00",2600,0.0200000000000031
"2018-11-26 12:09:00",1700,0.029999999999994
"2018-11-26 12:10:00",4592,0.0300000000000011
"2018-11-26 12:11:00",5473,0.0300000000000011
"2018-11-26 12:12:00",3237,-0.025500000000001
"2018-11-26 12:13:00",3429,-0.0244999999999962
"2018-11-26 12:14:00",2582,-0.0348000000000042
"2018-11-26 12:15:00",6007,-0.0185999999999993
"2018-11-26 12:16:00",2583,-0.0165999999999968
"2018-11-26 12:17:00",2800,0.0399999999999991
"2018-11-26 12:18:00",500,-0.00500000000000256
"2018-11-26 12:19:00",1817,-0.00499999999999545
"2018-11-26 12:20:00",1900,-0.00500000000000256
"2018-11-26 12:21:00",4994,0
"2018-11-26 12:22:00",10440,-0.00249999999999773
"2018-11-26 12:23:00",4481,0.0174999999999983
"2018-11-26 12:24:00",2100,-0.00999999999999801
"2018-11-26 12:25:00",3300,-0.0150000000000006
"2018-11-26 12:26:00",1208,-0.0200000000000031
"2018-11-26 12:27:00",5100,0.0219000000000023
"2018-11-26 12:28:00",2550,-0.0219000000000023
"2018-11-26 12:29:00",3200,0.00999999999999801
"2018-11-26 12:30:00",4075,0.0100000000000051
"2018-11-26 12:31:00",1400,0
"2018-11-26 12:32:00",5605,0.0300000000000011
"2018-11-26 12:33:00",1000,-0.00500000000000256
"2018-11-26 12:34:00",3536,0.00500000000000256
"2018-11-26 12:35:00",1422,-0.0350000000000037
"2018-11-26 12:36:00",2669,-0.0200000000000031
"2018-11-26 12:37:00",5500,0
"2018-11-26 12:38:00",624,0
"2018-11-26 12:39:00",802,0.00530000000000541
"2018-11-26 12:40:00",500,-0.000500000000002387
"2018-11-26 12:41:00",2059,-0.024799999999999
"2018-11-26 12:42:00",5186,0.019999999999996
"2018-11-26 12:43:00",2181,-0.00999999999999801
"2018-11-26 12:44:00",3419,0.0300000000000011
"2018-11-26 12:45:00",2435,0.0300000000000011
"2018-11-26 12:46:00",3257,0.0499999999999972
"2018-11-26 12:47:00",3728,-0.00999999999999801
"2018-11-26 12:48:00",3469,-0.00670000000000215
"2018-11-26 12:49:00",1118,-0.00329999999999586
"2018-11-26 12:50:00",2273,-0.0399999999999991
"2018-11-26 12:51:00",4223,0.00999999999999801
"2018-11-26 12:52:00",2609,-0.0161999999999978
"2018-11-26 12:53:00",1400,-0.00380000000000535
"2018-11-26 12:54:00",4543,0.0300000000000011
"2018-11-26 12:55:00",3176,-0.014800000000001
"2018-11-26 12:56:00",1900,-0.0101999999999975
"2018-11-26 12:57:00",500,0.0150000000000006
"2018-11-26 12:58:00",2060,0.0300000000000011
"2018-11-26 12:59:00",11594,0.00999999999999801
"2018-11-26 13:00:00",5918,-0.0300000000000011
"2018-11-26 13:01:00",2270,0
"2018-11-26 13:02:00",6051,0.0200000000000031
"2018-11-26 13:03:00",3026,-0.0200000000000031
"2018-11-26 13:04:00",4621,0.00529999999999831
"2018-11-26 13:05:00",2961,0.0046999999999997
"2018-11-26 13:06:00",9603,0.0100000000000051
"2018-11-26 13:07:00",2376,0
"2018-11-26 13:08:00",3147,-0.0100000000000051
"2018-11-26 13:09:00",368,0.00500000000000256
"2018-11-26 13:10:00",3561,-0.00979999999999848
"2018-11-26 13:11:00",2770,0.00479999999999592
"2018-11-26 13:12:00",1649,-0.00999999999999801
"2018-11-26 13:13:00",2300,0.00999999999999801
"2018-11-26 13:14:00",4062,0.0232000000000028
"2018-11-26 13:15:00",7811,0.0367999999999995
"2018-11-26 13:16:00",2693,-0.00999999999999801
"2018-11-26 13:17:00",4913,-0.0200000000000031
"2018-11-26 13:18:00",2600,-0.00999999999999801
"2018-11-26 13:19:00",10462,-0.00999999999999801
"2018-11-26 13:20:00",6680,0
"2018-11-26 13:21:00",3303,0.00999999999999801
"2018-11-26 13:22:00",2574,0.0300000000000011
"2018-11-26 13:23:00",4626,-0.00999999999999801
"2018-11-26 13:24:00",2900,-0.0300000000000011
"2018-11-26 13:25:00",6500,0.00999999999999801
"2018-11-26 13:26:00",700,-0.00900000000000034
"2018-11-26 13:27:00",5122,-0.0110000000000028
"2018-11-26 13:28:00",2556,0
"2018-11-26 13:29:00",4428,0.0100000000000051
"2018-11-26 13:30:00",5903,0.0499999999999972
"2018-11-26 13:31:00",10689,0.0200000000000031
"2018-11-26 13:32:00",8965,0.0150000000000006
"2018-11-26 13:33:00",400,-0.00500000000000256
"2018-11-26 13:34:00",2762,-0.0249999999999986
"2018-11-26 13:35:00",3604,0.0150000000000006
"2018-11-26 13:36:00",5672,-0.0326000000000022
"2018-11-26 13:37:00",1805,-0.0142999999999986
"2018-11-26 13:38:00",1409,-0.0102000000000046
"2018-11-26 13:39:00",5884,-0.00289999999999679
"2018-11-26 13:40:00",1500,-0.00999999999999801
"2018-11-26 13:41:00",6053,-0.0198999999999998
"2018-11-26 13:42:00",4395,0.0128999999999948
"2018-11-26 13:43:00",905,0.007000000000005
"2018-11-26 13:44:00",2883,-0.00800000000000267
"2018-11-26 13:45:00",4469,-0.0069999999999979
"2018-11-26 13:46:00",6174,-0.00999999999999801
"2018-11-26 13:47:00",8102,-0.0400000000000063
"2018-11-26 13:48:00",4219,0.00980000000000558
"2018-11-26 13:49:00",4668,0.00519999999999499
"2018-11-26 13:50:00",6662,0
"2018-11-26 13:51:00",1970,-0.00300000000000011
"2018-11-26 13:52:00",2512,0.00300000000000011
"2018-11-26 13:53:00",1966,-0.0244999999999962
"2018-11-26 13:54:00",7856,0.0544999999999973
"2018-11-26 13:55:00",3596,-0.0300000000000011
"2018-11-26 13:56:00",3638,0.0100000000000051
"2018-11-26 13:57:00",1841,0
"2018-11-26 13:58:00",4403,0
"2018-11-26 13:59:00",4343,0.0489999999999995
"2018-11-26 14:00:00",7411,0.0109999999999957
"2018-11-26 14:01:00",6589,-0.0210000000000008
"2018-11-26 14:02:00",4037,-0.00529999999999831
"2018-11-26 14:03:00",2404,0.0262999999999991
"2018-11-26 14:04:00",6758,-0.0198999999999998
"2018-11-26 14:05:00",4172,-0.0200999999999993
"2018-11-26 14:06:00",5469,0.00500000000000256
"2018-11-26 14:07:00",2859,-0.00500000000000256
"2018-11-26 14:08:00",2300,0.0200000000000031
"2018-11-26 14:09:00",1351,-0.00500000000000256
"2018-11-26 14:10:00",2860,-0.019999999999996
"2018-11-26 14:11:00",6486,-0.00500000000000256
"2018-11-26 14:12:00",2451,0.00500000000000256
"2018-11-26 14:13:00",2200,0.00499999999999545
"2018-11-26 14:14:00",4350,0.0249999999999986
"2018-11-26 14:15:00",2800,-0.00999999999999801
"2018-11-26 14:16:00",3713,0.0150000000000006
"2018-11-26 14:17:00",9732,-0.0200000000000031
"2018-11-26 14:18:00",5076,-0.00999999999999801
"2018-11-26 14:19:00",2919,0
"2018-11-26 14:20:00",5225,-0.0249999999999986
"2018-11-26 14:21:00",5748,0
"2018-11-26 14:22:00",3762,-0.00010000000000332
"2018-11-26 14:23:00",3907,-0.00489999999999924
"2018-11-26 14:24:00",2398,-0.019999999999996
"2018-11-26 14:25:00",6670,0.0450000000000017
"2018-11-26 14:26:00",4128,0.000499999999995282
"2018-11-26 14:27:00",1675,0.00450000000000017
"2018-11-26 14:28:00",3280,0
"2018-11-26 14:29:00",4421,0.0200000000000031
"2018-11-26 14:30:00",17389,0.019999999999996
"2018-11-26 14:31:00",9485,0.0100000000000051
"2018-11-26 14:32:00",5728,0.00499999999999545
"2018-11-26 14:33:00",9222,0.00500000000000256
"2018-11-26 14:34:00",3449,0.00999999999999801
"2018-11-26 14:35:00",8490,-0.0300000000000011
"2018-11-26 14:36:00",3087,-0.00719999999999743
"2018-11-26 14:37:00",6891,-0.00280000000000058
"2018-11-26 14:38:00",18871,-0.0450000000000017
"2018-11-26 14:39:00",12617,0.0150000000000006
"2018-11-26 14:40:00",11323,0.00520000000000209
"2018-11-26 14:41:00",5405,0.00150000000000006
"2018-11-26 14:42:00",6844,-0.00169999999999959
"2018-11-26 14:43:00",5218,0.00999999999999801
"2018-11-26 14:44:00",9539,0.00999999999999801
"2018-11-26 14:45:00",5481,0
"2018-11-26 14:46:00",15702,0
"2018-11-26 14:47:00",14000,-0.00999999999999801
"2018-11-26 14:48:00",17824,0
"2018-11-26 14:49:00",12003,-0.00999999999999801
"2018-11-26 14:50:00",6713,0.019999999999996
"2018-11-26 14:51:00",12555,-0.0249999999999986
"2018-11-26 14:52:00",6147,-0.00999999999999801
"2018-11-26 14:53:00",12134,0
"2018-11-26 14:54:00",7730,0.0298999999999978
"2018-11-26 14:55:00",12330,0.0200999999999993
"2018-11-26 14:56:00",22449,0.0200000000000031
"2018-11-26 14:57:00",21482,0.00499999999999545
"2018-11-26 14:58:00",12614,0.00500000000000256
"2018-11-26 14:59:00",41286,0.0500000000000043
"2018-11-26 15:02:00",36008,0.00999999999999801
"2018-11-26 15:15:00",0,0
"2018-11-27 08:30:00",88213,-0.670000000000002
"2018-11-27 08:31:00",22122,0.0399999999999991
"2018-11-27 08:32:00",16220,-0.00999999999999801
"2018-11-27 08:33:00",17671,0.046599999999998
"2018-11-27 08:34:00",21012,-0.00659999999999883
"2018-11-27 08:35:00",22745,0
"2018-11-27 08:36:00",17782,-0.0700000000000003
"2018-11-27 08:37:00",22004,-0.0799999999999983
"2018-11-27 08:38:00",10486,-0.0300000000000011
"2018-11-27 08:39:00",12662,0.0300000000000011
"2018-11-27 08:40:00",7592,-0.0399999999999991
"2018-11-27 08:41:00",21518,0
"2018-11-27 08:42:00",5409,0
"2018-11-27 08:43:00",9624,0.019999999999996
"2018-11-27 08:44:00",25892,0.0300000000000011
"2018-11-27 08:45:00",19952,-0.0399999999999991
"2018-11-27 08:46:00",6834,0
"2018-11-27 08:47:00",14549,0
"2018-11-27 08:48:00",16906,0.0600000000000023
"2018-11-27 08:49:00",15792,0.019999999999996
"2018-11-27 08:50:00",3212,-0.0599999999999952
"2018-11-27 08:51:00",16861,-0.0900000000000034
"2018-11-27 08:52:00",11602,0.00999999999999801
"2018-11-27 08:53:00",7799,-0.0489999999999995
"2018-11-27 08:54:00",13867,0.0290000000000035
"2018-11-27 08:55:00",10264,0.00999999999999801
"2018-11-27 08:56:00",10212,-0.0499999999999972
"2018-11-27 08:57:00",9496,0.0599999999999952
"2018-11-27 08:58:00",7783,0.0200000000000031
"2018-11-27 08:59:00",4446,0.019999999999996
"2018-11-27 09:00:00",4547,-0.029999999999994
"2018-11-27 09:01:00",12326,0.00999999999999801
"2018-11-27 09:02:00",4527,-0.0300000000000011
"2018-11-27 09:03:00",8251,-0.00999999999999801
"2018-11-27 09:04:00",11496,0.0499999999999972
"2018-11-27 09:05:00",14749,0
"2018-11-27 09:06:00",15758,-0.00500000000000256
"2018-11-27 09:07:00",10523,0.00500000000000256
"2018-11-27 09:08:00",10757,0.0500000000000043
"2018-11-27 09:09:00",8301,0.029999999999994
"2018-11-27 09:10:00",14899,0.0100000000000051
"2018-11-27 09:11:00",10214,0.00989999999999469
"2018-11-27 09:12:00",6772,0.0501000000000005
"2018-11-27 09:13:00",11484,0.0600000000000023
"2018-11-27 09:14:00",7014,-0.0300000000000011
"2018-11-27 09:15:00",17922,0
"2018-11-27 09:16:00",6850,-0.0249999999999986
"2018-11-27 09:17:00",10699,0.0349999999999966
"2018-11-27 09:18:00",5380,-0.00999999999999801
"2018-11-27 09:19:00",21281,0.100000000000001
"2018-11-27 09:20:00",4725,-0.0700000000000003
"2018-11-27 09:21:00",4812,0
"2018-11-27 09:22:00",16468,-0.0499999999999972
"2018-11-27 09:23:00",8550,0.00519999999999499
"2018-11-27 09:24:00",6692,-0.00199999999999534
"2018-11-27 09:25:00",5362,0.0367999999999995
"2018-11-27 09:26:00",9419,-0.0630000000000024
"2018-11-27 09:27:00",6653,-0.0069999999999979
"2018-11-27 09:28:00",9563,-0.0100000000000051
"2018-11-27 09:29:00",8891,-0.0499999999999972
"2018-11-27 09:30:00",4927,0.0223999999999975
"2018-11-27 09:31:00",2625,-0.0523999999999987
"2018-11-27 09:32:00",5049,-0.00999999999999801
"2018-11-27 09:33:00",8578,0.0200000000000031
"2018-11-27 09:34:00",4134,-0.0100000000000051
"2018-11-27 09:35:00",1100,-0.0300000000000011
"2018-11-27 09:36:00",15482,-0.0399999999999991
"2018-11-27 09:37:00",6549,-0.00999999999999801
"2018-11-27 09:38:00",5796,-0.0163000000000011
"2018-11-27 09:39:00",31705,0.0163000000000011
"2018-11-27 09:40:00",8780,-0.00500000000000256
"2018-11-27 09:41:00",14060,0.0150000000000006
"2018-11-27 09:42:00",6344,-0.0300000000000011
"2018-11-27 09:43:00",4650,0.0500000000000043
"2018-11-27 09:44:00",2372,0.019999999999996
"2018-11-27 09:45:00",14947,0.0450000000000017
"2018-11-27 09:46:00",11214,0.0249999999999986
"2018-11-27 09:47:00",6888,0.0671000000000035
"2018-11-27 09:48:00",1468,-0.0371000000000024
"2018-11-27 09:49:00",9544,0
"2018-11-27 09:50:00",3891,0
"2018-11-27 09:51:00",5928,0.0200000000000031
"2018-11-27 09:52:00",2274,0.0700000000000003
"2018-11-27 09:53:00",3011,0.019999999999996
"2018-11-27 09:54:00",6950,0.0100000000000051
"2018-11-27 09:55:00",6535,0.0175999999999945
"2018-11-27 09:56:00",9615,-0.0175999999999945
"2018-11-27 09:57:00",7988,-0.0269000000000048
"2018-11-27 09:58:00",8453,-0.0131000000000014
"2018-11-27 09:59:00",5826,-0.029999999999994
"2018-11-27 10:00:00",4032,-0.0300000000000011
"2018-11-27 10:01:00",5693,0.0578000000000003
"2018-11-27 10:02:00",5286,0.0721999999999952
"2018-11-27 10:03:00",11158,0.0300000000000011
"2018-11-27 10:04:00",15414,0.0500000000000043
"2018-11-27 10:05:00",5855,0.0399999999999991
"2018-11-27 10:06:00",4797,-0.0200000000000031
"2018-11-27 10:07:00",21633,-0.00999999999999801
"2018-11-27 10:08:00",15656,-0.0200000000000031
"2018-11-27 10:09:00",10569,-0.019999999999996
"2018-11-27 10:10:00",8293,0
"2018-11-27 10:11:00",4384,0
"2018-11-27 10:12:00",7132,-0.0500000000000043
"2018-11-27 10:13:00",8956,0.0500000000000043
"2018-11-27 10:14:00",4746,-0.00460000000000349
"2018-11-27 10:15:00",8237,-0.00539999999999452
"2018-11-27 10:16:00",17412,-0.00310000000000343
"2018-11-27 10:17:00",9127,-0.0268999999999977
"2018-11-27 10:18:00",5311,-0.0399999999999991
"2018-11-27 10:19:00",11611,0.0399999999999991
"2018-11-27 10:20:00",8929,-0.0300000000000011
"2018-11-27 10:21:00",6265,-0.0500000000000043
"2018-11-27 10:22:00",10021,0.0300000000000011
"2018-11-27 10:23:00",7838,0.0100000000000051
"2018-11-27 10:24:00",13092,-0.0300000000000011
"2018-11-27 10:25:00",8541,0
"2018-11-27 10:26:00",7426,0.0399999999999991
"2018-11-27 10:27:00",11880,0.0300000000000011
"2018-11-27 10:28:00",7400,0.0399999999999991
"2018-11-27 10:29:00",5138,0
"2018-11-27 10:30:00",15422,-0.00999999999999801
"2018-11-27 10:31:00",18897,0.0246999999999957
"2018-11-27 10:32:00",17307,0.0452999999999975
"2018-11-27 10:33:00",5374,-0.0349999999999966
"2018-11-27 10:34:00",7819,-0.00500000000000256
"2018-11-27 10:35:00",9942,0.0300000000000011
"2018-11-27 10:36:00",3100,0.0150000000000006
"2018-11-27 10:37:00",8952,-0.00500000000000256
"2018-11-27 10:38:00",5749,-0.0399999999999991
"2018-11-27 10:39:00",10136,0
"2018-11-27 10:40:00",5836,0.000700000000001921
"2018-11-27 10:41:00",3419,-0.0407000000000011
"2018-11-27 10:42:00",8131,0.0100000000000051
"2018-11-27 10:43:00",3910,0.0109999999999957
"2018-11-27 10:44:00",3100,-0.000999999999997669
"2018-11-27 10:45:00",6256,-0.00999999999999801
"2018-11-27 10:46:00",4210,-0.00370000000000203
"2018-11-27 10:47:00",3805,-0.00529999999999831
"2018-11-27 10:48:00",5835,0.0489999999999995
"2018-11-27 10:49:00",2207,-0.0300000000000011
"2018-11-27 10:50:00",9700,-0.0200000000000031
"2018-11-27 10:51:00",10251,0.0100000000000051
"2018-11-27 10:52:00",3495,0.029999999999994
"2018-11-27 10:53:00",12469,0.0399999999999991
"2018-11-27 10:54:00",808,-0.019999999999996
"2018-11-27 10:55:00",12065,0.0399999999999991
"2018-11-27 10:56:00",3050,-0.0234999999999985
"2018-11-27 10:57:00",6469,-0.00930000000000319
"2018-11-27 10:58:00",6025,0.00850000000000506
"2018-11-27 10:59:00",4044,-0.0287000000000006
"2018-11-27 11:00:00",6274,-0.0470000000000041
"2018-11-27 11:01:00",4755,-0.00999999999999801
"2018-11-27 11:02:00",4748,-0.0300000000000011
"2018-11-27 11:03:00",8350,-0.00999999999999801
"2018-11-27 11:04:00",8521,0.0300000000000011
"2018-11-27 11:05:00",3300,0
"2018-11-27 11:06:00",3592,0
"2018-11-27 11:07:00",3317,-0.0100000000000051
"2018-11-27 11:08:00",10640,0.0100000000000051
"2018-11-27 11:09:00",7600,-0.026600000000002
"2018-11-27 11:10:00",1932,-0.0234000000000023
"2018-11-27 11:11:00",2937,-0.019999999999996
"2018-11-27 11:12:00",10483,-0.0200000000000031
"2018-11-27 11:13:00",2959,-0.0349999999999966
"2018-11-27 11:14:00",1588,-0.0150000000000006
"2018-11-27 11:15:00",4500,-0.0290000000000035
"2018-11-27 11:16:00",8451,0.0290000000000035
"2018-11-27 11:17:00",1000,0.00999999999999801
"2018-11-27 11:18:00",6100,0
"2018-11-27 11:19:00",11428,-0.0249999999999986
"2018-11-27 11:20:00",10579,-0.0249999999999986
"2018-11-27 11:21:00",13062,-0.0150000000000006
"2018-11-27 11:22:00",22939,-0.0225000000000009
"2018-11-27 11:23:00",9289,-0.00750000000000028
"2018-11-27 11:24:00",3280,-0.00500000000000256
"2018-11-27 11:25:00",7707,-0.0499999999999972
"2018-11-27 11:26:00",3682,-0.00120000000000431
"2018-11-27 11:27:00",19855,-0.0488
"2018-11-27 11:28:00",7292,-0.019999999999996
"2018-11-27 11:29:00",7491,0.0549999999999997
"2018-11-27 11:30:00",5331,0.0549999999999997
"2018-11-27 11:31:00",8960,0
"2018-11-27 11:32:00",4850,-0.0450000000000017
"2018-11-27 11:33:00",4214,0.00500000000000256
"2018-11-27 11:34:00",2500,-0.00999999999999801
"2018-11-27 11:35:00",6454,0.0375999999999976
"2018-11-27 11:36:00",3435,-0.0426000000000002
"2018-11-27 11:37:00",4784,-0.00500000000000256
"2018-11-27 11:38:00",7162,0.0200000000000031
"2018-11-27 11:39:00",8641,0.0850000000000009
"2018-11-27 11:40:00",7650,-0.0350000000000037
"2018-11-27 11:41:00",2350,0.0334000000000003
"2018-11-27 11:42:00",800,-0.0133999999999972
"2018-11-27 11:43:00",3784,-0.0249999999999986
"2018-11-27 11:44:00",5645,-0.0151000000000039
"2018-11-27 11:45:00",4309,0.0200999999999993
"2018-11-27 11:46:00",7150,-0.019999999999996
"2018-11-27 11:47:00",8765,0.0300000000000011
"2018-11-27 11:48:00",4700,0.00999999999999801
"2018-11-27 11:49:00",2465,-0.00500000000000256
"2018-11-27 11:50:00",4861,0.00500000000000256
"2018-11-27 11:51:00",3200,-0.0300000000000011
"2018-11-27 11:52:00",4664,0.00679999999999836
"2018-11-27 11:53:00",4000,0.00319999999999965
"2018-11-27 11:54:00",3978,0.00750000000000028
"2018-11-27 11:55:00",4406,0.0324999999999989
"2018-11-27 11:56:00",4000,-0.029999999999994
"2018-11-27 11:57:00",3192,-0.0129000000000019
"2018-11-27 11:58:00",3661,0.0228999999999999
"2018-11-27 11:59:00",3759,-0.0341999999999985
"2018-11-27 12:00:00",4889,0.0441999999999965
"2018-11-27 12:01:00",2165,0
"2018-11-27 12:02:00",2256,-0.0167000000000002
"2018-11-27 12:03:00",2700,-0.00329999999999586
"2018-11-27 12:04:00",3638,0
"2018-11-27 12:05:00",955,0
"2018-11-27 12:06:00",4745,-0.0100000000000051
"2018-11-27 12:07:00",4997,0.0300000000000011
"2018-11-27 12:08:00",4100,0.0366
"2018-11-27 12:09:00",7350,0.0234000000000023
"2018-11-27 12:10:00",4315,-0.0100000000000051
"2018-11-27 12:11:00",5459,-0.029999999999994
"2018-11-27 12:12:00",5300,0.0399999999999991
"2018-11-27 12:13:00",2033,0.0163999999999973
"2018-11-27 12:14:00",4000,0.0136000000000038
"2018-11-27 12:15:00",23165,0.00999999999999801
"2018-11-27 12:16:00",5220,-0.0500000000000043
"2018-11-27 12:17:00",800,0.0450000000000017
"2018-11-27 12:18:00",4023,0.00500000000000256
"2018-11-27 12:19:00",1700,-0.00999999999999801
"2018-11-27 12:20:00",1644,0.00999999999999801
"2018-11-27 12:21:00",3741,-0.0249000000000024
"2018-11-27 12:22:00",17495,-0.0150999999999968
"2018-11-27 12:23:00",2309,0
"2018-11-27 12:24:00",7751,0.0249999999999986
"2018-11-27 12:25:00",1500,-0.0249999999999986
"2018-11-27 12:26:00",13851,-0.00670000000000215
"2018-11-27 12:27:00",5203,0.00670000000000215
"2018-11-27 12:28:00",7418,-0.0236000000000018
"2018-11-27 12:29:00",13678,-0.0127999999999986
"2018-11-27 12:30:00",8702,0.0322999999999993
"2018-11-27 12:31:00",6061,0.00909999999999656
"2018-11-27 12:32:00",5044,-0.00499999999999545
"2018-11-27 12:33:00",7627,0.00999999999999801
"2018-11-27 12:34:00",6546,-0.00209999999999866
"2018-11-27 12:35:00",6039,0.0120999999999967
"2018-11-27 12:36:00",1676,-0.0300000000000011
"2018-11-27 12:37:00",3969,-0.019999999999996
"2018-11-27 12:38:00",11733,0.0600000000000023
"2018-11-27 12:39:00",13730,0
"2018-11-27 12:40:00",8352,-0.0499000000000009
"2018-11-27 12:41:00",7190,0.0148999999999972
"2018-11-27 12:42:00",3043,0.0549999999999997
"2018-11-27 12:43:00",4239,-0.019999999999996
"2018-11-27 12:44:00",3766,-0.0295000000000059
"2018-11-27 12:45:00",4718,0.0295000000000059
"2018-11-27 12:46:00",4734,0
"2018-11-27 12:47:00",4372,0
"2018-11-27 12:48:00",4477,0.0399999999999991
"2018-11-27 12:49:00",2630,0.0300000000000011
"2018-11-27 12:50:00",1903,-0.0200000000000031
"2018-11-27 12:51:00",3700,0.0200000000000031
"2018-11-27 12:52:00",3004,0.0198999999999998
"2018-11-27 12:53:00",2940,-0.0299000000000049
"2018-11-27 12:54:00",2000,-0.0300000000000011
"2018-11-27 12:55:00",1395,0.0100000000000051
"2018-11-27 12:56:00",10144,-0.0300000000000011
"2018-11-27 12:57:00",4291,-0.00999999999999801
"2018-11-27 12:58:00",6114,0.00999999999999801
"2018-11-27 12:59:00",6778,0.0399999999999991
"2018-11-27 13:00:00",9766,0
"2018-11-27 13:01:00",3887,0
"2018-11-27 13:02:00",4204,0
"2018-11-27 13:03:00",2915,0.00999999999999801
"2018-11-27 13:04:00",3400,0.0200000000000031
"2018-11-27 13:05:00",4996,-0.0200000000000031
"2018-11-27 13:06:00",11053,0.0129000000000019
"2018-11-27 13:07:00",6899,-0.0195000000000007
"2018-11-27 13:08:00",4314,-0.00880000000000081
"2018-11-27 13:09:00",797,-0.0245999999999995
"2018-11-27 13:10:00",4141,0.0300000000000011
"2018-11-27 13:11:00",2211,-0.0300000000000011
"2018-11-27 13:12:00",1572,0.00710000000000122
"2018-11-27 13:13:00",7315,0.00289999999999679
"2018-11-27 13:14:00",7060,0.0300000000000011
"2018-11-27 13:15:00",2200,0.0200000000000031
"2018-11-27 13:16:00",2600,0
"2018-11-27 13:17:00",1010,-0.00999999999999801
"2018-11-27 13:18:00",7498,0.019999999999996
"2018-11-27 13:19:00",4097,-0.00500000000000256
"2018-11-27 13:20:00",1684,-0.0118999999999971
"2018-11-27 13:21:00",19108,0.0168999999999997
"2018-11-27 13:22:00",2814,0.0200000000000031
"2018-11-27 13:23:00",2795,-0.0200000000000031
"2018-11-27 13:24:00",3795,0.00999999999999801
"2018-11-27 13:25:00",4738,-0.019999999999996
"2018-11-27 13:26:00",5739,-0.00999999999999801
"2018-11-27 13:27:00",15798,0.019999999999996
"2018-11-27 13:28:00",14194,-0.00999999999999801
"2018-11-27 13:29:00",10050,0.0399999999999991
"2018-11-27 13:30:00",5300,0
"2018-11-27 13:31:00",12528,0.0200000000000031
"2018-11-27 13:32:00",20244,0.0223999999999975
"2018-11-27 13:33:00",2676,-0.0219000000000023
"2018-11-27 13:34:00",2604,-0.00529999999999831
"2018-11-27 13:35:00",7917,0.0347999999999971
"2018-11-27 13:36:00",10193,0.0100000000000051
"2018-11-27 13:37:00",3773,-0.0200000000000031
"2018-11-27 13:38:00",5720,0.00999999999999801
"2018-11-27 13:39:00",8670,0.0100000000000051
"2018-11-27 13:40:00",2222,0.019999999999996
"2018-11-27 13:41:00",4531,-0.0300000000000011
"2018-11-27 13:42:00",6900,0.0300000000000011
"2018-11-27 13:43:00",5737,0.00999999999999801
"2018-11-27 13:44:00",2714,0.0200000000000031
"2018-11-27 13:45:00",5109,0.0300000000000011
"2018-11-27 13:46:00",6728,0
"2018-11-27 13:47:00",4254,-0.00789999999999935
"2018-11-27 13:48:00",2220,0.00789999999999935
"2018-11-27 13:49:00",1487,0.00430000000000064
"2018-11-27 13:50:00",5662,-0.0411000000000001
"2018-11-27 13:51:00",4834,0.0268000000000015
"2018-11-27 13:52:00",3900,-0.0200000000000031
"2018-11-27 13:53:00",1658,-0.0127999999999986
"2018-11-27 13:54:00",1833,-0.0172000000000025
"2018-11-27 13:55:00",2806,-0.019999999999996
"2018-11-27 13:56:00",4882,0.00999999999999801
"2018-11-27 13:57:00",4039,-0.00999999999999801
"2018-11-27 13:58:00",7213,-0.0063999999999993
"2018-11-27 13:59:00",440,-0.0135000000000005
"2018-11-27 14:00:00",14034,-0.00370000000000203
"2018-11-27 14:01:00",5109,0.00359999999999872
"2018-11-27 14:02:00",2300,-0.00999999999999801
"2018-11-27 14:03:00",7696,0.0300000000000011
"2018-11-27 14:04:00",6435,0.0499999999999972
"2018-11-27 14:05:00",1830,-0.0200000000000031
"2018-11-27 14:06:00",5621,-0.019999999999996
"2018-11-27 14:07:00",7505,0
"2018-11-27 14:08:00",2427,-0.00999999999999801
"2018-11-27 14:09:00",5010,0
"2018-11-27 14:10:00",5162,0.0399999999999991
"2018-11-27 14:11:00",4795,-0.0200000000000031
"2018-11-27 14:12:00",4439,-0.019999999999996
"2018-11-27 14:13:00",7133,0.0251999999999981
"2018-11-27 14:14:00",5089,0.014800000000001
"2018-11-27 14:15:00",2739,-0.0101000000000013
"2018-11-27 14:16:00",7828,-0.0300000000000011
"2018-11-27 14:17:00",8257,0.00010000000000332
"2018-11-27 14:18:00",4830,-0.0399999999999991
"2018-11-27 14:19:00",10007,-0.0400000000000063
"2018-11-27 14:20:00",4446,-0.00999999999999801
"2018-11-27 14:21:00",4931,0
"2018-11-27 14:22:00",5436,-0.0150000000000006
"2018-11-27 14:23:00",5844,-0.00499999999999545
"2018-11-27 14:24:00",2102,0.00999999999999801
"2018-11-27 14:25:00",9373,0.0300000000000011
"2018-11-27 14:26:00",3651,0
"2018-11-27 14:27:00",10665,0
"2018-11-27 14:28:00",3470,-0.0100000000000051
"2018-11-27 14:29:00",8427,0.0200000000000031
"2018-11-27 14:30:00",6894,-0.0200000000000031
"2018-11-27 14:31:00",7893,-0.029999999999994
"2018-11-27 14:32:00",11295,-0.00500000000000256
"2018-11-27 14:33:00",10499,0.0150000000000006
"2018-11-27 14:34:00",3080,0.00999999999999801
"2018-11-27 14:35:00",4716,0.00999999999999801
"2018-11-27 14:36:00",11520,0.0200000000000031
"2018-11-27 14:37:00",4643,0.0135999999999967
"2018-11-27 14:38:00",5649,-0.0235999999999947
"2018-11-27 14:39:00",24399,-0.00769999999999982
"2018-11-27 14:40:00",11459,0.00189999999999912
"2018-11-27 14:41:00",10106,0.000799999999998136
"2018-11-27 14:42:00",31667,-0.0150000000000006
"2018-11-27 14:43:00",7530,-0.0150000000000006
"2018-11-27 14:44:00",9365,0.00500000000000256
"2018-11-27 14:45:00",22581,0
"2018-11-27 14:46:00",16155,0
"2018-11-27 14:47:00",7223,0
"2018-11-27 14:48:00",7572,0.00999999999999801
"2018-11-27 14:49:00",9199,0
"2018-11-27 14:50:00",11266,0
"2018-11-27 14:51:00",17742,-0.0150000000000006
"2018-11-27 14:52:00",9147,-0.0249999999999986
"2018-11-27 14:53:00",23444,0
"2018-11-27 14:54:00",16106,-0.00999999999999801
"2018-11-27 14:55:00",23367,0.00999999999999801
"2018-11-27 14:56:00",16419,0.00500000000000256
"2018-11-27 14:57:00",15979,0.029999999999994
"2018-11-27 14:58:00",23371,0
"2018-11-27 14:59:00",29978,-0.0249999999999986
"2018-11-27 15:01:00",35571,-0.00999999999999801
"2018-11-27 15:15:00",0,0
"2018-11-28 08:30:00",46782,0.200000000000003
"2018-11-28 08:31:00",22763,-0.0397000000000034
"2018-11-28 08:32:00",5091,0.0397000000000034
"2018-11-28 08:33:00",3310,0.0599999999999952
"2018-11-28 08:34:00",5154,0
"2018-11-28 08:35:00",19124,0.0900000000000034
"2018-11-28 08:36:00",9947,0.00499999999999545
"2018-11-28 08:37:00",5180,0.0150000000000006
"2018-11-28 08:38:00",12169,-0.0399999999999991
"2018-11-28 08:39:00",7718,0.0200000000000031
"2018-11-28 08:40:00",6182,-0.0600000000000023
"2018-11-28 08:41:00",7511,-0.00999999999999801
"2018-11-28 08:42:00",3800,-0.00999999999999801
"2018-11-28 08:43:00",19117,0
"2018-11-28 08:44:00",8079,-0.00360000000000582
"2018-11-28 08:45:00",13411,-0.0863999999999976
"2018-11-28 08:46:00",11920,0
"2018-11-28 08:47:00",7794,0.0700000000000003
"2018-11-28 08:48:00",5101,0.0499999999999972
"2018-11-28 08:49:00",6637,0
"2018-11-28 08:50:00",7109,0.0300000000000011
"2018-11-28 08:51:00",6597,-0.057699999999997
"2018-11-28 08:52:00",4864,-0.0322999999999993
"2018-11-28 08:53:00",4935,0
"2018-11-28 08:54:00",4262,-0.0200999999999993
"2018-11-28 08:55:00",2443,-0.0099000000000018
"2018-11-28 08:56:00",8130,-0.0300000000000011
"2018-11-28 08:57:00",5029,-0.0200000000000031
"2018-11-28 08:58:00",2946,-9.99999999962142e-05
"2018-11-28 08:59:00",9601,-0.0198999999999998
"2018-11-28 09:00:00",9870,0.0499999999999972
"2018-11-28 09:01:00",5801,-0.0499999999999972
"2018-11-28 09:02:00",6789,-0.0399999999999991
"2018-11-28 09:03:00",6756,0
"2018-11-28 09:04:00",12609,-0.0249999999999986
"2018-11-28 09:05:00",13811,-0.0700000000000003
"2018-11-28 09:06:00",10923,0.0399999999999991
"2018-11-28 09:07:00",17827,-0.0850000000000009
"2018-11-28 09:08:00",9214,0
"2018-11-28 09:09:00",6756,-0.00999999999999801
"2018-11-28 09:10:00",6876,-0.0300000000000011
"2018-11-28 09:11:00",4589,0
"2018-11-28 09:12:00",4175,-0.0100000000000051
"2018-11-28 09:13:00",10273,-0.019999999999996
"2018-11-28 09:14:00",4447,-0.00999999999999801
"2018-11-28 09:15:00",20417,0.029999999999994
"2018-11-28 09:16:00",8013,0.0300000000000011
"2018-11-28 09:17:00",2600,0
"2018-11-28 09:18:00",3520,0.0200000000000031
"2018-11-28 09:19:00",6326,0.0700000000000003
"2018-11-28 09:20:00",5707,-0.00999999999999801
"2018-11-28 09:21:00",10007,0.019999999999996
"2018-11-28 09:22:00",11781,-0.019999999999996
"2018-11-28 09:23:00",3231,-0.0200000000000031
"2018-11-28 09:24:00",6971,-0.0200000000000031
"2018-11-28 09:25:00",18145,-0.00999999999999801
"2018-11-28 09:26:00",13084,0.0300000000000011
"2018-11-28 09:27:00",16360,-0.0200000000000031
"2018-11-28 09:28:00",11386,-0.0449999999999946
"2018-11-28 09:29:00",13233,-0.0399999999999991
"2018-11-28 09:30:00",20111,0.019999999999996
"2018-11-28 09:31:00",44295,-0.0499999999999972
"2018-11-28 09:32:00",26515,-0.0249999999999986
"2018-11-28 09:33:00",6654,0.00999999999999801
"2018-11-28 09:34:00",9872,0.104999999999997
"2018-11-28 09:35:00",26916,0.185000000000002
"2018-11-28 09:36:00",28106,-0.00999999999999801
"2018-11-28 09:37:00",7670,-0.0200000000000031
"2018-11-28 09:38:00",14039,-0.0300000000000011
"2018-11-28 09:39:00",14608,-0.0599999999999952
"2018-11-28 09:40:00",13051,0.029999999999994
"2018-11-28 09:41:00",9644,0.0100000000000051
"2018-11-28 09:42:00",17250,-0.0399999999999991
"2018-11-28 09:43:00",13191,-0.0200000000000031
"2018-11-28 09:44:00",14949,-0.0300000000000011
"2018-11-28 09:45:00",10838,-0.0300000000000011
"2018-11-28 09:46:00",3246,0.0700000000000003
"2018-11-28 09:47:00",9410,0.0500000000000043
"2018-11-28 09:48:00",4750,0.00499999999999545
"2018-11-28 09:49:00",1902,-0.00499999999999545
"2018-11-28 09:50:00",4313,-0.00610000000000355
"2018-11-28 09:51:00",2186,-0.00390000000000157
"2018-11-28 09:52:00",4495,-0.029999999999994
"2018-11-28 09:53:00",5539,0.0330999999999975
"2018-11-28 09:54:00",2208,-0.0206999999999979
"2018-11-28 09:55:00",3000,-0.00240000000000151
"2018-11-28 09:56:00",3900,-0.00999999999999801
"2018-11-28 09:57:00",2200,-0.0200000000000031
"2018-11-28 09:58:00",3450,-0.00999999999999801
"2018-11-28 09:59:00",9121,-0.0200000000000031
"2018-11-28 10:00:00",13543,0.0399999999999991
"2018-11-28 10:01:00",6570,-0.0599999999999952
"2018-11-28 10:02:00",9260,0.029999999999994
"2018-11-28 10:03:00",13958,-0.00999999999999801
"2018-11-28 10:04:00",5200,0.0300000000000011
"2018-11-28 10:05:00",6668,-0.0069999999999979
"2018-11-28 10:06:00",5012,0.0769999999999982
"2018-11-28 10:07:00",6920,-0.0200000000000031
"2018-11-28 10:08:00",14135,-0.0100999999999942
"2018-11-28 10:09:00",3075,9.99999999962142e-05
"2018-11-28 10:10:00",8310,0.0600000000000023
"2018-11-28 10:11:00",4299,-0.00999999999999801
"2018-11-28 10:12:00",9037,0
"2018-11-28 10:13:00",6298,0.0599999999999952
"2018-11-28 10:14:00",4593,-0.0266999999999982
"2018-11-28 10:15:00",6147,-0.0127999999999986
"2018-11-28 10:16:00",7104,-0.0204999999999984
"2018-11-28 10:17:00",7674,-0.0350000000000037
"2018-11-28 10:18:00",5004,0.0249999999999986
"2018-11-28 10:19:00",3577,-0.0300000000000011
"2018-11-28 10:20:00",3913,0.0200000000000031
"2018-11-28 10:21:00",4862,-0.0200000000000031
"2018-11-28 10:22:00",3271,-0.00999999999999801
"2018-11-28 10:23:00",3710,-0.019999999999996
"2018-11-28 10:24:00",3994,-0.0100000000000051
"2018-11-28 10:25:00",4585,-0.019999999999996
"2018-11-28 10:26:00",5857,0.00999999999999801
"2018-11-28 10:27:00",6434,0.0600000000000023
"2018-11-28 10:28:00",14075,0.0300000000000011
"2018-11-28 10:29:00",29971,0.00999999999999801
"2018-11-28 10:30:00",6883,0.00999999999999801
"2018-11-28 10:31:00",13483,0
"2018-11-28 10:32:00",25069,-0.0300000000000011
"2018-11-28 10:33:00",15637,0
"2018-11-28 10:34:00",4624,0
"2018-11-28 10:35:00",2255,0.0200000000000031
"2018-11-28 10:36:00",3900,0.0349999999999966
"2018-11-28 10:37:00",8525,0.0399999999999991
"2018-11-28 10:38:00",2400,0.00500000000000256
"2018-11-28 10:39:00",15489,0.0600000000000023
"2018-11-28 10:40:00",4203,-0.0700000000000003
"2018-11-28 10:41:00",2927,0.0399999999999991
"2018-11-28 10:42:00",3327,0.019999999999996
"2018-11-28 10:43:00",1400,0
"2018-11-28 10:44:00",1850,0
"2018-11-28 10:45:00",4330,-0.0135999999999967
"2018-11-28 10:46:00",3504,-0.0394999999999968
"2018-11-28 10:47:00",7255,0.0196999999999932
"2018-11-28 10:48:00",3050,-0.00999999999999801
"2018-11-28 10:49:00",1705,0.00339999999999918
"2018-11-28 10:50:00",5200,-0.0225999999999971
"2018-11-28 10:51:00",3545,0.0125999999999991
"2018-11-28 10:52:00",5700,0.0600000000000023
"2018-11-28 10:53:00",3752,-0.0300000000000011
"2018-11-28 10:54:00",2079,0
"2018-11-28 10:55:00",2100,0.0300000000000011
"2018-11-28 10:56:00",4769,0.00999999999999801
"2018-11-28 10:57:00",8904,-0.0300000000000011
"2018-11-28 10:58:00",4020,0.0200000000000031
"2018-11-28 10:59:00",3103,0
"2018-11-28 11:00:00",26025,0.210000000000001
"2018-11-28 11:01:00",16315,0.0799999999999983
"2018-11-28 11:02:00",11964,0.0602000000000018
"2018-11-28 11:03:00",9230,0.0797999999999988
"2018-11-28 11:04:00",3580,0.0300000000000011
"2018-11-28 11:05:00",12393,-0.0400000000000063
"2018-11-28 11:06:00",5290,-0.0899999999999963
"2018-11-28 11:07:00",6025,0.0700000000000003
"2018-11-28 11:08:00",23312,0.149999999999999
"2018-11-28 11:09:00",6891,0.00999999999999801
"2018-11-28 11:10:00",16483,-0.0499999999999972
"2018-11-28 11:11:00",3808,-0.0799999999999983
"2018-11-28 11:12:00",3634,-0.0300000000000011
"2018-11-28 11:13:00",5048,0.119999999999997
"2018-11-28 11:14:00",7676,0.0500000000000043
"2018-11-28 11:15:00",6721,-0.0600000000000023
"2018-11-28 11:16:00",6358,-0.0300000000000011
"2018-11-28 11:17:00",7755,-0.019999999999996
"2018-11-28 11:18:00",2665,0
"2018-11-28 11:19:00",3258,0.0398999999999958
"2018-11-28 11:20:00",4564,0.0533000000000001
"2018-11-28 11:21:00",3191,-0.0231999999999957
"2018-11-28 11:22:00",6947,-0.0900000000000034
"2018-11-28 11:23:00",6700,-0.00319999999999965
"2018-11-28 11:24:00",3400,0.00319999999999965
"2018-11-28 11:25:00",4220,-0.0399999999999991
"2018-11-28 11:26:00",6018,-0.0300000000000011
"2018-11-28 11:27:00",3950,0.00600000000000023
"2018-11-28 11:28:00",4164,0.0290000000000035
"2018-11-28 11:29:00",4169,0.0149999999999935
"2018-11-28 11:30:00",11153,-0.019999999999996
"2018-11-28 11:31:00",3425,-0.00330000000000297
"2018-11-28 11:32:00",6517,-0.0266999999999982
"2018-11-28 11:33:00",3430,0
"2018-11-28 11:34:00",4668,-0.033299999999997
"2018-11-28 11:35:00",6015,0.0182999999999964
"2018-11-28 11:36:00",4837,0.00500000000000256
"2018-11-28 11:37:00",7567,0
"2018-11-28 11:38:00",6078,-0.0399999999999991
"2018-11-28 11:39:00",8211,0.0999999999999943
"2018-11-28 11:40:00",5304,-0.0599999999999952
"2018-11-28 11:41:00",13300,-0.00999999999999801
"2018-11-28 11:42:00",5487,0
"2018-11-28 11:43:00",2955,0.019999999999996
"2018-11-28 11:44:00",1906,0.00999999999999801
"2018-11-28 11:45:00",3558,0.0399999999999991
"2018-11-28 11:46:00",1840,-0.00999999999999801
"2018-11-28 11:47:00",5514,0.0500000000000043
"2018-11-28 11:48:00",8006,-0.0400000000000063
"2018-11-28 11:49:00",5563,0.0500000000000043
"2018-11-28 11:50:00",5006,0.00999999999999801
"2018-11-28 11:51:00",5151,0.0500000000000043
"2018-11-28 11:52:00",1400,-0.0100000000000051
"2018-11-28 11:53:00",8773,0
"2018-11-28 11:54:00",3307,-0.019999999999996
"2018-11-28 11:55:00",4722,-0.0399999999999991
"2018-11-28 11:56:00",3686,0.00999999999999801
"2018-11-28 11:57:00",4869,-0.0200000000000031
"2018-11-28 11:58:00",6446,-0.019999999999996
"2018-11-28 11:59:00",6005,-0.0399999999999991
"2018-11-28 12:00:00",10645,-0.0399999999999991
"2018-11-28 12:01:00",6336,0.0399999999999991
"2018-11-28 12:02:00",1300,0
"2018-11-28 12:03:00",3976,-0.0650000000000048
"2018-11-28 12:04:00",1733,-0.00499999999999545
"2018-11-28 12:05:00",3140,0.0300000000000011
"2018-11-28 12:06:00",1325,-0.0300000000000011
"2018-11-28 12:07:00",5200,0.0249999999999986
"2018-11-28 12:08:00",11100,0.0700000000000003
"2018-11-28 12:09:00",3671,-0.000199999999999534
"2018-11-28 12:10:00",3508,-0.0281999999999982
"2018-11-28 12:11:00",6968,0.0283999999999978
"2018-11-28 12:12:00",4810,0.00499999999999545
"2018-11-28 12:13:00",4498,0
"2018-11-28 12:14:00",8697,0.0300000000000011
"2018-11-28 12:15:00",6172,-0.019999999999996
"2018-11-28 12:16:00",2434,0.0300000000000011
"2018-11-28 12:17:00",3963,0.0477999999999952
"2018-11-28 12:18:00",4479,-0.0277999999999992
"2018-11-28 12:19:00",2600,-0.00999999999999801
"2018-11-28 12:20:00",5100,0.00999999999999801
"2018-11-28 12:21:00",9017,0.00999999999999801
"2018-11-28 12:22:00",2805,-0.00999999999999801
"2018-11-28 12:23:00",4369,0.00359999999999872
"2018-11-28 12:24:00",2369,-0.0235999999999947
"2018-11-28 12:25:00",2700,0.0399999999999991
"2018-11-28 12:26:00",748,-0.0200000000000031
"2018-11-28 12:27:00",4305,-0.0549999999999997
"2018-11-28 12:28:00",3323,0.00500000000000256
"2018-11-28 12:29:00",2798,0.0300000000000011
"2018-11-28 12:30:00",4257,0.0499999999999972
"2018-11-28 12:31:00",1300,0
"2018-11-28 12:32:00",6434,-0.0349999999999966
"2018-11-28 12:33:00",9848,-0.021800000000006
"2018-11-28 12:34:00",4000,0.00680000000000547
"2018-11-28 12:35:00",6455,0.00999999999999801
"2018-11-28 12:36:00",2930,0.00500000000000256
"2018-11-28 12:37:00",5665,0.0149999999999935
"2018-11-28 12:38:00",9971,0.0100000000000051
"2018-11-28 12:39:00",4644,0.0399999999999991
"2018-11-28 12:40:00",3625,0
"2018-11-28 12:41:00",2100,-0.0399999999999991
"2018-11-28 12:42:00",6318,0.0300000000000011
"2018-11-28 12:43:00",1335,-0.00750000000000028
"2018-11-28 12:44:00",3417,0.00249999999999773
"2018-11-28 12:45:00",4303,0.0150000000000006
"2018-11-28 12:46:00",4570,0.0227000000000004
"2018-11-28 12:47:00",1434,0.00730000000000075
"2018-11-28 12:48:00",1350,0
"2018-11-28 12:49:00",3025,0.0300000000000011
"2018-11-28 12:50:00",3871,0
"2018-11-28 12:51:00",4700,0.00999999999999801
"2018-11-28 12:52:00",6191,0.0700000000000003
"2018-11-28 12:53:00",3205,0.0249999999999986
"2018-11-28 12:54:00",4400,-0.0200000000000031
"2018-11-28 12:55:00",2938,0.0350000000000037
"2018-11-28 12:56:00",2165,-0.0399999999999991
"2018-11-28 12:57:00",4125,0.019999999999996
"2018-11-28 12:58:00",3300,-0.019999999999996
"2018-11-28 12:59:00",1659,0
"2018-11-28 13:00:00",4647,-0.0200000000000031
"2018-11-28 13:01:00",2700,0.0200000000000031
"2018-11-28 13:02:00",4202,0.0349999999999966
"2018-11-28 13:03:00",3177,0.0150000000000006
"2018-11-28 13:04:00",4668,-0.0349999999999966
"2018-11-28 13:05:00",6818,0
"2018-11-28 13:06:00",3042,-0.0242000000000004
"2018-11-28 13:07:00",3803,0.00919999999999987
"2018-11-28 13:08:00",750,-0.0100000000000051
"2018-11-28 13:09:00",4398,0.0333000000000041
"2018-11-28 13:10:00",9011,0.0566999999999993
"2018-11-28 13:11:00",2963,0
"2018-11-28 13:12:00",3120,0
"2018-11-28 13:13:00",4317,-0.0600000000000023
"2018-11-28 13:14:00",1400,0.0600000000000023
"2018-11-28 13:15:00",11023,-0.100000000000001
"2018-11-28 13:16:00",5964,0.0200000000000031
"2018-11-28 13:17:00",2504,0.0399999999999991
"2018-11-28 13:18:00",2200,-0.0200000000000031
"2018-11-28 13:19:00",4604,0.0100000000000051
"2018-11-28 13:20:00",4635,-0.0500000000000043
"2018-11-28 13:21:00",6018,-0.0899999999999963
"2018-11-28 13:22:00",4427,0.00999999999999801
"2018-11-28 13:23:00",3719,0.0167000000000002
"2018-11-28 13:24:00",1900,0.033299999999997
"2018-11-28 13:25:00",3924,-0.029999999999994
"2018-11-28 13:26:00",3356,0.00999999999999801
"2018-11-28 13:27:00",8834,-0.0799999999999983
"2018-11-28 13:28:00",9827,0
"2018-11-28 13:29:00",6598,-0.0400000000000063
"2018-11-28 13:30:00",5736,-0.00999999999999801
"2018-11-28 13:31:00",2630,0.00999999999999801
"2018-11-28 13:32:00",3566,-0.019999999999996
"2018-11-28 13:33:00",3445,0
"2018-11-28 13:34:00",4103,0.00999999999999801
"2018-11-28 13:35:00",4449,0.0300000000000011
"2018-11-28 13:36:00",1909,-0.0168999999999997
"2018-11-28 13:37:00",2909,0.0268999999999977
"2018-11-28 13:38:00",1400,-0.00999999999999801
"2018-11-28 13:39:00",3200,-0.0499999999999972
"2018-11-28 13:40:00",2507,0.029999999999994
"2018-11-28 13:41:00",3173,-0.00499999999999545
"2018-11-28 13:42:00",2591,-0.0150000000000006
"2018-11-28 13:43:00",3627,0.00999999999999801
"2018-11-28 13:44:00",3761,-0.0300000000000011
"2018-11-28 13:45:00",6456,0.00500000000000256
"2018-11-28 13:46:00",2700,-0.00500000000000256
"2018-11-28 13:47:00",500,0
"2018-11-28 13:48:00",8606,0.0157000000000025
"2018-11-28 13:49:00",2100,-0.0157000000000025
"2018-11-28 13:50:00",2600,0.00260000000000105
"2018-11-28 13:51:00",2277,-0.00260000000000105
"2018-11-28 13:52:00",3501,0.0100000000000051
"2018-11-28 13:53:00",2169,-0.0300000000000011
"2018-11-28 13:54:00",8888,-0.0200000000000031
"2018-11-28 13:55:00",6953,-0.019999999999996
"2018-11-28 13:56:00",11806,0.0152999999999963
"2018-11-28 13:57:00",4604,-0.00540000000000163
"2018-11-28 13:58:00",3588,-0.0198999999999998
"2018-11-28 13:59:00",2150,0.00010000000000332
"2018-11-28 14:00:00",2946,-0.00010000000000332
"2018-11-28 14:01:00",1350,-0.00999999999999801
"2018-11-28 14:02:00",6274,-0.0300000000000011
"2018-11-28 14:03:00",8390,0.0500000000000043
"2018-11-28 14:04:00",8444,0.0356999999999985
"2018-11-28 14:05:00",2244,-0.0157999999999987
"2018-11-28 14:06:00",4850,0.0200999999999993
"2018-11-28 14:07:00",819,-0.00370000000000203
"2018-11-28 14:08:00",2189,-0.0362999999999971
"2018-11-28 14:09:00",5723,0.019999999999996
"2018-11-28 14:10:00",2096,0
"2018-11-28 14:11:00",2000,0.00339999999999918
"2018-11-28 14:12:00",2435,-0.00339999999999918
"2018-11-28 14:13:00",5270,-0.019999999999996
"2018-11-28 14:14:00",4888,0.029999999999994
"2018-11-28 14:16:00",1222,-0.00569999999999737
"2018-11-28 14:17:00",1739,-0.0142000000000024
"2018-11-28 14:18:00",1055,-0.00509999999999877
"2018-11-28 14:19:00",908,-0.00499999999999545
"2018-11-28 14:20:00",9909,0.0499999999999972
"2018-11-28 14:21:00",5226,-0.00820000000000221
"2018-11-28 14:22:00",3300,0.018100000000004
"2018-11-28 14:23:00",4205,0.0200999999999993
"2018-11-28 14:24:00",2973,-0.00999999999999801
"2018-11-28 14:25:00",1144,0.00499999999999545
"2018-11-28 14:26:00",2148,-0.0150000000000006
"2018-11-28 14:27:00",3442,0.0100000000000051
"2018-11-28 14:28:00",2689,0.0127999999999986
"2018-11-28 14:29:00",4499,0.0521999999999991
"2018-11-28 14:30:00",13762,-0.0418999999999983
"2018-11-28 14:31:00",2446,-0.0131000000000014
"2018-11-28 14:32:00",12717,0.00999999999999801
"2018-11-28 14:33:00",3011,0.0300000000000011
"2018-11-28 14:34:00",13829,0.0700000000000003
"2018-11-28 14:35:00",14725,-0.00540000000000163
"2018-11-28 14:36:00",3300,-0.00459999999999638
"2018-11-28 14:37:00",5291,0
"2018-11-28 14:38:00",7289,0
"2018-11-28 14:39:00",3250,0
"2018-11-28 14:40:00",6759,-0.0200000000000031
"2018-11-28 14:41:00",6712,0
"2018-11-28 14:42:00",10918,0.0200000000000031
"2018-11-28 14:43:00",16084,0.0250999999999948
"2018-11-28 14:44:00",29024,-0.0150999999999968
"2018-11-28 14:45:00",19665,0.0300000000000011
"2018-11-28 14:46:00",21313,0
"2018-11-28 14:47:00",8488,0.019999999999996
"2018-11-28 14:48:00",12646,0.0200000000000031
"2018-11-28 14:49:00",5798,0.019999999999996
"2018-11-28 14:50:00",12119,-0.00719999999999743
"2018-11-28 14:51:00",9481,0.00719999999999743
"2018-11-28 14:52:00",12486,0
"2018-11-28 14:53:00",2615,-0.00499999999999545
"2018-11-28 14:54:00",8992,0
"2018-11-28 14:55:00",25394,-0.00999999999999801
"2018-11-28 14:56:00",12386,0.00999999999999801
"2018-11-28 14:57:00",14576,0.00499999999999545
"2018-11-28 14:58:00",16697,0
"2018-11-28 14:59:00",38536,0.0600000000000023
"2018-11-28 15:02:00",59943,0
"2018-11-28 15:15:00",0,0
"2018-11-29 08:30:00",53440,-0.00999999999999801
"2018-11-29 08:31:00",29648,-0.0900000000000034
"2018-11-29 08:32:00",15581,0.140000000000001
"2018-11-29 08:33:00",7491,-0.0349999999999966
"2018-11-29 08:34:00",9356,-0.0239000000000047
"2018-11-29 08:35:00",22328,0.0589000000000013
"2018-11-29 08:36:00",52116,0.0500000000000043
"2018-11-29 08:37:00",10751,0.0261999999999958
"2018-11-29 08:38:00",30178,0.113800000000005
"2018-11-29 08:39:00",15158,-0.0100000000000051
"2018-11-29 08:40:00",12800,-0.0300000000000011
"2018-11-29 08:41:00",2615,-0.0899999999999963
"2018-11-29 08:42:00",7204,0.0450000000000017
"2018-11-29 08:43:00",5075,-0.0150000000000006
"2018-11-29 08:44:00",11615,0
"2018-11-29 08:45:00",5605,0.00999999999999801
"2018-11-29 08:46:00",30139,-0.0110000000000028
"2018-11-29 08:47:00",10741,-0.1021
"2018-11-29 08:48:00",19197,-0.0878999999999976
"2018-11-29 08:49:00",18678,0.0410000000000039
"2018-11-29 08:50:00",9371,0.0499999999999972
"2018-11-29 08:51:00",9348,0.0200000000000031
"2018-11-29 08:52:00",17735,0.029999999999994
"2018-11-29 08:53:00",14338,0.0400000000000063
"2018-11-29 08:54:00",7243,-0.0137
"2018-11-29 08:55:00",37734,0.0236999999999981
"2018-11-29 08:56:00",11619,-0.0399999999999991
"2018-11-29 08:57:00",10822,-0.0500000000000043
"2018-11-29 08:58:00",14849,0
"2018-11-29 08:59:00",10877,-0.019999999999996
"2018-11-29 09:00:00",25639,0.0899999999999963
"2018-11-29 09:01:00",7266,0.0200000000000031
"2018-11-29 09:02:00",16057,0
"2018-11-29 09:03:00",10322,0.019999999999996
"2018-11-29 09:04:00",16217,-0.0499999999999972
"2018-11-29 09:05:00",11497,-0.00999999999999801
"2018-11-29 09:06:00",10780,-0.0700000000000003
"2018-11-29 09:07:00",21441,0.019999999999996
"2018-11-29 09:08:00",16320,0.0650000000000048
"2018-11-29 09:09:00",25962,0.0249999999999986
"2018-11-29 09:10:00",16369,0
"2018-11-29 09:11:00",9802,-0.0500000000000043
"2018-11-29 09:12:00",5098,-0.029999999999994
"2018-11-29 09:13:00",6828,0.0499999999999972
"2018-11-29 09:14:00",3501,-0.0399999999999991
"2018-11-29 09:15:00",11701,0.00849999999999795
"2018-11-29 09:16:00",24762,-0.0784999999999982
"2018-11-29 09:17:00",20448,0.00999999999999801
"2018-11-29 09:18:00",7421,-0.0600000000000023
"2018-11-29 09:19:00",8307,0.0100000000000051
"2018-11-29 09:20:00",4757,0.019999999999996
"2018-11-29 09:21:00",4544,0.0399999999999991
"2018-11-29 09:22:00",3800,-0.0599999999999952
"2018-11-29 09:23:00",4791,0.0599999999999952
"2018-11-29 09:24:00",8806,0.0400000000000063
"2018-11-29 09:25:00",8829,-0.0100000000000051
"2018-11-29 09:26:00",6255,-0.0399999999999991
"2018-11-29 09:27:00",7025,-0.0300000000000011
"2018-11-29 09:28:00",5547,-0.019999999999996
"2018-11-29 09:29:00",4749,-0.0200000000000031
"2018-11-29 09:30:00",34955,0.289999999999999
"2018-11-29 09:31:00",15470,-0.0899999999999963
"2018-11-29 09:32:00",9960,0.019999999999996
"2018-11-29 09:33:00",6491,-0.00999999999999801
"2018-11-29 09:34:00",4338,-0.100000000000001
"2018-11-29 09:35:00",24028,0.0100000000000051
"2018-11-29 09:36:00",5696,-0.0100000000000051
"2018-11-29 09:37:00",6521,-0.0799999999999983
"2018-11-29 09:38:00",3878,-0.00999999999999801
"2018-11-29 09:39:00",19030,0.019999999999996
"2018-11-29 09:40:00",14738,-0.0456000000000003
"2018-11-29 09:41:00",6107,0.0356000000000023
"2018-11-29 09:42:00",7601,0
"2018-11-29 09:43:00",25015,-0.0399999999999991
"2018-11-29 09:44:00",3225,0.019999999999996
"2018-11-29 09:45:00",8988,-0.0499999999999972
"2018-11-29 09:46:00",5488,0.0499999999999972
"2018-11-29 09:47:00",5443,0
"2018-11-29 09:48:00",6543,-0.00999999999999801
"2018-11-29 09:49:00",2680,-0.0300000000000011
"2018-11-29 09:50:00",18583,-0.029999999999994
"2018-11-29 09:51:00",4937,0.029999999999994
"2018-11-29 09:52:00",23149,-0.0399999999999991
"2018-11-29 09:53:00",17857,-0.0336999999999961
"2018-11-29 09:54:00",3637,0.0536999999999992
"2018-11-29 09:55:00",7153,-0.00500000000000256
"2018-11-29 09:56:00",7729,0.0300000000000011
"2018-11-29 09:57:00",6307,-0.0150000000000006
"2018-11-29 09:58:00",2589,0
"2018-11-29 09:59:00",11231,0.0700000000000003
"2018-11-29 10:00:00",22111,0.00999999999999801
"2018-11-29 10:01:00",5860,-0.00999999999999801
"2018-11-29 10:02:00",3175,0.0287999999999968
"2018-11-29 10:03:00",6468,-0.0087999999999937
"2018-11-29 10:04:00",7404,0.0599999999999952
"2018-11-29 10:05:00",4529,0.0249999999999986
"2018-11-29 10:06:00",10194,-0.0499999999999972
"2018-11-29 10:07:00",19673,-0.00500000000000256
"2018-11-29 10:08:00",16125,-0.0399999999999991
"2018-11-29 10:09:00",2971,-0.00319999999999965
"2018-11-29 10:10:00",5491,-0.0167999999999964
"2018-11-29 10:11:00",3857,-0.0500000000000043
"2018-11-29 10:12:00",13543,0.0200000000000031
"2018-11-29 10:13:00",7096,0.019999999999996
"2018-11-29 10:14:00",7880,0.0350000000000037
"2018-11-29 10:15:00",3244,0.0349999999999966
"2018-11-29 10:16:00",4350,-0.0399999999999991
"2018-11-29 10:17:00",6321,-0.0449999999999946
"2018-11-29 10:18:00",8781,-0.0100000000000051
"2018-11-29 10:19:00",13222,-0.0234999999999985
"2018-11-29 10:20:00",13248,-0.014800000000001
"2018-11-29 10:21:00",28955,0.1633
"2018-11-29 10:22:00",27512,-0.0799999999999983
"2018-11-29 10:23:00",5992,0.0700000000000003
"2018-11-29 10:24:00",4774,-0.109999999999999
"2018-11-29 10:25:00",8232,0
"2018-11-29 10:26:00",14573,0.0349999999999966
"2018-11-29 10:27:00",5312,0.0549999999999997
"2018-11-29 10:28:00",6300,-0.0599999999999952
"2018-11-29 10:29:00",12915,0.0300000000000011
"2018-11-29 10:30:00",6320,-0.0400000000000063
"2018-11-29 10:31:00",3317,-0.019999999999996
"2018-11-29 10:32:00",3988,0.0649999999999977
"2018-11-29 10:33:00",11995,-0.0150000000000006
"2018-11-29 10:34:00",32781,-0.0700000000000003
"2018-11-29 10:35:00",21101,-0.00999999999999801
"2018-11-29 10:36:00",5383,0.00999999999999801
"2018-11-29 10:37:00",31408,0.0500000000000043
"2018-11-29 10:38:00",18886,0
"2018-11-29 10:39:00",5854,0.00999999999999801
"2018-11-29 10:40:00",8851,-0.0200000000000031
"2018-11-29 10:41:00",5133,0.0300000000000011
"2018-11-29 10:42:00",5337,0.0300000000000011
"2018-11-29 10:43:00",3291,0
"2018-11-29 10:44:00",4476,-0.00499999999999545
"2018-11-29 10:45:00",6250,-0.0250000000000057
"2018-11-29 10:46:00",3226,-0.0437999999999974
"2018-11-29 10:47:00",2620,0.0238000000000014
"2018-11-29 10:48:00",2809,0.00999999999999801
"2018-11-29 10:49:00",1350,0.0200000000000031
"2018-11-29 10:50:00",10563,-0.0400000000000063
"2018-11-29 10:51:00",4474,0.0100000000000051
"2018-11-29 10:52:00",2606,0.0300000000000011
"2018-11-29 10:53:00",2200,0.019999999999996
"2018-11-29 10:54:00",6364,0.0900000000000034
"2018-11-29 10:55:00",5730,-0.0100000000000051
"2018-11-29 10:56:00",2189,-0.019999999999996
"2018-11-29 10:57:00",2473,-0.00999999999999801
"2018-11-29 10:58:00",4645,0
"2018-11-29 10:59:00",1448,-0.0137
"2018-11-29 11:00:00",8070,-0.0363000000000042
"2018-11-29 11:01:00",4586,0.00659999999999883
"2018-11-29 11:02:00",4045,-0.0428999999999959
"2018-11-29 11:03:00",3261,0.0172999999999988
"2018-11-29 11:04:00",3314,0.00900000000000034
"2018-11-29 11:05:00",3259,-0.00370000000000203
"2018-11-29 11:06:00",3454,-0.0262999999999991
"2018-11-29 11:07:00",3656,-0.0600000000000023
"2018-11-29 11:08:00",3714,0.0200000000000031
"2018-11-29 11:09:00",2059,0.00450000000000017
"2018-11-29 11:10:00",1202,0.00549999999999784
"2018-11-29 11:11:00",1721,0.00999999999999801
"2018-11-29 11:12:00",2056,-0.019999999999996
"2018-11-29 11:13:00",9292,-0.0499999999999972
"2018-11-29 11:14:00",6125,-0.0100000000000051
"2018-11-29 11:15:00",2400,-0.019999999999996
"2018-11-29 11:16:00",3717,0
"2018-11-29 11:17:00",9624,-0.0100000000000051
"2018-11-29 11:18:00",8962,0.0267000000000053
"2018-11-29 11:19:00",1875,-0.0167000000000002
"2018-11-29 11:20:00",2168,-0.0100000000000051
"2018-11-29 11:21:00",3564,-0.019999999999996
"2018-11-29 11:22:00",500,0
"2018-11-29 11:23:00",3273,-0.0099000000000018
"2018-11-29 11:24:00",5261,-9.99999999962142e-05
"2018-11-29 11:25:00",1696,-0.00850000000000506
"2018-11-29 11:26:00",4194,-0.00450000000000017
"2018-11-29 11:27:00",6280,0.00300000000000011
"2018-11-29 11:28:00",2135,0.0100000000000051
"2018-11-29 11:29:00",6172,-0.0100000000000051
"2018-11-29 11:30:00",9688,-0.019999999999996
"2018-11-29 11:31:00",8358,-0.0100000000000051
"2018-11-29 11:32:00",1898,0.0100000000000051
"2018-11-29 11:33:00",5933,0.044399999999996
"2018-11-29 11:34:00",1264,0.0110000000000028
"2018-11-29 11:35:00",8801,-0.0153999999999996
"2018-11-29 11:36:00",2329,0
"2018-11-29 11:37:00",4200,0.00999999999999801
"2018-11-29 11:38:00",2224,0
"2018-11-29 11:39:00",1427,0.00500000000000256
"2018-11-29 11:40:00",1600,0.0450000000000017
"2018-11-29 11:41:00",2880,-0.0035000000000025
"2018-11-29 11:42:00",2998,-0.0371000000000024
"2018-11-29 11:43:00",3029,0.0137
"2018-11-29 11:44:00",6993,-0.0330999999999975
"2018-11-29 11:45:00",4588,-0.00999999999999801
"2018-11-29 11:46:00",3519,0
"2018-11-29 11:47:00",1900,0
"2018-11-29 11:48:00",1006,0.0116999999999976
"2018-11-29 11:49:00",2320,0.00829999999999842
"2018-11-29 11:50:00",1400,0.0200000000000031
"2018-11-29 11:51:00",1890,-0.0200000000000031
"2018-11-29 11:52:00",5100,0.0200000000000031
"2018-11-29 11:53:00",6172,0.0252999999999943
"2018-11-29 11:54:00",2900,0.0247000000000028
"2018-11-29 11:55:00",906,0
"2018-11-29 11:56:00",1075,0.0300000000000011
"2018-11-29 11:57:00",3000,-0.0300000000000011
"2018-11-29 11:58:00",6036,0.0300000000000011
"2018-11-29 11:59:00",3062,0.0200999999999993
"2018-11-29 12:00:00",8080,-0.0300999999999974
"2018-11-29 12:01:00",3854,0.00989999999999469
"2018-11-29 12:02:00",1000,0.0101000000000013
"2018-11-29 12:03:00",1110,-0.00999999999999801
"2018-11-29 12:04:00",3879,0.0300000000000011
"2018-11-29 12:05:00",3685,-0.0600000000000023
"2018-11-29 12:06:00",3909,0.0200000000000031
"2018-11-29 12:07:00",1279,-0.0162000000000049
"2018-11-29 12:08:00",1737,0.00619999999999976
"2018-11-29 12:09:00",5810,-0.0116999999999976
"2018-11-29 12:10:00",1969,0.0275000000000034
"2018-11-29 12:11:00",1495,-0.00590000000000401
"2018-11-29 12:12:00",3700,0.00010000000000332
"2018-11-29 12:13:00",330,0
"2018-11-29 12:14:00",2598,-0.0200000000000031
"2018-11-29 12:15:00",2009,0.0200000000000031
"2018-11-29 12:16:00",1502,0.029999999999994
"2018-11-29 12:17:00",2800,-0.00229999999999819
"2018-11-29 12:18:00",1615,0.00229999999999819
"2018-11-29 12:19:00",2332,0.0300000000000011
"2018-11-29 12:20:00",2341,0
"2018-11-29 12:21:00",4715,0.00360000000000582
"2018-11-29 12:22:00",1500,0.0363999999999933
"2018-11-29 12:23:00",3310,-0.00999999999999801
"2018-11-29 12:24:00",2871,0.0249999999999986
"2018-11-29 12:25:00",6406,0.0240000000000009
"2018-11-29 12:26:00",5960,0.0110000000000028
"2018-11-29 12:27:00",800,0
"2018-11-29 12:28:00",3608,-0.0399999999999991
"2018-11-29 12:29:00",2063,-0.0200000000000031
"2018-11-29 12:30:00",3439,0.0200000000000031
"2018-11-29 12:31:00",3571,0.0101000000000013
"2018-11-29 12:32:00",2620,0.00989999999999469
"2018-11-29 12:33:00",950,0
"2018-11-29 12:34:00",2853,0.00600000000000023
"2018-11-29 12:35:00",700,0.00400000000000489
"2018-11-29 12:36:00",2990,0
"2018-11-29 12:37:00",2006,-0.0200000000000031
"2018-11-29 12:38:00",1850,-0.015500000000003
"2018-11-29 12:39:00",1300,-0.0194999999999936
"2018-11-29 12:40:00",3103,-0.0150000000000006
"2018-11-29 12:41:00",1950,0
"2018-11-29 12:42:00",609,0.0399999999999991
"2018-11-29 12:43:00",1990,0.0399999999999991
"2018-11-29 12:44:00",2445,-0.0200000000000031
"2018-11-29 12:45:00",4013,-0.00999999999999801
"2018-11-29 12:46:00",3662,-0.0200000000000031
"2018-11-29 12:47:00",2232,0.00500000000000256
"2018-11-29 12:48:00",1292,-0.00500000000000256
"2018-11-29 12:49:00",5344,0.0600000000000023
"2018-11-29 12:50:00",1700,-0.019999999999996
"2018-11-29 12:51:00",1200,-0.0100000000000051
"2018-11-29 12:52:00",2910,0.0100000000000051
"2018-11-29 12:53:00",2665,-0.0300000000000011
"2018-11-29 12:54:00",978,-0.0100000000000051
"2018-11-29 12:55:00",2500,0
"2018-11-29 12:56:00",2755,0.0250000000000057
"2018-11-29 12:57:00",1400,-0.0150000000000006
"2018-11-29 12:58:00",2783,0.0017999999999958
"2018-11-29 12:59:00",1609,0.00820000000000221
"2018-11-29 13:00:00",2689,0.0900000000000034
"2018-11-29 13:01:00",2425,-0.100000000000001
"2018-11-29 13:02:00",9120,0.0499999999999972
"2018-11-29 13:03:00",3070,-0.0399999999999991
"2018-11-29 13:04:00",1365,0.0200000000000031
"2018-11-29 13:05:00",2173,-0.00390000000000157
"2018-11-29 13:06:00",2020,-0.0161000000000016
"2018-11-29 13:07:00",2700,0.00999999999999801
"2018-11-29 13:08:00",3022,-0.00669999999999504
"2018-11-29 13:09:00",4877,-0.00330000000000297
"2018-11-29 13:10:00",504,-0.0200000000000031
"2018-11-29 13:11:00",3332,0.0500000000000043
"2018-11-29 13:12:00",1200,-0.00999999999999801
"2018-11-29 13:13:00",2033,0.0498999999999938
"2018-11-29 13:14:00",3564,0.00010000000000332
"2018-11-29 13:15:00",4959,-0.0499999999999972
"2018-11-29 13:16:00",5408,-0.0278000000000063
"2018-11-29 13:17:00",2620,-0.00219999999999487
"2018-11-29 13:18:00",2833,0.0161000000000016
"2018-11-29 13:19:00",2100,0.0238999999999976
"2018-11-29 13:20:00",4400,-0.00999999999999801
"2018-11-29 13:21:00",4062,-0.0200000000000031
"2018-11-29 13:22:00",1523,0
"2018-11-29 13:23:00",4076,-0.00999999999999801
"2018-11-29 13:24:00",7534,0.00999999999999801
"2018-11-29 13:25:00",2100,0.0150000000000006
"2018-11-29 13:26:00",4287,0.0371999999999986
"2018-11-29 13:27:00",8984,-0.0621999999999971
"2018-11-29 13:28:00",5052,0.019999999999996
"2018-11-29 13:29:00",3637,-0.0101000000000013
"2018-11-29 13:30:00",7130,0.0301000000000045
"2018-11-29 13:31:00",3851,-0.0200000000000031
"2018-11-29 13:32:00",6695,0
"2018-11-29 13:33:00",5607,0
"2018-11-29 13:34:00",3553,0
"2018-11-29 13:35:00",2897,-0.019999999999996
"2018-11-29 13:36:00",2277,-0.0200000000000031
"2018-11-29 13:37:00",800,0.00500000000000256
"2018-11-29 13:38:00",7992,0.0150000000000006
"2018-11-29 13:39:00",1700,0.00499999999999545
"2018-11-29 13:40:00",3933,-0.00499999999999545
"2018-11-29 13:41:00",5088,0.0249999999999986
"2018-11-29 13:42:00",5337,0.0150000000000006
"2018-11-29 13:43:00",3005,-0.0150000000000006
"2018-11-29 13:44:00",5571,0.0249999999999986
"2018-11-29 13:45:00",3090,-0.00999999999999801
"2018-11-29 13:46:00",3066,-0.0150000000000006
"2018-11-29 13:47:00",4423,-0.0360000000000014
"2018-11-29 13:48:00",6351,0.000999999999997669
"2018-11-29 13:49:00",1666,-0.00999999999999801
"2018-11-29 13:50:00",6190,0.0590000000000046
"2018-11-29 13:51:00",3110,0.0609999999999999
"2018-11-29 13:52:00",5763,0.0294999999999987
"2018-11-29 13:53:00",8470,-0.0245000000000033
"2018-11-29 13:54:00",3650,0.00500000000000256
"2018-11-29 13:55:00",8480,-0.00500000000000256
"2018-11-29 13:56:00",3997,-0.0150000000000006
"2018-11-29 13:57:00",7000,0.0399999999999991
"2018-11-29 13:58:00",1359,-0.00999999999999801
"2018-11-29 13:59:00",2056,0.0099000000000018
"2018-11-29 14:00:00",5884,-0.0298999999999978
"2018-11-29 14:01:00",1200,0.00359999999999872
"2018-11-29 14:02:00",1644,-0.00870000000000459
"2018-11-29 14:03:00",8077,0.0151000000000039
"2018-11-29 14:04:00",4096,-0.0249999999999986
"2018-11-29 14:05:00",3718,-0.0250000000000057
"2018-11-29 14:06:00",910,0.00500000000000256
"2018-11-29 14:07:00",4973,0
"2018-11-29 14:08:00",1702,0
"2018-11-29 14:09:00",1050,0.00500000000000256
"2018-11-29 14:10:00",5339,0
"2018-11-29 14:11:00",2666,-0.0252000000000052
"2018-11-29 14:12:00",3884,0.0252000000000052
"2018-11-29 14:13:00",979,-0.0150000000000006
"2018-11-29 14:14:00",1567,0.00499999999999545
"2018-11-29 14:15:00",2551,-0.019999999999996
"2018-11-29 14:16:00",6748,-0.00500000000000256
"2018-11-29 14:17:00",5079,-0.00999999999999801
"2018-11-29 14:18:00",4323,0.00500000000000256
"2018-11-29 14:19:00",3455,-0.0201000000000064
"2018-11-29 14:20:00",4625,0.0301000000000045
"2018-11-29 14:21:00",1490,-0.0174999999999983
"2018-11-29 14:22:00",2475,-0.0225000000000009
"2018-11-29 14:23:00",2815,-0.0450000000000017
"2018-11-29 14:24:00",4100,-0.0249999999999986
"2018-11-29 14:25:00",2959,0
"2018-11-29 14:26:00",3900,-0.0249999999999986
"2018-11-29 14:27:00",26068,0.00499999999999545
"2018-11-29 14:28:00",1401,0.00500000000000256
"2018-11-29 14:29:00",10303,0.00499999999999545
"2018-11-29 14:30:00",5832,-0.0399999999999991
"2018-11-29 14:31:00",2773,0.0200000000000031
"2018-11-29 14:32:00",3549,-0.0200000000000031
"2018-11-29 14:33:00",2997,0
"2018-11-29 14:34:00",932,-0.00499999999999545
"2018-11-29 14:35:00",9847,-0.0249999999999986
"2018-11-29 14:36:00",3544,0.019999999999996
"2018-11-29 14:37:00",6581,0.0300000000000011
"2018-11-29 14:38:00",18951,-0.00999999999999801
"2018-11-29 14:39:00",6388,0.019999999999996
"2018-11-29 14:40:00",5144,0.00999999999999801
"2018-11-29 14:41:00",4693,0.0100000000000051
"2018-11-29 14:42:00",6912,0
"2018-11-29 14:43:00",8234,0.00900000000000034
"2018-11-29 14:44:00",5513,0.000999999999997669
"2018-11-29 14:45:00",6811,0.0200000000000031
"2018-11-29 14:46:00",11954,-0.0200000000000031
"2018-11-29 14:47:00",4810,-0.0238000000000014
"2018-11-29 14:48:00",5870,-0.00840000000000174
"2018-11-29 14:49:00",2905,-0.017799999999994
"2018-11-29 14:50:00",5722,-0.0250000000000057
"2018-11-29 14:51:00",4382,-0.0249999999999986
"2018-11-29 14:52:00",8415,0.0100000000000051
"2018-11-29 14:53:00",3010,0.0238999999999976
"2018-11-29 14:54:00",15333,-0.0339000000000027
"2018-11-29 14:55:00",19167,-0.00999999999999801
"2018-11-29 14:56:00",13364,0.0300000000000011
"2018-11-29 14:57:00",12023,0.00499999999999545
"2018-11-29 14:58:00",39781,-0.00499999999999545
"2018-11-29 14:59:00",34377,-0.00999999999999801
"2018-11-29 15:02:00",21136,0.00999999999999801
"2018-11-29 15:15:00",0,0
"2018-11-30 08:30:00",100833,-0.0600000000000023
"2018-11-30 08:31:00",15213,0.0200000000000031
"2018-11-30 08:32:00",15239,-0.0100000000000051
"2018-11-30 08:33:00",16334,-0.019999999999996
"2018-11-30 08:34:00",11402,0
"2018-11-30 08:35:00",5373,0.019999999999996
"2018-11-30 08:36:00",7618,0.0100000000000051
"2018-11-30 08:37:00",6345,0.0700000000000003
"2018-11-30 08:38:00",11803,0
"2018-11-30 08:39:00",17626,-0.0399999999999991
"2018-11-30 08:40:00",21969,-0.0200000000000031
"2018-11-30 08:41:00",12323,-0.0200000000000031
"2018-11-30 08:42:00",9262,-0.0499999999999972
"2018-11-30 08:43:00",5113,-0.0499999999999972
"2018-11-30 08:44:00",4420,0.019999999999996
"2018-11-30 08:45:00",3254,0.0300000000000011
"2018-11-30 08:46:00",1935,0.00999999999999801
"2018-11-30 08:47:00",8241,-0.0300000000000011
"2018-11-30 08:48:00",19698,-0.0772999999999939
"2018-11-30 08:49:00",16720,-0.0227000000000004
"2018-11-30 08:50:00",7616,-0.0800000000000054
"2018-11-30 08:51:00",13754,0.0300000000000011
"2018-11-30 08:52:00",3536,-0.0399999999999991
"2018-11-30 08:53:00",16434,0.0300000000000011
"2018-11-30 08:54:00",7872,0.0660000000000025
"2018-11-30 08:55:00",9466,-0.0160000000000053
"2018-11-30 08:56:00",3568,0.0100000000000051
"2018-11-30 08:57:00",3846,0.029999999999994
"2018-11-30 08:58:00",3835,-0.0499999999999972
"2018-11-30 08:59:00",5986,0.0133999999999972
"2018-11-30 09:00:00",2225,-0.00339999999999918
"2018-11-30 09:01:00",2516,-0.029999999999994
"2018-11-30 09:02:00",16272,0.109999999999999
"2018-11-30 09:03:00",24118,-0.00500000000000256
"2018-11-30 09:04:00",7518,0.0150000000000006
"2018-11-30 09:05:00",13965,0.00999999999999801
"2018-11-30 09:06:00",15722,0.0500000000000043
"2018-11-30 09:07:00",5074,-0.0250000000000057
"2018-11-30 09:08:00",4919,0.0450000000000017
"2018-11-30 09:09:00",13727,-0.00260000000000105
"2018-11-30 09:10:00",6196,-0.00739999999999696
"2018-11-30 09:11:00",5935,0.0300000000000011
"2018-11-30 09:12:00",5036,-0.0350000000000037
"2018-11-30 09:13:00",7643,0.0150000000000006
"2018-11-30 09:14:00",1997,0.0249999999999986
"2018-11-30 09:15:00",5870,-0.0212999999999965
"2018-11-30 09:16:00",8889,0.00629999999999598
"2018-11-30 09:17:00",11020,-0.00999999999999801
"2018-11-30 09:18:00",9734,-0.019999999999996
"2018-11-30 09:19:00",2714,0.00499999999999545
"2018-11-30 09:20:00",1750,0.0150000000000006
"2018-11-30 09:21:00",2180,-0.0300000000000011
"2018-11-30 09:22:00",2712,0.00500000000000256
"2018-11-30 09:23:00",1376,0.00500000000000256
"2018-11-30 09:24:00",6618,-0.0400000000000063
"2018-11-30 09:25:00",1300,0.0300000000000011
"2018-11-30 09:26:00",2971,-0.019999999999996
"2018-11-30 09:27:00",1208,0.00499999999999545
"2018-11-30 09:28:00",16332,-0.029999999999994
"2018-11-30 09:29:00",2478,0.0149999999999935
"2018-11-30 09:30:00",10108,-0.00499999999999545
"2018-11-30 09:31:00",1673,0.0249999999999986
"2018-11-30 09:32:00",14380,0.0399999999999991
"2018-11-30 09:33:00",3100,-0.019999999999996
"2018-11-30 09:34:00",15555,0.0499999999999972
"2018-11-30 09:35:00",5860,0.0200000000000031
"2018-11-30 09:36:00",19084,0.0599999999999952
"2018-11-30 09:37:00",3897,0.0399999999999991
"2018-11-30 09:38:00",5411,0.0200000000000031
"2018-11-30 09:39:00",7039,0.00999999999999801
"2018-11-30 09:40:00",5132,0.0300000000000011
"2018-11-30 09:41:00",3063,-0.00999999999999801
"2018-11-30 09:42:00",9925,0.0300000000000011
"2018-11-30 09:43:00",5631,-0.0200000000000031
"2018-11-30 09:44:00",3932,0.00500000000000256
"2018-11-30 09:45:00",20437,-0.00500000000000256
"2018-11-30 09:46:00",6778,-0.00999999999999801
"2018-11-30 09:47:00",12226,-0.0200000000000031
"2018-11-30 09:48:00",15747,-0.00999999999999801
"2018-11-30 09:49:00",7952,0.00500000000000256
"2018-11-30 09:50:00",11838,0.0649999999999977
"2018-11-30 09:51:00",4250,-0.0500000000000043
"2018-11-30 09:52:00",6434,-0.00999999999999801
"2018-11-30 09:53:00",7773,0.00999999999999801
"2018-11-30 09:54:00",4234,0.0400000000000063
"2018-11-30 09:55:00",5900,-0.0800000000000054
"2018-11-30 09:56:00",8515,-0.0899999999999963
"2018-11-30 09:57:00",4085,0.019999999999996
"2018-11-30 09:58:00",10585,0.0300000000000011
"2018-11-30 09:59:00",2617,0
"2018-11-30 10:00:00",6300,-0.0599999999999952
"2018-11-30 10:01:00",8392,0.019999999999996
"2018-11-30 10:02:00",5525,0.0450000000000017
"2018-11-30 10:03:00",4910,-0.0350000000000037
"2018-11-30 10:04:00",6504,0.0100000000000051
"2018-11-30 10:05:00",4198,0.0386999999999986
"2018-11-30 10:06:00",1729,0.00130000000000052
"2018-11-30 10:07:00",4400,0.0198999999999998
"2018-11-30 10:08:00",10182,0.00509999999999877
"2018-11-30 10:09:00",4253,-0.0450000000000017
"2018-11-30 10:10:00",2873,-0.0214999999999961
"2018-11-30 10:11:00",7789,0.00649999999999551
"2018-11-30 10:12:00",5518,-0.0349999999999966
"2018-11-30 10:13:00",6787,-0.0200000000000031
"2018-11-30 10:14:00",15730,-0.00999999999999801
"2018-11-30 10:15:00",6428,-0.0300000000000011
"2018-11-30 10:16:00",4219,0.00999999999999801
"2018-11-30 10:17:00",13191,0
"2018-11-30 10:18:00",2303,0.0100000000000051
"2018-11-30 10:19:00",2003,0.0399999999999991
"2018-11-30 10:20:00",8771,-0.0200000000000031
"2018-11-30 10:21:00",14596,-0.0649999999999977
"2018-11-30 10:22:00",11121,-0.0450000000000017
"2018-11-30 10:23:00",1623,0.0399999999999991
"2018-11-30 10:24:00",11370,-0.0399999999999991
"2018-11-30 10:25:00",3136,-0.00999999999999801
"2018-11-30 10:26:00",8277,-0.0350000000000037
"2018-11-30 10:27:00",4643,0.0250000000000057
"2018-11-30 10:28:00",13352,-0.0500000000000043
"2018-11-30 10:29:00",19755,0.0799999999999983
"2018-11-30 10:30:00",21137,-0.019999999999996
"2018-11-30 10:31:00",22459,0.0600000000000023
"2018-11-30 10:32:00",18599,0.0599999999999952
"2018-11-30 10:33:00",24540,-0.0399999999999991
"2018-11-30 10:34:00",80142,-0.140000000000001
"2018-11-30 10:35:00",25215,0.0900000000000034
"2018-11-30 10:36:00",8743,0.0300000000000011
"2018-11-30 10:37:00",12175,-0.0200000000000031
"2018-11-30 10:38:00",7600,-0.00999999999999801
"2018-11-30 10:39:00",4900,-0.0200000000000031
"2018-11-30 10:40:00",4036,-0.0600000000000023
"2018-11-30 10:41:00",7317,0
"2018-11-30 10:42:00",3621,0.00630000000000308
"2018-11-30 10:43:00",1900,0.00370000000000203
"2018-11-30 10:44:00",1690,-0.00370000000000203
"2018-11-30 10:45:00",1600,0.0236999999999981
"2018-11-30 10:46:00",2160,0.0200000000000031
"2018-11-30 10:47:00",1512,0.0155999999999992
"2018-11-30 10:48:00",3415,0.034399999999998
"2018-11-30 10:49:00",4868,0.0200000000000031
"2018-11-30 10:50:00",1900,0
"2018-11-30 10:51:00",4700,-0.0200000000000031
"2018-11-30 10:52:00",3200,0
"2018-11-30 10:53:00",3094,0
"2018-11-30 10:54:00",3146,0.0118000000000009
"2018-11-30 10:55:00",11183,0.0981999999999985
"2018-11-30 10:56:00",4928,-0.029999999999994
"2018-11-30 10:57:00",2673,0.019999999999996
"2018-11-30 10:58:00",3966,-0.019999999999996
"2018-11-30 10:59:00",2100,-0.0100000000000051
"2018-11-30 11:00:00",3375,0.0200000000000031
"2018-11-30 11:01:00",6063,0.0272999999999968
"2018-11-30 11:02:00",3631,-0.0240999999999971
"2018-11-30 11:03:00",1609,-0.0131999999999977
"2018-11-30 11:04:00",2491,0.0123999999999995
"2018-11-30 11:05:00",7300,-0.0224000000000046
"2018-11-30 11:06:00",2341,0.0100000000000051
"2018-11-30 11:07:00",736,0.0100999999999942
"2018-11-30 11:08:00",1867,-0.0100999999999942
"2018-11-30 11:09:00",4393,-0.00500000000000256
"2018-11-30 11:10:00",1930,0.0150000000000006
"2018-11-30 11:11:00",462,-0.00999999999999801
"2018-11-30 11:12:00",2840,-0.00500000000000256
"2018-11-30 11:13:00",1200,-0.00500000000000256
"2018-11-30 11:14:00",4221,-0.019999999999996
"2018-11-30 11:15:00",1675,0.019999999999996
"2018-11-30 11:16:00",2912,-0.00999999999999801
"2018-11-30 11:17:00",2669,-0.0499999999999972
"2018-11-30 11:18:00",3228,-0.00450000000000017
"2018-11-30 11:19:00",3057,0.00450000000000017
"2018-11-30 11:20:00",2740,0.019999999999996
"2018-11-30 11:21:00",8168,0.0200000000000031
"2018-11-30 11:22:00",4590,0.019999999999996
"2018-11-30 11:23:00",5580,-0.00999999999999801
"2018-11-30 11:24:00",5680,0.00999999999999801
"2018-11-30 11:25:00",3125,0
"2018-11-30 11:26:00",11215,-0.00329999999999586
"2018-11-30 11:27:00",10564,0.00689999999999458
"2018-11-30 11:28:00",9316,-0.0135999999999967
"2018-11-30 11:29:00",2858,0.0200000000000031
"2018-11-30 11:30:00",10385,0.029999999999994
"2018-11-30 11:31:00",7200,-0.029999999999994
"2018-11-30 11:32:00",7821,-0.0200000000000031
"2018-11-30 11:33:00",3072,0
"2018-11-30 11:34:00",3517,0.0200000000000031
"2018-11-30 11:35:00",1731,-0.0301000000000045
"2018-11-30 11:36:00",1400,-0.0298999999999978
"2018-11-30 11:37:00",1206,-0.0200000000000031
"2018-11-30 11:38:00",1728,-0.019999999999996
"2018-11-30 11:39:00",1000,0
"2018-11-30 11:40:00",2027,0.00999999999999801
"2018-11-30 11:41:00",2605,0
"2018-11-30 11:42:00",2283,-0.0345999999999975
"2018-11-30 11:43:00",600,-0.00540000000000163
"2018-11-30 11:44:00",6693,-0.0200000000000031
"2018-11-30 11:45:00",834,-0.00529999999999831
"2018-11-30 11:46:00",2114,0.0153000000000034
"2018-11-30 11:47:00",3475,0.0132999999999939
"2018-11-30 11:48:00",1907,0.00670000000000215
"2018-11-30 11:49:00",2731,-0.019999999999996
"2018-11-30 11:50:00",3334,-0.0400000000000063
"2018-11-30 11:51:00",3346,0.0150000000000006
"2018-11-30 11:52:00",749,-0.00999999999999801
"2018-11-30 11:53:00",1800,0.00500000000000256
"2018-11-30 11:54:00",1200,-0.00370000000000203
"2018-11-30 11:55:00",1999,-0.0262999999999991
"2018-11-30 11:56:00",5204,-0.0300000000000011
"2018-11-30 11:57:00",1317,0.0200000000000031
"2018-11-30 11:58:00",2730,-0.0100000000000051
"2018-11-30 11:59:00",1455,0.0100000000000051
"2018-11-30 12:00:00",365,0
"2018-11-30 12:01:00",1049,-0.0300000000000011
"2018-11-30 12:02:00",3156,0
"2018-11-30 12:03:00",743,-0.0200000000000031
"2018-11-30 12:04:00",1776,0.0100000000000051
"2018-11-30 12:05:00",9080,-0.0100000000000051
"2018-11-30 12:06:00",5394,-0.0300000000000011
"2018-11-30 12:07:00",4531,-0.019999999999996
"2018-11-30 12:08:00",5306,0.0300000000000011
"2018-11-30 12:09:00",1225,-0.0100000000000051
"2018-11-30 12:10:00",700,0.0100000000000051
"2018-11-30 12:11:00",1942,-0.0100000000000051
"2018-11-30 12:12:00",2406,0.00610000000000355
"2018-11-30 12:13:00",5251,0.0339000000000027
"2018-11-30 12:14:00",2245,-0.0200000000000031
"2018-11-30 12:15:00",2598,0.0159999999999982
"2018-11-30 12:16:00",3300,-0.00600000000000023
"2018-11-30 12:17:00",1700,0.0300000000000011
"2018-11-30 12:18:00",3554,0
"2018-11-30 12:19:00",1800,-0.019999999999996
"2018-11-30 12:20:00",1338,0
"2018-11-30 12:21:00",1629,0.029999999999994
"2018-11-30 12:22:00",1600,0
"2018-11-30 12:23:00",1649,0.0300000000000011
"2018-11-30 12:24:00",786,0.00999999999999801
"2018-11-30 12:25:00",836,0.0100000000000051
"2018-11-30 12:26:00",1973,0
"2018-11-30 12:27:00",3110,0
"2018-11-30 12:28:00",1300,-0.0100000000000051
"2018-11-30 12:29:00",100,0.0100000000000051
"2018-11-30 12:30:00",2000,-0.0100000000000051
"2018-11-30 12:31:00",266,-0.00999999999999801
"2018-11-30 12:32:00",1200,0.0249999999999986
"2018-11-30 12:33:00",10708,0.0850000000000009
"2018-11-30 12:34:00",9326,-0.0399999999999991
"2018-11-30 12:35:00",6381,0.00010000000000332
"2018-11-30 12:36:00",2089,0.0148999999999972
"2018-11-30 12:37:00",2425,-0.0150000000000006
"2018-11-30 12:38:00",5963,0
"2018-11-30 12:39:00",3333,0
"2018-11-30 12:40:00",7350,-0.0399999999999991
"2018-11-30 12:41:00",1200,0.0300000000000011
"2018-11-30 12:42:00",560,0.00999999999999801
"2018-11-30 12:43:00",1058,-0.00999999999999801
"2018-11-30 12:44:00",3860,-0.00999999999999801
"2018-11-30 12:45:00",150,0.00369999999999493
"2018-11-30 12:46:00",300,0.0163000000000011
"2018-11-30 12:47:00",950,-0.0231999999999957
"2018-11-30 12:48:00",352,0.00319999999999965
"2018-11-30 12:49:00",3574,0
"2018-11-30 12:50:00",1829,-0.0100000000000051
"2018-11-30 12:51:00",1585,0.0500000000000043
"2018-11-30 12:52:00",563,-0.00450000000000017
"2018-11-30 12:53:00",2104,-0.025500000000001
"2018-11-30 12:54:00",2200,0.0150000000000006
"2018-11-30 12:55:00",2735,-0.0249999999999986
"2018-11-30 12:56:00",782,9.99999999962142e-05
"2018-11-30 12:57:00",955,-9.99999999962142e-05
"2018-11-30 12:58:00",1540,-0.0100000000000051
"2018-11-30 12:59:00",840,-0.00999999999999801
"2018-11-30 13:00:00",2040,-0.00500000000000256
"2018-11-30 13:01:00",1440,-0.000499999999995282
"2018-11-30 13:02:00",1322,0.00549999999999784
"2018-11-30 13:03:00",12852,-0.0300000000000011
"2018-11-30 13:04:00",16679,-0.019999999999996
"2018-11-30 13:05:00",1589,0.00999999999999801
"2018-11-30 13:06:00",985,0.0399999999999991
"2018-11-30 13:07:00",780,-0.0300000000000011
"2018-11-30 13:08:00",2494,0
"2018-11-30 13:09:00",2100,0.00999999999999801
"2018-11-30 13:10:00",1890,0
"2018-11-30 13:11:00",4910,0.0300000000000011
"2018-11-30 13:12:00",2200,0
"2018-11-30 13:13:00",10329,-0.019999999999996
"2018-11-30 13:14:00",800,0
"2018-11-30 13:15:00",1099,0.0300000000000011
"2018-11-30 13:16:00",1630,0.00999999999999801
"2018-11-30 13:17:00",2310,-0.0259
"2018-11-30 13:18:00",2270,-0.0185999999999993
"2018-11-30 13:19:00",500,0.0114000000000019
"2018-11-30 13:20:00",2084,0.0662999999999982
"2018-11-30 13:21:00",1782,-0.00319999999999965
"2018-11-30 13:22:00",2647,-0.0200000000000031
"2018-11-30 13:23:00",1704,0.00999999999999801
"2018-11-30 13:24:00",1935,0.0194000000000045
"2018-11-30 13:25:00",1800,-0.0394000000000005
"2018-11-30 13:26:00",375,0
"2018-11-30 13:27:00",1576,-0.0200000000000031
"2018-11-30 13:28:00",6673,-0.0499999999999972
"2018-11-30 13:29:00",2225,-0.00999999999999801
"2018-11-30 13:30:00",4247,0.0499999999999972
"2018-11-30 13:31:00",4173,-0.0200000000000031
"2018-11-30 13:32:00",3247,-0.00489999999999924
"2018-11-30 13:33:00",2105,-0.0350999999999999
"2018-11-30 13:34:00",2858,0.0200000000000031
"2018-11-30 13:35:00",2930,-0.0200000000000031
"2018-11-30 13:36:00",751,0
"2018-11-30 13:37:00",814,-0.00999999999999801
"2018-11-30 13:38:00",2100,0.00999999999999801
"2018-11-30 13:39:00",2006,-0.0235999999999947
"2018-11-30 13:40:00",1939,-0.00930000000000319
"2018-11-30 13:41:00",2800,0.0228999999999999
"2018-11-30 13:42:00",4930,0
"2018-11-30 13:43:00",3424,-0.019999999999996
"2018-11-30 13:44:00",5237,0.0149999999999935
"2018-11-30 13:45:00",4904,-0.0381
"2018-11-30 13:46:00",3618,0.00319999999999965
"2018-11-30 13:47:00",3663,0.0251000000000019
"2018-11-30 13:48:00",5322,-0.0251999999999981
"2018-11-30 13:49:00",4101,-0.00500000000000256
"2018-11-30 13:50:00",3032,-0.0150000000000006
"2018-11-30 13:51:00",4502,0.0029000000000039
"2018-11-30 13:52:00",1399,-0.0129000000000019
"2018-11-30 13:53:00",3015,-0.00999999999999801
"2018-11-30 13:54:00",1412,0.00999999999999801
"2018-11-30 13:55:00",3050,0.00999999999999801
"2018-11-30 13:56:00",3250,-0.0244999999999962
"2018-11-30 13:57:00",1194,0.0144999999999982
"2018-11-30 13:58:00",6025,-0.0366999999999962
"2018-11-30 13:59:00",8191,0.00169999999999959
"2018-11-30 14:00:00",3578,-0.00500000000000256
"2018-11-30 14:01:00",2503,-0.00999999999999801
"2018-11-30 14:02:00",2700,-0.0100000000000051
"2018-11-30 14:03:00",5660,0.0200000000000031
"2018-11-30 14:04:00",1100,0.0200000000000031
"2018-11-30 14:05:00",8079,0.00999999999999801
"2018-11-30 14:06:00",1104,0.00999999999999801
"2018-11-30 14:07:00",1463,-0.00319999999999965
"2018-11-30 14:08:00",3404,0.00319999999999965
"2018-11-30 14:09:00",2538,0.00999999999999801
"2018-11-30 14:10:00",4666,-0.0449999999999946
"2018-11-30 14:11:00",5475,0.00809999999999889
"2018-11-30 14:12:00",750,-0.00310000000000343
"2018-11-30 14:13:00",2092,0
"2018-11-30 14:14:00",3029,0
"2018-11-30 14:15:00",2849,0.0223000000000013
"2018-11-30 14:16:00",2996,-0.00229999999999819
"2018-11-30 14:17:00",2204,-0.00999999999999801
"2018-11-30 14:18:00",8265,0.019999999999996
"2018-11-30 14:19:00",1300,0.0200000000000031
"2018-11-30 14:20:00",2746,0.0300000000000011
"2018-11-30 14:21:00",1514,0.00999999999999801
"2018-11-30 14:22:00",7732,0.0300000000000011
"2018-11-30 14:23:00",5096,0.00999999999999801
"2018-11-30 14:24:00",4721,-0.00730000000000075
"2018-11-30 14:25:00",2363,-0.00280000000000058
"2018-11-30 14:26:00",2478,0.00010000000000332
"2018-11-30 14:27:00",7904,-0.0041000000000011
"2018-11-30 14:28:00",3229,0.0240999999999971
"2018-11-30 14:29:00",4530,-0.0249999999999986
"2018-11-30 14:30:00",8761,0.0399999999999991
"2018-11-30 14:31:00",5081,-0.019999999999996
"2018-11-30 14:32:00",1963,0
"2018-11-30 14:33:00",8503,-0.0150000000000006
"2018-11-30 14:34:00",5027,0.0150000000000006
"2018-11-30 14:35:00",4947,0.00999999999999801
"2018-11-30 14:36:00",9092,-0.0350000000000037
"2018-11-30 14:37:00",4421,0
"2018-11-30 14:38:00",5464,0.0200000000000031
"2018-11-30 14:39:00",2435,0
"2018-11-30 14:40:00",2389,-0.00500000000000256
"2018-11-30 14:41:00",3695,-0.0150000000000006
"2018-11-30 14:42:00",15385,-0.0249999999999986
"2018-11-30 14:43:00",9749,-0.00999999999999801
"2018-11-30 14:44:00",3415,0.00500000000000256
"2018-11-30 14:45:00",3992,-0.00500000000000256
"2018-11-30 14:46:00",9338,-0.0249999999999986
"2018-11-30 14:47:00",13786,-0.0200000000000031
"2018-11-30 14:48:00",7780,0.0300000000000011
"2018-11-30 14:49:00",15244,-0.0249999999999986
"2018-11-30 14:50:00",8329,0.0249999999999986
"2018-11-30 14:51:00",9411,-0.0300999999999974
"2018-11-30 14:52:00",8390,9.99999999962142e-05
"2018-11-30 14:53:00",8970,0.0500000000000043
"2018-11-30 14:54:00",5855,0.0149999999999935
"2018-11-30 14:55:00",14180,0.0456000000000003
"2018-11-30 14:56:00",13217,0.014400000000002
"2018-11-30 14:57:00",19516,0.00999999999999801
"2018-11-30 14:58:00",28444,-0.0549999999999997
"2018-11-30 14:59:00",27496,-0.019999999999996
"2018-12-03 08:30:00",62291,1.5338
"2018-12-03 08:31:00",29148,-0.0238000000000014
"2018-12-03 08:32:00",19719,0.100000000000001
"2018-12-03 08:33:00",13231,-0.0249999999999986
"2018-12-03 08:34:00",13234,0.00499999999999545
"2018-12-03 08:35:00",22451,-0.00999999999999801
"2018-12-03 08:36:00",19294,-0.0499999999999972
"2018-12-03 08:37:00",12076,-0.0300000000000011
"2018-12-03 08:38:00",21367,0.0300000000000011
"2018-12-03 08:39:00",16825,0.0649999999999977
"2018-12-03 08:40:00",68641,-0.0150000000000006
"2018-12-03 08:41:00",9136,0.0499999999999972
"2018-12-03 08:42:00",10122,0.0100000000000051
"2018-12-03 08:43:00",10828,0.0899999999999963
"2018-12-03 08:44:00",8335,0
"2018-12-03 08:45:00",21296,-0.00659999999999883
"2018-12-03 08:46:00",16055,-0.0334000000000003
"2018-12-03 08:47:00",5152,-0.019999999999996
"2018-12-03 08:48:00",8111,0.019999999999996
"2018-12-03 08:49:00",15568,0.0799999999999983
"2018-12-03 08:50:00",7316,-0.0449999999999946
"2018-12-03 08:51:00",18414,-0.0350000000000037
"2018-12-03 08:52:00",13520,0
"2018-12-03 08:53:00",8386,0.0549999999999997
"2018-12-03 08:54:00",5600,-0.0450000000000017
"2018-12-03 08:55:00",7497,-0.029999999999994
"2018-12-03 08:56:00",6998,0.0399999999999991
"2018-12-03 08:57:00",6065,-0.0300000000000011
"2018-12-03 08:58:00",6486,-0.0249999999999986
"2018-12-03 08:59:00",15465,-0.0250000000000057
"2018-12-03 09:00:00",16823,-0.139999999999993
"2018-12-03 09:01:00",8488,0.019999999999996
"2018-12-03 09:02:00",8644,0
"2018-12-03 09:03:00",5669,0.0600000000000023
"2018-12-03 09:04:00",4543,-0.0300000000000011
"2018-12-03 09:05:00",8234,0.00999999999999801
"2018-12-03 09:06:00",15750,-0.0150000000000006
"2018-12-03 09:07:00",10887,0.0150000000000006
"2018-12-03 09:08:00",13286,-0.0142999999999986
"2018-12-03 09:09:00",3508,0.0542999999999978
"2018-12-03 09:10:00",6456,-0.0899999999999963
"2018-12-03 09:11:00",6841,0.0399999999999991
"2018-12-03 09:12:00",7055,-0.0399999999999991
"2018-12-03 09:13:00",12825,-0.0450000000000017
"2018-12-03 09:14:00",7633,-0.0549999999999997
"2018-12-03 09:15:00",3002,0.0366
"2018-12-03 09:16:00",3002,0.0334000000000003
"2018-12-03 09:17:00",16540,-0.00999999999999801
"2018-12-03 09:18:00",9129,0.0599999999999952
"2018-12-03 09:19:00",3517,-0.0300999999999974
"2018-12-03 09:20:00",5472,-0.069899999999997
"2018-12-03 09:21:00",5533,0.019999999999996
"2018-12-03 09:22:00",5954,0.0600000000000023
"2018-12-03 09:23:00",3087,9.99999999962142e-05
"2018-12-03 09:24:00",10343,-0.0100999999999942
"2018-12-03 09:25:00",4337,0.0149999999999935
"2018-12-03 09:26:00",4438,0.00500000000000256
"2018-12-03 09:27:00",3360,-0.00999999999999801
"2018-12-03 09:28:00",2115,-0.0500000000000043
"2018-12-03 09:29:00",1661,-0.031099999999995
"2018-12-03 09:30:00",10599,-0.0489000000000033
"2018-12-03 09:31:00",3500,0.00570000000000448
"2018-12-03 09:32:00",15747,-0.0106999999999999
"2018-12-03 09:33:00",5928,0.0186999999999955
"2018-12-03 09:34:00",9081,0.00630000000000308
"2018-12-03 09:35:00",5555,-0.00100000000000477
"2018-12-03 09:36:00",12294,0.00100000000000477
"2018-12-03 09:37:00",5286,0
"2018-12-03 09:38:00",1547,-0.0200000000000031
"2018-12-03 09:39:00",2782,0
"2018-12-03 09:40:00",10098,-0.0749999999999957
"2018-12-03 09:41:00",6906,-0.0450000000000017
"2018-12-03 09:42:00",16280,0.0300000000000011
"2018-12-03 09:43:00",4396,-0.0155999999999992
"2018-12-03 09:44:00",8359,0.0155999999999992
"2018-12-03 09:45:00",5700,0.019999999999996
"2018-12-03 09:46:00",3713,-0.0150000000000006
"2018-12-03 09:47:00",7366,-0.0749999999999957
"2018-12-03 09:48:00",23773,-0.0200000000000031
"2018-12-03 09:49:00",9901,-0.019999999999996
"2018-12-03 09:50:00",6876,0.019999999999996
"2018-12-03 09:51:00",11203,-0.019999999999996
"2018-12-03 09:52:00",11972,0.0399999999999991
"2018-12-03 09:53:00",11668,0.0599999999999952
"2018-12-03 09:54:00",7111,0
"2018-12-03 09:55:00",5316,0.0300000000000011
"2018-12-03 09:56:00",9239,-0.00999999999999801
"2018-12-03 09:57:00",4060,-0.0362999999999971
"2018-12-03 09:58:00",5575,0.00629999999999598
"2018-12-03 09:59:00",9334,-0.0300000000000011
"2018-12-03 10:00:00",10991,-0.0399999999999991
"2018-12-03 10:01:00",10379,-0.0300000000000011
"2018-12-03 10:02:00",8802,0.0300000000000011
"2018-12-03 10:03:00",15479,0.0399999999999991
"2018-12-03 10:04:00",5794,-0.00999999999999801
"2018-12-03 10:05:00",5250,0.0322999999999993
"2018-12-03 10:06:00",7306,0.037700000000001
"2018-12-03 10:07:00",6797,0.019999999999996
"2018-12-03 10:08:00",11998,0.0200000000000031
"2018-12-03 10:09:00",4300,0.0249999999999986
"2018-12-03 10:10:00",3927,0.0450000000000017
"2018-12-03 10:11:00",14290,0.0600000000000023
"2018-12-03 10:12:00",9394,-0.0399999999999991
"2018-12-03 10:13:00",5274,0.0499999999999972
"2018-12-03 10:14:00",24807,-0.0799999999999983
"2018-12-03 10:15:00",27041,0.0899999999999963
"2018-12-03 10:16:00",8265,0
"2018-12-03 10:17:00",5591,-0.0499999999999972
"2018-12-03 10:18:00",9705,-0.00999999999999801
"2018-12-03 10:19:00",14939,-0.0300000000000011
"2018-12-03 10:20:00",9387,0.00999999999999801
"2018-12-03 10:21:00",11623,0.00999999999999801
"2018-12-03 10:22:00",5870,0.0300000000000011
"2018-12-03 10:23:00",11562,-0.0700000000000003
"2018-12-03 10:24:00",8153,0.0300000000000011
"2018-12-03 10:25:00",2827,0.00999999999999801
"2018-12-03 10:26:00",5844,-0.0499999999999972
"2018-12-03 10:27:00",5454,0.019999999999996
"2018-12-03 10:28:00",4950,0.0200000000000031
"2018-12-03 10:29:00",14823,0
"2018-12-03 10:30:00",6501,-0.0499999999999972
"2018-12-03 10:31:00",15796,0
"2018-12-03 10:32:00",9170,-0.0100000000000051
"2018-12-03 10:33:00",8278,-0.0300000000000011
"2018-12-03 10:34:00",10040,-0.0799999999999983
"2018-12-03 10:35:00",25476,-0.0599999999999952
"2018-12-03 10:36:00",8676,0.0399999999999991
"2018-12-03 10:37:00",14803,0
"2018-12-03 10:38:00",6066,-0.0800000000000054
"2018-12-03 10:39:00",6884,0.0123000000000033
"2018-12-03 10:40:00",1000,0.037700000000001
"2018-12-03 10:41:00",2319,-0.0700000000000003
"2018-12-03 10:42:00",6709,0
"2018-12-03 10:43:00",3430,-0.0300000000000011
"2018-12-03 10:44:00",2628,0.0200000000000031
"2018-12-03 10:45:00",1600,0.00999999999999801
"2018-12-03 10:46:00",2270,0
"2018-12-03 10:47:00",2725,-0.0600000000000023
"2018-12-03 10:48:00",2516,0.0300000000000011
"2018-12-03 10:49:00",5740,0.0200000000000031
"2018-12-03 10:50:00",3863,-0.0233000000000061
"2018-12-03 10:51:00",4759,-0.0167000000000002
"2018-12-03 10:52:00",1700,0
"2018-12-03 10:53:00",1820,0.0600000000000023
"2018-12-03 10:54:00",2265,-0.0150000000000006
"2018-12-03 10:55:00",5754,0.0650000000000048
"2018-12-03 10:56:00",3250,-0.0200000000000031
"2018-12-03 10:57:00",3080,-0.00589999999999691
"2018-12-03 10:58:00",1879,0.00589999999999691
"2018-12-03 10:59:00",2400,0.0600000000000023
"2018-12-03 11:00:00",5315,0.00999999999999801
"2018-12-03 11:01:00",3159,0.0200000000000031
"2018-12-03 11:02:00",10282,0.019999999999996
"2018-12-03 11:03:00",1550,-0.0350999999999999
"2018-12-03 11:04:00",612,0.000399999999999068
"2018-12-03 11:05:00",7873,0.0326999999999984
"2018-12-03 11:06:00",600,0.0220000000000056
"2018-12-03 11:07:00",11424,0.0499999999999972
"2018-12-03 11:08:00",2745,0.00999999999999801
"2018-12-03 11:09:00",860,0.0157000000000025
"2018-12-03 11:10:00",14195,0.00430000000000064
"2018-12-03 11:11:00",1900,0
"2018-12-03 11:12:00",2600,0.00370000000000203
"2018-12-03 11:13:00",5335,-0.0137
"2018-12-03 11:14:00",3933,-0.0110000000000028
"2018-12-03 11:15:00",4372,0.0210000000000008
"2018-12-03 11:16:00",7416,0.019999999999996
"2018-12-03 11:17:00",2112,-0.019999999999996
"2018-12-03 11:18:00",4793,0.019999999999996
"2018-12-03 11:19:00",7417,0
"2018-12-03 11:20:00",2012,-0.019999999999996
"2018-12-03 11:21:00",2350,0.019999999999996
"2018-12-03 11:22:00",5530,0.0100000000000051
"2018-12-03 11:23:00",1440,0.0399999999999991
"2018-12-03 11:24:00",6500,0.0399999999999991
"2018-12-03 11:25:00",3400,-0.0135000000000005
"2018-12-03 11:26:00",3536,-0.00650000000000261
"2018-12-03 11:27:00",700,-0.00319999999999965
"2018-12-03 11:28:00",3221,-0.0267999999999944
"2018-12-03 11:29:00",3100,0.019999999999996
"2018-12-03 11:30:00",4350,0.00500000000000256
"2018-12-03 11:31:00",2904,-0.0249999999999986
"2018-12-03 11:32:00",3730,0.019999999999996
"2018-12-03 11:33:00",1575,-0.0174999999999983
"2018-12-03 11:34:00",1200,0.00739999999999696
"2018-12-03 11:35:00",6701,0.0101000000000013
"2018-12-03 11:36:00",6714,0
"2018-12-03 11:37:00",600,-0.013300000000001
"2018-12-03 11:38:00",2000,-0.0311999999999983
"2018-12-03 11:39:00",2700,0.00289999999999679
"2018-12-03 11:40:00",2541,0.0116000000000014
"2018-12-03 11:41:00",2475,0
"2018-12-03 11:42:00",2450,0
"2018-12-03 11:43:00",11372,0
"2018-12-03 11:44:00",3772,-0.00999999999999801
"2018-12-03 11:45:00",1800,-0.0200000000000031
"2018-12-03 11:46:00",1923,0.0200000000000031
"2018-12-03 11:47:00",1600,0
"2018-12-03 11:48:00",1090,0.013300000000001
"2018-12-03 11:49:00",515,-0.023299999999999
"2018-12-03 11:50:00",1899,0.0171999999999954
"2018-12-03 11:51:00",2000,0.00280000000000058
"2018-12-03 11:52:00",3500,-0.019999999999996
"2018-12-03 11:53:00",2520,0.00459999999999638
"2018-12-03 11:54:00",2100,0.0254000000000048
"2018-12-03 11:55:00",7064,0
"2018-12-03 11:56:00",1218,-0.0100000000000051
"2018-12-03 11:57:00",4114,-0.0300000000000011
"2018-12-03 11:58:00",1704,-0.00999999999999801
"2018-12-03 11:59:00",6367,0.0300000000000011
"2018-12-03 12:00:00",800,0.0200000000000031
"2018-12-03 12:01:00",2200,-0.0100000000000051
"2018-12-03 12:02:00",2300,0.00500000000000256
"2018-12-03 12:03:00",1681,0.00500000000000256
"2018-12-03 12:04:00",6144,0
"2018-12-03 12:05:00",1677,-0.0300000000000011
"2018-12-03 12:06:00",600,0
"2018-12-03 12:07:00",1000,0.019999999999996
"2018-12-03 12:08:00",2400,0
"2018-12-03 12:09:00",2798,0.0100000000000051
"2018-12-03 12:10:00",10310,0.029999999999994
"2018-12-03 12:11:00",2600,-0.0152999999999963
"2018-12-03 12:12:00",3295,0.0152999999999963
"2018-12-03 12:13:00",2351,-0.0150000000000006
"2018-12-03 12:14:00",1780,0.0150000000000006
"2018-12-03 12:15:00",7111,0.0300000000000011
"2018-12-03 12:16:00",1600,0.0100000000000051
"2018-12-03 12:17:00",2350,0.00499999999999545
"2018-12-03 12:18:00",1700,0.0249999999999986
"2018-12-03 12:19:00",3811,-0.019999999999996
"2018-12-03 12:20:00",1528,0
"2018-12-03 12:21:00",5660,0.00999999999999801
"2018-12-03 12:22:00",2960,0.00500000000000256
"2018-12-03 12:23:00",2096,-0.00500000000000256
"2018-12-03 12:24:00",3008,0.0300000000000011
"2018-12-03 12:25:00",4200,-0.0200000000000031
"2018-12-03 12:26:00",900,0
"2018-12-03 12:27:00",2942,-0.019999999999996
"2018-12-03 12:28:00",9983,0.00999999999999801
"2018-12-03 12:29:00",4975,-0.00500000000000256
"2018-12-03 12:30:00",12161,-0.0159999999999982
"2018-12-03 12:31:00",2035,-0.00399999999999778
"2018-12-03 12:32:00",1850,-0.00999999999999801
"2018-12-03 12:33:00",3327,0
"2018-12-03 12:34:00",2080,-0.0250000000000057
"2018-12-03 12:35:00",2300,-0.019999999999996
"2018-12-03 12:36:00",6210,0.019999999999996
"2018-12-03 12:37:00",1100,0.0100000000000051
"2018-12-03 12:38:00",4477,0.00999999999999801
"2018-12-03 12:39:00",4504,-0.00999999999999801
"2018-12-03 12:40:00",1924,-0.0100000000000051
"2018-12-03 12:41:00",3300,-0.00999999999999801
"2018-12-03 12:42:00",7610,-0.019999999999996
"2018-12-03 12:43:00",8085,-0.0100000000000051
"2018-12-03 12:44:00",5814,0.0290000000000035
"2018-12-03 12:45:00",5775,-0.0189999999999984
"2018-12-03 12:46:00",8381,-0.0500000000000043
"2018-12-03 12:47:00",10976,-0.00499999999999545
"2018-12-03 12:48:00",6412,0.0148999999999972
"2018-12-03 12:49:00",4629,-0.0249000000000024
"2018-12-03 12:50:00",6256,0.0350000000000037
"2018-12-03 12:51:00",4643,-0.0300000000000011
"2018-12-03 12:52:00",6540,0.00500000000000256
"2018-12-03 12:53:00",2902,0.019999999999996
"2018-12-03 12:54:00",12286,0.00500000000000256
"2018-12-03 12:55:00",2800,-0.0100000000000051
"2018-12-03 12:56:00",7600,-0.019999999999996
"2018-12-03 12:57:00",7800,-0.0200000000000031
"2018-12-03 12:58:00",2250,-0.0150000000000006
"2018-12-03 12:59:00",3294,-0.0117999999999938
"2018-12-03 13:00:00",6784,0.041799999999995
"2018-12-03 13:01:00",2257,-0.0300000000000011
"2018-12-03 13:02:00",22763,0.0150000000000006
"2018-12-03 13:03:00",5010,-0.0399999999999991
"2018-12-03 13:04:00",2807,-0.019999999999996
"2018-12-03 13:05:00",3703,0.019999999999996
"2018-12-03 13:06:00",1213,-0.019999999999996
"2018-12-03 13:07:00",7364,-0.0500000000000043
"2018-12-03 13:08:00",3362,-0.0399999999999991
"2018-12-03 13:09:00",2136,0.0200000000000031
"2018-12-03 13:10:00",3968,0.0300000000000011
"2018-12-03 13:11:00",6026,0.00999999999999801
"2018-12-03 13:12:00",4388,-0.0399999999999991
"2018-12-03 13:13:00",1830,0
"2018-12-03 13:14:00",2984,-0.0198999999999998
"2018-12-03 13:15:00",13968,-0.00580000000000069
"2018-12-03 13:16:00",6160,0.0156999999999954
"2018-12-03 13:17:00",9934,0.0500000000000043
"2018-12-03 13:18:00",4368,0.0200999999999993
"2018-12-03 13:19:00",2400,-0.0138000000000034
"2018-12-03 13:20:00",6751,0.0237000000000052
"2018-12-03 13:21:00",4070,-0.0100000000000051
"2018-12-03 13:22:00",1600,0.0155999999999992
"2018-12-03 13:23:00",4000,0.00440000000000396
"2018-12-03 13:24:00",3618,0
"2018-12-03 13:25:00",2005,0.0499999999999972
"2018-12-03 13:26:00",3170,-0.019999999999996
"2018-12-03 13:27:00",3485,-0.0150000000000006
"2018-12-03 13:28:00",7194,0.0649999999999977
"2018-12-03 13:29:00",5367,-0.00370000000000203
"2018-12-03 13:30:00",4665,0.00370000000000203
"2018-12-03 13:31:00",3200,0.00999999999999801
"2018-12-03 13:32:00",4799,-0.00999999999999801
"2018-12-03 13:33:00",3933,0.00999999999999801
"2018-12-03 13:34:00",4386,-0.00999999999999801
"2018-12-03 13:35:00",4034,0.00999999999999801
"2018-12-03 13:36:00",9390,0.0500000000000043
"2018-12-03 13:37:00",7352,-0.0300000000000011
"2018-12-03 13:38:00",3309,-0.0200000000000031
"2018-12-03 13:39:00",3934,0.0300000000000011
"2018-12-03 13:40:00",1585,0.013300000000001
"2018-12-03 13:41:00",6901,-0.033299999999997
"2018-12-03 13:42:00",4600,0
"2018-12-03 13:43:00",7954,-0.0200000000000031
"2018-12-03 13:44:00",2100,-0.00999999999999801
"2018-12-03 13:45:00",3027,0
"2018-12-03 13:46:00",2047,-0.0200000000000031
"2018-12-03 13:47:00",5877,0.0399999999999991
"2018-12-03 13:48:00",3524,0
"2018-12-03 13:49:00",5738,-0.016299999999994
"2018-12-03 13:50:00",4516,0.019999999999996
"2018-12-03 13:51:00",2938,0.00630000000000308
"2018-12-03 13:52:00",13284,-0.00890000000000413
"2018-12-03 13:53:00",4455,-0.011099999999999
"2018-12-03 13:54:00",7080,0.00999999999999801
"2018-12-03 13:55:00",3559,-0.00999999999999801
"2018-12-03 13:56:00",2508,0.0103000000000009
"2018-12-03 13:57:00",5078,-0.000300000000002854
"2018-12-03 13:58:00",4816,0.0250000000000057
"2018-12-03 13:59:00",13488,-0.0250000000000057
"2018-12-03 14:00:00",7160,0.0168000000000035
"2018-12-03 14:01:00",4050,0.0232000000000028
"2018-12-03 14:02:00",4943,-0.0161000000000016
"2018-12-03 14:03:00",6473,-0.0439000000000007
"2018-12-03 14:04:00",13217,0.019999999999996
"2018-12-03 14:05:00",4402,0.0400000000000063
"2018-12-03 14:06:00",6347,0.0168999999999997
"2018-12-03 14:07:00",6864,-0.0269000000000048
"2018-12-03 14:08:00",5511,0.0100000000000051
"2018-12-03 14:09:00",7525,0.019999999999996
"2018-12-03 14:10:00",5000,0.0568000000000026
"2018-12-03 14:11:00",8156,0.0131999999999977
"2018-12-03 14:12:00",10134,0.0200000000000031
"2018-12-03 14:13:00",3322,-0.0250000000000057
"2018-12-03 14:14:00",7044,0.0315000000000012
"2018-12-03 14:15:00",14553,0.0135000000000005
"2018-12-03 14:16:00",2650,-0.019999999999996
"2018-12-03 14:17:00",5009,-0.0300000000000011
"2018-12-03 14:18:00",10339,0.0249999999999986
"2018-12-03 14:19:00",1500,-0.00500000000000256
"2018-12-03 14:20:00",5467,0.0100000000000051
"2018-12-03 14:21:00",15980,-0.0150000000000006
"2018-12-03 14:22:00",11700,-0.00500000000000256
"2018-12-03 14:23:00",6193,0.0549999999999997
"2018-12-03 14:24:00",10087,-0.0499999999999972
"2018-12-03 14:25:00",5848,-0.0193000000000012
"2018-12-03 14:26:00",8791,-0.0157000000000025
"2018-12-03 14:27:00",4914,-0.019999999999996
"2018-12-03 14:28:00",3745,0.019999999999996
"2018-12-03 14:29:00",4044,0.0100000000000051
"2018-12-03 14:30:00",5909,0
"2018-12-03 14:31:00",4194,-0.0300000000000011
"2018-12-03 14:32:00",11711,0.0300000000000011
"2018-12-03 14:33:00",7099,-0.0300000000000011
"2018-12-03 14:34:00",6055,0
"2018-12-03 14:35:00",10236,0.019999999999996
"2018-12-03 14:36:00",7052,-0.019999999999996
"2018-12-03 14:37:00",7531,0.00499999999999545
"2018-12-03 14:38:00",10359,-0.0204999999999984
"2018-12-03 14:39:00",6195,0.015500000000003
"2018-12-03 14:40:00",4889,-0.0100000000000051
"2018-12-03 14:41:00",8833,-0.00999999999999801
"2018-12-03 14:42:00",4643,0
"2018-12-03 14:43:00",12102,0.0200000000000031
"2018-12-03 14:44:00",21219,-0.0100000000000051
"2018-12-03 14:45:00",11546,-0.0399999999999991
"2018-12-03 14:46:00",17369,0.0324000000000026
"2018-12-03 14:47:00",4598,-0.0274000000000001
"2018-12-03 14:48:00",5344,0.0349999999999966
"2018-12-03 14:49:00",6294,-0.00999999999999801
"2018-12-03 14:50:00",7215,0.0300999999999974
"2018-12-03 14:51:00",6791,-0.0100999999999942
"2018-12-03 14:52:00",6613,-0.0200000000000031
"2018-12-03 14:53:00",15694,0
"2018-12-03 14:54:00",13481,-0.00999999999999801
"2018-12-03 14:55:00",13157,0.0450000000000017
"2018-12-03 14:56:00",11179,0.0150000000000006
"2018-12-03 14:57:00",13542,-0.0300000000000011
"2018-12-03 14:58:00",33145,0
"2018-12-03 14:59:00",26863,0.0399999999999991
"2018-12-03 15:02:00",37004,-0.00999999999999801
"2018-12-03 15:15:00",0,0
"2018-12-04 08:30:00",55319,0.18
"2018-12-04 08:31:00",20542,-0.0700000000000003
"2018-12-04 08:32:00",13223,0.0399999999999991
"2018-12-04 08:33:00",7252,-0.0100000000000051
"2018-12-04 08:34:00",17585,-0.019999999999996
"2018-12-04 08:35:00",10010,-0.00999999999999801
"2018-12-04 08:36:00",10684,0
"2018-12-04 08:37:00",3227,-0.0450000000000017
"2018-12-04 08:38:00",6200,0.0450000000000017
"2018-12-04 08:39:00",7360,-0.0500000000000043
"2018-12-04 08:40:00",4961,-0.0399999999999991
"2018-12-04 08:41:00",36248,-0.0600000000000023
"2018-12-04 08:42:00",9748,-0.0498999999999938
"2018-12-04 08:43:00",6759,-0.0101000000000013
"2018-12-04 08:44:00",7040,-0.0549999999999997
"2018-12-04 08:45:00",13855,0.0549999999999997
"2018-12-04 08:46:00",5847,-0.0399999999999991
"2018-12-04 08:47:00",22315,-0.0200000000000031
"2018-12-04 08:48:00",3733,-0.0200000000000031
"2018-12-04 08:49:00",2911,0.0632000000000019
"2018-12-04 08:50:00",5172,0.0281999999999982
"2018-12-04 08:51:00",4295,-0.0213999999999999
"2018-12-04 08:52:00",2936,-0.069899999999997
"2018-12-04 08:53:00",4349,-0.0200999999999993
"2018-12-04 08:54:00",15461,0.019999999999996
"2018-12-04 08:55:00",4707,0.0100000000000051
"2018-12-04 08:56:00",4000,9.99999999962142e-05
"2018-12-04 08:57:00",4592,0.0099000000000018
"2018-12-04 08:58:00",6459,0.0750000000000028
"2018-12-04 08:59:00",3808,-0.0650000000000048
"2018-12-04 09:00:00",5715,0.0434000000000054
"2018-12-04 09:01:00",4839,0.0165999999999968
"2018-12-04 09:02:00",5798,0.0399999999999991
"2018-12-04 09:03:00",5645,-0.0300000000000011
"2018-12-04 09:04:00",12523,-0.0399999999999991
"2018-12-04 09:05:00",3032,-0.0171999999999954
"2018-12-04 09:06:00",5518,0.00719999999999743
"2018-12-04 09:07:00",5804,0.00999999999999801
"2018-12-04 09:08:00",3638,0.0399999999999991
"2018-12-04 09:09:00",5590,-0.0399999999999991
"2018-12-04 09:10:00",4481,0.0200000000000031
"2018-12-04 09:11:00",7008,-0.0200000000000031
"2018-12-04 09:12:00",3600,-0.00999999999999801
"2018-12-04 09:13:00",3427,-0.0101000000000013
"2018-12-04 09:14:00",4712,-0.0499000000000009
"2018-12-04 09:15:00",7293,0.0399999999999991
"2018-12-04 09:16:00",4933,0.0200000000000031
"2018-12-04 09:17:00",7080,0
"2018-12-04 09:18:00",2130,-0.0200000000000031
"2018-12-04 09:19:00",2028,-0.0499999999999972
"2018-12-04 09:20:00",4124,-0.0133999999999972
"2018-12-04 09:21:00",6733,0.0433999999999983
"2018-12-04 09:22:00",4011,0.019999999999996
"2018-12-04 09:23:00",3950,-0.019999999999996
"2018-12-04 09:24:00",3700,0
"2018-12-04 09:25:00",2213,-0.0200000000000031
"2018-12-04 09:26:00",1300,0.0399999999999991
"2018-12-04 09:27:00",4126,0
"2018-12-04 09:28:00",3260,0.0399999999999991
"2018-12-04 09:29:00",7879,0.0400000000000063
"2018-12-04 09:30:00",11081,0.019999999999996
"2018-12-04 09:31:00",3852,-0.019999999999996
"2018-12-04 09:32:00",6132,-0.0400000000000063
"2018-12-04 09:33:00",4168,-0.0599999999999952
"2018-12-04 09:34:00",2625,-0.0500000000000043
"2018-12-04 09:35:00",5443,0.0300000000000011
"2018-12-04 09:36:00",4102,0
"2018-12-04 09:37:00",4784,-0.0700000000000003
"2018-12-04 09:38:00",4008,0
"2018-12-04 09:39:00",2356,0.0399000000000029
"2018-12-04 09:40:00",1825,0.0400999999999954
"2018-12-04 09:41:00",1777,0.0100000000000051
"2018-12-04 09:42:00",4265,-0.0100000000000051
"2018-12-04 09:43:00",3290,-0.019999999999996
"2018-12-04 09:44:00",6378,0.0161000000000016
"2018-12-04 09:45:00",1900,-0.0260999999999996
"2018-12-04 09:46:00",3125,-0.0500000000000043
"2018-12-04 09:47:00",3086,-0.00999999999999801
"2018-12-04 09:48:00",1292,0.0300000000000011
"2018-12-04 09:49:00",10933,0.00999999999999801
"2018-12-04 09:50:00",5092,0
"2018-12-04 09:51:00",2390,0.0200000000000031
"2018-12-04 09:52:00",3633,0.0499999999999972
"2018-12-04 09:53:00",3200,-0.00999999999999801
"2018-12-04 09:54:00",2892,-0.0200000000000031
"2018-12-04 09:55:00",800,0.00999999999999801
"2018-12-04 09:56:00",6162,0.0400000000000063
"2018-12-04 09:57:00",4100,-0.0200000000000031
"2018-12-04 09:58:00",3700,-0.0300999999999974
"2018-12-04 09:59:00",3264,-0.0699000000000041
"2018-12-04 10:00:00",7347,0
"2018-12-04 10:01:00",2300,-0.0499999999999972
"2018-12-04 10:02:00",5698,0.00999999999999801
"2018-12-04 10:03:00",3501,-0.00999999999999801
"2018-12-04 10:04:00",5850,0.0399999999999991
"2018-12-04 10:05:00",1200,0
"2018-12-04 10:06:00",1500,0.00999999999999801
"2018-12-04 10:07:00",7841,0.0249999999999986
"2018-12-04 10:08:00",921,-0.00499999999999545
"2018-12-04 10:09:00",1495,-0.0500000000000043
"2018-12-04 10:10:00",3852,-0.00499999999999545
"2018-12-04 10:11:00",4418,-0.00500000000000256
"2018-12-04 10:12:00",1871,0.00999999999999801
"2018-12-04 10:13:00",3325,0.0300000000000011
"2018-12-04 10:14:00",3750,-0.0399999999999991
"2018-12-04 10:15:00",5137,-0.019999999999996
"2018-12-04 10:16:00",6011,0.0149999999999935
"2018-12-04 10:17:00",13778,0.0100000000000051
"2018-12-04 10:18:00",11458,-0.00500000000000256
"2018-12-04 10:19:00",4656,0.0150000000000006
"2018-12-04 10:20:00",2106,0.0249999999999986
"2018-12-04 10:21:00",3091,-0.00999999999999801
"2018-12-04 10:22:00",1809,0.0200000000000031
"2018-12-04 10:23:00",3992,0.0599999999999952
"2018-12-04 10:24:00",12592,-0.019999999999996
"2018-12-04 10:25:00",9201,0
"2018-12-04 10:26:00",5113,0.00999999999999801
"2018-12-04 10:27:00",4479,-0.00900000000000034
"2018-12-04 10:28:00",1125,-0.0110000000000028
"2018-12-04 10:29:00",4314,0
"2018-12-04 10:30:00",4518,-0.00999999999999801
"2018-12-04 10:31:00",2059,-0.0300000000000011
"2018-12-04 10:32:00",1300,-0.00999999999999801
"2018-12-04 10:33:00",5326,-0.0200000000000031
"2018-12-04 10:34:00",9995,-0.00999999999999801
"2018-12-04 10:35:00",2457,0
"2018-12-04 10:36:00",12070,-0.00999999999999801
"2018-12-04 10:37:00",4568,0.0300000000000011
"2018-12-04 10:38:00",4500,0.0272000000000006
"2018-12-04 10:39:00",2045,0.0227999999999966
"2018-12-04 10:40:00",3966,0.0799999999999983
"2018-12-04 10:41:00",7984,0.0100000000000051
"2018-12-04 10:42:00",3550,-0.0300000000000011
"2018-12-04 10:43:00",1972,-0.0300000000000011
"2018-12-04 10:44:00",1734,-0.00500000000000256
"2018-12-04 10:45:00",8169,0.00500000000000256
"2018-12-04 10:46:00",4678,-0.00480000000000302
"2018-12-04 10:47:00",6734,-0.0551999999999992
"2018-12-04 10:48:00",12247,-0.00999999999999801
"2018-12-04 10:49:00",911,0.0150000000000006
"2018-12-04 10:50:00",2465,-0.00500000000000256
"2018-12-04 10:51:00",9050,0.0100000000000051
"2018-12-04 10:52:00",2250,-0.0350000000000037
"2018-12-04 10:53:00",1850,0.0200000000000031
"2018-12-04 10:54:00",2000,0.0150000000000006
"2018-12-04 10:55:00",1876,-0.0176000000000016
"2018-12-04 10:56:00",1400,-0.0224000000000046
"2018-12-04 10:57:00",1761,-0.029999999999994
"2018-12-04 10:58:00",5233,-0.0600000000000023
"2018-12-04 10:59:00",1000,-0.0399999999999991
"2018-12-04 11:00:00",2253,0.00999999999999801
"2018-12-04 11:01:00",2000,0.0600000000000023
"2018-12-04 11:02:00",1200,-0.0422000000000011
"2018-12-04 11:03:00",1200,0.0122
"2018-12-04 11:04:00",5384,-0.0632000000000019
"2018-12-04 11:05:00",4494,-0.0567999999999955
"2018-12-04 11:06:00",7361,-0.0100000000000051
"2018-12-04 11:07:00",5648,-0.0300000000000011
"2018-12-04 11:08:00",7465,-0.029999999999994
"2018-12-04 11:09:00",6413,0.019999999999996
"2018-12-04 11:10:00",4845,-0.0399999999999991
"2018-12-04 11:11:00",6815,-0.00999999999999801
"2018-12-04 11:12:00",2800,0.0300000000000011
"2018-12-04 11:13:00",13693,-0.0700000000000003
"2018-12-04 11:14:00",15821,-0.0200000000000031
"2018-12-04 11:15:00",11600,-0.0399999999999991
"2018-12-04 11:16:00",10622,0.0499999999999972
"2018-12-04 11:17:00",2779,0.0399999999999991
"2018-12-04 11:18:00",4797,0.0300000000000011
"2018-12-04 11:19:00",3830,-0.00499999999999545
"2018-12-04 11:20:00",6015,-0.0350000000000037
"2018-12-04 11:21:00",2500,0.0200000000000031
"2018-12-04 11:22:00",2607,-0.0200000000000031
"2018-12-04 11:23:00",2071,-0.00670000000000215
"2018-12-04 11:24:00",6760,-0.0832999999999942
"2018-12-04 11:25:00",2332,0.0399999999999991
"2018-12-04 11:26:00",2100,0.019999999999996
"2018-12-04 11:27:00",2100,0.0350000000000037
"2018-12-04 11:28:00",4078,-0.0350000000000037
"2018-12-04 11:29:00",15808,-0.0499999999999972
"2018-12-04 11:30:00",17571,-0.0499999999999972
"2018-12-04 11:31:00",12332,-0.0200000000000031
"2018-12-04 11:32:00",20208,-0.0399999999999991
"2018-12-04 11:33:00",11675,0.0799999999999983
"2018-12-04 11:34:00",10138,0
"2018-12-04 11:35:00",7139,0.0200000000000031
"2018-12-04 11:36:00",3300,0.0449999999999946
"2018-12-04 11:37:00",3945,0.0380000000000038
"2018-12-04 11:38:00",9002,0.0069999999999979
"2018-12-04 11:39:00",8691,-0.0600000000000023
"2018-12-04 11:40:00",1340,0.0100000000000051
"2018-12-04 11:41:00",5962,0.0599999999999952
"2018-12-04 11:42:00",5288,-0.0799999999999983
"2018-12-04 11:43:00",2431,0.0600000000000023
"2018-12-04 11:44:00",1265,-0.0200000000000031
"2018-12-04 11:45:00",3136,0.0618000000000052
"2018-12-04 11:46:00",1874,-0.0118000000000009
"2018-12-04 11:47:00",4435,0.019999999999996
"2018-12-04 11:48:00",4435,0
"2018-12-04 11:49:00",15385,-0.019999999999996
"2018-12-04 11:50:00",6148,-0.0481000000000051
"2018-12-04 11:51:00",2350,0.018100000000004
"2018-12-04 11:52:00",2200,-0.0200000000000031
"2018-12-04 11:53:00",2300,0.0200000000000031
"2018-12-04 11:54:00",1800,-0.0300000000000011
"2018-12-04 11:55:00",2820,0.0399999999999991
"2018-12-04 11:56:00",3656,0.0200000000000031
"2018-12-04 11:57:00",11958,-0.0500000000000043
"2018-12-04 11:58:00",1868,-0.0300000000000011
"2018-12-04 11:59:00",3600,-0.0349999999999966
"2018-12-04 12:00:00",10008,-0.0249999999999986
"2018-12-04 12:01:00",4301,-0.0200000000000031
"2018-12-04 12:02:00",3810,0
"2018-12-04 12:03:00",3194,0.0200000000000031
"2018-12-04 12:04:00",2800,0.0300000000000011
"2018-12-04 12:05:00",3800,0.019999999999996
"2018-12-04 12:06:00",1300,0.00999999999999801
"2018-12-04 12:07:00",13744,-0.00999999999999801
"2018-12-04 12:08:00",8173,0.00999999999999801
"2018-12-04 12:09:00",1599,-0.00999999999999801
"2018-12-04 12:10:00",12082,-0.0300000000000011
"2018-12-04 12:11:00",9046,0.0200000000000031
"2018-12-04 12:12:00",3554,0.0499000000000009
"2018-12-04 12:13:00",2344,-0.0099000000000018
"2018-12-04 12:14:00",5665,-0.0542999999999978
"2018-12-04 12:15:00",3500,0.0542999999999978
"2018-12-04 12:16:00",3500,-0.0200000000000031
"2018-12-04 12:17:00",3500,-0.019999999999996
"2018-12-04 12:18:00",7385,0.00999999999999801
"2018-12-04 12:19:00",1500,-0.019999999999996
"2018-12-04 12:20:00",2500,-0.0399999999999991
"2018-12-04 12:21:00",2321,0.00499999999999545
"2018-12-04 12:22:00",12099,-0.00499999999999545
"2018-12-04 12:23:00",1663,0
"2018-12-04 12:24:00",6471,-0.0200000000000031
"2018-12-04 12:25:00",6030,-0.0499999999999972
"2018-12-04 12:26:00",3953,-0.0500000000000043
"2018-12-04 12:27:00",7226,-0.0238000000000014
"2018-12-04 12:28:00",3741,-0.0961999999999961
"2018-12-04 12:29:00",10347,0.0799999999999983
"2018-12-04 12:30:00",10488,0.0300000000000011
"2018-12-04 12:31:00",3623,0.0099000000000018
"2018-12-04 12:32:00",5696,-0.0249000000000024
"2018-12-04 12:33:00",5300,-0.00500000000000256
"2018-12-04 12:34:00",4405,-0.00999999999999801
"2018-12-04 12:35:00",700,0
"2018-12-04 12:36:00",1700,-0.00999999999999801
"2018-12-04 12:37:00",3827,-0.0300000000000011
"2018-12-04 12:38:00",5840,-0.0399999999999991
"2018-12-04 12:39:00",9780,-0.0700000000000003
"2018-12-04 12:40:00",21930,0.0300000000000011
"2018-12-04 12:41:00",11343,0.00999999999999801
"2018-12-04 12:42:00",8196,0.109999999999999
"2018-12-04 12:43:00",8635,0.0300000000000011
"2018-12-04 12:44:00",7167,-0.0200000000000031
"2018-12-04 12:45:00",2300,0.0333000000000041
"2018-12-04 12:46:00",2100,0.0366999999999962
"2018-12-04 12:47:00",1651,0
"2018-12-04 12:48:00",7700,0.0399999999999991
"2018-12-04 12:49:00",2525,-0.0499999999999972
"2018-12-04 12:50:00",700,-0.00999999999999801
"2018-12-04 12:51:00",27417,-0.0271000000000043
"2018-12-04 12:52:00",2222,-0.00289999999999679
"2018-12-04 12:53:00",5400,0.019999999999996
"2018-12-04 12:54:00",7274,0.0500000000000043
"2018-12-04 12:55:00",2577,0.0600000000000023
"2018-12-04 12:56:00",2719,0.0399999999999991
"2018-12-04 12:57:00",5332,-0.0100000000000051
"2018-12-04 12:58:00",1877,0.00500000000000256
"2018-12-04 12:59:00",4950,-0.0649999999999977
"2018-12-04 13:00:00",5419,-0.0500000000000043
"2018-12-04 13:01:00",5609,0
"2018-12-04 13:02:00",2740,0.0600000000000023
"2018-12-04 13:03:00",1950,-0.0700000000000003
"2018-12-04 13:04:00",4424,-0.0499999999999972
"2018-12-04 13:05:00",3466,0.0194999999999936
"2018-12-04 13:06:00",3625,0.0553000000000026
"2018-12-04 13:07:00",3685,0.0152000000000001
"2018-12-04 13:08:00",1575,0.00999999999999801
"2018-12-04 13:09:00",3174,0.0419000000000054
"2018-12-04 13:10:00",5459,0.0381
"2018-12-04 13:11:00",3906,-0.0200000000000031
"2018-12-04 13:12:00",2108,-0.00999999999999801
"2018-12-04 13:13:00",3542,0
"2018-12-04 13:14:00",2505,-0.00999999999999801
"2018-12-04 13:15:00",8570,-0.0300000000000011
"2018-12-04 13:16:00",1981,0
"2018-12-04 13:17:00",4581,0
"2018-12-04 13:18:00",6600,0.00999999999999801
"2018-12-04 13:19:00",3195,0.00999999999999801
"2018-12-04 13:20:00",3184,-0.0300000000000011
"2018-12-04 13:21:00",1446,-0.00999999999999801
"2018-12-04 13:22:00",8115,0
"2018-12-04 13:23:00",7215,-0.0499999999999972
"2018-12-04 13:24:00",3987,0
"2018-12-04 13:25:00",4550,-0.0100000000000051
"2018-12-04 13:26:00",3959,0.0200000000000031
"2018-12-04 13:27:00",7609,-0.0200000000000031
"2018-12-04 13:28:00",1375,-0.0374999999999943
"2018-12-04 13:29:00",2869,-0.0225000000000009
"2018-12-04 13:30:00",3334,0.0700000000000003
"2018-12-04 13:31:00",1301,0.00999999999999801
"2018-12-04 13:32:00",2010,-0.0300000000000011
"2018-12-04 13:33:00",1860,-0.0161999999999978
"2018-12-04 13:34:00",2000,0.0161999999999978
"2018-12-04 13:35:00",2600,-0.0300000000000011
"2018-12-04 13:36:00",2036,-0.0300000000000011
"2018-12-04 13:37:00",3100,0.0100000000000051
"2018-12-04 13:38:00",4106,-0.0200000000000031
"2018-12-04 13:39:00",14914,0.0600000000000023
"2018-12-04 13:40:00",5151,0.0422999999999973
"2018-12-04 13:41:00",4311,0.00769999999999982
"2018-12-04 13:42:00",4070,0.0200000000000031
"2018-12-04 13:43:00",1000,0.00999999999999801
"2018-12-04 13:44:00",6436,0.0200000000000031
"2018-12-04 13:45:00",7230,0.0899999999999963
"2018-12-04 13:46:00",1904,0
"2018-12-04 13:47:00",4673,0.0200000000000031
"2018-12-04 13:48:00",6990,0.00999999999999801
"2018-12-04 13:49:00",7817,0
"2018-12-04 13:50:00",6774,-0.0649999999999977
"2018-12-04 13:51:00",8976,0.00499999999999545
"2018-12-04 13:52:00",2400,0.0250000000000057
"2018-12-04 13:53:00",10552,0.0349999999999966
"2018-12-04 13:54:00",5700,-0.0300000000000011
"2018-12-04 13:55:00",4650,-0.00499999999999545
"2018-12-04 13:56:00",6774,-0.0150000000000006
"2018-12-04 13:57:00",4252,0.00999999999999801
"2018-12-04 13:58:00",2509,-0.0600000000000023
"2018-12-04 13:59:00",2488,-0.00999999999999801
"2018-12-04 14:00:00",8132,-0.0399999999999991
"2018-12-04 14:01:00",5835,-0.0200000000000031
"2018-12-04 14:02:00",2015,0.00680000000000547
"2018-12-04 14:03:00",6102,0.0231999999999957
"2018-12-04 14:04:00",1648,0
"2018-12-04 14:05:00",4198,0.00999999999999801
"2018-12-04 14:06:00",4258,-0.00999999999999801
"2018-12-04 14:07:00",4857,-0.019999999999996
"2018-12-04 14:08:00",2660,-0.0200000000000031
"2018-12-04 14:09:00",2766,0
"2018-12-04 14:10:00",2345,0.0200000000000031
"2018-12-04 14:11:00",2913,-0.0300000000000011
"2018-12-04 14:12:00",9672,-0.0350000000000037
"2018-12-04 14:13:00",3115,-0.0249999999999986
"2018-12-04 14:14:00",8410,0.0450000000000017
"2018-12-04 14:15:00",4173,0.0450000000000017
"2018-12-04 14:16:00",4848,-0.0100000000000051
"2018-12-04 14:17:00",4554,-0.019999999999996
"2018-12-04 14:18:00",6851,-0.0399999999999991
"2018-12-04 14:19:00",4444,-0.0200000000000031
"2018-12-04 14:20:00",6499,0.0499999999999972
"2018-12-04 14:21:00",4646,-0.00300000000000011
"2018-12-04 14:22:00",5136,-0.0569999999999951
"2018-12-04 14:23:00",4512,-0.0260999999999996
"2018-12-04 14:24:00",6050,-0.0339000000000027
"2018-12-04 14:25:00",5490,0.0600000000000023
"2018-12-04 14:26:00",3971,-0.024799999999999
"2018-12-04 14:27:00",3758,0.00479999999999592
"2018-12-04 14:28:00",5551,-0.0300999999999974
"2018-12-04 14:29:00",10449,-0.0198999999999998
"2018-12-04 14:30:00",12413,0.0499999999999972
"2018-12-04 14:31:00",12421,-0.0499999999999972
"2018-12-04 14:32:00",4204,-0.0300000000000011
"2018-12-04 14:33:00",10615,0.0899999999999963
"2018-12-04 14:34:00",6425,-0.0399999999999991
"2018-12-04 14:35:00",3630,0.0600000000000023
"2018-12-04 14:36:00",9438,-0.0499999999999972
"2018-12-04 14:37:00",6689,-0.0500000000000043
"2018-12-04 14:38:00",10730,-0.0499999999999972
"2018-12-04 14:39:00",4550,-0.00460000000000349
"2018-12-04 14:40:00",11555,-0.00539999999999452
"2018-12-04 14:41:00",7334,-0.0500000000000043
"2018-12-04 14:42:00",5978,0.0399999999999991
"2018-12-04 14:43:00",7830,-0.0499999999999972
"2018-12-04 14:44:00",13602,0.00999999999999801
"2018-12-04 14:45:00",9778,0.0799999999999983
"2018-12-04 14:46:00",12277,-0.0599999999999952
"2018-12-04 14:47:00",6914,-0.0122
"2018-12-04 14:48:00",7844,0.00219999999999487
"2018-12-04 14:49:00",12816,0
"2018-12-04 14:50:00",24719,-0.0499999999999972
"2018-12-04 14:51:00",15882,-0.0499999999999972
"2018-12-04 14:52:00",15420,0.00999999999999801
"2018-12-04 14:53:00",32127,0.0349999999999966
"2018-12-04 14:54:00",27604,-0.0349999999999966
"2018-12-04 14:55:00",28800,0.00999999999999801
"2018-12-04 14:56:00",25032,-0.0349999999999966
"2018-12-04 14:57:00",17523,0.00509999999999877
"2018-12-04 14:58:00",33082,0.059899999999999
"2018-12-04 14:59:00",34949,0
"2018-12-04 15:02:00",43494,0.00999999999999801
"2018-12-04 15:15:00",0,0
"2018-12-06 08:30:00",158805,-2.06
"2018-12-06 08:31:00",58849,-0.0700000000000003
"2018-12-06 08:32:00",15714,0.0700000000000003
"2018-12-06 08:33:00",17292,-0.0350000000000037
"2018-12-06 08:34:00",21953,0.185000000000002
"2018-12-06 08:35:00",20935,0.109999999999999
"2018-12-06 08:36:00",17836,-0.0249999999999986
"2018-12-06 08:37:00",13252,-0.0249999999999986
"2018-12-06 08:38:00",30756,0.0399999999999991
"2018-12-06 08:39:00",31827,0.149899999999995
"2018-12-06 08:40:00",23073,-0.0998999999999981
"2018-12-06 08:41:00",22002,-0.0300000000000011
"2018-12-06 08:42:00",28104,-0.0799999999999983
"2018-12-06 08:43:00",13543,0.060299999999998
"2018-12-06 08:44:00",15064,-0.0103000000000009
"2018-12-06 08:45:00",9721,-0.0799999999999983
"2018-12-06 08:46:00",18581,-0.0700000000000003
"2018-12-06 08:47:00",16365,-0.100000000000001
"2018-12-06 08:48:00",22408,-0.0899999999999963
"2018-12-06 08:49:00",31826,-0.0200000000000031
"2018-12-06 08:50:00",28680,-0.0574000000000012
"2018-12-06 08:51:00",52900,-0.0125999999999991
"2018-12-06 08:52:00",21403,-0.109999999999999
"2018-12-06 08:53:00",27983,-0.0399999999999991
"2018-12-06 08:54:00",41145,-0.0399999999999991
"2018-12-06 08:55:00",28993,0.0739999999999981
"2018-12-06 08:56:00",3578,0.0859999999999985
"2018-12-06 08:57:00",14290,-0.00999999999999801
"2018-12-06 08:58:00",14001,0.0200000000000031
"2018-12-06 08:59:00",25800,0.0499999999999972
"2018-12-06 09:00:00",15341,0.0200000000000031
"2018-12-06 09:01:00",7204,-0.0100000000000051
"2018-12-06 09:02:00",12726,0.0100000000000051
"2018-12-06 09:03:00",14954,-0.0300000000000011
"2018-12-06 09:04:00",15184,0.0300000000000011
"2018-12-06 09:05:00",29381,-0.130000000000003
"2018-12-06 09:06:00",11538,0.0900000000000034
"2018-12-06 09:07:00",8493,0.0799999999999983
"2018-12-06 09:08:00",10782,-0.0300000000000011
"2018-12-06 09:09:00",13490,-0.00999999999999801
"2018-12-06 09:10:00",7971,-0.0300000000000011
"2018-12-06 09:11:00",8430,0
"2018-12-06 09:12:00",7018,-0.00359999999999872
"2018-12-06 09:13:00",6134,0.063600000000001
"2018-12-06 09:14:00",7423,-0.0401000000000025
"2018-12-06 09:15:00",19441,-0.0298999999999978
"2018-12-06 09:16:00",10440,0.0536999999999992
"2018-12-06 09:17:00",10937,-0.0637000000000043
"2018-12-06 09:18:00",28803,-0.109999999999999
"2018-12-06 09:19:00",9454,-0.00999999999999801
"2018-12-06 09:20:00",11023,-0.0600000000000023
"2018-12-06 09:21:00",12709,0.0100000000000051
"2018-12-06 09:22:00",7183,0.019999999999996
"2018-12-06 09:23:00",22709,-0.019999999999996
"2018-12-06 09:24:00",7457,-0.0500000000000043
"2018-12-06 09:25:00",15583,0.0600000000000023
"2018-12-06 09:26:00",4594,0.0700000000000003
"2018-12-06 09:27:00",7150,0.0300000000000011
"2018-12-06 09:28:00",9893,-0.0100000000000051
"2018-12-06 09:29:00",16101,0.0800000000000054
"2018-12-06 09:30:00",18908,-0.0200000000000031
"2018-12-06 09:31:00",5334,-0.0540999999999983
"2018-12-06 09:32:00",26535,-0.00590000000000401
"2018-12-06 09:33:00",10141,-0.029999999999994
"2018-12-06 09:34:00",8066,-0.0201000000000064
"2018-12-06 09:35:00",7844,-0.0398999999999958
"2018-12-06 09:36:00",17710,-0.0600000000000023
"2018-12-06 09:37:00",6896,0.0700000000000003
"2018-12-06 09:38:00",4967,0.0200000000000031
"2018-12-06 09:39:00",2493,0.019999999999996
"2018-12-06 09:40:00",10111,0.0300000000000011
"2018-12-06 09:41:00",17252,-0.0499999999999972
"2018-12-06 09:42:00",8201,-0.0138000000000034
"2018-12-06 09:43:00",5127,0.0538000000000025
"2018-12-06 09:44:00",12727,0.00999999999999801
"2018-12-06 09:45:00",39226,-0.0799999999999983
"2018-12-06 09:46:00",10988,-0.0300000000000011
"2018-12-06 09:47:00",12901,0.0700000000000003
"2018-12-06 09:48:00",9426,-0.0850000000000009
"2018-12-06 09:49:00",15800,-0.0150000000000006
"2018-12-06 09:50:00",41486,-0.00999999999999801
"2018-12-06 09:51:00",20526,-0.00999999999999801
"2018-12-06 09:52:00",13694,0.019999999999996
"2018-12-06 09:53:00",5762,0.00619999999999976
"2018-12-06 09:54:00",5978,-0.0261999999999958
"2018-12-06 09:55:00",17187,-0.0400000000000063
"2018-12-06 09:56:00",36868,-0.0499999999999972
"2018-12-06 09:57:00",26502,0.00999999999999801
"2018-12-06 09:58:00",14299,-0.0399999999999991
"2018-12-06 09:59:00",49437,0.120000000000005
"2018-12-06 10:00:00",20551,0.0899999999999963
"2018-12-06 10:01:00",13461,-0.130000000000003
"2018-12-06 10:02:00",32277,0.0400000000000063
"2018-12-06 10:03:00",19902,0.029999999999994
"2018-12-06 10:04:00",19049,0.0100000000000051
"2018-12-06 10:05:00",11449,0.0379999999999967
"2018-12-06 10:06:00",17743,-0.097999999999999
"2018-12-06 10:07:00",13265,-0.0200000000000031
"2018-12-06 10:08:00",18384,0.0400000000000063
"2018-12-06 10:09:00",8626,-0.0500000000000043
"2018-12-06 10:10:00",40859,-0.149999999999999
"2018-12-06 10:11:00",14228,0.0700000000000003
"2018-12-06 10:12:00",18132,-0.00999999999999801
"2018-12-06 10:13:00",14541,-0.0300000000000011
"2018-12-06 10:14:00",37951,-0.0399999999999991
"2018-12-06 10:15:00",21819,-0.00500000000000256
"2018-12-06 10:16:00",12416,0.0150000000000006
"2018-12-06 10:17:00",14222,0.0399999999999991
"2018-12-06 10:18:00",35687,-0.0799999999999983
"2018-12-06 10:19:00",13726,0.0600000000000023
"2018-12-06 10:20:00",13512,-0.0549999999999997
"2018-12-06 10:21:00",10855,0.0449999999999946
"2018-12-06 10:22:00",25049,-0.00999999999999801
"2018-12-06 10:23:00",10666,0
"2018-12-06 10:24:00",21962,-0.0399999999999991
"2018-12-06 10:25:00",18805,0.0099000000000018
"2018-12-06 10:26:00",38122,-0.0499000000000009
"2018-12-06 10:27:00",75245,-0.0900000000000034
"2018-12-06 10:28:00",63363,-0.0799999999999983
"2018-12-06 10:29:00",40741,-0.0600000000000023
"2018-12-06 10:30:00",24225,0.0800000000000054
"2018-12-06 10:31:00",6594,0.0349999999999966
"2018-12-06 10:32:00",7269,-0.0450000000000017
"2018-12-06 10:33:00",19278,0.0600000000000023
"2018-12-06 10:34:00",80748,0.170000000000002
"2018-12-06 10:35:00",39293,0.129999999999995
"2018-12-06 10:36:00",9870,-0.0700000000000003
"2018-12-06 10:37:00",23391,-0.019999999999996
"2018-12-06 10:38:00",4983,0
"2018-12-06 10:39:00",13608,0.0700000000000003
"2018-12-06 10:40:00",38099,0.0743999999999971
"2018-12-06 10:41:00",4271,-0.0379999999999967
"2018-12-06 10:42:00",10380,-0.0063999999999993
"2018-12-06 10:43:00",12737,-0.0100000000000051
"2018-12-06 10:44:00",6000,0.0250000000000057
"2018-12-06 10:45:00",4016,0.0549999999999997
"2018-12-06 10:46:00",14730,0.029999999999994
"2018-12-06 10:47:00",34125,0.0450000000000017
"2018-12-06 10:48:00",6810,-0.00499999999999545
"2018-12-06 10:49:00",7660,0.0453999999999937
"2018-12-06 10:50:00",7751,0.00120000000000431
"2018-12-06 10:51:00",4982,0.0433999999999983
"2018-12-06 10:52:00",4742,0.0799999999999983
"2018-12-06 10:53:00",3560,0.0500000000000043
"2018-12-06 10:54:00",10628,0.0300000000000011
"2018-12-06 10:55:00",20277,-0.0200000000000031
"2018-12-06 10:56:00",14657,-0.159999999999997
"2018-12-06 10:57:00",12156,0.019999999999996
"2018-12-06 10:58:00",5851,-0.0549999999999997
"2018-12-06 10:59:00",18689,-0.00999999999999801
"2018-12-06 11:00:00",3458,0.0349999999999966
"2018-12-06 11:01:00",8936,-0.0899999999999963
"2018-12-06 11:02:00",16116,0.0300000000000011
"2018-12-06 11:03:00",13261,-0.0200000000000031
"2018-12-06 11:04:00",12146,0.0300000000000011
"2018-12-06 11:05:00",6738,-0.0200000000000031
"2018-12-06 11:06:00",18834,0.0100000000000051
"2018-12-06 11:07:00",6400,0.00999999999999801
"2018-12-06 11:08:00",7758,-0.042500000000004
"2018-12-06 11:09:00",3947,-0.00750000000000028
"2018-12-06 11:10:00",6320,0.00680000000000547
"2018-12-06 11:11:00",4270,0.093199999999996
"2018-12-06 11:12:00",9166,-0.019999999999996
"2018-12-06 11:13:00",4957,-0.0200000000000031
"2018-12-06 11:14:00",4260,0.0350000000000037
"2018-12-06 11:15:00",10257,0.0549999999999997
"2018-12-06 11:16:00",9687,-0.0900000000000034
"2018-12-06 11:17:00",7269,0.0600000000000023
"2018-12-06 11:18:00",7250,-0.0300000000000011
"2018-12-06 11:19:00",14947,0.0300000000000011
"2018-12-06 11:20:00",5363,0
"2018-12-06 11:21:00",29360,0.0300000000000011
"2018-12-06 11:22:00",5586,-0.0100000000000051
"2018-12-06 11:23:00",8821,0.0300000000000011
"2018-12-06 11:24:00",15394,0.0399999999999991
"2018-12-06 11:25:00",8702,-0.00999999999999801
"2018-12-06 11:26:00",5900,-0.0300000000000011
"2018-12-06 11:27:00",25888,0.0300000000000011
"2018-12-06 11:28:00",3129,0.0399999999999991
"2018-12-06 11:29:00",7338,0.00999999999999801
"2018-12-06 11:30:00",9164,-0.0599999999999952
"2018-12-06 11:31:00",8611,0.0549999999999997
"2018-12-06 11:32:00",8538,0.0150000000000006
"2018-12-06 11:33:00",5691,-0.0100000000000051
"2018-12-06 11:34:00",9773,0.0300000000000011
"2018-12-06 11:35:00",11132,0.0300000000000011
"2018-12-06 11:36:00",4101,-0.0799999999999983
"2018-12-06 11:37:00",11148,-0.0456000000000003
"2018-12-06 11:38:00",8337,0.0215999999999994
"2018-12-06 11:39:00",3309,0.00399999999999778
"2018-12-06 11:40:00",8032,-0.0300000000000011
"2018-12-06 11:41:00",7502,0.0400000000000063
"2018-12-06 11:42:00",5881,0.00499999999999545
"2018-12-06 11:43:00",10760,-0.00249999999999773
"2018-12-06 11:44:00",11090,0.0474999999999994
"2018-12-06 11:45:00",3831,-0.0266999999999982
"2018-12-06 11:46:00",13824,0.0366999999999962
"2018-12-06 11:47:00",4136,0.0500000000000043
"2018-12-06 11:48:00",7186,-0.0150000000000006
"2018-12-06 11:49:00",2126,-0.0350000000000037
"2018-12-06 11:50:00",3000,-0.0330000000000013
"2018-12-06 11:51:00",3213,0.00960000000000605
"2018-12-06 11:52:00",10065,0.0233999999999952
"2018-12-06 11:53:00",6224,0.0500000000000043
"2018-12-06 11:54:00",5470,0.0544999999999973
"2018-12-06 11:55:00",15285,-0.0581000000000031
"2018-12-06 11:56:00",5989,-0.061399999999999
"2018-12-06 11:57:00",9800,0.0150000000000006
"2018-12-06 11:58:00",2377,0.0100000000000051
"2018-12-06 11:59:00",6835,-0.0200000000000031
"2018-12-06 12:00:00",12210,0.0300000000000011
"2018-12-06 12:01:00",2987,0.00999999999999801
"2018-12-06 12:02:00",2742,-0.0150000000000006
"2018-12-06 12:03:00",14125,-0.0649999999999977
"2018-12-06 12:04:00",9061,-0.0500000000000043
"2018-12-06 12:05:00",12710,0.0100000000000051
"2018-12-06 12:06:00",14015,-0.0300000000000011
"2018-12-06 12:07:00",26158,-0.0499999999999972
"2018-12-06 12:08:00",8927,0
"2018-12-06 12:09:00",13716,-0.0200000000000031
"2018-12-06 12:10:00",2612,0.00999999999999801
"2018-12-06 12:11:00",5873,0.0100000000000051
"2018-12-06 12:12:00",4007,0
"2018-12-06 12:13:00",3288,-0.0100000000000051
"2018-12-06 12:14:00",6073,-0.019999999999996
"2018-12-06 12:15:00",10013,0.00999999999999801
"2018-12-06 12:16:00",2791,0.0399999999999991
"2018-12-06 12:17:00",6411,-0.00999999999999801
"2018-12-06 12:18:00",8250,-0.0399000000000029
"2018-12-06 12:19:00",2151,0.0099000000000018
"2018-12-06 12:20:00",18468,-0.015500000000003
"2018-12-06 12:21:00",2724,0.0320000000000036
"2018-12-06 12:22:00",1100,0.00130000000000052
"2018-12-06 12:23:00",9043,0.0471999999999966
"2018-12-06 12:24:00",5216,-0.0150000000000006
"2018-12-06 12:25:00",4007,0
"2018-12-06 12:26:00",5441,-0.0499999999999972
"2018-12-06 12:27:00",2351,-0.00999999999999801
"2018-12-06 12:28:00",5489,-0.0100000000000051
"2018-12-06 12:29:00",5502,-0.029999999999994
"2018-12-06 12:30:00",11777,-0.0333000000000041
"2018-12-06 12:31:00",8166,0.013300000000001
"2018-12-06 12:32:00",31461,-0.00999999999999801
"2018-12-06 12:33:00",3825,0.019999999999996
"2018-12-06 12:34:00",2040,0.0162000000000049
"2018-12-06 12:35:00",3561,-0.046200000000006
"2018-12-06 12:36:00",3339,0.0100000000000051
"2018-12-06 12:37:00",4493,0.0300000000000011
"2018-12-06 12:38:00",7440,0.00529999999999831
"2018-12-06 12:39:00",3737,-0.00529999999999831
"2018-12-06 12:40:00",6059,0.029999999999994
"2018-12-06 12:41:00",26566,0.0500000000000043
"2018-12-06 12:42:00",6848,0.019999999999996
"2018-12-06 12:43:00",4161,-0.029999999999994
"2018-12-06 12:44:00",2547,0
"2018-12-06 12:45:00",1580,0.029999999999994
"2018-12-06 12:46:00",13058,0.0300000000000011
"2018-12-06 12:47:00",2875,0.00999999999999801
"2018-12-06 12:48:00",2149,0.0200000000000031
"2018-12-06 12:49:00",5149,0.0600000000000023
"2018-12-06 12:50:00",4834,0.00989999999999469
"2018-12-06 12:51:00",9452,0.014400000000002
"2018-12-06 12:52:00",4938,0.0257000000000005
"2018-12-06 12:53:00",2369,0.00999999999999801
"2018-12-06 12:54:00",5054,0.0800000000000054
"2018-12-06 12:55:00",4907,0
"2018-12-06 12:56:00",3094,0.00339999999999918
"2018-12-06 12:57:00",9638,0.0165999999999968
"2018-12-06 12:58:00",8541,0.0300000000000011
"2018-12-06 12:59:00",7257,0.0900000000000034
"2018-12-06 13:00:00",8130,0.0449999999999946
"2018-12-06 13:01:00",6902,0.00500000000000256
"2018-12-06 13:02:00",5903,-0.0499999999999972
"2018-12-06 13:03:00",7611,0.019999999999996
"2018-12-06 13:04:00",3017,-0.0533000000000001
"2018-12-06 13:05:00",7158,-0.0167999999999964
"2018-12-06 13:06:00",3121,0.0300999999999974
"2018-12-06 13:07:00",5263,-0.0200000000000031
"2018-12-06 13:08:00",7768,-0.029999999999994
"2018-12-06 13:09:00",3911,0
"2018-12-06 13:10:00",16337,-0.0200000000000031
"2018-12-06 13:11:00",11614,-0.0200000000000031
"2018-12-06 13:12:00",5613,-0.00999999999999801
"2018-12-06 13:13:00",7605,-0.0499999999999972
"2018-12-06 13:14:00",4891,0.019999999999996
"2018-12-06 13:15:00",4012,0.0399999999999991
"2018-12-06 13:16:00",7814,-0.029999999999994
"2018-12-06 13:17:00",6814,-0.0300000000000011
"2018-12-06 13:18:00",1358,-0.0600000000000023
"2018-12-06 13:19:00",4665,-0.0300000000000011
"2018-12-06 13:20:00",3636,0.0450000000000017
"2018-12-06 13:21:00",8481,-0.0150000000000006
"2018-12-06 13:22:00",4591,0.0200000000000031
"2018-12-06 13:23:00",5539,-0.0100000000000051
"2018-12-06 13:24:00",4542,0
"2018-12-06 13:25:00",7753,0.0400000000000063
"2018-12-06 13:26:00",11690,0.109999999999999
"2018-12-06 13:27:00",4291,-0.0600000000000023
"2018-12-06 13:28:00",3950,0.0300000000000011
"2018-12-06 13:29:00",6070,0.0599999999999952
"2018-12-06 13:30:00",4784,0.00420000000000442
"2018-12-06 13:31:00",5329,-0.0142000000000024
"2018-12-06 13:32:00",8363,-0.0749999999999957
"2018-12-06 13:33:00",7022,0.0249999999999986
"2018-12-06 13:34:00",4748,-0.0100000000000051
"2018-12-06 13:35:00",3386,-0.00269999999999726
"2018-12-06 13:36:00",5098,-0.00730000000000075
"2018-12-06 13:37:00",5915,0.00010000000000332
"2018-12-06 13:38:00",10438,0.00989999999999469
"2018-12-06 13:39:00",5528,0.00010000000000332
"2018-12-06 13:40:00",6577,0.0198999999999998
"2018-12-06 13:41:00",4051,0.0499999999999972
"2018-12-06 13:42:00",4975,0.0100000000000051
"2018-12-06 13:43:00",2666,-0.0450000000000017
"2018-12-06 13:44:00",6365,-0.0350000000000037
"2018-12-06 13:45:00",9258,-0.0599999999999952
"2018-12-06 13:46:00",8910,-0.0900000000000034
"2018-12-06 13:47:00",6681,-0.00999999999999801
"2018-12-06 13:48:00",9503,0.0200000000000031
"2018-12-06 13:49:00",7105,0
"2018-12-06 13:50:00",10176,0.0399999999999991
"2018-12-06 13:51:00",5787,0.0549999999999997
"2018-12-06 13:52:00",10086,0.0349999999999966
"2018-12-06 13:53:00",9442,0.0200000000000031
"2018-12-06 13:54:00",6061,0.0499999999999972
"2018-12-06 13:55:00",24882,-0.0683000000000007
"2018-12-06 13:56:00",5287,0.0333000000000041
"2018-12-06 13:57:00",8201,0.0449999999999946
"2018-12-06 13:58:00",4694,-0.00269999999999726
"2018-12-06 13:59:00",8468,-0.00229999999999819
"2018-12-06 14:00:00",13631,0.0649999999999977
"2018-12-06 14:01:00",15112,0.0399999999999991
"2018-12-06 14:02:00",11422,-0.019999999999996
"2018-12-06 14:03:00",6222,-0.0200000000000031
"2018-12-06 14:04:00",8741,-0.0300000000000011
"2018-12-06 14:05:00",7666,-0.019999999999996
"2018-12-06 14:06:00",6803,0.0261999999999958
"2018-12-06 14:07:00",4468,-0.0161999999999978
"2018-12-06 14:08:00",7072,0.00999999999999801
"2018-12-06 14:09:00",3262,0.0269000000000048
"2018-12-06 14:10:00",5341,0.0330999999999975
"2018-12-06 14:11:00",8971,-0.0300000000000011
"2018-12-06 14:12:00",4469,0.0300000000000011
"2018-12-06 14:13:00",7514,-0.0499999999999972
"2018-12-06 14:14:00",8601,0
"2018-12-06 14:15:00",11281,-0.0500000000000043
"2018-12-06 14:16:00",5741,0.0399999999999991
"2018-12-06 14:17:00",3132,0.0100000000000051
"2018-12-06 14:18:00",7345,-0.00500000000000256
"2018-12-06 14:19:00",6621,0.00280000000000058
"2018-12-06 14:20:00",18488,-0.0427999999999997
"2018-12-06 14:21:00",9178,-0.0300000000000011
"2018-12-06 14:22:00",9304,0.0150000000000006
"2018-12-06 14:23:00",8928,0.00500000000000256
"2018-12-06 14:24:00",7715,-0.0250000000000057
"2018-12-06 14:25:00",5576,0.0198999999999998
"2018-12-06 14:26:00",12219,0.0301000000000045
"2018-12-06 14:27:00",13874,0.00999999999999801
"2018-12-06 14:28:00",12658,-0.0300000000000011
"2018-12-06 14:29:00",4636,0.0150000000000006
"2018-12-06 14:30:00",10230,0.0799999999999983
"2018-12-06 14:31:00",5553,0.0350000000000037
"2018-12-06 14:32:00",14479,0.0599999999999952
"2018-12-06 14:33:00",13796,-0.00999999999999801
"2018-12-06 14:34:00",13982,-0.0300000000000011
"2018-12-06 14:35:00",10638,0.0224000000000046
"2018-12-06 14:36:00",7347,0.0176999999999978
"2018-12-06 14:37:00",8040,0.0198999999999998
"2018-12-06 14:38:00",5932,-0.00500000000000256
"2018-12-06 14:39:00",9141,-0.0150000000000006
"2018-12-06 14:40:00",12360,-0.0349999999999966
"2018-12-06 14:41:00",12005,0.0150000000000006
"2018-12-06 14:42:00",10016,-0.0300000000000011
"2018-12-06 14:43:00",7473,0.0600000000000023
"2018-12-06 14:44:00",8730,0.0799999999999983
"2018-12-06 14:45:00",13368,0
"2018-12-06 14:46:00",12866,0
"2018-12-06 14:47:00",18207,0.0700000000000003
"2018-12-06 14:48:00",14714,0.0266999999999982
"2018-12-06 14:49:00",19861,0.023299999999999
"2018-12-06 14:50:00",41925,0.0300000000000011
"2018-12-06 14:51:00",29903,-0.000499999999995282
"2018-12-06 14:52:00",20465,-0.0245000000000033
"2018-12-06 14:53:00",18073,0.00500000000000256
"2018-12-06 14:54:00",24494,0.029999999999994
"2018-12-06 14:55:00",46697,-0.00499999999999545
"2018-12-06 14:56:00",42031,-0.00500000000000256
"2018-12-06 14:57:00",30175,-0.00999999999999801
"2018-12-06 14:58:00",42984,-0.0198999999999998
"2018-12-06 14:59:00",80340,0.059899999999999
"2018-12-06 15:02:00",53784,0.00999999999999801
"2018-12-06 15:15:00",0,0
"2018-12-07 08:30:00",76520,1.19
"2018-12-07 08:31:00",39184,-0.140000000000001
"2018-12-07 08:32:00",44757,0.0300000000000011
"2018-12-07 08:33:00",12701,-0.0800000000000054
"2018-12-07 08:34:00",10753,0.100000000000001
"2018-12-07 08:35:00",11395,0.00999999999999801
"2018-12-07 08:36:00",13207,0.0200000000000031
"2018-12-07 08:37:00",9045,0.0700000000000003
"2018-12-07 08:38:00",22746,0.00999999999999801
"2018-12-07 08:39:00",40998,0.0700000000000003
"2018-12-07 08:40:00",17586,0.0700000000000003
"2018-12-07 08:41:00",18631,0.0500000000000043
"2018-12-07 08:42:00",12013,0.0499999999999972
"2018-12-07 08:43:00",17200,0.00500000000000256
"2018-12-07 08:44:00",25391,-0.0450000000000017
"2018-12-07 08:45:00",26867,0.019999999999996
"2018-12-07 08:46:00",93775,0.160000000000004
"2018-12-07 08:47:00",21630,-0.0700000000000003
"2018-12-07 08:48:00",23764,-0.0549999999999997
"2018-12-07 08:49:00",16665,-0.0949999999999989
"2018-12-07 08:50:00",47769,-0.0800000000000054
"2018-12-07 08:51:00",12782,0.0800000000000054
"2018-12-07 08:52:00",14712,-0.0750000000000028
"2018-12-07 08:53:00",37758,-0.0249999999999986
"2018-12-07 08:54:00",5276,-0.0399999999999991
"2018-12-07 08:55:00",15251,0.0700000000000003
"2018-12-07 08:56:00",21282,-0.0399999999999991
"2018-12-07 08:57:00",8556,-0.0900000000000034
"2018-12-07 08:58:00",7228,-0.0300000000000011
"2018-12-07 08:59:00",12632,-0.0300000000000011
"2018-12-07 09:00:00",13374,0
"2018-12-07 09:01:00",8866,0.0499000000000009
"2018-12-07 09:02:00",9702,0.0900999999999996
"2018-12-07 09:03:00",21486,0.0100000000000051
"2018-12-07 09:04:00",26296,0.0449999999999946
"2018-12-07 09:05:00",21316,0.0200000000000031
"2018-12-07 09:06:00",13193,-0.0850000000000009
"2018-12-07 09:07:00",10665,0.00010000000000332
"2018-12-07 09:08:00",6187,-0.00510000000000588
"2018-12-07 09:09:00",6060,-0.0449999999999946
"2018-12-07 09:10:00",22715,0.029999999999994
"2018-12-07 09:11:00",2751,-0.00989999999999469
"2018-12-07 09:12:00",6693,0.0997999999999948
"2018-12-07 09:13:00",16686,-0.0899000000000001
"2018-12-07 09:14:00",5999,0
"2018-12-07 09:15:00",4184,-0.0399999999999991
"2018-12-07 09:16:00",8738,-0.159999999999997
"2018-12-07 09:17:00",36762,-0.0500000000000043
"2018-12-07 09:18:00",26601,0
"2018-12-07 09:19:00",6390,-0.0699999999999932
"2018-12-07 09:20:00",15809,0.0499999999999972
"2018-12-07 09:21:00",7969,-0.0249999999999986
"2018-12-07 09:22:00",6244,0.0249999999999986
"2018-12-07 09:23:00",15128,-0.0399999999999991
"2018-12-07 09:24:00",6411,-0.0399999999999991
"2018-12-07 09:25:00",4681,-0.0549999999999997
"2018-12-07 09:26:00",4623,0.0249999999999986
"2018-12-07 09:27:00",9440,0.0600000000000023
"2018-12-07 09:28:00",6843,-0.0150000000000006
"2018-12-07 09:29:00",4975,-0.00500000000000256
"2018-12-07 09:30:00",5008,0.00500000000000256
"2018-12-07 09:31:00",4848,-0.0450000000000017
"2018-12-07 09:32:00",10652,0.0499999999999972
"2018-12-07 09:33:00",10405,-0.0150000000000006
"2018-12-07 09:34:00",13028,-0.125
"2018-12-07 09:35:00",15281,0.00500000000000256
"2018-12-07 09:36:00",12596,-0.0450000000000017
"2018-12-07 09:37:00",13264,-0.0799999999999983
"2018-12-07 09:38:00",7552,0.0200000000000031
"2018-12-07 09:39:00",17442,0.0799999999999983
"2018-12-07 09:40:00",6733,0.0150000000000006
"2018-12-07 09:41:00",5093,0.0549999999999997
"2018-12-07 09:42:00",6900,0.0549999999999997
"2018-12-07 09:43:00",4536,-0.0150000000000006
"2018-12-07 09:44:00",2432,-0.0150000000000006
"2018-12-07 09:45:00",6056,0.0450000000000017
"2018-12-07 09:46:00",86900,0.259999999999998
"2018-12-07 09:47:00",18566,-0.109999999999999
"2018-12-07 09:48:00",10281,0.019999999999996
"2018-12-07 09:49:00",9519,-0.0700000000000003
"2018-12-07 09:50:00",10781,-0.0699999999999932
"2018-12-07 09:51:00",6592,0.0399999999999991
"2018-12-07 09:52:00",9361,-0.0600000000000023
"2018-12-07 09:53:00",6237,0.0899999999999963
"2018-12-07 09:54:00",6800,0.0400000000000063
"2018-12-07 09:55:00",10006,0.0649999999999977
"2018-12-07 09:56:00",4636,-0.0649999999999977
"2018-12-07 09:57:00",5189,0.00999999999999801
"2018-12-07 09:58:00",3366,0.00999999999999801
"2018-12-07 09:59:00",10594,0.100000000000001
"2018-12-07 10:00:00",12519,-0.00500000000000256
"2018-12-07 10:01:00",11047,-0.0850000000000009
"2018-12-07 10:02:00",27586,-0.0399999999999991
"2018-12-07 10:03:00",10110,-0.0499999999999972
"2018-12-07 10:04:00",4115,-0.0700000000000003
"2018-12-07 10:05:00",6111,-0.0200000000000031
"2018-12-07 10:06:00",9601,-0.0399999999999991
"2018-12-07 10:07:00",9004,0.0100000000000051
"2018-12-07 10:08:00",5297,0.019999999999996
"2018-12-07 10:09:00",10320,0
"2018-12-07 10:10:00",6181,0.0200000000000031
"2018-12-07 10:11:00",4442,-0.0900000000000034
"2018-12-07 10:12:00",15598,0.00999999999999801
"2018-12-07 10:13:00",10310,-0.0599999999999952
"2018-12-07 10:14:00",8614,0.0399999999999991
"2018-12-07 10:15:00",47555,-0.0322999999999993
"2018-12-07 10:16:00",7779,0.0223000000000013
"2018-12-07 10:17:00",6381,-0.0600000000000023
"2018-12-07 10:18:00",5819,0.0300000000000011
"2018-12-07 10:19:00",13661,0.00999999999999801
"2018-12-07 10:20:00",19298,-0.0700000000000003
"2018-12-07 10:21:00",4420,0.0150000000000006
"2018-12-07 10:22:00",5474,0.00500000000000256
"2018-12-07 10:23:00",15538,-0.0300000000000011
"2018-12-07 10:24:00",9829,0.0499999999999972
"2018-12-07 10:25:00",11877,-0.0399999999999991
"2018-12-07 10:26:00",12752,-0.0317000000000007
"2018-12-07 10:27:00",11387,0.0317000000000007
"2018-12-07 10:28:00",10089,0
"2018-12-07 10:29:00",12123,-0.0300000000000011
"2018-12-07 10:30:00",12442,0.0600000000000023
"2018-12-07 10:31:00",28203,-0.109999999999999
"2018-12-07 10:32:00",42385,-0.00999999999999801
"2018-12-07 10:33:00",14629,0.00499999999999545
"2018-12-07 10:34:00",16433,-0.0850000000000009
"2018-12-07 10:35:00",4889,0.0100000000000051
"2018-12-07 10:36:00",6917,0.00999999999999801
"2018-12-07 10:37:00",24584,0.0499999999999972
"2018-12-07 10:38:00",15264,-0.019999999999996
"2018-12-07 10:39:00",2272,0
"2018-12-07 10:40:00",12279,-0.0600000000000023
"2018-12-07 10:41:00",33408,0.0799999999999983
"2018-12-07 10:42:00",8377,0.109999999999999
"2018-12-07 10:43:00",3025,0.0200000000000031
"2018-12-07 10:44:00",6841,0.00999999999999801
"2018-12-07 10:45:00",8007,0.0200000000000031
"2018-12-07 10:46:00",4595,0
"2018-12-07 10:47:00",4853,-0.0200000000000031
"2018-12-07 10:48:00",5049,-0.0399999999999991
"2018-12-07 10:49:00",5408,0.0499999999999972
"2018-12-07 10:50:00",5490,-0.0699999999999932
"2018-12-07 10:51:00",4673,0
"2018-12-07 10:52:00",2763,-0.0700000000000003
"2018-12-07 10:53:00",9689,-0.0500000000000043
"2018-12-07 10:54:00",4379,-0.00339999999999918
"2018-12-07 10:55:00",6278,0.00339999999999918
"2018-12-07 10:56:00",7110,-0.00999999999999801
"2018-12-07 10:57:00",6274,0.0600000000000023
"2018-12-07 10:58:00",2546,-0.0300000000000011
"2018-12-07 10:59:00",11751,-0.0600000000000023
"2018-12-07 11:00:00",3792,0.0700000000000003
"2018-12-07 11:01:00",3800,0.0399999999999991
"2018-12-07 11:02:00",4658,0.00370000000000203
"2018-12-07 11:03:00",5153,-0.00370000000000203
"2018-12-07 11:04:00",3318,0.00319999999999965
"2018-12-07 11:05:00",3897,-0.0131999999999977
"2018-12-07 11:06:00",13498,-0.0600000000000023
"2018-12-07 11:07:00",13592,0.0600000000000023
"2018-12-07 11:08:00",9644,-0.00999999999999801
"2018-12-07 11:09:00",6173,0.0399999999999991
"2018-12-07 11:10:00",5100,0.0599999999999952
"2018-12-07 11:11:00",10364,0.0300000000000011
"2018-12-07 11:12:00",6509,-0.0700000000000003
"2018-12-07 11:13:00",7400,-0.019999999999996
"2018-12-07 11:14:00",4976,-0.0800000000000054
"2018-12-07 11:15:00",8123,-0.0599999999999952
"2018-12-07 11:16:00",18478,0.0399999999999991
"2018-12-07 11:17:00",5093,-0.0300000000000011
"2018-12-07 11:18:00",10697,-0.0499999999999972
"2018-12-07 11:19:00",4821,0.00999999999999801
"2018-12-07 11:20:00",6342,0.0499999999999972
"2018-12-07 11:21:00",31982,0.0200000000000031
"2018-12-07 11:22:00",6300,0.0300000000000011
"2018-12-07 11:23:00",1400,-0.0100000000000051
"2018-12-07 11:24:00",4100,0.0600000000000023
"2018-12-07 11:25:00",8600,-0.0300000000000011
"2018-12-07 11:26:00",5300,0.0600000000000023
"2018-12-07 11:27:00",6912,-0.0600000000000023
"2018-12-07 11:28:00",4900,0
"2018-12-07 11:29:00",2394,0.0100000000000051
"2018-12-07 11:30:00",3000,-0.0234000000000023
"2018-12-07 11:31:00",2354,0.0433999999999983
"2018-12-07 11:32:00",3300,-0.019999999999996
"2018-12-07 11:33:00",2910,-0.0400000000000063
"2018-12-07 11:34:00",4247,0
"2018-12-07 11:35:00",4600,-0.019999999999996
"2018-12-07 11:36:00",3753,0.00500000000000256
"2018-12-07 11:37:00",1900,0.0449999999999946
"2018-12-07 11:38:00",4200,-0.00999999999999801
"2018-12-07 11:39:00",2876,0.00999999999999801
"2018-12-07 11:40:00",1100,-0.0399999999999991
"2018-12-07 11:41:00",3009,-0.0300000000000011
"2018-12-07 11:42:00",2947,-0.00999999999999801
"2018-12-07 11:43:00",1800,0
"2018-12-07 11:44:00",7300,0.0600000000000023
"2018-12-07 11:45:00",9425,0.0850000000000009
"2018-12-07 11:46:00",3629,0.00499999999999545
"2018-12-07 11:47:00",4457,-0.0399999999999991
"2018-12-07 11:48:00",4055,-0.00999999999999801
"2018-12-07 11:49:00",1695,-0.0234000000000023
"2018-12-07 11:50:00",2450,0.0433999999999983
"2018-12-07 11:51:00",10744,0
"2018-12-07 11:52:00",3806,0.0561000000000007
"2018-12-07 11:53:00",3124,0.0538999999999987
"2018-12-07 11:54:00",15032,0.0400000000000063
"2018-12-07 11:55:00",4400,0.00339999999999918
"2018-12-07 11:56:00",2800,0.0165999999999968
"2018-12-07 11:57:00",6475,0.0200000000000031
"2018-12-07 11:58:00",47505,0
"2018-12-07 11:59:00",7914,0.00999999999999801
"2018-12-07 12:00:00",16008,-0.0200000000000031
"2018-12-07 12:01:00",9400,0.0400000000000063
"2018-12-07 12:02:00",4482,0.00999999999999801
"2018-12-07 12:03:00",1516,-0.0200000000000031
"2018-12-07 12:04:00",11000,0.00670000000000215
"2018-12-07 12:05:00",11219,-0.026600000000002
"2018-12-07 12:06:00",7982,-9.99999999962142e-05
"2018-12-07 12:07:00",5830,0
"2018-12-07 12:08:00",1600,0.00999999999999801
"2018-12-07 12:09:00",6200,-0.0499999999999972
"2018-12-07 12:10:00",800,0.0399999999999991
"2018-12-07 12:11:00",2400,0
"2018-12-07 12:12:00",1812,-0.0549999999999997
"2018-12-07 12:13:00",4849,-0.0518000000000001
"2018-12-07 12:14:00",1964,-0.00319999999999965
"2018-12-07 12:15:00",3000,0
"2018-12-07 12:16:00",2288,0
"2018-12-07 12:17:00",5909,-0.043600000000005
"2018-12-07 12:18:00",2905,-0.0463999999999984
"2018-12-07 12:19:00",2433,-0.019999999999996
"2018-12-07 12:20:00",4245,0.00999999999999801
"2018-12-07 12:21:00",14813,0.0399999999999991
"2018-12-07 12:22:00",3482,0.00999999999999801
"2018-12-07 12:23:00",1408,-0.0399999999999991
"2018-12-07 12:24:00",9449,0.0399999999999991
"2018-12-07 12:25:00",2841,-0.0799999999999983
"2018-12-07 12:26:00",2481,0
"2018-12-07 12:27:00",7667,0.0399000000000029
"2018-12-07 12:28:00",10117,-0.0299000000000049
"2018-12-07 12:29:00",3055,-0.00999999999999801
"2018-12-07 12:30:00",7623,-0.0399999999999991
"2018-12-07 12:31:00",5794,-0.0300000000000011
"2018-12-07 12:32:00",927,-0.00999999999999801
"2018-12-07 12:33:00",1500,0
"2018-12-07 12:34:00",2847,0.00999999999999801
"2018-12-07 12:35:00",2350,-0.0300000000000011
"2018-12-07 12:36:00",1848,0.0471000000000004
"2018-12-07 12:37:00",3235,0.0379000000000005
"2018-12-07 12:38:00",4574,-0.0549999999999997
"2018-12-07 12:39:00",3700,-0.0399999999999991
"2018-12-07 12:40:00",4845,-0.00999999999999801
"2018-12-07 12:41:00",1317,0.019999999999996
"2018-12-07 12:42:00",2851,-0.0499999999999972
"2018-12-07 12:43:00",2896,0.00999999999999801
"2018-12-07 12:44:00",1400,0
"2018-12-07 12:45:00",7165,-0.0399999999999991
"2018-12-07 12:46:00",4320,0.0300000000000011
"2018-12-07 12:47:00",2300,0.0499999999999972
"2018-12-07 12:48:00",2860,-0.0399999999999991
"2018-12-07 12:49:00",5528,-0.0300000000000011
"2018-12-07 12:50:00",3547,0.0200000000000031
"2018-12-07 12:51:00",5000,0
"2018-12-07 12:52:00",5412,0.00999999999999801
"2018-12-07 12:53:00",2336,-0.00999999999999801
"2018-12-07 12:54:00",3431,0.019999999999996
"2018-12-07 12:55:00",3370,-0.0799999999999983
"2018-12-07 12:56:00",5737,0.00999999999999801
"2018-12-07 12:57:00",2441,0.0198999999999998
"2018-12-07 12:58:00",31527,0.0201000000000064
"2018-12-07 12:59:00",4158,-0.0500000000000043
"2018-12-07 13:00:00",18711,-0.0799999999999983
"2018-12-07 13:01:00",10679,0
"2018-12-07 13:02:00",6400,0.0150000000000006
"2018-12-07 13:03:00",7022,0.0150000000000006
"2018-12-07 13:04:00",3436,-0.0448000000000022
"2018-12-07 13:05:00",5095,0.024799999999999
"2018-12-07 13:06:00",3307,-0.0399999999999991
"2018-12-07 13:07:00",4900,0.0799999999999983
"2018-12-07 13:08:00",5274,-0.0625999999999962
"2018-12-07 13:09:00",4500,0.0075999999999965
"2018-12-07 13:10:00",1312,-0.0349999999999966
"2018-12-07 13:11:00",3380,0
"2018-12-07 13:12:00",3652,0.0300000000000011
"2018-12-07 13:13:00",2861,-0.0100000000000051
"2018-12-07 13:14:00",9499,0.0200000000000031
"2018-12-07 13:15:00",2700,0.0799999999999983
"2018-12-07 13:16:00",34896,-0.0300000000000011
"2018-12-07 13:17:00",7730,-0.0261999999999958
"2018-12-07 13:18:00",17749,0.0461999999999989
"2018-12-07 13:19:00",7847,0.00999999999999801
"2018-12-07 13:20:00",5414,0.0399999999999991
"2018-12-07 13:21:00",4238,0.0300000000000011
"2018-12-07 13:22:00",4665,-0.0600000000000023
"2018-12-07 13:23:00",7552,-0.0399999999999991
"2018-12-07 13:24:00",4193,-0.0300000000000011
"2018-12-07 13:25:00",3618,0.0400000000000063
"2018-12-07 13:26:00",1925,-0.0400000000000063
"2018-12-07 13:27:00",1900,0.0500000000000043
"2018-12-07 13:28:00",2638,-0.0900000000000034
"2018-12-07 13:29:00",7724,0.115000000000002
"2018-12-07 13:30:00",11117,-0.0549999999999997
"2018-12-07 13:31:00",8716,-0.0200000000000031
"2018-12-07 13:32:00",2371,0.00480000000000302
"2018-12-07 13:33:00",1097,0.0152000000000001
"2018-12-07 13:34:00",4001,-0.0200000000000031
"2018-12-07 13:35:00",9173,-0.0499999999999972
"2018-12-07 13:36:00",2022,0.00710000000000122
"2018-12-07 13:37:00",1635,0.00289999999999679
"2018-12-07 13:38:00",4542,-0.0300000000000011
"2018-12-07 13:39:00",10694,-0.00999999999999801
"2018-12-07 13:40:00",5986,-0.00999999999999801
"2018-12-07 13:41:00",9488,-0.0200000000000031
"2018-12-07 13:42:00",6208,-0.019999999999996
"2018-12-07 13:43:00",9181,0.0450000000000017
"2018-12-07 13:44:00",5085,-0.0300000000000011
"2018-12-07 13:45:00",1750,0
"2018-12-07 13:46:00",10208,-0.0150000000000006
"2018-12-07 13:47:00",13011,0.0399999999999991
"2018-12-07 13:48:00",4700,0.0300000000000011
"2018-12-07 13:49:00",3713,-0.0399999999999991
"2018-12-07 13:50:00",9916,0.0799999999999983
"2018-12-07 13:51:00",7822,0
"2018-12-07 13:52:00",3572,-0.0499000000000009
"2018-12-07 13:53:00",3400,-0.0401000000000025
"2018-12-07 13:54:00",6374,-0.0399999999999991
"2018-12-07 13:55:00",5600,-0.0300000000000011
"2018-12-07 13:56:00",10627,0.0200000000000031
"2018-12-07 13:57:00",4594,-0.0350000000000037
"2018-12-07 13:58:00",2275,-0.0149999999999935
"2018-12-07 13:59:00",7644,0.0599999999999952
"2018-12-07 14:00:00",8445,-0.0599999999999952
"2018-12-07 14:01:00",4927,-0.0400000000000063
"2018-12-07 14:02:00",10773,0.0100000000000051
"2018-12-07 14:03:00",10847,-0.0200000000000031
"2018-12-07 14:04:00",5465,0.00999999999999801
"2018-12-07 14:05:00",5500,0.0650000000000048
"2018-12-07 14:06:00",6019,0.0150000000000006
"2018-12-07 14:07:00",5616,0.019999999999996
"2018-12-07 14:08:00",3945,0.0100000000000051
"2018-12-07 14:09:00",2372,0
"2018-12-07 14:10:00",16657,-0.0200000000000031
"2018-12-07 14:11:00",3620,0.0200000000000031
"2018-12-07 14:12:00",24982,0.029999999999994
"2018-12-07 14:13:00",7672,-0.0499999999999972
"2018-12-07 14:14:00",4927,-0.0300000000000011
"2018-12-07 14:15:00",19056,-0.00500000000000256
"2018-12-07 14:16:00",11535,0.0850000000000009
"2018-12-07 14:17:00",38191,-0.0366999999999962
"2018-12-07 14:18:00",10595,0.00670000000000215
"2018-12-07 14:19:00",3829,0
"2018-12-07 14:20:00",7778,0.019999999999996
"2018-12-07 14:21:00",6476,-0.019999999999996
"2018-12-07 14:22:00",3943,0.0322999999999993
"2018-12-07 14:23:00",7087,-0.0423000000000044
"2018-12-07 14:24:00",5979,-0.019999999999996
"2018-12-07 14:25:00",2050,-0.0200000000000031
"2018-12-07 14:26:00",3700,0.0300000000000011
"2018-12-07 14:27:00",8161,0.0450000000000017
"2018-12-07 14:28:00",12863,0.0249999999999986
"2018-12-07 14:29:00",7662,-0.0200000000000031
"2018-12-07 14:30:00",21326,-0.00999999999999801
"2018-12-07 14:31:00",11523,0.0600000000000023
"2018-12-07 14:32:00",17019,0.0300000000000011
"2018-12-07 14:33:00",6395,-0.0300000000000011
"2018-12-07 14:34:00",29429,0.0249999999999986
"2018-12-07 14:35:00",18758,0.115000000000002
"2018-12-07 14:36:00",13873,-0.0650000000000048
"2018-12-07 14:37:00",21454,-0.114999999999995
"2018-12-07 14:38:00",8222,0.0399999999999991
"2018-12-07 14:39:00",11478,-0.0399999999999991
"2018-12-07 14:40:00",8443,-0.0399000000000029
"2018-12-07 14:41:00",5233,0.0399000000000029
"2018-12-07 14:42:00",6074,0.00999999999999801
"2018-12-07 14:43:00",4493,0.019999999999996
"2018-12-07 14:44:00",11848,-0.00999999999999801
"2018-12-07 14:45:00",26205,-0.100000000000001
"2018-12-07 14:46:00",11912,0.0100000000000051
"2018-12-07 14:47:00",13761,0.00999999999999801
"2018-12-07 14:48:00",23589,0
"2018-12-07 14:49:00",9304,-0.0799999999999983
"2018-12-07 14:50:00",9511,0.0799999999999983
"2018-12-07 14:51:00",10231,0.0200000000000031
"2018-12-07 14:52:00",12031,-0.0600000000000023
"2018-12-07 14:53:00",20903,0.0300000000000011
"2018-12-07 14:54:00",18356,-0.0350000000000037
"2018-12-07 14:55:00",20851,-0.0249999999999986
"2018-12-07 14:56:00",15405,0.0200000000000031
"2018-12-07 14:57:00",21225,0.019999999999996
"2018-12-07 14:58:00",30781,-0.00999999999999801
"2018-12-07 14:59:00",52662,0.019999999999996
"2018-12-07 15:02:00",36274,0.0100000000000051
"2018-12-07 15:15:00",0,0
"2018-12-10 08:30:00",55182,-0.620000000000005
"2018-12-10 08:31:00",27508,0.0900000000000034
"2018-12-10 08:32:00",20431,0
"2018-12-10 08:33:00",12894,0.0414999999999992
"2018-12-10 08:34:00",10759,0.0185000000000031
"2018-12-10 08:35:00",14920,-0.110000000000007
"2018-12-10 08:36:00",11280,0.139000000000003
"2018-12-10 08:37:00",9120,-0.00399999999999778
"2018-12-10 08:38:00",6229,-0.145000000000003
"2018-12-10 08:39:00",6355,0
"2018-12-10 08:40:00",5144,0.0399999999999991
"2018-12-10 08:41:00",3200,0
"2018-12-10 08:42:00",7628,-0.00499999999999545
"2018-12-10 08:43:00",5800,0.0949999999999989
"2018-12-10 08:44:00",2993,-0.0399999999999991
"2018-12-10 08:45:00",6820,-0.0800000000000054
"2018-12-10 08:46:00",5240,0
"2018-12-10 08:47:00",5809,-0.029999999999994
"2018-12-10 08:48:00",18519,-0.0700000000000003
"2018-12-10 08:49:00",84031,-0.0500000000000043
"2018-12-10 08:50:00",7153,-0.00999999999999801
"2018-12-10 08:51:00",13561,-0.0600000000000023
"2018-12-10 08:52:00",29040,-0.0700000000000003
"2018-12-10 08:53:00",15798,0.0500000000000043
"2018-12-10 08:54:00",10983,0.00999999999999801
"2018-12-10 08:55:00",10994,0.0799999999999983
"2018-12-10 08:56:00",4890,-0.00999999999999801
"2018-12-10 08:57:00",15886,0.0300000000000011
"2018-12-10 08:58:00",5200,-0.0300000000000011
"2018-12-10 08:59:00",5626,-0.00500000000000256
"2018-12-10 09:00:00",5390,-0.0249999999999986
"2018-12-10 09:01:00",12165,0
"2018-12-10 09:02:00",32516,-0.00999999999999801
"2018-12-10 09:03:00",6117,0
"2018-12-10 09:04:00",9548,0.0600000000000023
"2018-12-10 09:05:00",5165,0.0699999999999932
"2018-12-10 09:06:00",7150,0
"2018-12-10 09:07:00",3700,-0.0499999999999972
"2018-12-10 09:08:00",4710,-0.0600000000000023
"2018-12-10 09:09:00",5166,-0.0700000000000003
"2018-12-10 09:10:00",6196,-0.0499999999999972
"2018-12-10 09:11:00",12152,0.0799999999999983
"2018-12-10 09:12:00",6044,-0.0399999999999991
"2018-12-10 09:13:00",17666,0.160000000000004
"2018-12-10 09:14:00",14604,0.0700000000000003
"2018-12-10 09:15:00",6614,-0.0600000000000023
"2018-12-10 09:16:00",19696,0.0899999999999963
"2018-12-10 09:17:00",5449,0.0400000000000063
"2018-12-10 09:18:00",4016,0
"2018-12-10 09:19:00",15923,0.019999999999996
"2018-12-10 09:20:00",4886,0.00999999999999801
"2018-12-10 09:21:00",2400,-0.029999999999994
"2018-12-10 09:22:00",12042,-0.0300000000000011
"2018-12-10 09:23:00",5232,0.0799999999999983
"2018-12-10 09:24:00",2038,-0.0200000000000031
"2018-12-10 09:25:00",9111,0.0100000000000051
"2018-12-10 09:26:00",4006,-0.0100000000000051
"2018-12-10 09:27:00",7121,-0.0999999999999943
"2018-12-10 09:28:00",7650,-0.00500000000000256
"2018-12-10 09:29:00",29845,0.0450000000000017
"2018-12-10 09:30:00",7900,0.0300000000000011
"2018-12-10 09:31:00",4771,-0.0800000000000054
"2018-12-10 09:32:00",1225,-0.0499999999999972
"2018-12-10 09:33:00",5100,-0.0114000000000019
"2018-12-10 09:34:00",7804,-0.0685999999999964
"2018-12-10 09:35:00",2251,0.0499999999999972
"2018-12-10 09:36:00",2244,0.0399999999999991
"2018-12-10 09:37:00",3235,-0.019999999999996
"2018-12-10 09:38:00",3934,-0.0500000000000043
"2018-12-10 09:39:00",8972,-0.0700000000000003
"2018-12-10 09:40:00",6517,-0.019999999999996
"2018-12-10 09:41:00",5160,0.019999999999996
"2018-12-10 09:42:00",3229,-0.019999999999996
"2018-12-10 09:43:00",7493,-0.0262999999999991
"2018-12-10 09:44:00",7630,-0.0637000000000043
"2018-12-10 09:45:00",12284,0.0700000000000003
"2018-12-10 09:46:00",5065,-0.00999999999999801
"2018-12-10 09:47:00",7956,0.0399999999999991
"2018-12-10 09:48:00",2744,0.0600000000000023
"2018-12-10 09:49:00",10001,-0.0900000000000034
"2018-12-10 09:50:00",6451,-0.0600000000000023
"2018-12-10 09:51:00",7030,0.0100000000000051
"2018-12-10 09:52:00",10856,-0.0500000000000043
"2018-12-10 09:53:00",6675,-0.0399999999999991
"2018-12-10 09:54:00",25765,-0.0450000000000017
"2018-12-10 09:55:00",15501,0.0850000000000009
"2018-12-10 09:56:00",9607,-0.0799999999999983
"2018-12-10 09:57:00",8211,0.00999999999999801
"2018-12-10 09:58:00",12962,-0.0949999999999989
"2018-12-10 09:59:00",13918,-0.0749999999999957
"2018-12-10 10:00:00",27928,-0.130000000000003
"2018-12-10 10:01:00",39538,-0.0200000000000031
"2018-12-10 10:02:00",19099,-0.0399999999999991
"2018-12-10 10:03:00",21289,-0.0599999999999952
"2018-12-10 10:04:00",40151,0.00999999999999801
"2018-12-10 10:05:00",12920,0.0499999999999972
"2018-12-10 10:06:00",7303,0.0600000000000023
"2018-12-10 10:07:00",15000,-0.00999999999999801
"2018-12-10 10:08:00",16000,-0.0100000000000051
"2018-12-10 10:09:00",13308,-0.0949999999999989
"2018-12-10 10:10:00",12951,-0.0449999999999946
"2018-12-10 10:11:00",13332,0.0899999999999963
"2018-12-10 10:12:00",5329,0.00999999999999801
"2018-12-10 10:13:00",21771,-0.0700000000000003
"2018-12-10 10:14:00",19823,0.0800000000000054
"2018-12-10 10:15:00",14285,0
"2018-12-10 10:16:00",14678,-0.0666000000000011
"2018-12-10 10:17:00",27516,-0.0433999999999983
"2018-12-10 10:18:00",23547,-0.0300000000000011
"2018-12-10 10:19:00",25199,0.0899999999999963
"2018-12-10 10:20:00",26541,0.0900000000000034
"2018-12-10 10:21:00",26394,0
"2018-12-10 10:22:00",33802,-0.0800000000000054
"2018-12-10 10:23:00",19987,-0.0499999999999972
"2018-12-10 10:24:00",9280,-0.019999999999996
"2018-12-10 10:25:00",7335,0.104999999999997
"2018-12-10 10:26:00",15281,0.0450000000000017
"2018-12-10 10:27:00",14381,0.0249999999999986
"2018-12-10 10:28:00",4520,-0.0488
"2018-12-10 10:29:00",10237,-0.00619999999999976
"2018-12-10 10:30:00",6921,0.0899999999999963
"2018-12-10 10:31:00",8753,0
"2018-12-10 10:32:00",40033,0.0150000000000006
"2018-12-10 10:33:00",42011,0
"2018-12-10 10:34:00",60118,-0.0349999999999966
"2018-12-10 10:35:00",28970,0.0450000000000017
"2018-12-10 10:36:00",13597,0.0648999999999944
"2018-12-10 10:37:00",35528,0.150100000000002
"2018-12-10 10:38:00",12695,-0.0450000000000017
"2018-12-10 10:39:00",15800,-0.0749999999999957
"2018-12-10 10:40:00",11575,0
"2018-12-10 10:41:00",5178,-0.0300000000000011
"2018-12-10 10:42:00",9436,0.0300000000000011
"2018-12-10 10:43:00",2457,-0.0200000000000031
"2018-12-10 10:44:00",14261,0.0300000000000011
"2018-12-10 10:45:00",7100,0.149999999999999
"2018-12-10 10:46:00",4436,-0.119999999999997
"2018-12-10 10:47:00",3111,-0.0300000000000011
"2018-12-10 10:48:00",9111,-0.0200000000000031
"2018-12-10 10:49:00",30163,0.0850000000000009
"2018-12-10 10:50:00",6327,-0.0349999999999966
"2018-12-10 10:51:00",5954,0.0300000000000011
"2018-12-10 10:52:00",6663,0.00999999999999801
"2018-12-10 10:53:00",7421,-0.100000000000001
"2018-12-10 10:54:00",11163,0.0210000000000008
"2018-12-10 10:55:00",5100,0.0189999999999984
"2018-12-10 10:56:00",7070,0.0399999999999991
"2018-12-10 10:57:00",5811,-0.101999999999997
"2018-12-10 10:58:00",11185,-0.0480000000000018
"2018-12-10 10:59:00",7461,-0.00999999999999801
"2018-12-10 11:00:00",9813,-0.00999999999999801
"2018-12-10 11:01:00",3919,0
"2018-12-10 11:02:00",11853,-0.0500000000000043
"2018-12-10 11:03:00",6003,-0.00900000000000034
"2018-12-10 11:04:00",13466,0.00900000000000034
"2018-12-10 11:05:00",6480,-0.00999999999999801
"2018-12-10 11:06:00",38725,0.059899999999999
"2018-12-10 11:07:00",8913,0.0101000000000013
"2018-12-10 11:08:00",6823,0
"2018-12-10 11:09:00",3600,-0.00999999999999801
"2018-12-10 11:10:00",3698,-0.0100000000000051
"2018-12-10 11:11:00",5412,0.0300000000000011
"2018-12-10 11:12:00",10000,0.0300000000000011
"2018-12-10 11:13:00",14046,0.0200000000000031
"2018-12-10 11:14:00",4509,-0.0399999999999991
"2018-12-10 11:15:00",8965,-0.0300000000000011
"2018-12-10 11:16:00",32944,0.00999999999999801
"2018-12-10 11:17:00",8300,-0.0300000000000011
"2018-12-10 11:18:00",11917,0.00999999999999801
"2018-12-10 11:19:00",5137,-0.0431999999999988
"2018-12-10 11:20:00",10816,0.00820000000000221
"2018-12-10 11:21:00",2787,0.00500000000000256
"2018-12-10 11:22:00",6805,-0.00910000000000366
"2018-12-10 11:23:00",3300,-0.0108999999999995
"2018-12-10 11:24:00",4362,0.0399999999999991
"2018-12-10 11:25:00",3347,0.0300000000000011
"2018-12-10 11:26:00",7016,0.0200000000000031
"2018-12-10 11:27:00",2881,-0.0100000000000051
"2018-12-10 11:28:00",4376,-0.00999999999999801
"2018-12-10 11:29:00",3932,-0.0362000000000009
"2018-12-10 11:30:00",11854,0.0596000000000032
"2018-12-10 11:31:00",18367,0.0135999999999967
"2018-12-10 11:32:00",7884,-0.0069999999999979
"2018-12-10 11:33:00",4232,0.0163999999999973
"2018-12-10 11:34:00",6130,0.0673999999999992
"2018-12-10 11:35:00",7114,0.0862000000000052
"2018-12-10 11:36:00",6000,0.0700000000000003
"2018-12-10 11:37:00",9098,0.0499999999999972
"2018-12-10 11:38:00",3621,0.0461000000000027
"2018-12-10 11:39:00",956,-0.0361000000000047
"2018-12-10 11:40:00",3549,0.0799999999999983
"2018-12-10 11:41:00",2526,-0.029999999999994
"2018-12-10 11:42:00",5082,0.019999999999996
"2018-12-10 11:43:00",6608,-0.00999999999999801
"2018-12-10 11:44:00",1600,-0.0300000000000011
"2018-12-10 11:45:00",4336,-0.0133999999999972
"2018-12-10 11:46:00",900,0.0334000000000003
"2018-12-10 11:47:00",1580,0.029999999999994
"2018-12-10 11:48:00",13759,0.0900000000000034
"2018-12-10 11:49:00",13448,0.0300999999999974
"2018-12-10 11:50:00",6638,-0.0300999999999974
"2018-12-10 11:51:00",1300,-0.0200000000000031
"2018-12-10 11:52:00",5809,0.0100000000000051
"2018-12-10 11:53:00",9401,0.0300000000000011
"2018-12-10 11:54:00",1813,0.029999999999994
"2018-12-10 11:55:00",3756,-0.029999999999994
"2018-12-10 11:56:00",7969,0.00999999999999801
"2018-12-10 11:57:00",2585,0.0345000000000013
"2018-12-10 11:58:00",1712,-0.0845000000000056
"2018-12-10 11:59:00",5000,-0.019999999999996
"2018-12-10 12:00:00",6778,0.0300000000000011
"2018-12-10 12:01:00",3619,0.019999999999996
"2018-12-10 12:02:00",11495,-0.0634000000000015
"2018-12-10 12:03:00",6474,0.00340000000000629
"2018-12-10 12:04:00",1090,0.00999999999999801
"2018-12-10 12:05:00",3380,-0.0300000000000011
"2018-12-10 12:06:00",9899,0.0700000000000003
"2018-12-10 12:07:00",6066,0
"2018-12-10 12:08:00",2433,-0.0300000000000011
"2018-12-10 12:09:00",5910,0.0200000000000031
"2018-12-10 12:10:00",12529,0
"2018-12-10 12:11:00",10514,0.0999999999999943
"2018-12-10 12:12:00",5923,-0.0249999999999986
"2018-12-10 12:13:00",10901,-0.0220999999999947
"2018-12-10 12:14:00",3700,-0.0129000000000019
"2018-12-10 12:15:00",7832,0.0300000000000011
"2018-12-10 12:16:00",2852,-0.0500000000000043
"2018-12-10 12:17:00",7572,0.0100000000000051
"2018-12-10 12:18:00",6306,0.00999999999999801
"2018-12-10 12:19:00",3100,0.00999999999999801
"2018-12-10 12:20:00",9385,-0.0499999999999972
"2018-12-10 12:21:00",5240,-0.0100000000000051
"2018-12-10 12:22:00",1577,-0.019999999999996
"2018-12-10 12:23:00",3671,-0.0300000000000011
"2018-12-10 12:24:00",2303,0.00999999999999801
"2018-12-10 12:25:00",2759,-0.0418999999999983
"2018-12-10 12:26:00",3640,0.0219000000000023
"2018-12-10 12:27:00",1600,-0.0200000000000031
"2018-12-10 12:28:00",1366,-0.00999999999999801
"2018-12-10 12:29:00",4610,0
"2018-12-10 12:30:00",3145,0.0484999999999971
"2018-12-10 12:31:00",8853,0.0315000000000012
"2018-12-10 12:32:00",2853,0.0300000000000011
"2018-12-10 12:33:00",9520,0
"2018-12-10 12:34:00",2633,-0.0200000000000031
"2018-12-10 12:35:00",11944,0.0500000000000043
"2018-12-10 12:36:00",4286,0.0399999999999991
"2018-12-10 12:37:00",6130,-0.0069999999999979
"2018-12-10 12:38:00",8185,0.0069999999999979
"2018-12-10 12:39:00",3787,-0.0300000000000011
"2018-12-10 12:40:00",5293,0.0200000000000031
"2018-12-10 12:41:00",2200,-0.0100000000000051
"2018-12-10 12:42:00",3660,-0.00499999999999545
"2018-12-10 12:43:00",56051,-0.0150000000000006
"2018-12-10 12:44:00",1950,0
"2018-12-10 12:45:00",24837,-0.0200000000000031
"2018-12-10 12:46:00",13683,0.0500000000000043
"2018-12-10 12:47:00",2660,0.00999999999999801
"2018-12-10 12:48:00",7548,0.00999999999999801
"2018-12-10 12:49:00",3142,0.0200000000000031
"2018-12-10 12:50:00",5194,0.0300000000000011
"2018-12-10 12:51:00",9699,0.0499999999999972
"2018-12-10 12:52:00",3815,-0.00999999999999801
"2018-12-10 12:53:00",8094,0
"2018-12-10 12:54:00",4415,0.00999999999999801
"2018-12-10 12:55:00",2258,0
"2018-12-10 12:56:00",3436,0
"2018-12-10 12:57:00",2692,0.00999999999999801
"2018-12-10 12:58:00",4100,-0.00999999999999801
"2018-12-10 12:59:00",2064,-0.0300000000000011
"2018-12-10 13:00:00",5684,0.0200000000000031
"2018-12-10 13:01:00",4137,-0.0100000000000051
"2018-12-10 13:02:00",4388,0
"2018-12-10 13:03:00",9256,-0.0549999999999997
"2018-12-10 13:04:00",10676,-0.0349999999999966
"2018-12-10 13:05:00",1724,0.0300000000000011
"2018-12-10 13:06:00",2615,0.00999999999999801
"2018-12-10 13:07:00",5730,0.0200000000000031
"2018-12-10 13:08:00",2823,-0.0150000000000006
"2018-12-10 13:09:00",9189,0.0150000000000006
"2018-12-10 13:10:00",4730,-0.0400000000000063
"2018-12-10 13:11:00",3994,0
"2018-12-10 13:12:00",2000,0.0100000000000051
"2018-12-10 13:13:00",2121,-0.0200000000000031
"2018-12-10 13:14:00",3871,-0.0399999999999991
"2018-12-10 13:15:00",6880,0.00500000000000256
"2018-12-10 13:16:00",5210,-0.0257000000000005
"2018-12-10 13:17:00",3201,-0.0343000000000018
"2018-12-10 13:18:00",6927,-0.00249999999999773
"2018-12-10 13:19:00",8062,0.0274999999999963
"2018-12-10 13:20:00",7013,-0.0150000000000006
"2018-12-10 13:21:00",4793,-0.0249999999999986
"2018-12-10 13:22:00",8475,0.0529000000000011
"2018-12-10 13:23:00",5804,-0.0129000000000019
"2018-12-10 13:24:00",4256,-0.0399999999999991
"2018-12-10 13:25:00",8078,0.0700000000000003
"2018-12-10 13:26:00",2965,-0.00999999999999801
"2018-12-10 13:27:00",5074,0.0300000000000011
"2018-12-10 13:28:00",5842,0.0399999999999991
"2018-12-10 13:29:00",7583,-0.0150000000000006
"2018-12-10 13:30:00",7588,0.0358000000000018
"2018-12-10 13:31:00",4297,-0.0158000000000058
"2018-12-10 13:32:00",20648,0.115000000000002
"2018-12-10 13:33:00",6677,-0.0300000000000011
"2018-12-10 13:34:00",9643,0.0249999999999986
"2018-12-10 13:35:00",6007,-0.00499999999999545
"2018-12-10 13:36:00",4764,0.00499999999999545
"2018-12-10 13:37:00",7500,-0.00499999999999545
"2018-12-10 13:38:00",3820,0.0150000000000006
"2018-12-10 13:39:00",4246,-0.0300000000000011
"2018-12-10 13:40:00",5515,0.0150000000000006
"2018-12-10 13:41:00",8513,0
"2018-12-10 13:42:00",1639,0.019999999999996
"2018-12-10 13:43:00",2621,0.0400000000000063
"2018-12-10 13:44:00",4281,-0.0350000000000037
"2018-12-10 13:45:00",3631,-0.0249999999999986
"2018-12-10 13:46:00",1305,0.0249999999999986
"2018-12-10 13:47:00",3300,0.00500000000000256
"2018-12-10 13:48:00",2002,-0.0600000000000023
"2018-12-10 13:49:00",3325,0.00999999999999801
"2018-12-10 13:50:00",2270,0.0200000000000031
"2018-12-10 13:51:00",6832,0.0499999999999972
"2018-12-10 13:52:00",2690,-0.019999999999996
"2018-12-10 13:53:00",3125,-0.0100000000000051
"2018-12-10 13:54:00",1157,0
"2018-12-10 13:55:00",4723,0.0500000000000043
"2018-12-10 13:56:00",8461,-0.109999999999999
"2018-12-10 13:57:00",18538,-0.0504000000000033
"2018-12-10 13:58:00",11067,0.0104000000000042
"2018-12-10 13:59:00",8286,0.029999999999994
"2018-12-10 14:00:00",4950,0
"2018-12-10 14:01:00",8791,0.0150000000000006
"2018-12-10 14:02:00",3522,-0.0150000000000006
"2018-12-10 14:03:00",5770,0
"2018-12-10 14:04:00",6846,-0.019999999999996
"2018-12-10 14:05:00",4108,0.0249999999999986
"2018-12-10 14:06:00",2696,0.0249999999999986
"2018-12-10 14:07:00",2900,-0.0349999999999966
"2018-12-10 14:08:00",7767,-0.00500000000000256
"2018-12-10 14:09:00",4802,0.00999999999999801
"2018-12-10 14:10:00",5619,-0.019999999999996
"2018-12-10 14:11:00",3401,-0.00500000000000256
"2018-12-10 14:12:00",4678,-0.00999999999999801
"2018-12-10 14:13:00",986,0.0150000000000006
"2018-12-10 14:14:00",5150,-0.0125000000000028
"2018-12-10 14:15:00",11629,-0.0124999999999957
"2018-12-10 14:16:00",3889,-0.0183999999999997
"2018-12-10 14:17:00",3142,0.00339999999999918
"2018-12-10 14:18:00",5257,-0.0198999999999998
"2018-12-10 14:19:00",10859,0.0448999999999984
"2018-12-10 14:20:00",8979,0.0200000000000031
"2018-12-10 14:21:00",3520,0.00499999999999545
"2018-12-10 14:22:00",5953,-0.00499999999999545
"2018-12-10 14:23:00",5713,-0.0250000000000057
"2018-12-10 14:24:00",9499,0.00500000000000256
"2018-12-10 14:25:00",3451,0.0450000000000017
"2018-12-10 14:26:00",3758,0.0210000000000008
"2018-12-10 14:27:00",3939,-0.0210000000000008
"2018-12-10 14:28:00",3629,-0.0150000000000006
"2018-12-10 14:29:00",10182,0.0249999999999986
"2018-12-10 14:30:00",12327,0.0700000000000003
"2018-12-10 14:31:00",15172,-0.0150000000000006
"2018-12-10 14:32:00",12919,0.0900000000000034
"2018-12-10 14:33:00",12727,0.00499999999999545
"2018-12-10 14:34:00",5300,0.0350000000000037
"2018-12-10 14:35:00",4232,-0.00500000000000256
"2018-12-10 14:36:00",21860,0.0300000000000011
"2018-12-10 14:37:00",21465,0.0300000000000011
"2018-12-10 14:38:00",10560,0.00999999999999801
"2018-12-10 14:39:00",7393,-0.0200000000000031
"2018-12-10 14:40:00",12340,-0.019999999999996
"2018-12-10 14:41:00",7267,-0.00500000000000256
"2018-12-10 14:42:00",10382,0.0381
"2018-12-10 14:43:00",6537,-0.0131000000000014
"2018-12-10 14:44:00",3881,0.0100000000000051
"2018-12-10 14:45:00",10104,-0.0200000000000031
"2018-12-10 14:46:00",13456,-0.0499999999999972
"2018-12-10 14:47:00",13528,-0.00500000000000256
"2018-12-10 14:48:00",7323,-0.0549999999999997
"2018-12-10 14:49:00",20780,0
"2018-12-10 14:50:00",10855,-0.019999999999996
"2018-12-10 14:51:00",21132,0.0149999999999935
"2018-12-10 14:52:00",7907,0.00500000000000256
"2018-12-10 14:53:00",12091,0.00500000000000256
"2018-12-10 14:54:00",20208,0.00839999999999463
"2018-12-10 14:55:00",27413,-0.0233999999999952
"2018-12-10 14:56:00",14653,-0.00500000000000256
"2018-12-10 14:57:00",18474,-0.0150000000000006
"2018-12-10 14:58:00",14540,0.0200000000000031
"2018-12-10 14:59:00",26882,0
"2018-12-10 15:02:00",33843,0
"2018-12-10 15:15:00",0,0
"2018-12-11 08:30:00",110856,0.549999999999997
"2018-12-11 08:31:00",8606,-0.0399999999999991
"2018-12-11 08:32:00",29836,-0.119999999999997
"2018-12-11 08:33:00",10809,0.109999999999999
"2018-12-11 08:34:00",22847,0.0499999999999972
"2018-12-11 08:35:00",25881,0
"2018-12-11 08:36:00",53991,0.00999999999999801
"2018-12-11 08:37:00",41775,0.0100000000000051
"2018-12-11 08:38:00",10086,-0.0700000000000003
"2018-12-11 08:39:00",15112,-0.0700000000000003
"2018-12-11 08:40:00",15806,0.0214999999999961
"2018-12-11 08:41:00",22181,0.0385000000000062
"2018-12-11 08:42:00",62695,0.019999999999996
"2018-12-11 08:43:00",15029,0.0600000000000023
"2018-12-11 08:44:00",14658,0
"2018-12-11 08:45:00",33695,-0.0799999999999983
"2018-12-11 08:46:00",54053,-0.0400000000000063
"2018-12-11 08:47:00",7021,-0.019999999999996
"2018-12-11 08:48:00",7943,0.00999999999999801
"2018-12-11 08:49:00",6355,-0.0499999999999972
"2018-12-11 08:50:00",8351,-0.0200000000000031
"2018-12-11 08:51:00",7201,0.00500000000000256
"2018-12-11 08:52:00",30822,0.0349999999999966
"2018-12-11 08:53:00",21757,-0.0205999999999946
"2018-12-11 08:54:00",10468,-0.0594000000000037
"2018-12-11 08:55:00",5869,0.00999999999999801
"2018-12-11 08:56:00",5300,0.0100000000000051
"2018-12-11 08:57:00",7492,-0.0400000000000063
"2018-12-11 08:58:00",5534,-0.0467999999999975
"2018-12-11 08:59:00",6491,0.0168000000000035
"2018-12-11 09:00:00",14462,0.0599999999999952
"2018-12-11 09:01:00",5674,0.0501000000000005
"2018-12-11 09:02:00",3582,-0.0250999999999948
"2018-12-11 09:03:00",11359,0.0549999999999997
"2018-12-11 09:04:00",3071,-0.0450000000000017
"2018-12-11 09:05:00",2901,0.00999999999999801
"2018-12-11 09:06:00",2844,0.0200000000000031
"2018-12-11 09:07:00",11249,0.0649999999999977
"2018-12-11 09:08:00",6917,-0.0298999999999978
"2018-12-11 09:09:00",4335,0.0122
"2018-12-11 09:10:00",13356,-0.112300000000005
"2018-12-11 09:11:00",51088,-0.0799999999999983
"2018-12-11 09:12:00",6564,-0.0198999999999998
"2018-12-11 09:13:00",5408,-0.0200999999999993
"2018-12-11 09:14:00",5378,0.0499999999999972
"2018-12-11 09:15:00",7328,-0.029999999999994
"2018-12-11 09:16:00",9326,-0.0200000000000031
"2018-12-11 09:17:00",3965,0.00999999999999801
"2018-12-11 09:18:00",1720,0.0100000000000051
"2018-12-11 09:19:00",2761,-0.0100000000000051
"2018-12-11 09:20:00",5350,-0.0399999999999991
"2018-12-11 09:21:00",5412,0.0300000000000011
"2018-12-11 09:22:00",11640,0.0150000000000006
"2018-12-11 09:23:00",1412,-0.0150000000000006
"2018-12-11 09:24:00",8473,0.119999999999997
"2018-12-11 09:25:00",8611,-0.00999999999999801
"2018-12-11 09:26:00",3716,-0.0600000000000023
"2018-12-11 09:27:00",8538,-0.0399999999999991
"2018-12-11 09:28:00",5861,-0.00999999999999801
"2018-12-11 09:29:00",2115,0.0600000000000023
"2018-12-11 09:30:00",6398,0.019999999999996
"2018-12-11 09:31:00",5754,-0.0499999999999972
"2018-12-11 09:32:00",4619,0.00499999999999545
"2018-12-11 09:33:00",3715,-0.0349999999999966
"2018-12-11 09:34:00",3789,-0.0508999999999986
"2018-12-11 09:35:00",7545,-0.0991
"2018-12-11 09:36:00",7449,0
"2018-12-11 09:37:00",9002,-0.0200000000000031
"2018-12-11 09:38:00",6929,0.0700000000000003
"2018-12-11 09:39:00",3732,0.0399999999999991
"2018-12-11 09:40:00",4791,0.0249999999999986
"2018-12-11 09:41:00",5338,-0.0349999999999966
"2018-12-11 09:42:00",1381,0.0499999999999972
"2018-12-11 09:43:00",1783,-0.0234999999999985
"2018-12-11 09:44:00",4450,-0.0214999999999961
"2018-12-11 09:45:00",9400,0.0249999999999986
"2018-12-11 09:46:00",6550,-0.0600000000000023
"2018-12-11 09:47:00",1980,-0.0899999999999963
"2018-12-11 09:48:00",5919,0
"2018-12-11 09:49:00",4427,-0.0399999999999991
"2018-12-11 09:50:00",12188,-0.0700000000000003
"2018-12-11 09:51:00",12115,0.029999999999994
"2018-12-11 09:52:00",13993,0.0100000000000051
"2018-12-11 09:53:00",10790,0.00999999999999801
"2018-12-11 09:54:00",5719,-0.0200000000000031
"2018-12-11 09:55:00",14473,-0.0399999999999991
"2018-12-11 09:56:00",19939,0.0600000000000023
"2018-12-11 09:57:00",4331,-0.0300000000000011
"2018-12-11 09:58:00",28752,0.0200000000000031
"2018-12-11 09:59:00",14325,0.0557999999999979
"2018-12-11 10:00:00",12101,-0.065800000000003
"2018-12-11 10:01:00",10897,-0.0150000000000006
"2018-12-11 10:02:00",22993,-0.0249999999999986
"2018-12-11 10:03:00",3919,0.0200000000000031
"2018-12-11 10:04:00",2925,0.0495000000000019
"2018-12-11 10:05:00",9863,-0.0195000000000007
"2018-12-11 10:06:00",9438,0.019999999999996
"2018-12-11 10:07:00",5993,0.0300000000000011
"2018-12-11 10:08:00",6874,-0.00399999999999778
"2018-12-11 10:09:00",13206,0.0189999999999984
"2018-12-11 10:10:00",10930,0.00999999999999801
"2018-12-11 10:11:00",4621,-0.00499999999999545
"2018-12-11 10:12:00",2400,-0.0399999999999991
"2018-12-11 10:13:00",2884,0
"2018-12-11 10:14:00",4806,-0.0400000000000063
"2018-12-11 10:15:00",4380,0.0250000000000057
"2018-12-11 10:16:00",3947,-0.00500000000000256
"2018-12-11 10:17:00",6927,0.0120000000000005
"2018-12-11 10:18:00",17397,0.0480000000000018
"2018-12-11 10:19:00",4767,0.0398999999999958
"2018-12-11 10:20:00",3874,-0.0248999999999953
"2018-12-11 10:21:00",7130,-0.0200000000000031
"2018-12-11 10:22:00",8154,0.0150000000000006
"2018-12-11 10:23:00",8214,0.0399999999999991
"2018-12-11 10:24:00",2600,-0.0200000000000031
"2018-12-11 10:25:00",3506,-0.029999999999994
"2018-12-11 10:26:00",4585,-0.0350000000000037
"2018-12-11 10:27:00",15630,-0.0249999999999986
"2018-12-11 10:28:00",6646,0.0349999999999966
"2018-12-11 10:29:00",3290,-0.00499999999999545
"2018-12-11 10:30:00",8538,-0.0750000000000028
"2018-12-11 10:31:00",8618,-0.0450000000000017
"2018-12-11 10:32:00",2547,-0.0399999999999991
"2018-12-11 10:33:00",5775,-0.0749999999999957
"2018-12-11 10:34:00",20684,-0.0750000000000028
"2018-12-11 10:35:00",41112,-0.0349999999999966
"2018-12-11 10:36:00",18402,0.00499999999999545
"2018-12-11 10:37:00",11443,-0.0323999999999955
"2018-12-11 10:38:00",9976,0.0623999999999967
"2018-12-11 10:39:00",13958,-0.00999999999999801
"2018-12-11 10:40:00",4367,0.0198999999999998
"2018-12-11 10:41:00",3649,-0.0298999999999978
"2018-12-11 10:42:00",6242,-0.0700000000000003
"2018-12-11 10:43:00",8203,0.00999999999999801
"2018-12-11 10:44:00",9846,0.00500000000000256
"2018-12-11 10:45:00",11378,0.0349999999999966
"2018-12-11 10:46:00",6721,-0.0799999999999983
"2018-12-11 10:47:00",5201,0.100000000000001
"2018-12-11 10:48:00",3789,-0.0100000000000051
"2018-12-11 10:49:00",10361,-0.0349999999999966
"2018-12-11 10:50:00",1550,0.0749999999999957
"2018-12-11 10:51:00",2065,-0.029999999999994
"2018-12-11 10:52:00",11586,-0.0400000000000063
"2018-12-11 10:53:00",3616,0.0265000000000057
"2018-12-11 10:54:00",5498,0.0634999999999977
"2018-12-11 10:55:00",6042,-0.0277000000000029
"2018-12-11 10:56:00",2239,-0.00229999999999819
"2018-12-11 10:57:00",7083,0.00999999999999801
"2018-12-11 10:58:00",12095,0.0900000000000034
"2018-12-11 10:59:00",7060,-0.0499999999999972
"2018-12-11 11:00:00",11946,-0.0500000000000043
"2018-12-11 11:01:00",23615,-0.0499999999999972
"2018-12-11 11:02:00",9158,-0.0100000000000051
"2018-12-11 11:03:00",7000,0
"2018-12-11 11:04:00",16327,-0.104999999999997
"2018-12-11 11:05:00",27836,-0.00500000000000256
"2018-12-11 11:06:00",5393,-0.00999999999999801
"2018-12-11 11:07:00",14932,-0.019999999999996
"2018-12-11 11:08:00",10609,0.00999999999999801
"2018-12-11 11:09:00",17781,0.0349999999999966
"2018-12-11 11:10:00",4444,-0.0549999999999997
"2018-12-11 11:11:00",3945,-0.00339999999999918
"2018-12-11 11:12:00",4150,-0.0165999999999968
"2018-12-11 11:13:00",10277,0
"2018-12-11 11:14:00",2661,-0.0100000000000051
"2018-12-11 11:15:00",3937,-0.0700000000000003
"2018-12-11 11:16:00",9144,0
"2018-12-11 11:17:00",14559,-0.0119999999999933
"2018-12-11 11:18:00",14051,-0.00300000000000011
"2018-12-11 11:19:00",30771,0.00999999999999801
"2018-12-11 11:20:00",8897,-0.00999999999999801
"2018-12-11 11:21:00",16536,-0.0550000000000068
"2018-12-11 11:22:00",23631,0.0100000000000051
"2018-12-11 11:23:00",24043,0.0366999999999962
"2018-12-11 11:24:00",6896,0.0099000000000018
"2018-12-11 11:25:00",5106,-0.0165999999999968
"2018-12-11 11:26:00",1966,0
"2018-12-11 11:27:00",2700,0
"2018-12-11 11:28:00",3252,-0.0300000000000011
"2018-12-11 11:29:00",3413,0
"2018-12-11 11:30:00",9756,0.0300000000000011
"2018-12-11 11:31:00",3322,-0.0500000000000043
"2018-12-11 11:32:00",3861,0.00999999999999801
"2018-12-11 11:33:00",5011,0.0100000000000051
"2018-12-11 11:34:00",35425,0.0599999999999952
"2018-12-11 11:35:00",6498,0.0300000000000011
"2018-12-11 11:36:00",2069,0.045100000000005
"2018-12-11 11:37:00",3423,-0.0151000000000039
"2018-12-11 11:38:00",3110,-0.000999999999997669
"2018-12-11 11:39:00",2314,-0.0189999999999984
"2018-12-11 11:40:00",2165,0.0400999999999954
"2018-12-11 11:41:00",5438,-0.0200999999999993
"2018-12-11 11:42:00",1200,-0.00999999999999801
"2018-12-11 11:43:00",5530,0.0300000000000011
"2018-12-11 11:44:00",3100,0
"2018-12-11 11:45:00",3527,0.0399999999999991
"2018-12-11 11:46:00",8012,-0.053600000000003
"2018-12-11 11:47:00",1763,-0.0163999999999973
"2018-12-11 11:48:00",2306,-0.0200000000000031
"2018-12-11 11:49:00",1900,0.0100000000000051
"2018-12-11 11:50:00",6700,-0.0200000000000031
"2018-12-11 11:51:00",2222,-0.00999999999999801
"2018-12-11 11:52:00",2700,-0.0100000000000051
"2018-12-11 11:53:00",3048,0.0100000000000051
"2018-12-11 11:54:00",3626,-0.0100000000000051
"2018-12-11 11:55:00",3400,0.0100000000000051
"2018-12-11 11:56:00",1900,0.0300000000000011
"2018-12-11 11:57:00",2879,0.00999999999999801
"2018-12-11 11:58:00",4617,-0.0300000000000011
"2018-12-11 11:59:00",4184,0
"2018-12-11 12:00:00",3627,-0.00999999999999801
"2018-12-11 12:01:00",8068,0.00750000000000028
"2018-12-11 12:02:00",1972,0.0424999999999969
"2018-12-11 12:03:00",3191,0
"2018-12-11 12:04:00",2511,0
"2018-12-11 12:05:00",4999,0.00999999999999801
"2018-12-11 12:06:00",6465,-0.00999999999999801
"2018-12-11 12:07:00",1826,-0.019999999999996
"2018-12-11 12:08:00",1500,-0.0300000000000011
"2018-12-11 12:09:00",30710,0.0300000000000011
"2018-12-11 12:10:00",1605,0.019999999999996
"2018-12-11 12:11:00",11356,-0.019999999999996
"2018-12-11 12:12:00",4780,-0.0128000000000057
"2018-12-11 12:13:00",3870,-0.00959999999999894
"2018-12-11 12:14:00",1655,-0.0075999999999965
"2018-12-11 12:15:00",4201,0.00999999999999801
"2018-12-11 12:16:00",16002,0.00999999999999801
"2018-12-11 12:17:00",3085,0.0300000000000011
"2018-12-11 12:18:00",5665,0.0900000000000034
"2018-12-11 12:19:00",6181,0.0549999999999997
"2018-12-11 12:20:00",10894,-0.00500000000000256
"2018-12-11 12:21:00",10002,0.0300000000000011
"2018-12-11 12:22:00",5174,0
"2018-12-11 12:23:00",9137,-0.00999999999999801
"2018-12-11 12:24:00",10024,-0.0200000000000031
"2018-12-11 12:25:00",9394,-0.0200000000000031
"2018-12-11 12:26:00",2100,-0.019999999999996
"2018-12-11 12:27:00",3401,-0.00999999999999801
"2018-12-11 12:28:00",1300,-0.0100000000000051
"2018-12-11 12:29:00",828,0.0100000000000051
"2018-12-11 12:30:00",5493,-0.0600000000000023
"2018-12-11 12:31:00",2584,-0.0133999999999972
"2018-12-11 12:32:00",2076,0.0133999999999972
"2018-12-11 12:33:00",2769,-0.0183000000000035
"2018-12-11 12:34:00",6823,0.0426000000000002
"2018-12-11 12:35:00",2515,-0.0142999999999986
"2018-12-11 12:36:00",800,-0.00999999999999801
"2018-12-11 12:37:00",5480,0
"2018-12-11 12:38:00",6833,0.0600000000000023
"2018-12-11 12:39:00",7912,-0.0331000000000046
"2018-12-11 12:40:00",3840,-0.106899999999996
"2018-12-11 12:41:00",5885,-0.0249999999999986
"2018-12-11 12:42:00",5428,0.0149999999999935
"2018-12-11 12:43:00",3860,-0.00999999999999801
"2018-12-11 12:44:00",6112,-0.0341999999999985
"2018-12-11 12:45:00",7067,-0.00580000000000069
"2018-12-11 12:46:00",3881,0
"2018-12-11 12:47:00",3649,0.0300000000000011
"2018-12-11 12:48:00",2410,-0.0200000000000031
"2018-12-11 12:49:00",7614,0
"2018-12-11 12:50:00",3789,-0.0300000000000011
"2018-12-11 12:51:00",3174,-0.0149999999999935
"2018-12-11 12:52:00",7296,-0.0350000000000037
"2018-12-11 12:53:00",3089,0.0499999999999972
"2018-12-11 12:54:00",9046,0
"2018-12-11 12:55:00",3304,-0.00999999999999801
"2018-12-11 12:56:00",3393,0.0200000000000031
"2018-12-11 12:57:00",3400,0
"2018-12-11 12:58:00",4746,0.00999999999999801
"2018-12-11 12:59:00",3558,-0.0349999999999966
"2018-12-11 13:00:00",7786,-0.00500000000000256
"2018-12-11 13:01:00",4023,0
"2018-12-11 13:02:00",4107,0.0600000000000023
"2018-12-11 13:03:00",1794,0
"2018-12-11 13:04:00",4992,-0.0100000000000051
"2018-12-11 13:05:00",5149,-0.019999999999996
"2018-12-11 13:06:00",2407,-0.0100000000000051
"2018-12-11 13:07:00",8559,0.0100000000000051
"2018-12-11 13:08:00",2600,-0.0100000000000051
"2018-12-11 13:09:00",9488,-0.00999999999999801
"2018-12-11 13:10:00",2429,0.0138000000000034
"2018-12-11 13:11:00",2431,-0.0238000000000014
"2018-12-11 13:12:00",6304,0.019999999999996
"2018-12-11 13:13:00",5266,0.0200000000000031
"2018-12-11 13:14:00",6256,0.0300000000000011
"2018-12-11 13:15:00",8844,-0.0300000000000011
"2018-12-11 13:16:00",5457,0.0300000000000011
"2018-12-11 13:17:00",11247,0
"2018-12-11 13:18:00",38270,0.019999999999996
"2018-12-11 13:19:00",5200,0.0100000000000051
"2018-12-11 13:20:00",4195,0.00999999999999801
"2018-12-11 13:21:00",2553,-0.00339999999999918
"2018-12-11 13:22:00",4693,-0.00659999999999883
"2018-12-11 13:23:00",4514,0.019999999999996
"2018-12-11 13:24:00",4605,-0.00999999999999801
"2018-12-11 13:25:00",16659,0.1051
"2018-12-11 13:26:00",5829,0.0649000000000015
"2018-12-11 13:27:00",9538,0.0399999999999991
"2018-12-11 13:28:00",71875,0.019999999999996
"2018-12-11 13:29:00",7165,0.0200000000000031
"2018-12-11 13:30:00",17556,0.0700000000000003
"2018-12-11 13:31:00",50845,0.0649999999999977
"2018-12-11 13:32:00",6559,-0.0349999999999966
"2018-12-11 13:33:00",2473,-0.0300000000000011
"2018-12-11 13:34:00",4859,0.0200000000000031
"2018-12-11 13:35:00",6827,-0.0300000000000011
"2018-12-11 13:36:00",5615,-0.0200000000000031
"2018-12-11 13:37:00",1807,0
"2018-12-11 13:38:00",7557,0.0200000000000031
"2018-12-11 13:39:00",17528,0.00309999999999633
"2018-12-11 13:40:00",3476,0.066900000000004
"2018-12-11 13:41:00",7185,-0.0399999999999991
"2018-12-11 13:42:00",7050,-0.0200000000000031
"2018-12-11 13:43:00",3751,0.0300000000000011
"2018-12-11 13:44:00",6088,0.019999999999996
"2018-12-11 13:45:00",11321,0.0850000000000009
"2018-12-11 13:46:00",6746,-0.0450000000000017
"2018-12-11 13:47:00",9362,-0.00999999999999801
"2018-12-11 13:48:00",14242,0.00999999999999801
"2018-12-11 13:49:00",8324,-0.0499999999999972
"2018-12-11 13:50:00",10388,0.0249999999999986
"2018-12-11 13:51:00",8841,-0.0349999999999966
"2018-12-11 13:52:00",5529,0.0285000000000011
"2018-12-11 13:53:00",6280,0.0314999999999941
"2018-12-11 13:54:00",4801,-0.00999999999999801
"2018-12-11 13:55:00",2984,-0.0270999999999972
"2018-12-11 13:56:00",2817,0.0120999999999967
"2018-12-11 13:57:00",21196,-0.0649999999999977
"2018-12-11 13:58:00",18021,0.0450000000000017
"2018-12-11 13:59:00",8379,0.0150000000000006
"2018-12-11 14:00:00",11532,-0.057300000000005
"2018-12-11 14:01:00",5702,0.00730000000000075
"2018-12-11 14:02:00",6789,-0.00499999999999545
"2018-12-11 14:03:00",6860,-0.00800000000000267
"2018-12-11 14:04:00",7531,0.0339999999999989
"2018-12-11 14:05:00",4944,-0.0409999999999968
"2018-12-11 14:06:00",13157,0.0145999999999944
"2018-12-11 14:07:00",5506,0.00540000000000163
"2018-12-11 14:08:00",3200,-0.019999999999996
"2018-12-11 14:09:00",5553,0.0499999999999972
"2018-12-11 14:10:00",15307,0.149999999999999
"2018-12-11 14:11:00",7602,0.0100000000000051
"2018-12-11 14:12:00",36872,-0.0200000000000031
"2018-12-11 14:13:00",6527,0.0700000000000003
"2018-12-11 14:14:00",2734,-0.0290000000000035
"2018-12-11 14:15:00",4194,-0.00889999999999702
"2018-12-11 14:16:00",5357,0.00560000000000116
"2018-12-11 14:17:00",2934,-0.037700000000001
"2018-12-11 14:18:00",4300,-0.0300000000000011
"2018-12-11 14:19:00",1891,-0.00309999999999633
"2018-12-11 14:20:00",5486,-0.020300000000006
"2018-12-11 14:21:00",3676,0.0134000000000043
"2018-12-11 14:22:00",7338,-0.0195000000000007
"2018-12-11 14:23:00",7313,0.0195000000000007
"2018-12-11 14:24:00",9698,-0.0200000000000031
"2018-12-11 14:25:00",3693,-0.0275999999999996
"2018-12-11 14:26:00",4070,0.0108999999999995
"2018-12-11 14:27:00",9167,0.0367000000000033
"2018-12-11 14:28:00",23709,0
"2018-12-11 14:29:00",2800,-0.0200000000000031
"2018-12-11 14:30:00",7059,0.0200000000000031
"2018-12-11 14:31:00",9971,0.0600000000000023
"2018-12-11 14:32:00",16481,-0.0300000000000011
"2018-12-11 14:33:00",5322,0.00999999999999801
"2018-12-11 14:34:00",5050,-0.0399999999999991
"2018-12-11 14:35:00",2520,-0.0300000000000011
"2018-12-11 14:36:00",2800,0
"2018-12-11 14:37:00",5177,-0.00999999999999801
"2018-12-11 14:38:00",7559,-0.0399999999999991
"2018-12-11 14:39:00",5061,-0.0200000000000031
"2018-12-11 14:40:00",7333,-0.0349999999999966
"2018-12-11 14:41:00",11200,0.0349000000000004
"2018-12-11 14:42:00",15437,0.0100999999999942
"2018-12-11 14:43:00",10784,-0.019999999999996
"2018-12-11 14:44:00",7466,0.00999999999999801
"2018-12-11 14:45:00",17570,-0.015900000000002
"2018-12-11 14:46:00",14108,-0.0340999999999951
"2018-12-11 14:47:00",32595,-0.0300000000000011
"2018-12-11 14:48:00",11816,-0.0399999999999991
"2018-12-11 14:49:00",16948,-0.0500000000000043
"2018-12-11 14:50:00",13524,-0.00499999999999545
"2018-12-11 14:51:00",14213,0
"2018-12-11 14:52:00",14794,0.019999999999996
"2018-12-11 14:53:00",25886,0.0549000000000035
"2018-12-11 14:54:00",15863,-0.0499000000000009
"2018-12-11 14:55:00",23082,-0.0200000000000031
"2018-12-11 14:56:00",32680,-0.0249999999999986
"2018-12-11 14:57:00",25919,-0.00999999999999801
"2018-12-11 14:58:00",25839,0.0399999999999991
"2018-12-11 14:59:00",60157,0.185000000000002
"2018-12-11 15:02:00",51919,-0.140000000000001
"2018-12-11 15:15:00",0,0
"2018-12-12 08:30:00",53396,0.799999999999997
"2018-12-12 08:31:00",28557,-0.0300000000000011
"2018-12-12 08:32:00",14992,-0.0499999999999972
"2018-12-12 08:33:00",25800,0.0749999999999957
"2018-12-12 08:34:00",9315,-0.0349999999999966
"2018-12-12 08:35:00",13508,0.0200000000000031
"2018-12-12 08:36:00",12971,-0.0100000000000051
"2018-12-12 08:37:00",8239,0.0500000000000043
"2018-12-12 08:38:00",7934,0.0449999999999946
"2018-12-12 08:39:00",20165,-0.00499999999999545
"2018-12-12 08:40:00",7600,0.0399999999999991
"2018-12-12 08:41:00",13473,-0.0600000000000023
"2018-12-12 08:42:00",21276,0.0200000000000031
"2018-12-12 08:43:00",7723,-0.0200000000000031
"2018-12-12 08:44:00",13505,0.0200000000000031
"2018-12-12 08:45:00",10138,-0.00999999999999801
"2018-12-12 08:46:00",12919,0.00499999999999545
"2018-12-12 08:47:00",9300,-0.019999999999996
"2018-12-12 08:48:00",10496,-0.0150000000000006
"2018-12-12 08:49:00",11065,0.0449999999999946
"2018-12-12 08:50:00",5671,0.0549999999999997
"2018-12-12 08:51:00",7500,0
"2018-12-12 08:52:00",4900,-0.00999999999999801
"2018-12-12 08:53:00",8092,-0.0649999999999977
"2018-12-12 08:54:00",13498,-0.00500000000000256
"2018-12-12 08:55:00",5817,0.056200000000004
"2018-12-12 08:56:00",6978,0.0638000000000005
"2018-12-12 08:57:00",15462,0.029999999999994
"2018-12-12 08:58:00",10723,-0.029999999999994
"2018-12-12 08:59:00",8344,0.029999999999994
"2018-12-12 09:00:00",17563,0
"2018-12-12 09:01:00",34990,-0.0149999999999935
"2018-12-12 09:02:00",5675,0.00499999999999545
"2018-12-12 09:03:00",7858,0.0399999999999991
"2018-12-12 09:04:00",28501,0.0100000000000051
"2018-12-12 09:05:00",28548,-0.0700000000000003
"2018-12-12 09:06:00",4103,-0.0400000000000063
"2018-12-12 09:07:00",1717,0
"2018-12-12 09:08:00",4669,0.00500000000000256
"2018-12-12 09:09:00",2984,0.00500000000000256
"2018-12-12 09:10:00",4784,-0.0374000000000052
"2018-12-12 09:11:00",2153,0.0974000000000004
"2018-12-12 09:12:00",3730,0.0100000000000051
"2018-12-12 09:13:00",3844,0.00329999999999586
"2018-12-12 09:14:00",6586,0.0367000000000033
"2018-12-12 09:15:00",6871,-0.0337999999999994
"2018-12-12 09:16:00",2575,0.0137999999999963
"2018-12-12 09:17:00",2350,-0.019999999999996
"2018-12-12 09:18:00",3460,-0.0399999999999991
"2018-12-12 09:19:00",7329,0.00999999999999801
"2018-12-12 09:20:00",8955,0.00999999999999801
"2018-12-12 09:21:00",6960,0.0600000000000023
"2018-12-12 09:22:00",19476,0.00999999999999801
"2018-12-12 09:23:00",5107,-0.019999999999996
"2018-12-12 09:24:00",8629,-0.0198999999999998
"2018-12-12 09:25:00",3398,-0.00010000000000332
"2018-12-12 09:26:00",2782,-0.00999999999999801
"2018-12-12 09:27:00",3157,0
"2018-12-12 09:28:00",2162,0.0289000000000001
"2018-12-12 09:29:00",15486,-0.0688999999999993
"2018-12-12 09:30:00",5594,0.00999999999999801
"2018-12-12 09:31:00",4407,0.0300000000000011
"2018-12-12 09:32:00",13944,-0.0399999999999991
"2018-12-12 09:33:00",11954,0
"2018-12-12 09:34:00",6657,0.019999999999996
"2018-12-12 09:35:00",5019,-0.0700000000000003
"2018-12-12 09:36:00",1706,-0.0300000000000011
"2018-12-12 09:37:00",20027,-0.109999999999999
"2018-12-12 09:38:00",13875,0.0450000000000017
"2018-12-12 09:39:00",4449,0.0150000000000006
"2018-12-12 09:40:00",8983,-0.0446000000000026
"2018-12-12 09:41:00",2446,-0.00539999999999452
"2018-12-12 09:42:00",4450,-0.0400000000000063
"2018-12-12 09:43:00",7960,0.0549999999999997
"2018-12-12 09:44:00",3033,0.0188000000000059
"2018-12-12 09:45:00",3300,-0.0138000000000034
"2018-12-12 09:46:00",2400,0.00500000000000256
"2018-12-12 09:47:00",7963,0.0700000000000003
"2018-12-12 09:48:00",4144,0.0399999999999991
"2018-12-12 09:49:00",3031,0.0249999999999986
"2018-12-12 09:50:00",8500,0.0600000000000023
"2018-12-12 09:51:00",3100,0.0400999999999954
"2018-12-12 09:52:00",7160,0.0099000000000018
"2018-12-12 09:53:00",8015,0.0200000000000031
"2018-12-12 09:54:00",5239,-0.0100000000000051
"2018-12-12 09:55:00",8757,0.0400000000000063
"2018-12-12 09:56:00",4971,-0.00500000000000256
"2018-12-12 09:57:00",16204,0.0450000000000017
"2018-12-12 09:58:00",6151,-0.0399999999999991
"2018-12-12 09:59:00",3893,-0.0200000000000031
"2018-12-12 10:00:00",8962,0.0450000000000017
"2018-12-12 10:01:00",11581,-0.0100000000000051
"2018-12-12 10:02:00",6800,0.0549999999999997
"2018-12-12 10:03:00",9374,0
"2018-12-12 10:04:00",4387,0.0400000000000063
"2018-12-12 10:05:00",2650,-0.00500000000000256
"2018-12-12 10:06:00",6570,-0.00500000000000256
"2018-12-12 10:07:00",4170,-0.019999999999996
"2018-12-12 10:08:00",13246,0.0599999999999952
"2018-12-12 10:09:00",6070,0.0300000000000011
"2018-12-12 10:10:00",5747,-0.0499999999999972
"2018-12-12 10:11:00",6351,-0.0345999999999975
"2018-12-12 10:12:00",6381,-0.0254000000000048
"2018-12-12 10:13:00",3984,-0.0399999999999991
"2018-12-12 10:14:00",8882,0.0399999999999991
"2018-12-12 10:15:00",5907,0.00999999999999801
"2018-12-12 10:16:00",5853,0.0100000000000051
"2018-12-12 10:17:00",7000,0.019999999999996
"2018-12-12 10:18:00",7902,-0.0449999999999946
"2018-12-12 10:19:00",6268,-0.0450000000000017
"2018-12-12 10:20:00",5242,-0.0200000000000031
"2018-12-12 10:21:00",6600,-0.0450000000000017
"2018-12-12 10:22:00",6962,0.0250000000000057
"2018-12-12 10:23:00",3205,0
"2018-12-12 10:24:00",4359,0.00999999999999801
"2018-12-12 10:25:00",6528,0.014800000000001
"2018-12-12 10:26:00",4816,0.0651999999999973
"2018-12-12 10:27:00",4957,-0.100000000000001
"2018-12-12 10:28:00",13500,-0.0499999999999972
"2018-12-12 10:29:00",14147,-0.0399999999999991
"2018-12-12 10:30:00",43355,-0.0649999999999977
"2018-12-12 10:31:00",9245,-0.00500000000000256
"2018-12-12 10:32:00",7514,0.019999999999996
"2018-12-12 10:33:00",17011,-0.029999999999994
"2018-12-12 10:34:00",20863,-0.00500000000000256
"2018-12-12 10:35:00",28664,0.0118999999999971
"2018-12-12 10:36:00",6523,0.00310000000000343
"2018-12-12 10:37:00",2674,0
"2018-12-12 10:38:00",4302,0.0300000000000011
"2018-12-12 10:39:00",22848,-0.0127000000000024
"2018-12-12 10:40:00",4572,0.0326999999999984
"2018-12-12 10:41:00",750,0.0250000000000057
"2018-12-12 10:42:00",4545,-0.0750000000000028
"2018-12-12 10:43:00",2607,-0.00999999999999801
"2018-12-12 10:44:00",3132,0.043299999999995
"2018-12-12 10:45:00",1750,0.0167000000000002
"2018-12-12 10:46:00",1430,-0.0300000000000011
"2018-12-12 10:47:00",2926,-0.0046999999999997
"2018-12-12 10:48:00",2569,0.0210000000000008
"2018-12-12 10:49:00",2634,0.0187000000000026
"2018-12-12 10:50:00",5078,-0.0150000000000006
"2018-12-12 10:51:00",3538,0.0350000000000037
"2018-12-12 10:52:00",10093,0.0249999999999986
"2018-12-12 10:53:00",3088,0.000999999999997669
"2018-12-12 10:54:00",1687,-0.0159999999999982
"2018-12-12 10:55:00",4869,-0.0850000000000009
"2018-12-12 10:56:00",2755,0.00999999999999801
"2018-12-12 10:57:00",2704,0
"2018-12-12 10:58:00",707,0.00500000000000256
"2018-12-12 10:59:00",9300,0.0649999999999977
"2018-12-12 11:00:00",5741,0.0300000000000011
"2018-12-12 11:01:00",6300,-0.0349999999999966
"2018-12-12 11:02:00",3600,-0.00500000000000256
"2018-12-12 11:03:00",2125,0.0300000000000011
"2018-12-12 11:04:00",6303,0.0300000000000011
"2018-12-12 11:05:00",1484,-0.0500000000000043
"2018-12-12 11:06:00",1541,0.0200000000000031
"2018-12-12 11:07:00",4515,-0.0350000000000037
"2018-12-12 11:08:00",4134,-0.0150000000000006
"2018-12-12 11:09:00",4400,0.0600000000000023
"2018-12-12 11:10:00",2535,-0.00999999999999801
"2018-12-12 11:11:00",1307,-0.0100000000000051
"2018-12-12 11:12:00",1512,-0.029999999999994
"2018-12-12 11:13:00",1700,-0.0100000000000051
"2018-12-12 11:14:00",3100,0
"2018-12-12 11:15:00",3193,-0.0169999999999959
"2018-12-12 11:16:00",1366,0.027000000000001
"2018-12-12 11:17:00",2031,-0.017000000000003
"2018-12-12 11:18:00",6200,-0.00300000000000011
"2018-12-12 11:19:00",3800,-0.0450000000000017
"2018-12-12 11:20:00",3092,0.00500000000000256
"2018-12-12 11:21:00",3226,-0.0200000000000031
"2018-12-12 11:22:00",2357,-0.00509999999999877
"2018-12-12 11:23:00",5003,-0.0349000000000004
"2018-12-12 11:24:00",4903,0.0101000000000013
"2018-12-12 11:25:00",2744,0.0399000000000029
"2018-12-12 11:26:00",6425,-0.0250000000000057
"2018-12-12 11:27:00",4352,-0.0149999999999935
"2018-12-12 11:28:00",3950,-0.0400000000000063
"2018-12-12 11:29:00",2953,0.0500000000000043
"2018-12-12 11:30:00",5018,-0.00999999999999801
"2018-12-12 11:31:00",4047,-0.0490000000000066
"2018-12-12 11:32:00",5802,0.0290000000000035
"2018-12-12 11:33:00",4700,0.0399999999999991
"2018-12-12 11:34:00",1300,-0.019999999999996
"2018-12-12 11:35:00",4734,-0.0161000000000016
"2018-12-12 11:36:00",6292,0.011099999999999
"2018-12-12 11:37:00",5520,-0.00500000000000256
"2018-12-12 11:38:00",1216,-0.00999999999999801
"2018-12-12 11:39:00",3112,0.00999999999999801
"2018-12-12 11:40:00",4815,0.0100000000000051
"2018-12-12 11:41:00",3365,0.0165999999999968
"2018-12-12 11:42:00",2458,-0.0165999999999968
"2018-12-12 11:43:00",2845,0.0266999999999982
"2018-12-12 11:44:00",12560,0.013300000000001
"2018-12-12 11:45:00",1715,-0.0150000000000006
"2018-12-12 11:46:00",3811,-0.00500000000000256
"2018-12-12 11:47:00",3760,0.0099000000000018
"2018-12-12 11:48:00",2200,0.0101000000000013
"2018-12-12 11:49:00",2932,0
"2018-12-12 11:50:00",3876,0.0499999999999972
"2018-12-12 11:51:00",7220,0.0200000000000031
"2018-12-12 11:52:00",2856,0.0150000000000006
"2018-12-12 11:53:00",4452,0.0214999999999961
"2018-12-12 11:54:00",1979,0.00010000000000332
"2018-12-12 11:55:00",6317,0.0334000000000003
"2018-12-12 11:56:00",3857,0.0499999999999972
"2018-12-12 11:57:00",5433,-0.0200000000000031
"2018-12-12 11:58:00",2833,0.0250000000000057
"2018-12-12 11:59:00",816,0.00499999999999545
"2018-12-12 12:00:00",3802,-0.00999999999999801
"2018-12-12 12:01:00",6354,-0.0125999999999991
"2018-12-12 12:02:00",5604,0.0125999999999991
"2018-12-12 12:03:00",3069,0.00999999999999801
"2018-12-12 12:04:00",1800,-0.00319999999999965
"2018-12-12 12:05:00",4700,-0.0167999999999964
"2018-12-12 12:06:00",5926,0
"2018-12-12 12:07:00",5358,0.0150000000000006
"2018-12-12 12:08:00",8969,0
"2018-12-12 12:09:00",4250,-0.00500000000000256
"2018-12-12 12:10:00",4344,0.00999999999999801
"2018-12-12 12:11:00",2790,0.0100000000000051
"2018-12-12 12:12:00",4688,0.00999999999999801
"2018-12-12 12:13:00",1811,-0.0271000000000043
"2018-12-12 12:14:00",1375,-0.00280000000000058
"2018-12-12 12:15:00",3672,-0.00509999999999877
"2018-12-12 12:16:00",1681,-0.0150000000000006
"2018-12-12 12:17:00",2322,-0.029999999999994
"2018-12-12 12:18:00",4909,-0.0200000000000031
"2018-12-12 12:19:00",845,-0.0200000000000031
"2018-12-12 12:20:00",8258,-0.00439999999999685
"2018-12-12 12:21:00",1700,0.0244
"2018-12-12 12:22:00",5080,-0.00999999999999801
"2018-12-12 12:23:00",1391,0.019999999999996
"2018-12-12 12:24:00",2150,0
"2018-12-12 12:25:00",3057,0.0152000000000001
"2018-12-12 12:26:00",2659,0.014800000000001
"2018-12-12 12:27:00",1660,0
"2018-12-12 12:28:00",8748,0.0150000000000006
"2018-12-12 12:29:00",900,-0.0150000000000006
"2018-12-12 12:30:00",7668,-0.0300000000000011
"2018-12-12 12:31:00",1623,0.0200000000000031
"2018-12-12 12:32:00",6657,-0.0150000000000006
"2018-12-12 12:33:00",2153,-0.00880000000000081
"2018-12-12 12:34:00",700,0.0138000000000034
"2018-12-12 12:35:00",2050,-0.00380000000000535
"2018-12-12 12:36:00",4560,-0.0161999999999978
"2018-12-12 12:37:00",2587,-0.0499999999999972
"2018-12-12 12:38:00",1678,0.00999999999999801
"2018-12-12 12:39:00",981,0
"2018-12-12 12:40:00",300,0
"2018-12-12 12:41:00",820,-0.00999999999999801
"2018-12-12 12:42:00",4291,-0.0300000000000011
"2018-12-12 12:43:00",900,-0.0200000000000031
"2018-12-12 12:44:00",2634,-0.00999999999999801
"2018-12-12 12:45:00",3237,0
"2018-12-12 12:46:00",2957,-0.00789999999999935
"2018-12-12 12:47:00",4105,-0.0121000000000038
"2018-12-12 12:48:00",1300,0.0150000000000006
"2018-12-12 12:49:00",2358,0.00820000000000221
"2018-12-12 12:50:00",1860,0.00509999999999877
"2018-12-12 12:51:00",1717,-0.0182999999999964
"2018-12-12 12:52:00",1689,-0.0100000000000051
"2018-12-12 12:53:00",889,-0.00999999999999801
"2018-12-12 12:54:00",3171,-0.0300000000000011
"2018-12-12 12:55:00",6243,-0.0799999999999983
"2018-12-12 12:56:00",4084,0.026600000000002
"2018-12-12 12:57:00",3172,0.00339999999999918
"2018-12-12 12:58:00",4798,0.0272000000000006
"2018-12-12 12:59:00",2018,-0.0172000000000025
"2018-12-12 13:00:00",3209,-0.00710000000000122
"2018-12-12 13:01:00",6640,-0.0328999999999979
"2018-12-12 13:02:00",3700,-0.00999999999999801
"2018-12-12 13:03:00",3050,0.00999999999999801
"2018-12-12 13:04:00",1859,-0.0300000000000011
"2018-12-12 13:05:00",5698,0.00999999999999801
"2018-12-12 13:06:00",3468,-0.019999999999996
"2018-12-12 13:07:00",4530,-0.0150000000000006
"2018-12-12 13:08:00",3332,-0.0150000000000006
"2018-12-12 13:09:00",2724,-0.00999999999999801
"2018-12-12 13:10:00",3388,0
"2018-12-12 13:11:00",5755,-0.0337999999999994
"2018-12-12 13:12:00",5491,-0.00619999999999976
"2018-12-12 13:13:00",7214,0.0499999999999972
"2018-12-12 13:14:00",19959,-0.0200000000000031
"2018-12-12 13:15:00",9365,0.0200000000000031
"2018-12-12 13:16:00",6149,0
"2018-12-12 13:17:00",1790,0.0200000000000031
"2018-12-12 13:18:00",905,-0.0132000000000048
"2018-12-12 13:19:00",1738,0.0232000000000028
"2018-12-12 13:20:00",2588,0.00999999999999801
"2018-12-12 13:21:00",7824,0
"2018-12-12 13:22:00",54833,0.0399999999999991
"2018-12-12 13:23:00",23349,0.00209999999999866
"2018-12-12 13:24:00",2416,-0.0120999999999967
"2018-12-12 13:25:00",1880,0
"2018-12-12 13:26:00",1611,-0.0300000000000011
"2018-12-12 13:27:00",4076,-0.0700000000000003
"2018-12-12 13:28:00",16323,-0.100000000000001
"2018-12-12 13:29:00",10406,0.0300000000000011
"2018-12-12 13:30:00",7496,-0.00999999999999801
"2018-12-12 13:31:00",9216,-0.00999999999999801
"2018-12-12 13:32:00",4807,-0.0399999999999991
"2018-12-12 13:33:00",4257,-0.0168000000000035
"2018-12-12 13:34:00",8218,0.0467999999999975
"2018-12-12 13:35:00",2555,-0.0599999999999952
"2018-12-12 13:36:00",8318,-0.0100000000000051
"2018-12-12 13:37:00",8507,0.0300000000000011
"2018-12-12 13:38:00",3744,0.0399999999999991
"2018-12-12 13:39:00",2979,0.0100000000000051
"2018-12-12 13:40:00",4941,-0.0250000000000057
"2018-12-12 13:41:00",2644,0.00500000000000256
"2018-12-12 13:42:00",2626,-0.0600000000000023
"2018-12-12 13:43:00",5624,-0.0175999999999945
"2018-12-12 13:44:00",2800,0.0576000000000008
"2018-12-12 13:45:00",7914,0.029999999999994
"2018-12-12 13:46:00",3240,-0.109999999999999
"2018-12-12 13:47:00",4777,0.0300000000000011
"2018-12-12 13:48:00",3225,-0.0399999999999991
"2018-12-12 13:49:00",3205,0
"2018-12-12 13:50:00",13309,0.0300000000000011
"2018-12-12 13:51:00",4519,0.0246999999999957
"2018-12-12 13:52:00",4475,-0.0146999999999977
"2018-12-12 13:53:00",5306,-0.00999999999999801
"2018-12-12 13:54:00",4653,0.00999999999999801
"2018-12-12 13:55:00",2227,0.00999999999999801
"2018-12-12 13:56:00",1581,0.0150000000000006
"2018-12-12 13:57:00",12458,0.0250000000000057
"2018-12-12 13:58:00",5099,0.0149999999999935
"2018-12-12 13:59:00",3892,-0.00499999999999545
"2018-12-12 14:00:00",10216,-0.0200000000000031
"2018-12-12 14:01:00",4966,0.0450000000000017
"2018-12-12 14:02:00",7200,-0.0450000000000017
"2018-12-12 14:03:00",4165,-0.019999999999996
"2018-12-12 14:04:00",2349,0.00999999999999801
"2018-12-12 14:05:00",4785,0.0499999999999972
"2018-12-12 14:06:00",3758,-0.0549999999999997
"2018-12-12 14:07:00",5700,0.0549999999999997
"2018-12-12 14:08:00",4900,0
"2018-12-12 14:09:00",2796,0.0150000000000006
"2018-12-12 14:10:00",5480,0.0250000000000057
"2018-12-12 14:11:00",3102,0.029999999999994
"2018-12-12 14:12:00",6624,-9.99999999962142e-05
"2018-12-12 14:13:00",2706,-0.00619999999999976
"2018-12-12 14:14:00",3640,-0.00910000000000366
"2018-12-12 14:15:00",8250,-0.0345999999999975
"2018-12-12 14:16:00",2494,-0.0450000000000017
"2018-12-12 14:17:00",2900,-0.00499999999999545
"2018-12-12 14:18:00",5112,0.0349999999999966
"2018-12-12 14:19:00",17384,-0.040300000000002
"2018-12-12 14:20:00",3600,0.0103000000000009
"2018-12-12 14:21:00",7065,-0.00999999999999801
"2018-12-12 14:22:00",5426,-0.00730000000000075
"2018-12-12 14:23:00",3779,0.0123000000000033
"2018-12-12 14:24:00",8234,0
"2018-12-12 14:25:00",8751,0
"2018-12-12 14:26:00",7548,0.0499999999999972
"2018-12-12 14:27:00",5129,-0.0150000000000006
"2018-12-12 14:28:00",5736,-0.0399999999999991
"2018-12-12 14:29:00",5722,-0.00999999999999801
"2018-12-12 14:30:00",12519,0.0349999999999966
"2018-12-12 14:31:00",8379,0.0200000000000031
"2018-12-12 14:32:00",3003,-0.0300000000000011
"2018-12-12 14:33:00",11659,-0.0399999999999991
"2018-12-12 14:34:00",6744,0.00999999999999801
"2018-12-12 14:35:00",4875,0
"2018-12-12 14:36:00",2496,-0.00999999999999801
"2018-12-12 14:37:00",8894,0.019999999999996
"2018-12-12 14:38:00",9397,0.0650000000000048
"2018-12-12 14:39:00",3160,0.0549999999999997
"2018-12-12 14:40:00",7594,0
"2018-12-12 14:41:00",6707,-0.0300000000000011
"2018-12-12 14:42:00",9892,-0.0150000000000006
"2018-12-12 14:43:00",2040,-0.00500000000000256
"2018-12-12 14:44:00",8154,-0.00499999999999545
"2018-12-12 14:45:00",12109,-0.00740000000000407
"2018-12-12 14:46:00",6090,-0.0125999999999991
"2018-12-12 14:47:00",8559,0.00999999999999801
"2018-12-12 14:48:00",24164,0.00500000000000256
"2018-12-12 14:49:00",11367,-0.00999999999999801
"2018-12-12 14:50:00",10505,-0.0300000000000011
"2018-12-12 14:51:00",10057,0.0249999999999986
"2018-12-12 14:52:00",17876,0
"2018-12-12 14:53:00",4852,-0.0349999999999966
"2018-12-12 14:54:00",19224,-0.00500000000000256
"2018-12-12 14:55:00",33217,-0.0350000000000037
"2018-12-12 14:56:00",24618,0.00500000000000256
"2018-12-12 14:57:00",15697,-0.00999999999999801
"2018-12-12 14:58:00",37735,0.0249999999999986
"2018-12-12 14:59:00",37139,0.0200000000000031
"2018-12-12 15:02:00",27690,-0.0400000000000063
"2018-12-12 15:15:00",0,0
"2018-12-13 08:30:00",37109,-0.0799999999999983
"2018-12-13 08:31:00",39607,0.00999999999999801
"2018-12-13 08:32:00",32758,0.0200000000000031
"2018-12-13 08:33:00",22656,-0.0750000000000028
"2018-12-13 08:34:00",22983,-0.0449999999999946
"2018-12-13 08:35:00",4452,0.0899999999999963
"2018-12-13 08:36:00",7031,0.0650000000000048
"2018-12-13 08:37:00",3550,0.0120999999999967
"2018-12-13 08:38:00",8437,0.0829000000000022
"2018-12-13 08:39:00",8694,-0.0399999999999991
"2018-12-13 08:40:00",5769,0.00999999999999801
"2018-12-13 08:41:00",4103,-0.0399999999999991
"2018-12-13 08:42:00",9390,-0.0150000000000006
"2018-12-13 08:43:00",10568,-0.0150000000000006
"2018-12-13 08:44:00",13274,-0.0200000000000031
"2018-12-13 08:45:00",13949,0.0949999999999989
"2018-12-13 08:46:00",17562,-0.0149999999999935
"2018-12-13 08:47:00",7162,0.019999999999996
"2018-12-13 08:48:00",5600,-0.0499999999999972
"2018-12-13 08:49:00",7554,-0.0200000000000031
"2018-12-13 08:50:00",6489,-0.0300000000000011
"2018-12-13 08:51:00",7012,0.0200000000000031
"2018-12-13 08:52:00",12808,-0.00999999999999801
"2018-12-13 08:53:00",8201,0.0449999999999946
"2018-12-13 08:54:00",7679,-0.0249999999999986
"2018-12-13 08:55:00",4808,0.0493000000000023
"2018-12-13 08:56:00",14702,0.0206999999999979
"2018-12-13 08:57:00",3800,-0.019999999999996
"2018-12-13 08:58:00",6148,-0.0200000000000031
"2018-12-13 08:59:00",7607,-0.00999999999999801
"2018-12-13 09:00:00",5395,0.0649999999999977
"2018-12-13 09:01:00",3714,0.0450000000000017
"2018-12-13 09:02:00",2917,0.0700000000000003
"2018-12-13 09:03:00",17928,0.129999999999995
"2018-12-13 09:04:00",2439,0.0750000000000028
"2018-12-13 09:05:00",6143,-0.00500000000000256
"2018-12-13 09:06:00",6884,0.0450000000000017
"2018-12-13 09:07:00",4414,-0.0249999999999986
"2018-12-13 09:08:00",9822,-0.0300000000000011
"2018-12-13 09:09:00",5800,-0.0249999999999986
"2018-12-13 09:10:00",6599,0.019999999999996
"2018-12-13 09:11:00",6300,0.0250000000000057
"2018-12-13 09:12:00",6764,0.0999999999999943
"2018-12-13 09:13:00",9500,-0.0229999999999961
"2018-12-13 09:14:00",3100,-0.0919999999999987
"2018-12-13 09:15:00",9850,0.0402999999999949
"2018-12-13 09:16:00",6884,0.0147000000000048
"2018-12-13 09:17:00",7112,-0.0399999999999991
"2018-12-13 09:18:00",5004,-0.0150000000000006
"2018-12-13 09:19:00",4270,-0.0300000000000011
"2018-12-13 09:20:00",2130,-0.00500000000000256
"2018-12-13 09:21:00",1832,0.0200000000000031
"2018-12-13 09:22:00",3400,-0.0249999999999986
"2018-12-13 09:23:00",3893,0.00499999999999545
"2018-12-13 09:24:00",5105,-0.019999999999996
"2018-12-13 09:25:00",4013,0
"2018-12-13 09:26:00",2300,0.0300000000000011
"2018-12-13 09:27:00",4289,-0.00500000000000256
"2018-12-13 09:28:00",2376,-0.0549999999999997
"2018-12-13 09:29:00",5932,-0.0649999999999977
"2018-12-13 09:30:00",3168,-0.0450000000000017
"2018-12-13 09:31:00",3928,0.0249999999999986
"2018-12-13 09:32:00",5178,0.0450000000000017
"2018-12-13 09:33:00",4728,0.0150000000000006
"2018-12-13 09:34:00",5435,-0.0150000000000006
"2018-12-13 09:35:00",4489,0.0599999999999952
"2018-12-13 09:36:00",3915,0.0450000000000017
"2018-12-13 09:37:00",11964,0.00189999999999912
"2018-12-13 09:38:00",13428,-0.0668999999999969
"2018-12-13 09:39:00",34507,-0.0799999999999983
"2018-12-13 09:40:00",11050,-0.0300000000000011
"2018-12-13 09:41:00",10668,0.019999999999996
"2018-12-13 09:42:00",8923,0
"2018-12-13 09:43:00",6438,-9.99999999962142e-05
"2018-12-13 09:44:00",14073,0.0101000000000013
"2018-12-13 09:45:00",4245,0.0399999999999991
"2018-12-13 09:46:00",10923,-0.0300000000000011
"2018-12-13 09:47:00",13929,-0.100000000000001
"2018-12-13 09:48:00",3320,0.0600000000000023
"2018-12-13 09:49:00",7902,0.0300000000000011
"2018-12-13 09:50:00",17408,-0.0700000000000003
"2018-12-13 09:51:00",30890,-0.0100000000000051
"2018-12-13 09:52:00",15495,0.0100000000000051
"2018-12-13 09:53:00",18124,-0.0500000000000043
"2018-12-13 09:54:00",10196,0.0500000000000043
"2018-12-13 09:55:00",6754,0.0599999999999952
"2018-12-13 09:56:00",5394,0.0450000000000017
"2018-12-13 09:57:00",4466,-0.0189999999999984
"2018-12-13 09:58:00",4436,0.0240000000000009
"2018-12-13 09:59:00",4882,0.019999999999996
"2018-12-13 10:00:00",9201,-0.0300000000000011
"2018-12-13 10:01:00",6506,-0.029999999999994
"2018-12-13 10:02:00",3270,-0.0400000000000063
"2018-12-13 10:03:00",4021,0.0100000000000051
"2018-12-13 10:04:00",4772,0.019999999999996
"2018-12-13 10:05:00",2477,0.0200000000000031
"2018-12-13 10:06:00",5400,0.0700000000000003
"2018-12-13 10:07:00",9434,0.00999999999999801
"2018-12-13 10:08:00",4744,0.00999999999999801
"2018-12-13 10:09:00",4508,-0.00999999999999801
"2018-12-13 10:10:00",13950,-0.0700000000000003
"2018-12-13 10:11:00",10964,-0.0300000000000011
"2018-12-13 10:12:00",6077,0
"2018-12-13 10:13:00",3455,0.0399999999999991
"2018-12-13 10:14:00",5969,-0.0399999999999991
"2018-12-13 10:15:00",3665,-0.019999999999996
"2018-12-13 10:16:00",4006,-0.0399999999999991
"2018-12-13 10:17:00",13962,0.0799999999999983
"2018-12-13 10:18:00",2857,-0.0200000000000031
"2018-12-13 10:19:00",4450,-0.00999999999999801
"2018-12-13 10:20:00",3676,0
"2018-12-13 10:21:00",6801,0.0200000000000031
"2018-12-13 10:22:00",8553,-0.0500000000000043
"2018-12-13 10:23:00",6205,0.0300000000000011
"2018-12-13 10:24:00",5447,0
"2018-12-13 10:25:00",4900,0.0399999999999991
"2018-12-13 10:26:00",6100,0.00999999999999801
"2018-12-13 10:27:00",6805,0.0400000000000063
"2018-12-13 10:28:00",3859,-0.0100000000000051
"2018-12-13 10:29:00",6183,-0.0249999999999986
"2018-12-13 10:30:00",10187,0.00999999999999801
"2018-12-13 10:31:00",13821,-0.00919999999999987
"2018-12-13 10:32:00",15555,-0.0457999999999998
"2018-12-13 10:33:00",117545,-0.125
"2018-12-13 10:34:00",21962,0.0850000000000009
"2018-12-13 10:35:00",20818,0.00999999999999801
"2018-12-13 10:36:00",9099,-0.029999999999994
"2018-12-13 10:37:00",15496,-0.0600000000000023
"2018-12-13 10:38:00",10842,0.0200000000000031
"2018-12-13 10:39:00",4712,0.0249999999999986
"2018-12-13 10:40:00",3363,-0.0150000000000006
"2018-12-13 10:41:00",4490,0.0138999999999996
"2018-12-13 10:42:00",4846,-0.0238999999999976
"2018-12-13 10:43:00",8726,0.0999999999999943
"2018-12-13 10:44:00",14107,0.109999999999999
"2018-12-13 10:45:00",8547,-0.0499999999999972
"2018-12-13 10:46:00",6103,-0.0349999999999966
"2018-12-13 10:47:00",2700,0.00999999999999801
"2018-12-13 10:48:00",6028,-0.0150000000000006
"2018-12-13 10:49:00",5838,-0.00500000000000256
"2018-12-13 10:50:00",14603,-0.019999999999996
"2018-12-13 10:51:00",3141,0.019999999999996
"2018-12-13 10:52:00",6260,-0.0249999999999986
"2018-12-13 10:53:00",10287,-0.00999999999999801
"2018-12-13 10:54:00",5165,0.0150000000000006
"2018-12-13 10:55:00",6803,0.0150000000000006
"2018-12-13 10:56:00",5556,-0.0100000000000051
"2018-12-13 10:57:00",9338,0.0350000000000037
"2018-12-13 10:58:00",4300,0.0150000000000006
"2018-12-13 10:59:00",5421,-0.130000000000003
"2018-12-13 11:00:00",12279,0.0150000000000006
"2018-12-13 11:01:00",1866,-0.0249999999999986
"2018-12-13 11:02:00",3422,-0.0399999999999991
"2018-12-13 11:03:00",4904,0.019999999999996
"2018-12-13 11:04:00",9722,-0.00999999999999801
"2018-12-13 11:05:00",10351,0.0150000000000006
"2018-12-13 11:06:00",3404,0.0150000000000006
"2018-12-13 11:07:00",6592,0.0249999999999986
"2018-12-13 11:08:00",3662,-0.0300000000000011
"2018-12-13 11:09:00",3481,0.0150000000000006
"2018-12-13 11:10:00",2600,-0.00500000000000256
"2018-12-13 11:11:00",6844,-0.0149999999999935
"2018-12-13 11:12:00",3912,0.00359999999999872
"2018-12-13 11:13:00",11901,0.0663999999999945
"2018-12-13 11:14:00",20386,0.0650000000000048
"2018-12-13 11:15:00",3603,0
"2018-12-13 11:16:00",19447,0
"2018-12-13 11:17:00",16339,-0.0249999999999986
"2018-12-13 11:18:00",14818,-0.00500000000000256
"2018-12-13 11:19:00",7211,-0.0850000000000009
"2018-12-13 11:20:00",1937,0.0150000000000006
"2018-12-13 11:21:00",2650,-0.00999999999999801
"2018-12-13 11:22:00",8563,0.0349999999999966
"2018-12-13 11:23:00",2578,-0.00499999999999545
"2018-12-13 11:24:00",9198,-0.0350000000000037
"2018-12-13 11:25:00",3165,-0.00999999999999801
"2018-12-13 11:26:00",3400,0
"2018-12-13 11:27:00",2100,-0.0456000000000003
"2018-12-13 11:28:00",3533,-0.00440000000000396
"2018-12-13 11:29:00",1809,0.0300000000000011
"2018-12-13 11:30:00",6234,0.0300000000000011
"2018-12-13 11:31:00",9166,-0.0499999999999972
"2018-12-13 11:32:00",5844,0.019999999999996
"2018-12-13 11:33:00",8625,0.0300000000000011
"2018-12-13 11:34:00",2600,-0.0300000000000011
"2018-12-13 11:35:00",9952,0.0600000000000023
"2018-12-13 11:36:00",5944,0.019999999999996
"2018-12-13 11:37:00",4134,-0.019999999999996
"2018-12-13 11:38:00",5740,0
"2018-12-13 11:39:00",8470,0
"2018-12-13 11:40:00",1304,-0.00999999999999801
"2018-12-13 11:41:00",3829,0.00539999999999452
"2018-12-13 11:42:00",8565,-0.0353999999999957
"2018-12-13 11:43:00",2025,0
"2018-12-13 11:44:00",3902,0
"2018-12-13 11:45:00",3746,-0.00500000000000256
"2018-12-13 11:46:00",3132,0
"2018-12-13 11:47:00",2933,0.0450000000000017
"2018-12-13 11:48:00",2445,0.00500000000000256
"2018-12-13 11:49:00",2800,-0.0100000000000051
"2018-12-13 11:50:00",4296,0
"2018-12-13 11:51:00",8358,-0.0150000000000006
"2018-12-13 11:52:00",1700,0.0100000000000051
"2018-12-13 11:53:00",1909,-0.0399999999999991
"2018-12-13 11:54:00",11753,0
"2018-12-13 11:55:00",2490,0.0149999999999935
"2018-12-13 11:56:00",1625,-0.019999999999996
"2018-12-13 11:57:00",4634,0.0386999999999986
"2018-12-13 11:58:00",6900,0.0187999999999988
"2018-12-13 11:59:00",3250,-0.00750000000000028
"2018-12-13 12:00:00",3000,-0.00499999999999545
"2018-12-13 12:01:00",3149,-0.0399999999999991
"2018-12-13 12:02:00",6533,0.00999999999999801
"2018-12-13 12:03:00",5747,-0.0500000000000043
"2018-12-13 12:04:00",3481,0.0100000000000051
"2018-12-13 12:05:00",3747,-0.0100000000000051
"2018-12-13 12:06:00",6903,0.0150000000000006
"2018-12-13 12:07:00",3757,0.0450000000000017
"2018-12-13 12:08:00",3500,-0.00500000000000256
"2018-12-13 12:09:00",3038,0.0150000000000006
"2018-12-13 12:10:00",1676,-0.0150000000000006
"2018-12-13 12:11:00",4490,-0.0424999999999969
"2018-12-13 12:12:00",9339,0.0063999999999993
"2018-12-13 12:13:00",3495,0.011099999999999
"2018-12-13 12:14:00",2823,0.00500000000000256
"2018-12-13 12:15:00",5353,0.0649999999999977
"2018-12-13 12:16:00",7819,-0.0300000000000011
"2018-12-13 12:17:00",6690,-0.019999999999996
"2018-12-13 12:18:00",4315,0.00999999999999801
"2018-12-13 12:19:00",1604,-0.0150000000000006
"2018-12-13 12:20:00",1500,0.0399999999999991
"2018-12-13 12:21:00",6516,0.00500000000000256
"2018-12-13 12:22:00",5610,-0.00500000000000256
"2018-12-13 12:23:00",1216,0.00500000000000256
"2018-12-13 12:24:00",11281,-0.0300000000000011
"2018-12-13 12:25:00",10281,-0.0456000000000003
"2018-12-13 12:26:00",2563,-0.0294000000000025
"2018-12-13 12:27:00",11994,-0.0149999999999935
"2018-12-13 12:28:00",1426,0.0200999999999993
"2018-12-13 12:29:00",3300,0.0198999999999998
"2018-12-13 12:30:00",9100,0.0700000000000003
"2018-12-13 12:31:00",2903,-0.0300000000000011
"2018-12-13 12:32:00",1913,-0.00999999999999801
"2018-12-13 12:33:00",3791,0
"2018-12-13 12:34:00",5520,0.00599999999999312
"2018-12-13 12:35:00",10367,0.00400000000000489
"2018-12-13 12:36:00",7147,0.0549999999999997
"2018-12-13 12:37:00",9091,-0.0249999999999986
"2018-12-13 12:38:00",7728,0.0127999999999986
"2018-12-13 12:39:00",13315,0.0371999999999986
"2018-12-13 12:40:00",7018,-0.0300000000000011
"2018-12-13 12:41:00",2088,-0.0150000000000006
"2018-12-13 12:42:00",1538,0.0200000000000031
"2018-12-13 12:43:00",4028,-0.0197000000000003
"2018-12-13 12:44:00",3450,-0.0103000000000009
"2018-12-13 12:45:00",3088,-0.0150000000000006
"2018-12-13 12:46:00",2796,0.00999999999999801
"2018-12-13 12:47:00",9711,-0.029999999999994
"2018-12-13 12:48:00",1600,0
"2018-12-13 12:49:00",4929,0
"2018-12-13 12:50:00",3819,0
"2018-12-13 12:51:00",14392,-0.0650000000000048
"2018-12-13 12:52:00",5975,0.0150000000000006
"2018-12-13 12:53:00",2952,-0.0300000000000011
"2018-12-13 12:54:00",2720,-0.00999999999999801
"2018-12-13 12:55:00",2160,0.0200000000000031
"2018-12-13 12:56:00",700,0.00989999999999469
"2018-12-13 12:57:00",5170,-0.0409000000000006
"2018-12-13 12:58:00",3430,0.00600000000000023
"2018-12-13 12:59:00",2281,0.00500000000000256
"2018-12-13 13:00:00",1335,0.0300000000000011
"2018-12-13 13:01:00",2200,-0.0200000000000031
"2018-12-13 13:02:00",3127,0.0200000000000031
"2018-12-13 13:03:00",4050,-0.0150000000000006
"2018-12-13 13:04:00",5453,-0.0350000000000037
"2018-12-13 13:05:00",2621,0.00900000000000034
"2018-12-13 13:06:00",2405,-0.0289999999999964
"2018-12-13 13:07:00",3245,-0.0150000000000006
"2018-12-13 13:08:00",6468,-0.0150000000000006
"2018-12-13 13:09:00",4416,0.0300000000000011
"2018-12-13 13:10:00",2598,-0.022199999999998
"2018-12-13 13:11:00",1800,0.0122
"2018-12-13 13:12:00",3623,0
"2018-12-13 13:13:00",1702,0
"2018-12-13 13:14:00",4888,-0.0250000000000057
"2018-12-13 13:15:00",9813,0.0450000000000017
"2018-12-13 13:16:00",1234,-0.00499999999999545
"2018-12-13 13:17:00",1125,-0.00500000000000256
"2018-12-13 13:18:00",4686,0.0142000000000024
"2018-12-13 13:19:00",3032,-0.0242000000000004
"2018-12-13 13:20:00",24535,-0.0350000000000037
"2018-12-13 13:21:00",3294,0.0500000000000043
"2018-12-13 13:22:00",6161,-0.0100000000000051
"2018-12-13 13:23:00",2276,-0.00999999999999801
"2018-12-13 13:24:00",4191,-0.0187000000000026
"2018-12-13 13:25:00",1375,0.0315000000000012
"2018-12-13 13:26:00",5496,0.0272000000000006
"2018-12-13 13:27:00",8181,-0.0349999999999966
"2018-12-13 13:28:00",19230,0.0949999999999989
"2018-12-13 13:29:00",6995,0.00999999999999801
"2018-12-13 13:30:00",2914,-0.00919999999999987
"2018-12-13 13:31:00",6587,0.00419999999999732
"2018-12-13 13:32:00",9611,0.00500000000000256
"2018-12-13 13:33:00",3200,-0.00999999999999801
"2018-12-13 13:34:00",6047,-0.0249999999999986
"2018-12-13 13:35:00",3150,-0.0328000000000017
"2018-12-13 13:36:00",6848,0.00280000000000058
"2018-12-13 13:37:00",4606,-0.0100000000000051
"2018-12-13 13:38:00",1619,-0.00999999999999801
"2018-12-13 13:39:00",2889,0.00500000000000256
"2018-12-13 13:40:00",2811,0.0249999999999986
"2018-12-13 13:41:00",1599,-0.00679999999999836
"2018-12-13 13:42:00",4606,0.0167999999999964
"2018-12-13 13:43:00",10958,0.0232000000000028
"2018-12-13 13:44:00",2423,-0.018100000000004
"2018-12-13 13:45:00",400,-0.00509999999999877
"2018-12-13 13:46:00",4827,0.0399999999999991
"2018-12-13 13:47:00",11905,0
"2018-12-13 13:48:00",6070,-0.00999999999999801
"2018-12-13 13:49:00",1956,-0.0300000000000011
"2018-12-13 13:50:00",2700,0.0150000000000006
"2018-12-13 13:51:00",9903,0.0650000000000048
"2018-12-13 13:52:00",3600,-0.0250000000000057
"2018-12-13 13:53:00",3041,-0.000399999999999068
"2018-12-13 13:54:00",3637,-0.00959999999999894
"2018-12-13 13:55:00",2895,-0.00999999999999801
"2018-12-13 13:56:00",4665,0.0549999999999997
"2018-12-13 13:57:00",950,0
"2018-12-13 13:58:00",1582,-0.00999999999999801
"2018-12-13 13:59:00",1852,0
"2018-12-13 14:00:00",1139,-0.0200000000000031
"2018-12-13 14:01:00",1839,-0.00999999999999801
"2018-12-13 14:02:00",4639,-0.0100000000000051
"2018-12-13 14:03:00",2088,-0.00999999999999801
"2018-12-13 14:04:00",4455,0.0150000000000006
"2018-12-13 14:05:00",3842,0.0200000000000031
"2018-12-13 14:06:00",3207,-0.0420000000000016
"2018-12-13 14:07:00",10726,0.0169999999999959
"2018-12-13 14:08:00",1925,0
"2018-12-13 14:09:00",3945,-0.0499999999999972
"2018-12-13 14:10:00",2685,-0.00500000000000256
"2018-12-13 14:11:00",2294,0.00500000000000256
"2018-12-13 14:12:00",9289,0
"2018-12-13 14:13:00",16578,0.0499999999999972
"2018-12-13 14:14:00",8320,0.0100000000000051
"2018-12-13 14:15:00",6533,0
"2018-12-13 14:16:00",3300,0.00999999999999801
"2018-12-13 14:17:00",2147,0.00999999999999801
"2018-12-13 14:18:00",6961,0.0200000000000031
"2018-12-13 14:19:00",3200,-0.0200000000000031
"2018-12-13 14:20:00",3993,0.0100000000000051
"2018-12-13 14:21:00",12409,0
"2018-12-13 14:22:00",6895,0
"2018-12-13 14:23:00",10166,0.029999999999994
"2018-12-13 14:24:00",4614,0.0100000000000051
"2018-12-13 14:25:00",4400,0
"2018-12-13 14:26:00",38537,0.029999999999994
"2018-12-13 14:27:00",8492,0
"2018-12-13 14:28:00",8766,-0.019999999999996
"2018-12-13 14:29:00",10164,0.00999999999999801
"2018-12-13 14:30:00",6079,-0.019999999999996
"2018-12-13 14:31:00",3153,0.00999999999999801
"2018-12-13 14:32:00",33836,0.0300000000000011
"2018-12-13 14:33:00",12946,-0.0200000000000031
"2018-12-13 14:34:00",4520,-0.0249999999999986
"2018-12-13 14:35:00",55361,0.0300000000000011
"2018-12-13 14:36:00",16545,-0.00500000000000256
"2018-12-13 14:37:00",11149,0.00999999999999801
"2018-12-13 14:38:00",6773,-0.00999999999999801
"2018-12-13 14:39:00",5108,0.00999999999999801
"2018-12-13 14:40:00",10253,-0.00999999999999801
"2018-12-13 14:41:00",16682,0.00400000000000489
"2018-12-13 14:42:00",23545,0.0209999999999937
"2018-12-13 14:43:00",73866,0
"2018-12-13 14:44:00",39433,0.0250000000000057
"2018-12-13 14:45:00",19656,-0.0100000000000051
"2018-12-13 14:46:00",21634,-0.0233999999999952
"2018-12-13 14:47:00",9105,-0.00160000000000338
"2018-12-13 14:48:00",7864,0.0450000000000017
"2018-12-13 14:49:00",8647,0.00999999999999801
"2018-12-13 14:50:00",11027,0
"2018-12-13 14:51:00",6309,0.0150000000000006
"2018-12-13 14:52:00",3831,-0.00500000000000256
"2018-12-13 14:53:00",15293,-0.0349999999999966
"2018-12-13 14:54:00",16451,0.0349999999999966
"2018-12-13 14:55:00",14679,0
"2018-12-13 14:56:00",9211,0.0250000000000057
"2018-12-13 14:57:00",8700,-0.0250000000000057
"2018-12-13 14:58:00",24611,-0.019999999999996
"2018-12-13 14:59:00",31243,0.019999999999996
"2018-12-13 15:02:00",23604,0
"2018-12-13 15:15:00",0,0
"2018-12-14 08:30:00",69164,-0.289999999999999
"2018-12-14 08:31:00",13631,0.0300000000000011
"2018-12-14 08:32:00",14408,-0.00999999999999801
"2018-12-14 08:33:00",28277,0.0700000000000003
"2018-12-14 08:34:00",19584,-0.100000000000001
"2018-12-14 08:35:00",9243,0.0200000000000031
"2018-12-14 08:36:00",13387,0
"2018-12-14 08:37:00",9355,0.019999999999996
"2018-12-14 08:38:00",9341,0.0500000000000043
"2018-12-14 08:39:00",8300,0.00999999999999801
"2018-12-14 08:40:00",9474,0.0700000000000003
"2018-12-14 08:41:00",14468,-0.0200000000000031
"2018-12-14 08:42:00",10221,0.0500000000000043
"2018-12-14 08:43:00",15099,-0.0399999999999991
"2018-12-14 08:44:00",6014,0.019999999999996
"2018-12-14 08:45:00",8622,-0.0399999999999991
"2018-12-14 08:46:00",21470,0.00999999999999801
"2018-12-14 08:47:00",9005,0.0900000000000034
"2018-12-14 08:48:00",4785,0.00999999999999801
"2018-12-14 08:49:00",18189,0
"2018-12-14 08:50:00",8216,-0.0450000000000017
"2018-12-14 08:51:00",3800,0.0450000000000017
"2018-12-14 08:52:00",4200,0.0300000000000011
"2018-12-14 08:53:00",10028,-0.0399999999999991
"2018-12-14 08:54:00",4840,0.00999999999999801
"2018-12-14 08:55:00",3889,0.0200000000000031
"2018-12-14 08:56:00",4265,-0.00340000000000629
"2018-12-14 08:57:00",8392,-0.0366
"2018-12-14 08:58:00",5559,0.0400000000000063
"2018-12-14 08:59:00",7483,-0.0350000000000037
"2018-12-14 09:00:00",28494,0.0500000000000043
"2018-12-14 09:01:00",21476,0.0649999999999977
"2018-12-14 09:02:00",6394,-0.00999999999999801
"2018-12-14 09:03:00",6832,-0.0300000000000011
"2018-12-14 09:04:00",15142,-0.0100000000000051
"2018-12-14 09:05:00",12811,-0.0399999999999991
"2018-12-14 09:06:00",3200,-0.0150000000000006
"2018-12-14 09:07:00",5987,-0.0150000000000006
"2018-12-14 09:08:00",3722,0.0234000000000023
"2018-12-14 09:09:00",1280,-0.0234000000000023
"2018-12-14 09:10:00",7042,-0.104999999999997
"2018-12-14 09:11:00",4550,-0.00999999999999801
"2018-12-14 09:12:00",2384,-0.0150000000000006
"2018-12-14 09:13:00",2200,-0.0200000000000031
"2018-12-14 09:14:00",2747,0.00500000000000256
"2018-12-14 09:15:00",5918,0.0148999999999972
"2018-12-14 09:16:00",5650,0.0637000000000043
"2018-12-14 09:17:00",3128,-0.0136000000000038
"2018-12-14 09:18:00",3578,-0.0499999999999972
"2018-12-14 09:19:00",16481,0.00999999999999801
"2018-12-14 09:20:00",7267,0.0150000000000006
"2018-12-14 09:21:00",4687,-0.0150000000000006
"2018-12-14 09:22:00",3500,0.0200000000000031
"2018-12-14 09:23:00",17306,-0.0100000000000051
"2018-12-14 09:24:00",9278,0.0150000000000006
"2018-12-14 09:25:00",9888,-0.00499999999999545
"2018-12-14 09:26:00",9118,-0.0399999999999991
"2018-12-14 09:27:00",25149,-0.0300000000000011
"2018-12-14 09:28:00",10181,0.019999999999996
"2018-12-14 09:29:00",22935,0.0100000000000051
"2018-12-14 09:30:00",13034,-0.0400000000000063
"2018-12-14 09:31:00",14207,-0.0399999999999991
"2018-12-14 09:32:00",7305,-0.0300000000000011
"2018-12-14 09:33:00",7856,-0.0399999999999991
"2018-12-14 09:34:00",6828,-0.019999999999996
"2018-12-14 09:35:00",12987,0.019999999999996
"2018-12-14 09:36:00",9506,-0.019999999999996
"2018-12-14 09:37:00",11463,0.0349999999999966
"2018-12-14 09:38:00",10178,0.0249999999999986
"2018-12-14 09:39:00",4822,0.0150000000000006
"2018-12-14 09:40:00",8861,0.0250000000000057
"2018-12-14 09:41:00",3211,-0.0100000000000051
"2018-12-14 09:42:00",8876,-0.0399999999999991
"2018-12-14 09:43:00",6117,0.0099000000000018
"2018-12-14 09:44:00",4350,-0.0399000000000029
"2018-12-14 09:45:00",19973,0
"2018-12-14 09:46:00",15656,0
"2018-12-14 09:47:00",9631,0.0300000000000011
"2018-12-14 09:48:00",5592,-0.00999999999999801
"2018-12-14 09:49:00",3231,0.0549999999999997
"2018-12-14 09:50:00",5271,-0.00999999999999801
"2018-12-14 09:51:00",6234,0.00499999999999545
"2018-12-14 09:52:00",4212,0.0532000000000039
"2018-12-14 09:53:00",7737,-0.0232000000000028
"2018-12-14 09:54:00",2407,-0.00999999999999801
"2018-12-14 09:55:00",4835,-0.0500000000000043
"2018-12-14 09:56:00",7294,0.0400000000000063
"2018-12-14 09:57:00",4897,-0.0250000000000057
"2018-12-14 09:58:00",4007,-0.00169999999999959
"2018-12-14 09:59:00",10474,-0.033299999999997
"2018-12-14 10:00:00",19498,0.00500000000000256
"2018-12-14 10:01:00",3107,0.00499999999999545
"2018-12-14 10:02:00",3267,0.00500000000000256
"2018-12-14 10:03:00",3800,-0.0249999999999986
"2018-12-14 10:04:00",1529,0.0499999999999972
"2018-12-14 10:05:00",4163,0.00500000000000256
"2018-12-14 10:06:00",7389,0.0150000000000006
"2018-12-14 10:07:00",3461,0
"2018-12-14 10:08:00",3200,-0.0500000000000043
"2018-12-14 10:09:00",7200,-0.00499999999999545
"2018-12-14 10:10:00",3523,0.0349999999999966
"2018-12-14 10:11:00",5780,-0.0649999999999977
"2018-12-14 10:12:00",6557,0.00479999999999592
"2018-12-14 10:13:00",10018,0.0102000000000046
"2018-12-14 10:14:00",5799,0.00999999999999801
"2018-12-14 10:15:00",5015,0.019999999999996
"2018-12-14 10:16:00",3978,0.00500000000000256
"2018-12-14 10:17:00",3051,-0.00500000000000256
"2018-12-14 10:18:00",3352,0.00500000000000256
"2018-12-14 10:19:00",3914,-0.0150000000000006
"2018-12-14 10:20:00",8080,0.00999999999999801
"2018-12-14 10:21:00",64660,0.0200000000000031
"2018-12-14 10:22:00",44263,-0.0150000000000006
"2018-12-14 10:23:00",15918,0.00500000000000256
"2018-12-14 10:24:00",88221,-0.0799999999999983
"2018-12-14 10:25:00",19429,-0.110000000000007
"2018-12-14 10:26:00",11004,0.0400000000000063
"2018-12-14 10:27:00",23954,0.00499999999999545
"2018-12-14 10:28:00",11317,0.0150000000000006
"2018-12-14 10:29:00",24765,-0.0399999999999991
"2018-12-14 10:30:00",25025,0.0649999999999977
"2018-12-14 10:31:00",3708,-0.00499999999999545
"2018-12-14 10:32:00",2400,-0.0399999999999991
"2018-12-14 10:33:00",7167,0.019999999999996
"2018-12-14 10:34:00",21560,-0.00999999999999801
"2018-12-14 10:35:00",20111,0.0300000000000011
"2018-12-14 10:36:00",3940,-0.0399999999999991
"2018-12-14 10:37:00",8348,-0.0500000000000043
"2018-12-14 10:38:00",1362,-0.00529999999999831
"2018-12-14 10:39:00",3835,0.00529999999999831
"2018-12-14 10:40:00",1776,0.0300000000000011
"2018-12-14 10:41:00",23298,-0.0300000000000011
"2018-12-14 10:42:00",4400,0.0300000000000011
"2018-12-14 10:43:00",3136,-0.0499999999999972
"2018-12-14 10:44:00",2558,-0.0600000000000023
"2018-12-14 10:45:00",3784,-0.0266999999999982
"2018-12-14 10:46:00",2100,0.0167000000000002
"2018-12-14 10:47:00",3742,-0.0163000000000011
"2018-12-14 10:48:00",3199,0.0163000000000011
"2018-12-14 10:49:00",5791,-0.0500000000000043
"2018-12-14 10:50:00",4600,-0.00999999999999801
"2018-12-14 10:51:00",2812,0.00999999999999801
"2018-12-14 10:52:00",6875,-0.019999999999996
"2018-12-14 10:53:00",31795,0.00499999999999545
"2018-12-14 10:54:00",14729,-0.0150000000000006
"2018-12-14 10:55:00",7790,0.0500000000000043
"2018-12-14 10:56:00",3374,-0.0399999999999991
"2018-12-14 10:57:00",4193,-0.0200000000000031
"2018-12-14 10:58:00",5015,-0.0242000000000004
"2018-12-14 10:59:00",11215,-0.000799999999998136
"2018-12-14 11:00:00",2125,0.0300000000000011
"2018-12-14 11:01:00",6781,0.0150000000000006
"2018-12-14 11:02:00",4045,-0.0590000000000046
"2018-12-14 11:03:00",2522,0.00900000000000034
"2018-12-14 11:04:00",7997,0
"2018-12-14 11:05:00",2000,0.0300000000000011
"2018-12-14 11:06:00",10750,0.00999999999999801
"2018-12-14 11:07:00",3478,-0.029999999999994
"2018-12-14 11:08:00",292,0
"2018-12-14 11:09:00",4470,-0.0100000000000051
"2018-12-14 11:10:00",3039,-0.019999999999996
"2018-12-14 11:11:00",3725,0.0499999999999972
"2018-12-14 11:12:00",3602,0.00999999999999801
"2018-12-14 11:13:00",6363,-0.0599999999999952
"2018-12-14 11:14:00",56146,-0.0600000000000023
"2018-12-14 11:15:00",8901,0.0499999999999972
"2018-12-14 11:16:00",3320,0.00500000000000256
"2018-12-14 11:17:00",4850,0.0350000000000037
"2018-12-14 11:18:00",4778,0.0399999999999991
"2018-12-14 11:19:00",9840,-0.0200000000000031
"2018-12-14 11:20:00",2985,-0.00999999999999801
"2018-12-14 11:21:00",700,0.019999999999996
"2018-12-14 11:22:00",5610,0
"2018-12-14 11:23:00",3715,0.0600000000000023
"2018-12-14 11:24:00",6545,-0.0349999999999966
"2018-12-14 11:25:00",2500,-0.0350000000000037
"2018-12-14 11:26:00",5261,0.0150000000000006
"2018-12-14 11:27:00",6195,0.0150000000000006
"2018-12-14 11:28:00",2064,0.0300000000000011
"2018-12-14 11:29:00",5925,0.019999999999996
"2018-12-14 11:30:00",4367,0.0399999999999991
"2018-12-14 11:31:00",4567,0
"2018-12-14 11:32:00",7045,0.0200000000000031
"2018-12-14 11:33:00",6014,-0.0200000000000031
"2018-12-14 11:34:00",1900,-0.0499999999999972
"2018-12-14 11:35:00",1300,0
"2018-12-14 11:36:00",26900,-0.019999999999996
"2018-12-14 11:37:00",1672,0.029999999999994
"2018-12-14 11:38:00",3723,-0.029999999999994
"2018-12-14 11:39:00",2145,-0.0300000000000011
"2018-12-14 11:40:00",1400,-0.0100000000000051
"2018-12-14 11:41:00",4360,0
"2018-12-14 11:42:00",703,0.00360000000000582
"2018-12-14 11:43:00",5900,0.0163999999999973
"2018-12-14 11:44:00",1978,-0.00999999999999801
"2018-12-14 11:45:00",2261,-0.0125999999999991
"2018-12-14 11:46:00",2400,-0.0124000000000066
"2018-12-14 11:47:00",850,-0.0149999999999935
"2018-12-14 11:48:00",1583,0.0167000000000002
"2018-12-14 11:49:00",1400,0.0132999999999939
"2018-12-14 11:50:00",800,-0.0185999999999993
"2018-12-14 11:51:00",1900,-0.0063999999999993
"2018-12-14 11:52:00",2125,-0.00999999999999801
"2018-12-14 11:53:00",14761,0.00500000000000256
"2018-12-14 11:54:00",31693,0.00999999999999801
"2018-12-14 11:55:00",4500,0.0300000000000011
"2018-12-14 11:56:00",5916,0.0300000000000011
"2018-12-14 11:57:00",2006,-0.0200000000000031
"2018-12-14 11:58:00",2543,-0.017000000000003
"2018-12-14 11:59:00",1121,-0.0229999999999961
"2018-12-14 12:00:00",8632,-0.0300000000000011
"2018-12-14 12:01:00",4778,0.0200000000000031
"2018-12-14 12:02:00",7343,0.029999999999994
"2018-12-14 12:03:00",3998,-0.0399999999999991
"2018-12-14 12:04:00",6749,0.00910000000000366
"2018-12-14 12:05:00",6157,0.0108999999999995
"2018-12-14 12:06:00",2600,0.0249999999999986
"2018-12-14 12:07:00",4480,0.0249999999999986
"2018-12-14 12:08:00",5070,0.0300000000000011
"2018-12-14 12:09:00",3677,0.0249999999999986
"2018-12-14 12:10:00",7843,0.0249999999999986
"2018-12-14 12:11:00",5510,-0.0599999999999952
"2018-12-14 12:12:00",4629,0.0300000000000011
"2018-12-14 12:13:00",3871,0.019999999999996
"2018-12-14 12:14:00",18769,-0.0599999999999952
"2018-12-14 12:15:00",7879,-0.0250000000000057
"2018-12-14 12:16:00",8397,-0.0150000000000006
"2018-12-14 12:17:00",4400,-0.0399999999999991
"2018-12-14 12:18:00",5863,-0.00999999999999801
"2018-12-14 12:19:00",1867,0.00500000000000256
"2018-12-14 12:20:00",2360,0.00499999999999545
"2018-12-14 12:21:00",8752,0
"2018-12-14 12:22:00",7059,-0.0300000000000011
"2018-12-14 12:23:00",5900,-0.00999999999999801
"2018-12-14 12:24:00",2421,-0.0099000000000018
"2018-12-14 12:25:00",400,0.0046999999999997
"2018-12-14 12:26:00",5100,0.0152000000000001
"2018-12-14 12:27:00",1210,-0.00999999999999801
"2018-12-14 12:28:00",3469,-0.00289999999999679
"2018-12-14 12:29:00",3711,-0.0271000000000043
"2018-12-14 12:30:00",2725,0.0200000000000031
"2018-12-14 12:31:00",7860,-0.0200999999999993
"2018-12-14 12:32:00",3018,-0.0299000000000049
"2018-12-14 12:33:00",2617,0
"2018-12-14 12:34:00",8905,-0.019999999999996
"2018-12-14 12:35:00",2805,-0.00679999999999836
"2018-12-14 12:36:00",3777,0.0567999999999955
"2018-12-14 12:37:00",2275,0.0300000000000011
"2018-12-14 12:38:00",3580,-0.00999999999999801
"2018-12-14 12:39:00",2300,-0.0150000000000006
"2018-12-14 12:40:00",1705,0.0349999999999966
"2018-12-14 12:41:00",5087,0
"2018-12-14 12:42:00",1943,0.0100000000000051
"2018-12-14 12:43:00",3230,0
"2018-12-14 12:44:00",1250,-0.0300000000000011
"2018-12-14 12:45:00",26747,-0.00999999999999801
"2018-12-14 12:46:00",11825,0.0150000000000006
"2018-12-14 12:47:00",1645,-0.0415000000000063
"2018-12-14 12:48:00",827,-0.0135000000000005
"2018-12-14 12:49:00",3773,0.0156000000000063
"2018-12-14 12:50:00",2024,0.00439999999999685
"2018-12-14 12:51:00",1676,0.0300000000000011
"2018-12-14 12:52:00",2025,-0.0134000000000043
"2018-12-14 12:53:00",1764,-0.0165999999999968
"2018-12-14 12:54:00",1200,-0.00999999999999801
"2018-12-14 12:55:00",1874,0
"2018-12-14 12:56:00",4760,0
"2018-12-14 12:57:00",1150,0.019999999999996
"2018-12-14 12:58:00",921,0
"2018-12-14 12:59:00",7461,-0.0150000000000006
"2018-12-14 13:00:00",2498,0.00500000000000256
"2018-12-14 13:01:00",4860,0.00900000000000034
"2018-12-14 13:02:00",6113,-0.0290000000000035
"2018-12-14 13:03:00",12824,-0.029999999999994
"2018-12-14 13:04:00",3773,0.00499999999999545
"2018-12-14 13:05:00",1320,0.0112000000000023
"2018-12-14 13:06:00",6420,0.0467000000000013
"2018-12-14 13:07:00",2100,-0.0228999999999999
"2018-12-14 13:08:00",19575,0.00999999999999801
"2018-12-14 13:09:00",2570,0.00500000000000256
"2018-12-14 13:10:00",2118,-0.0250000000000057
"2018-12-14 13:11:00",3132,0.0100000000000051
"2018-12-14 13:12:00",3496,-0.0300000000000011
"2018-12-14 13:13:00",1607,0.019999999999996
"2018-12-14 13:14:00",4204,0.0450000000000017
"2018-12-14 13:15:00",3494,0.0450000000000017
"2018-12-14 13:16:00",3571,-0.00999999999999801
"2018-12-14 13:17:00",4256,-0.0100000000000051
"2018-12-14 13:18:00",3409,-0.00329999999999586
"2018-12-14 13:19:00",4000,-0.00670000000000215
"2018-12-14 13:20:00",2654,0.0174999999999983
"2018-12-14 13:21:00",2520,-0.00750000000000028
"2018-12-14 13:22:00",2133,0.032500000000006
"2018-12-14 13:23:00",1128,-0.0106999999999999
"2018-12-14 13:24:00",5986,-0.0118000000000009
"2018-12-14 13:25:00",10583,-0.0300000000000011
"2018-12-14 13:26:00",7685,-0.0399999999999991
"2018-12-14 13:27:00",9442,-0.0600000000000023
"2018-12-14 13:28:00",14306,0.0799999999999983
"2018-12-14 13:29:00",3500,0.0200000000000031
"2018-12-14 13:30:00",6980,-0.0700000000000003
"2018-12-14 13:31:00",6774,0
"2018-12-14 13:32:00",4256,0
"2018-12-14 13:33:00",5003,0.00500000000000256
"2018-12-14 13:34:00",12877,-0.0150000000000006
"2018-12-14 13:35:00",9878,-0.0100000000000051
"2018-12-14 13:36:00",5746,0.00010000000000332
"2018-12-14 13:37:00",8931,0.0099000000000018
"2018-12-14 13:38:00",4700,-0.0450000000000017
"2018-12-14 13:39:00",7612,-0.0150000000000006
"2018-12-14 13:40:00",8236,0.00999999999999801
"2018-12-14 13:41:00",3353,0.0300000000000011
"2018-12-14 13:42:00",5114,-0.0549999999999997
"2018-12-14 13:43:00",2086,-0.0150000000000006
"2018-12-14 13:44:00",8052,-0.00999999999999801
"2018-12-14 13:45:00",4000,0.0228999999999999
"2018-12-14 13:46:00",5631,-0.0279000000000025
"2018-12-14 13:47:00",3845,-0.0249999999999986
"2018-12-14 13:48:00",12978,0.0399999999999991
"2018-12-14 13:49:00",1500,-0.00999999999999801
"2018-12-14 13:50:00",6894,0.0300000000000011
"2018-12-14 13:51:00",1829,-0.0330000000000013
"2018-12-14 13:52:00",3900,-0.027000000000001
"2018-12-14 13:53:00",7940,0
"2018-12-14 13:54:00",6554,-0.0099000000000018
"2018-12-14 13:55:00",7384,0.059899999999999
"2018-12-14 13:56:00",6977,0.0500000000000043
"2018-12-14 13:57:00",2788,0.00999999999999801
"2018-12-14 13:58:00",5153,-0.019999999999996
"2018-12-14 13:59:00",3571,0.029999999999994
"2018-12-14 14:00:00",39113,0.0300000000000011
"2018-12-14 14:01:00",2847,-0.0300000000000011
"2018-12-14 14:02:00",6591,-0.019999999999996
"2018-12-14 14:03:00",2775,0
"2018-12-14 14:04:00",4592,-0.0200000000000031
"2018-12-14 14:05:00",5156,0.028100000000002
"2018-12-14 14:06:00",3925,0.0319000000000003
"2018-12-14 14:07:00",2319,-0.0200000000000031
"2018-12-14 14:08:00",1825,-0.029999999999994
"2018-12-14 14:09:00",3700,-0.00500000000000256
"2018-12-14 14:10:00",4427,0.0249999999999986
"2018-12-14 14:11:00",8210,0.0799999999999983
"2018-12-14 14:12:00",5360,-0.019999999999996
"2018-12-14 14:13:00",3150,0.00999999999999801
"2018-12-14 14:14:00",2570,-0.0234000000000023
"2018-12-14 14:15:00",4456,-0.00659999999999883
"2018-12-14 14:16:00",2700,-0.00999999999999801
"2018-12-14 14:17:00",2893,0.0099000000000018
"2018-12-14 14:18:00",3656,-0.0299000000000049
"2018-12-14 14:19:00",8228,-0.029999999999994
"2018-12-14 14:20:00",7468,-0.0200000000000031
"2018-12-14 14:21:00",6290,0.0193000000000012
"2018-12-14 14:22:00",4813,-0.0142999999999986
"2018-12-14 14:23:00",3776,0.0150000000000006
"2018-12-14 14:24:00",2432,-0.0099000000000018
"2018-12-14 14:25:00",3910,0.0298999999999978
"2018-12-14 14:26:00",1325,-0.00999999999999801
"2018-12-14 14:27:00",2970,0.00999999999999801
"2018-12-14 14:28:00",2100,-0.00549999999999784
"2018-12-14 14:29:00",3194,-0.0245000000000033
"2018-12-14 14:30:00",5921,0
"2018-12-14 14:31:00",7517,-0.019999999999996
"2018-12-14 14:32:00",8384,-0.0100000000000051
"2018-12-14 14:33:00",8427,-0.0289000000000001
"2018-12-14 14:34:00",29500,-0.021099999999997
"2018-12-14 14:35:00",3217,-0.00999999999999801
"2018-12-14 14:36:00",5536,-0.0100000000000051
"2018-12-14 14:37:00",4725,0
"2018-12-14 14:38:00",4921,0.00500000000000256
"2018-12-14 14:39:00",10552,-0.00500000000000256
"2018-12-14 14:40:00",8515,-0.00999999999999801
"2018-12-14 14:41:00",9289,0
"2018-12-14 14:42:00",16688,-0.0298999999999978
"2018-12-14 14:43:00",18122,-0.00509999999999877
"2018-12-14 14:44:00",14210,-0.00500000000000256
"2018-12-14 14:45:00",15216,-0.00500000000000256
"2018-12-14 14:46:00",20917,0
"2018-12-14 14:47:00",21130,-0.00999999999999801
"2018-12-14 14:48:00",47393,0
"2018-12-14 14:49:00",18444,0.0350000000000037
"2018-12-14 14:50:00",21726,0.0150000000000006
"2018-12-14 14:51:00",10763,0.00499999999999545
"2018-12-14 14:52:00",11657,-0.00999999999999801
"2018-12-14 14:53:00",9138,-0.00500000000000256
"2018-12-14 14:54:00",18048,0.0100000000000051
"2018-12-14 14:55:00",20546,0.0399999999999991
"2018-12-14 14:56:00",21674,-0.0100000000000051
"2018-12-14 14:57:00",44371,0.0150000000000006
"2018-12-14 14:58:00",38269,-0.0150000000000006
"2018-12-14 14:59:00",40926,0.195
"2018-12-14 15:02:00",36766,-0.210000000000001
"2018-12-14 15:15:00",0,0
"2018-12-17 08:30:00",102858,0.460000000000001
"2018-12-17 08:31:00",48074,-0.019999999999996
"2018-12-17 08:32:00",88862,-0.0300000000000011
"2018-12-17 08:33:00",41864,0.0349999999999966
"2018-12-17 08:34:00",23462,0.00500000000000256
"2018-12-17 08:35:00",14088,0
"2018-12-17 08:36:00",26090,-0.00280000000000058
"2018-12-17 08:37:00",42340,-0.0621999999999971
"2018-12-17 08:38:00",26063,0.0150000000000006
"2018-12-17 08:39:00",17002,0.019999999999996
"2018-12-17 08:40:00",41128,0.0598000000000027
"2018-12-17 08:41:00",28106,-0.0647999999999982
"2018-12-17 08:42:00",17458,-0.095000000000006
"2018-12-17 08:43:00",21295,-0.119999999999997
"2018-12-17 08:44:00",11036,0
"2018-12-17 08:45:00",10500,0.0700000000000003
"2018-12-17 08:46:00",12021,0.0120000000000005
"2018-12-17 08:47:00",14127,0.0480000000000018
"2018-12-17 08:48:00",4100,-0.0300000000000011
"2018-12-17 08:49:00",14912,-0.0200000000000031
"2018-12-17 08:50:00",9000,0.0500000000000043
"2018-12-17 08:51:00",11173,-0.0399999999999991
"2018-12-17 08:52:00",7651,0.0499999999999972
"2018-12-17 08:53:00",10034,-0.0499999999999972
"2018-12-17 08:54:00",10310,0
"2018-12-17 08:55:00",13617,0.0399999999999991
"2018-12-17 08:56:00",6418,-0.0200000000000031
"2018-12-17 08:57:00",8175,0.0450000000000017
"2018-12-17 08:58:00",9483,0.0249999999999986
"2018-12-17 08:59:00",9007,-0.0399999999999991
"2018-12-17 09:00:00",7424,-0.0450999999999979
"2018-12-17 09:01:00",8599,0.0351999999999961
"2018-12-17 09:02:00",9257,-0.0300999999999974
"2018-12-17 09:03:00",18866,-0.0300000000000011
"2018-12-17 09:04:00",13035,0.0300000000000011
"2018-12-17 09:05:00",18823,-0.130000000000003
"2018-12-17 09:06:00",12498,0.00999999999999801
"2018-12-17 09:07:00",8860,-0.0499999999999972
"2018-12-17 09:08:00",19943,0
"2018-12-17 09:09:00",32372,-0.00999999999999801
"2018-12-17 09:10:00",28245,0.0349999999999966
"2018-12-17 09:11:00",20952,-0.00499999999999545
"2018-12-17 09:12:00",41290,0.029999999999994
"2018-12-17 09:13:00",23728,0.0100000000000051
"2018-12-17 09:14:00",7801,0.0150000000000006
"2018-12-17 09:15:00",37293,0.0150000000000006
"2018-12-17 09:16:00",7396,-0.0100000000000051
"2018-12-17 09:17:00",7476,-0.0249999999999986
"2018-12-17 09:18:00",10478,-0.0150000000000006
"2018-12-17 09:19:00",17112,-0.0799999999999983
"2018-12-17 09:20:00",8812,0.00999999999999801
"2018-12-17 09:21:00",4300,-0.00999999999999801
"2018-12-17 09:22:00",9459,0
"2018-12-17 09:23:00",10322,0.00240000000000151
"2018-12-17 09:24:00",2716,-0.0224000000000046
"2018-12-17 09:25:00",11200,0.0600000000000023
"2018-12-17 09:26:00",13045,0.0399999999999991
"2018-12-17 09:27:00",7925,0.00500000000000256
"2018-12-17 09:28:00",11827,-0.00500000000000256
"2018-12-17 09:29:00",3479,0.0300000000000011
"2018-12-17 09:30:00",6500,-0.0200000000000031
"2018-12-17 09:31:00",11396,-0.029999999999994
"2018-12-17 09:32:00",5567,0.00999999999999801
"2018-12-17 09:33:00",14248,-0.0399999999999991
"2018-12-17 09:34:00",10136,-0.00999999999999801
"2018-12-17 09:35:00",3640,0.000699999999994816
"2018-12-17 09:36:00",1898,-0.00560000000000116
"2018-12-17 09:37:00",10376,0.0349000000000004
"2018-12-17 09:38:00",4169,-0.00999999999999801
"2018-12-17 09:39:00",6510,0.0350000000000037
"2018-12-17 09:40:00",3833,0.0799999999999983
"2018-12-17 09:41:00",6648,0.0450000000000017
"2018-12-17 09:42:00",23317,0.0700000000000003
"2018-12-17 09:43:00",17753,-0.0200000000000031
"2018-12-17 09:44:00",18978,-0.0450000000000017
"2018-12-17 09:45:00",9632,-0.0749999999999957
"2018-12-17 09:46:00",8539,0.029999999999994
"2018-12-17 09:47:00",5261,-0.0149999999999935
"2018-12-17 09:48:00",10223,-0.0250000000000057
"2018-12-17 09:49:00",3680,0.0200000000000031
"2018-12-17 09:50:00",6330,-0.0150000000000006
"2018-12-17 09:51:00",5983,0.0349999999999966
"2018-12-17 09:52:00",5130,-0.019999999999996
"2018-12-17 09:53:00",12501,-0.00999999999999801
"2018-12-17 09:54:00",5381,0.029999999999994
"2018-12-17 09:55:00",3851,-0.00549999999999784
"2018-12-17 09:56:00",17964,0.0455000000000041
"2018-12-17 09:57:00",8643,0.0399999999999991
"2018-12-17 09:58:00",5070,-0.00500000000000256
"2018-12-17 09:59:00",12978,-0.00999999999999801
"2018-12-17 10:00:00",9154,0.00499999999999545
"2018-12-17 10:01:00",5376,-0.029999999999994
"2018-12-17 10:02:00",4344,0.019999999999996
"2018-12-17 10:03:00",9228,0.0200000000000031
"2018-12-17 10:04:00",19259,0.019999999999996
"2018-12-17 10:05:00",3648,0.0100000000000051
"2018-12-17 10:06:00",3036,0.0499999999999972
"2018-12-17 10:07:00",5200,-0.00999999999999801
"2018-12-17 10:08:00",3014,-0.00670000000000215
"2018-12-17 10:09:00",14366,0.0566999999999993
"2018-12-17 10:10:00",34147,0.0499999999999972
"2018-12-17 10:11:00",7687,-0.029999999999994
"2018-12-17 10:12:00",3313,-0.0300000000000011
"2018-12-17 10:13:00",3807,0.0266999999999982
"2018-12-17 10:14:00",6059,-0.00169999999999959
"2018-12-17 10:15:00",11469,-0.00500000000000256
"2018-12-17 10:16:00",3500,0.0100000000000051
"2018-12-17 10:17:00",34891,0.019999999999996
"2018-12-17 10:18:00",7089,-0.0499999999999972
"2018-12-17 10:19:00",4151,-0.0399999999999991
"2018-12-17 10:20:00",7383,0.00999999999999801
"2018-12-17 10:21:00",11077,-0.00999999999999801
"2018-12-17 10:22:00",8892,-0.0100000000000051
"2018-12-17 10:23:00",2100,0
"2018-12-17 10:24:00",6644,-0.00499999999999545
"2018-12-17 10:25:00",12812,-0.0450000000000017
"2018-12-17 10:26:00",3235,-0.00999999999999801
"2018-12-17 10:27:00",10919,0.019999999999996
"2018-12-17 10:28:00",5995,0.0200000000000031
"2018-12-17 10:29:00",10631,-0.0600000000000023
"2018-12-17 10:30:00",7606,-0.0349999999999966
"2018-12-17 10:31:00",11389,0.00499999999999545
"2018-12-17 10:32:00",20636,0.020700000000005
"2018-12-17 10:33:00",4324,0.00929999999999609
"2018-12-17 10:34:00",8427,0
"2018-12-17 10:35:00",4354,-0.0600000000000023
"2018-12-17 10:36:00",10054,-0.019999999999996
"2018-12-17 10:37:00",3000,0.019999999999996
"2018-12-17 10:38:00",10441,0.0450000000000017
"2018-12-17 10:39:00",14805,0.00500000000000256
"2018-12-17 10:40:00",7810,-0.0200000000000031
"2018-12-17 10:41:00",6567,-0.00359999999999872
"2018-12-17 10:42:00",6624,-0.0264000000000024
"2018-12-17 10:43:00",6498,-0.00419999999999732
"2018-12-17 10:44:00",2534,-0.065800000000003
"2018-12-17 10:45:00",4837,0.0300000000000011
"2018-12-17 10:46:00",6191,-0.00999999999999801
"2018-12-17 10:47:00",3370,0.00999999999999801
"2018-12-17 10:48:00",9259,0.00500000000000256
"2018-12-17 10:49:00",10373,0.0549999999999997
"2018-12-17 10:50:00",17053,0.0150000000000006
"2018-12-17 10:51:00",3597,-0.0690999999999988
"2018-12-17 10:52:00",2664,0.0041000000000011
"2018-12-17 10:53:00",1137,-0.0029000000000039
"2018-12-17 10:54:00",5515,0.0029000000000039
"2018-12-17 10:55:00",4792,0.00499999999999545
"2018-12-17 10:56:00",1620,-0.00999999999999801
"2018-12-17 10:57:00",5700,0.0349999999999966
"2018-12-17 10:58:00",2070,0.0600000000000023
"2018-12-17 10:59:00",4423,0.00999999999999801
"2018-12-17 11:00:00",3345,0.0100000000000051
"2018-12-17 11:01:00",4343,0.00999999999999801
"2018-12-17 11:02:00",1428,0.0200000000000031
"2018-12-17 11:03:00",2414,-0.0200000000000031
"2018-12-17 11:04:00",2775,0
"2018-12-17 11:05:00",3711,0.00999999999999801
"2018-12-17 11:06:00",1250,-0.0150000000000006
"2018-12-17 11:07:00",2095,-0.0150000000000006
"2018-12-17 11:08:00",1196,0.0200000000000031
"2018-12-17 11:09:00",1560,-0.0300000000000011
"2018-12-17 11:10:00",2084,-0.019999999999996
"2018-12-17 11:11:00",2500,-0.0450000000000017
"2018-12-17 11:12:00",5500,-0.0170999999999992
"2018-12-17 11:13:00",1689,-0.0179000000000045
"2018-12-17 11:14:00",6258,-0.0599999999999952
"2018-12-17 11:15:00",2554,0.019999999999996
"2018-12-17 11:16:00",5551,0.00150000000000006
"2018-12-17 11:17:00",6939,0.0485000000000042
"2018-12-17 11:18:00",7910,-0.0100000000000051
"2018-12-17 11:19:00",1000,0
"2018-12-17 11:20:00",2055,0
"2018-12-17 11:21:00",2000,0.0100000000000051
"2018-12-17 11:22:00",3511,-0.0300000000000011
"2018-12-17 11:23:00",4911,-0.0300000000000011
"2018-12-17 11:24:00",2902,0.00999999999999801
"2018-12-17 11:25:00",3042,-0.00999999999999801
"2018-12-17 11:26:00",3916,0.0300000000000011
"2018-12-17 11:27:00",3531,0.019999999999996
"2018-12-17 11:28:00",2808,-0.00999999999999801
"2018-12-17 11:29:00",3570,0.00999999999999801
"2018-12-17 11:30:00",6096,-0.0499999999999972
"2018-12-17 11:31:00",8161,-0.0399999999999991
"2018-12-17 11:32:00",19246,-0.0200000000000031
"2018-12-17 11:33:00",16167,0.0300000000000011
"2018-12-17 11:34:00",6200,0
"2018-12-17 11:35:00",2607,0
"2018-12-17 11:36:00",2989,-0.019999999999996
"2018-12-17 11:37:00",9661,-0.0150000000000006
"2018-12-17 11:38:00",14839,-0.0150000000000006
"2018-12-17 11:39:00",4807,0.00999999999999801
"2018-12-17 11:40:00",3234,0.00500000000000256
"2018-12-17 11:41:00",11862,0.0150000000000006
"2018-12-17 11:42:00",5585,-0.0300000000000011
"2018-12-17 11:43:00",13173,-0.0100000000000051
"2018-12-17 11:44:00",2340,0.0600000000000023
"2018-12-17 11:45:00",3607,0.0200000000000031
"2018-12-17 11:46:00",4335,0.0249999999999986
"2018-12-17 11:47:00",5719,-0.00500000000000256
"2018-12-17 11:48:00",3883,-0.00999999999999801
"2018-12-17 11:49:00",2755,0.0499999999999972
"2018-12-17 11:50:00",6437,0.0399999999999991
"2018-12-17 11:51:00",5586,-0.00999999999999801
"2018-12-17 11:52:00",3471,-0.019999999999996
"2018-12-17 11:53:00",4785,-0.0800000000000054
"2018-12-17 11:54:00",8750,0
"2018-12-17 11:55:00",3600,0.00010000000000332
"2018-12-17 11:56:00",3400,0.0198999999999998
"2018-12-17 11:57:00",2725,0.00999999999999801
"2018-12-17 11:58:00",8083,-0.0499999999999972
"2018-12-17 11:59:00",3366,-0.0200000000000031
"2018-12-17 12:00:00",4045,-0.00999999999999801
"2018-12-17 12:01:00",6978,-0.0600000000000023
"2018-12-17 12:02:00",4369,0.0282000000000053
"2018-12-17 12:03:00",5315,-0.0182000000000002
"2018-12-17 12:04:00",6223,-0.0400000000000063
"2018-12-17 12:05:00",9580,0.0300000000000011
"2018-12-17 12:06:00",5189,0.0399999999999991
"2018-12-17 12:07:00",8852,-0.00999999999999801
"2018-12-17 12:08:00",3610,0.00999999999999801
"2018-12-17 12:09:00",3310,-0.0499999999999972
"2018-12-17 12:10:00",2913,0.0200000000000031
"2018-12-17 12:11:00",7440,-0.0100000000000051
"2018-12-17 12:12:00",4230,0.0200000000000031
"2018-12-17 12:13:00",5215,0.00499999999999545
"2018-12-17 12:14:00",1800,0.0150000000000006
"2018-12-17 12:15:00",3185,-0.0349999999999966
"2018-12-17 12:16:00",3165,-0.00500000000000256
"2018-12-17 12:17:00",2538,0
"2018-12-17 12:18:00",982,0.0200000000000031
"2018-12-17 12:19:00",1502,-0.0200000000000031
"2018-12-17 12:20:00",6284,-0.0399999999999991
"2018-12-17 12:21:00",3142,0
"2018-12-17 12:22:00",3900,0.00999999999999801
"2018-12-17 12:23:00",5756,0.0600000000000023
"2018-12-17 12:24:00",3259,-0.00999999999999801
"2018-12-17 12:25:00",2093,0.00999999999999801
"2018-12-17 12:26:00",4442,-0.0035000000000025
"2018-12-17 12:27:00",1400,-0.0414999999999992
"2018-12-17 12:28:00",5378,-0.00499999999999545
"2018-12-17 12:29:00",5743,-0.0200000000000031
"2018-12-17 12:30:00",3364,0.0700000000000003
"2018-12-17 12:31:00",810,-0.0150000000000006
"2018-12-17 12:32:00",4615,-0.0450000000000017
"2018-12-17 12:33:00",6065,-0.029999999999994
"2018-12-17 12:34:00",4947,-0.0400000000000063
"2018-12-17 12:35:00",3623,0
"2018-12-17 12:36:00",4988,-0.0399999999999991
"2018-12-17 12:37:00",2830,0.0143000000000058
"2018-12-17 12:38:00",4800,0.0156999999999954
"2018-12-17 12:39:00",8631,0.0399999999999991
"2018-12-17 12:40:00",3879,0.0100000000000051
"2018-12-17 12:41:00",6471,0.0499999999999972
"2018-12-17 12:42:00",13424,0.00999999999999801
"2018-12-17 12:43:00",6602,-0.019999999999996
"2018-12-17 12:44:00",5711,-0.0249999999999986
"2018-12-17 12:45:00",6523,-0.0350000000000037
"2018-12-17 12:46:00",6018,-0.035499999999999
"2018-12-17 12:47:00",3461,0.00549999999999784
"2018-12-17 12:48:00",7989,0.0174000000000021
"2018-12-17 12:49:00",8464,0.00260000000000105
"2018-12-17 12:50:00",16221,-0.0300000000000011
"2018-12-17 12:51:00",22130,-0.00999999999999801
"2018-12-17 12:52:00",4204,0.0599999999999952
"2018-12-17 12:53:00",3573,-9.99999999962142e-05
"2018-12-17 12:54:00",3369,-0.0099000000000018
"2018-12-17 12:55:00",2402,0.0399999999999991
"2018-12-17 12:56:00",3229,0.00379999999999825
"2018-12-17 12:57:00",7471,-0.00379999999999825
"2018-12-17 12:58:00",1200,-0.00999999999999801
"2018-12-17 12:59:00",2075,-0.0300000000000011
"2018-12-17 13:00:00",13269,-0.0249999999999986
"2018-12-17 13:01:00",13107,-0.00500000000000256
"2018-12-17 13:02:00",2407,0.0200000000000031
"2018-12-17 13:03:00",6819,-0.0600000000000023
"2018-12-17 13:04:00",9939,-0.0150000000000006
"2018-12-17 13:05:00",6696,0.0249999999999986
"2018-12-17 13:06:00",5757,-0.0150000000000006
"2018-12-17 13:07:00",5794,0.0549999999999997
"2018-12-17 13:08:00",8636,0.00500000000000256
"2018-12-17 13:09:00",6393,-0.0150000000000006
"2018-12-17 13:10:00",6212,0.0350000000000037
"2018-12-17 13:11:00",2200,-0.0150000000000006
"2018-12-17 13:12:00",4093,-0.00500000000000256
"2018-12-17 13:13:00",5841,-0.0249999999999986
"2018-12-17 13:14:00",3047,0.0349999999999966
"2018-12-17 13:15:00",3523,-0.0349999999999966
"2018-12-17 13:16:00",9144,0.019999999999996
"2018-12-17 13:17:00",6221,-0.0167999999999964
"2018-12-17 13:18:00",3449,-0.00319999999999965
"2018-12-17 13:19:00",22807,-0.0200000000000031
"2018-12-17 13:20:00",8189,0.0200000000000031
"2018-12-17 13:21:00",8473,0.0799999999999983
"2018-12-17 13:22:00",6644,0
"2018-12-17 13:23:00",4691,-0.0300000000000011
"2018-12-17 13:24:00",6741,-0.0300000000000011
"2018-12-17 13:25:00",6207,0.0200000000000031
"2018-12-17 13:26:00",3776,0.0300000000000011
"2018-12-17 13:27:00",3082,-0.0500000000000043
"2018-12-17 13:28:00",8556,-0.0272999999999968
"2018-12-17 13:29:00",6403,-0.00269999999999726
"2018-12-17 13:30:00",4736,-0.0200000000000031
"2018-12-17 13:31:00",2174,-0.0150000000000006
"2018-12-17 13:32:00",4760,0.0350000000000037
"2018-12-17 13:33:00",1922,0.019999999999996
"2018-12-17 13:34:00",10468,-0.0399999999999991
"2018-12-17 13:35:00",4361,-0.0300000000000011
"2018-12-17 13:36:00",15428,-0.0599999999999952
"2018-12-17 13:37:00",30732,-0.0300000000000011
"2018-12-17 13:38:00",15467,0
"2018-12-17 13:39:00",6856,-0.0300000000000011
"2018-12-17 13:40:00",8055,0.0399999999999991
"2018-12-17 13:41:00",3108,0.00999999999999801
"2018-12-17 13:42:00",6935,-0.00999999999999801
"2018-12-17 13:43:00",3294,-0.0300000000000011
"2018-12-17 13:44:00",4818,-0.0300000000000011
"2018-12-17 13:45:00",3899,0.0300000000000011
"2018-12-17 13:46:00",2871,0.00999999999999801
"2018-12-17 13:47:00",6730,-0.019999999999996
"2018-12-17 13:48:00",2538,-0.00900000000000034
"2018-12-17 13:49:00",1933,-0.00600000000000023
"2018-12-17 13:50:00",17596,-0.0450000000000017
"2018-12-17 13:51:00",8034,-0.0150000000000006
"2018-12-17 13:52:00",7112,0.00500000000000256
"2018-12-17 13:53:00",10722,-0.00999999999999801
"2018-12-17 13:54:00",7627,-0.0300000000000011
"2018-12-17 13:55:00",7488,0.0300000000000011
"2018-12-17 13:56:00",11106,0.019999999999996
"2018-12-17 13:57:00",5458,-0.019999999999996
"2018-12-17 13:58:00",4200,-0.00390000000000157
"2018-12-17 13:59:00",4255,0.0563999999999965
"2018-12-17 14:00:00",2086,-0.0225000000000009
"2018-12-17 14:01:00",4220,0.0339000000000027
"2018-12-17 14:02:00",3651,0.0411000000000001
"2018-12-17 14:03:00",7048,-0.0249999999999986
"2018-12-17 14:04:00",3072,-0.0249999999999986
"2018-12-17 14:05:00",4512,-0.00500000000000256
"2018-12-17 14:06:00",16007,0.0600000000000023
"2018-12-17 14:07:00",9009,-0.0800000000000054
"2018-12-17 14:08:00",11781,-0.019999999999996
"2018-12-17 14:09:00",11778,-0.0499999999999972
"2018-12-17 14:10:00",13863,0.0649999999999977
"2018-12-17 14:11:00",5386,0.0249999999999986
"2018-12-17 14:12:00",6790,0.0200000000000031
"2018-12-17 14:13:00",10548,-0.0600000000000023
"2018-12-17 14:14:00",6354,-0.0245999999999995
"2018-12-17 14:15:00",12978,-0.0153999999999996
"2018-12-17 14:16:00",7175,-0.0138999999999996
"2018-12-17 14:17:00",12366,0.00390000000000157
"2018-12-17 14:18:00",36958,0.00499999999999545
"2018-12-17 14:19:00",9188,-0.019999999999996
"2018-12-17 14:20:00",8424,-0.00500000000000256
"2018-12-17 14:21:00",9553,-0.00500000000000256
"2018-12-17 14:22:00",10192,-0.0449999999999946
"2018-12-17 14:23:00",10089,-0.0200000000000031
"2018-12-17 14:24:00",10667,0.0041000000000011
"2018-12-17 14:25:00",17430,-0.0140999999999991
"2018-12-17 14:26:00",12035,-0.0200000000000031
"2018-12-17 14:27:00",7483,-0.0249999999999986
"2018-12-17 14:28:00",10421,-0.0150000000000006
"2018-12-17 14:29:00",9626,0.0499999999999972
"2018-12-17 14:30:00",17621,-0.0559999999999974
"2018-12-17 14:31:00",11105,-0.0289999999999964
"2018-12-17 14:32:00",14618,0.0349999999999966
"2018-12-17 14:33:00",8192,-0.0150000000000006
"2018-12-17 14:34:00",13029,-0.0300000000000011
"2018-12-17 14:35:00",17509,-0.0150000000000006
"2018-12-17 14:36:00",8114,0.0250000000000057
"2018-12-17 14:37:00",21508,0.0249999999999986
"2018-12-17 14:38:00",10930,-0.0300000000000011
"2018-12-17 14:39:00",15697,-0.0350000000000037
"2018-12-17 14:40:00",11101,-0.00979999999999848
"2018-12-17 14:41:00",11065,0.0397999999999996
"2018-12-17 14:42:00",7900,-0.0249999999999986
"2018-12-17 14:43:00",19366,0
"2018-12-17 14:44:00",11144,-0.0249999999999986
"2018-12-17 14:45:00",18855,0.0399999999999991
"2018-12-17 14:46:00",14811,-0.0300000000000011
"2018-12-17 14:47:00",24287,-0.0499999999999972
"2018-12-17 14:48:00",16956,-0.0100000000000051
"2018-12-17 14:49:00",18201,0.0150000000000006
"2018-12-17 14:50:00",20052,0
"2018-12-17 14:51:00",19893,0.0400000000000063
"2018-12-17 14:52:00",19231,-0.0100000000000051
"2018-12-17 14:53:00",39660,0.0549999999999997
"2018-12-17 14:54:00",25614,-0.0249999999999986
"2018-12-17 14:55:00",50898,0.0499999999999972
"2018-12-17 14:56:00",36019,-0.0274999999999963
"2018-12-17 14:57:00",46121,0.0574999999999974
"2018-12-17 14:58:00",56947,0.0350000000000037
"2018-12-17 14:59:00",50974,0.174999999999997
"2018-12-17 15:02:00",39183,-0.189999999999998
"2018-12-17 15:15:00",0,0
"2018-12-18 08:30:00",79526,-0.0700000000000003
"2018-12-18 08:31:00",21946,0.00999999999999801
"2018-12-18 08:32:00",20710,0
"2018-12-18 08:33:00",14924,-0.0599999999999952
"2018-12-18 08:34:00",55670,-0.0700000000000003
"2018-12-18 08:35:00",19387,-0.100000000000001
"2018-12-18 08:36:00",13983,0.0300000000000011
"2018-12-18 08:37:00",16908,0.029999999999994
"2018-12-18 08:38:00",17432,-0.0149999999999935
"2018-12-18 08:39:00",13743,0.0449999999999946
"2018-12-18 08:40:00",16898,-0.00999999999999801
"2018-12-18 08:41:00",15969,-0.0499999999999972
"2018-12-18 08:42:00",5152,0.029999999999994
"2018-12-18 08:43:00",4834,0.0150000000000006
"2018-12-18 08:44:00",9503,-0.0249999999999986
"2018-12-18 08:45:00",11626,-0.00999999999999801
"2018-12-18 08:46:00",10735,0.119999999999997
"2018-12-18 08:47:00",7708,-0.0126999999999953
"2018-12-18 08:48:00",8730,-0.067300000000003
"2018-12-18 08:49:00",6185,0
"2018-12-18 08:50:00",6155,-0.0399999999999991
"2018-12-18 08:51:00",5888,0.00999999999999801
"2018-12-18 08:52:00",6344,0.0350000000000037
"2018-12-18 08:53:00",6356,0.0850000000000009
"2018-12-18 08:54:00",8318,0.00999999999999801
"2018-12-18 08:55:00",5723,-0.00500000000000256
"2018-12-18 08:56:00",4684,0.0150000000000006
"2018-12-18 08:57:00",4710,-0.019999999999996
"2018-12-18 08:58:00",4677,-0.0100000000000051
"2018-12-18 08:59:00",5263,-0.0300000000000011
"2018-12-18 09:00:00",8616,0.0100000000000051
"2018-12-18 09:01:00",9887,-0.0200000000000031
"2018-12-18 09:02:00",11112,0.0450000000000017
"2018-12-18 09:03:00",5993,-0.0125999999999991
"2018-12-18 09:04:00",6791,0.0075999999999965
"2018-12-18 09:05:00",6896,0.0200000000000031
"2018-12-18 09:06:00",9227,0.0349999999999966
"2018-12-18 09:07:00",11253,0.0350000000000037
"2018-12-18 09:08:00",10245,-0.0399999999999991
"2018-12-18 09:09:00",5090,-0.0200000000000031
"2018-12-18 09:10:00",7643,-0.0499999999999972
"2018-12-18 09:11:00",6426,-0.0600000000000023
"2018-12-18 09:12:00",8447,0.0300000000000011
"2018-12-18 09:13:00",12140,0.019999999999996
"2018-12-18 09:14:00",5726,0.00500000000000256
"2018-12-18 09:15:00",4928,0.0249999999999986
"2018-12-18 09:16:00",5769,0.00679999999999836
"2018-12-18 09:17:00",5729,-0.0617999999999981
"2018-12-18 09:18:00",7208,-0.0249999999999986
"2018-12-18 09:19:00",5373,0.0499999999999972
"2018-12-18 09:20:00",9970,-0.0399999999999991
"2018-12-18 09:21:00",6837,-0.019999999999996
"2018-12-18 09:22:00",5566,0.019999999999996
"2018-12-18 09:23:00",3455,-0.00499999999999545
"2018-12-18 09:24:00",7876,0.0349999999999966
"2018-12-18 09:25:00",31602,0.00999999999999801
"2018-12-18 09:26:00",5040,-0.029999999999994
"2018-12-18 09:27:00",5136,0.0286999999999935
"2018-12-18 09:28:00",5829,-0.00869999999999749
"2018-12-18 09:29:00",10476,0.0300000000000011
"2018-12-18 09:30:00",7650,0.0349999999999966
"2018-12-18 09:31:00",5477,-0.0149999999999935
"2018-12-18 09:32:00",9343,0.00499999999999545
"2018-12-18 09:33:00",11089,0.0399999999999991
"2018-12-18 09:34:00",6219,0
"2018-12-18 09:35:00",15199,-0.0499999999999972
"2018-12-18 09:36:00",4692,-0.0249999999999986
"2018-12-18 09:37:00",4160,-0.0500000000000043
"2018-12-18 09:38:00",6251,-0.0150000000000006
"2018-12-18 09:39:00",9470,-0.0339999999999989
"2018-12-18 09:40:00",9693,-0.0109999999999957
"2018-12-18 09:41:00",11411,-0.0600000000000023
"2018-12-18 09:42:00",25185,-0.0208999999999975
"2018-12-18 09:43:00",11105,-0.0341000000000022
"2018-12-18 09:44:00",5168,0.0150000000000006
"2018-12-18 09:45:00",12224,-0.0399999999999991
"2018-12-18 09:46:00",16586,-0.059899999999999
"2018-12-18 09:47:00",23327,-0.0201000000000064
"2018-12-18 09:48:00",11708,-0.00999999999999801
"2018-12-18 09:49:00",20437,0.00999999999999801
"2018-12-18 09:50:00",7963,-0.019999999999996
"2018-12-18 09:51:00",20403,-0.0300000000000011
"2018-12-18 09:52:00",21248,0
"2018-12-18 09:53:00",10804,0.00300000000000011
"2018-12-18 09:54:00",22677,0.0420000000000016
"2018-12-18 09:55:00",10641,-0.0249999999999986
"2018-12-18 09:56:00",6783,-0.0200000000000031
"2018-12-18 09:57:00",24470,0.0249999999999986
"2018-12-18 09:58:00",52364,0.0450000000000017
"2018-12-18 09:59:00",35103,0.0200000000000031
"2018-12-18 10:00:00",9577,-0.00710000000000122
"2018-12-18 10:01:00",7555,-0.000399999999999068
"2018-12-18 10:02:00",9860,0.0274999999999963
"2018-12-18 10:03:00",27603,-0.0700000000000003
"2018-12-18 10:04:00",17521,0.00999999999999801
"2018-12-18 10:05:00",18085,0.0549999999999997
"2018-12-18 10:06:00",3679,-0.0149999999999935
"2018-12-18 10:07:00",11729,0.019999999999996
"2018-12-18 10:08:00",3416,-0.0300000000000011
"2018-12-18 10:09:00",3887,0
"2018-12-18 10:10:00",3391,0.0100000000000051
"2018-12-18 10:11:00",8631,0.00999999999999801
"2018-12-18 10:12:00",13666,0
"2018-12-18 10:13:00",2727,0.019999999999996
"2018-12-18 10:14:00",6243,0.0200000000000031
"2018-12-18 10:15:00",8597,-0.0300000000000011
"2018-12-18 10:16:00",10988,0
"2018-12-18 10:17:00",7477,-0.00999999999999801
"2018-12-18 10:18:00",5466,0.0140999999999991
"2018-12-18 10:19:00",17717,0.035899999999998
"2018-12-18 10:20:00",20484,-0.0399999999999991
"2018-12-18 10:21:00",29351,-0.0249999999999986
"2018-12-18 10:22:00",9263,0.00739999999999696
"2018-12-18 10:23:00",18794,0.0076000000000036
"2018-12-18 10:24:00",14732,0.00999999999999801
"2018-12-18 10:25:00",25203,0
"2018-12-18 10:26:00",11784,-0.019999999999996
"2018-12-18 10:27:00",40264,0.0323999999999955
"2018-12-18 10:28:00",24549,0.0426000000000002
"2018-12-18 10:29:00",48876,-0.00499999999999545
"2018-12-18 10:30:00",44709,0.019999999999996
"2018-12-18 10:31:00",42016,-0.0600000000000023
"2018-12-18 10:32:00",48429,0.0400000000000063
"2018-12-18 10:33:00",26556,0
"2018-12-18 10:34:00",28529,-0.0150000000000006
"2018-12-18 10:35:00",48375,-0.0400000000000063
"2018-12-18 10:36:00",7892,0
"2018-12-18 10:37:00",11764,-0.00289999999999679
"2018-12-18 10:38:00",13199,-0.0221000000000018
"2018-12-18 10:39:00",8635,0.00500000000000256
"2018-12-18 10:40:00",18613,-0.0549999999999997
"2018-12-18 10:41:00",9850,-0.00450000000000017
"2018-12-18 10:42:00",4246,-0.0206000000000017
"2018-12-18 10:43:00",9700,-0.0349000000000004
"2018-12-18 10:44:00",8835,-0.0268000000000015
"2018-12-18 10:45:00",11006,0.0268000000000015
"2018-12-18 10:46:00",5960,-9.99999999962142e-05
"2018-12-18 10:47:00",3985,9.99999999962142e-05
"2018-12-18 10:48:00",5989,0.0200000000000031
"2018-12-18 10:49:00",9527,0.0249999999999986
"2018-12-18 10:50:00",5357,0.0150000000000006
"2018-12-18 10:51:00",4615,-0.00999999999999801
"2018-12-18 10:52:00",3593,-0.0300000000000011
"2018-12-18 10:53:00",6181,-0.0200000000000031
"2018-12-18 10:54:00",6210,-0.0300000000000011
"2018-12-18 10:55:00",4361,0.0100000000000051
"2018-12-18 10:56:00",6546,0.00999999999999801
"2018-12-18 10:57:00",19533,0.00999999999999801
"2018-12-18 10:58:00",15700,-0.00999999999999801
"2018-12-18 10:59:00",80079,-0.0200000000000031
"2018-12-18 11:00:00",6125,0.0249000000000024
"2018-12-18 11:01:00",1975,0.00509999999999877
"2018-12-18 11:02:00",3796,0
"2018-12-18 11:03:00",8206,-0.0300000000000011
"2018-12-18 11:04:00",13425,0.0300000000000011
"2018-12-18 11:05:00",10974,0.130000000000003
"2018-12-18 11:06:00",11914,-0.00999999999999801
"2018-12-18 11:07:00",7979,-0.0265000000000057
"2018-12-18 11:08:00",14466,0.00650000000000261
"2018-12-18 11:09:00",5768,0.0390000000000015
"2018-12-18 11:10:00",9055,0.0409999999999968
"2018-12-18 11:11:00",4373,-0.0249999999999986
"2018-12-18 11:12:00",4000,0.0150000000000006
"2018-12-18 11:13:00",3845,0
"2018-12-18 11:14:00",3644,-0.00999999999999801
"2018-12-18 11:15:00",3115,0.019999999999996
"2018-12-18 11:16:00",4250,0.0399999999999991
"2018-12-18 11:17:00",2300,-0.00999999999999801
"2018-12-18 11:18:00",14046,-0.019999999999996
"2018-12-18 11:19:00",17184,0.0399999999999991
"2018-12-18 11:20:00",5146,0.019999999999996
"2018-12-18 11:21:00",3254,-0.0169999999999959
"2018-12-18 11:22:00",5896,-0.0180000000000007
"2018-12-18 11:23:00",2315,-0.0150000000000006
"2018-12-18 11:24:00",1989,0.00999999999999801
"2018-12-18 11:25:00",1440,0.00999999999999801
"2018-12-18 11:26:00",3897,-0.0249999999999986
"2018-12-18 11:27:00",6048,0.0249999999999986
"2018-12-18 11:28:00",3294,-0.0499999999999972
"2018-12-18 11:29:00",1407,0.0300000000000011
"2018-12-18 11:30:00",3640,-0.00999999999999801
"2018-12-18 11:31:00",3463,0.0499999999999972
"2018-12-18 11:32:00",4472,0
"2018-12-18 11:33:00",3262,0.0063999999999993
"2018-12-18 11:34:00",40019,-0.051400000000001
"2018-12-18 11:35:00",10481,0.0150000000000006
"2018-12-18 11:36:00",9326,0.0442999999999998
"2018-12-18 11:37:00",9761,0.0140999999999991
"2018-12-18 11:38:00",5801,-0.0133999999999972
"2018-12-18 11:39:00",6388,-0.00010000000000332
"2018-12-18 11:40:00",7565,0.00390000000000157
"2018-12-18 11:41:00",16868,0.0011999999999972
"2018-12-18 11:42:00",11897,-0.019999999999996
"2018-12-18 11:43:00",12889,0.0499999999999972
"2018-12-18 11:44:00",3695,-0.0300000000000011
"2018-12-18 11:45:00",8159,0.0463000000000022
"2018-12-18 11:46:00",10254,-0.00939999999999941
"2018-12-18 11:47:00",15153,0.0431000000000026
"2018-12-18 11:48:00",12170,0
"2018-12-18 11:49:00",3969,0.0253999999999976
"2018-12-18 11:50:00",8417,-0.0153999999999996
"2018-12-18 11:51:00",3457,-0.00999999999999801
"2018-12-18 11:52:00",3381,0.00260000000000105
"2018-12-18 11:53:00",2800,0.00739999999999696
"2018-12-18 11:54:00",9030,0.00999999999999801
"2018-12-18 11:55:00",2200,-0.019999999999996
"2018-12-18 11:56:00",3945,-0.0100000000000051
"2018-12-18 11:57:00",3310,-0.0399999999999991
"2018-12-18 11:58:00",4773,0.00500000000000256
"2018-12-18 11:59:00",2175,-0.0150000000000006
"2018-12-18 12:00:00",2300,-0.0131999999999977
"2018-12-18 12:01:00",4736,0.0131999999999977
"2018-12-18 12:02:00",3874,0.00500000000000256
"2018-12-18 12:03:00",7724,-0.0150000000000006
"2018-12-18 12:04:00",6038,-0.0100000000000051
"2018-12-18 12:05:00",2877,0
"2018-12-18 12:06:00",1208,-0.0249999999999986
"2018-12-18 12:07:00",5471,-0.0129999999999981
"2018-12-18 12:08:00",900,0.00139999999999674
"2018-12-18 12:09:00",2974,-0.0133999999999972
"2018-12-18 12:10:00",4508,0.0450000000000017
"2018-12-18 12:11:00",3000,-0.00500000000000256
"2018-12-18 12:12:00",1696,0.00500000000000256
"2018-12-18 12:13:00",616,-0.0150000000000006
"2018-12-18 12:14:00",1500,0
"2018-12-18 12:15:00",2290,-0.0600000000000023
"2018-12-18 12:16:00",9875,0.0183000000000035
"2018-12-18 12:17:00",2850,-0.0119000000000042
"2018-12-18 12:18:00",2578,0.0104000000000042
"2018-12-18 12:19:00",1632,-0.0168000000000035
"2018-12-18 12:20:00",4803,-0.0150000000000006
"2018-12-18 12:21:00",15637,-0.0150000000000006
"2018-12-18 12:22:00",3650,-0.00999999999999801
"2018-12-18 12:23:00",5976,0.0200000000000031
"2018-12-18 12:24:00",4035,0.00999999999999801
"2018-12-18 12:25:00",2773,-0.0253000000000014
"2018-12-18 12:26:00",8431,0.0304000000000002
"2018-12-18 12:27:00",5666,-0.0193999999999974
"2018-12-18 12:28:00",4116,-0.00890000000000413
"2018-12-18 12:29:00",3575,0.0232000000000028
"2018-12-18 12:30:00",11649,-0.0138000000000034
"2018-12-18 12:31:00",11700,0.0138000000000034
"2018-12-18 12:32:00",1000,-0.00999999999999801
"2018-12-18 12:33:00",864,0.00999999999999801
"2018-12-18 12:34:00",8369,0.00500000000000256
"2018-12-18 12:35:00",36684,0.0349999999999966
"2018-12-18 12:36:00",1363,0.00999999999999801
"2018-12-18 12:37:00",6143,0.0100000000000051
"2018-12-18 12:38:00",1500,0.0069999999999979
"2018-12-18 12:39:00",2081,-0.0245000000000033
"2018-12-18 12:40:00",2226,0.0125000000000028
"2018-12-18 12:41:00",876,-0.0204000000000022
"2018-12-18 12:42:00",6402,-0.0245999999999995
"2018-12-18 12:43:00",3735,-0.0300000000000011
"2018-12-18 12:44:00",2600,0.0150000000000006
"2018-12-18 12:45:00",17130,0.00500000000000256
"2018-12-18 12:46:00",5480,-0.00999999999999801
"2018-12-18 12:47:00",15406,-0.0200000000000031
"2018-12-18 12:48:00",6998,0
"2018-12-18 12:49:00",6767,0.0099000000000018
"2018-12-18 12:50:00",3943,-0.0347000000000008
"2018-12-18 12:51:00",43212,-0.0152000000000001
"2018-12-18 12:52:00",25308,-0.0600000000000023
"2018-12-18 12:53:00",27395,0.0100000000000051
"2018-12-18 12:54:00",6975,0.0362999999999971
"2018-12-18 12:55:00",7226,-0.0437999999999974
"2018-12-18 12:56:00",4012,-0.00660000000000593
"2018-12-18 12:57:00",6349,0.0141000000000062
"2018-12-18 12:58:00",672,-0.0136000000000038
"2018-12-18 12:59:00",3500,0.0185999999999993
"2018-12-18 13:00:00",10953,0.0249999999999986
"2018-12-18 13:01:00",6340,0.0500000000000043
"2018-12-18 13:02:00",12102,0.00499999999999545
"2018-12-18 13:03:00",14092,-0.00499999999999545
"2018-12-18 13:04:00",9177,0.00499999999999545
"2018-12-18 13:05:00",11340,-0.0249999999999986
"2018-12-18 13:06:00",6315,0.0300000000000011
"2018-12-18 13:07:00",2410,-0.00999999999999801
"2018-12-18 13:08:00",2130,0
"2018-12-18 13:09:00",7709,0.0300000000000011
"2018-12-18 13:10:00",3201,-0.0100000000000051
"2018-12-18 13:11:00",2646,0.0200999999999993
"2018-12-18 13:12:00",8433,-9.99999999962142e-05
"2018-12-18 13:13:00",3387,-0.0350000000000037
"2018-12-18 13:14:00",6698,-0.0399999999999991
"2018-12-18 13:15:00",4062,0
"2018-12-18 13:16:00",3571,-0.029999999999994
"2018-12-18 13:17:00",7706,-0.00200000000000244
"2018-12-18 13:18:00",9506,-0.0330000000000013
"2018-12-18 13:19:00",12656,0.0200000000000031
"2018-12-18 13:20:00",8658,-0.0200000000000031
"2018-12-18 13:21:00",4366,-0.00999999999999801
"2018-12-18 13:22:00",5969,0
"2018-12-18 13:23:00",5257,-0.0249999999999986
"2018-12-18 13:24:00",3828,-0.0400000000000063
"2018-12-18 13:25:00",11187,0.0183000000000035
"2018-12-18 13:26:00",7621,0.000300000000002854
"2018-12-18 13:27:00",16385,-0.030300000000004
"2018-12-18 13:28:00",6552,-0.033299999999997
"2018-12-18 13:29:00",5750,0.0150000000000006
"2018-12-18 13:30:00",8134,0.0499999999999972
"2018-12-18 13:31:00",4145,-0.0300000000000011
"2018-12-18 13:32:00",3690,-0.0150000000000006
"2018-12-18 13:33:00",4135,-0.0399999999999991
"2018-12-18 13:34:00",9256,-0.019999999999996
"2018-12-18 13:35:00",16901,0.029999999999994
"2018-12-18 13:36:00",6477,0
"2018-12-18 13:37:00",4730,0.00500000000000256
"2018-12-18 13:38:00",5585,0.00999999999999801
"2018-12-18 13:39:00",8823,0.00500000000000256
"2018-12-18 13:40:00",7036,-0.0350000000000037
"2018-12-18 13:41:00",13929,-0.0249999999999986
"2018-12-18 13:42:00",35278,-0.0449999999999946
"2018-12-18 13:43:00",13518,-0.0350000000000037
"2018-12-18 13:44:00",34669,-0.0700000000000003
"2018-12-18 13:45:00",12437,0.0549999999999997
"2018-12-18 13:46:00",11870,0.0200000000000031
"2018-12-18 13:47:00",5366,-0.00500000000000256
"2018-12-18 13:48:00",7979,0.00500000000000256
"2018-12-18 13:49:00",11899,0.0449999999999946
"2018-12-18 13:50:00",3958,0.0200000000000031
"2018-12-18 13:51:00",4123,-0.0366
"2018-12-18 13:52:00",4746,-0.0334000000000003
"2018-12-18 13:53:00",3857,0.00999999999999801
"2018-12-18 13:54:00",36428,0.00590000000000401
"2018-12-18 13:55:00",11393,-0.0459000000000032
"2018-12-18 13:56:00",16925,-0.0399999999999991
"2018-12-18 13:57:00",11676,0
"2018-12-18 13:58:00",13327,-0.0300000000000011
"2018-12-18 13:59:00",12333,-0.019999999999996
"2018-12-18 14:00:00",22537,0.00499999999999545
"2018-12-18 14:01:00",21645,0
"2018-12-18 14:02:00",6733,0.0500000000000043
"2018-12-18 14:03:00",11102,0.0349999999999966
"2018-12-18 14:04:00",21345,-0.0150000000000006
"2018-12-18 14:05:00",4425,-0.0449999999999946
"2018-12-18 14:06:00",25660,0.0186999999999955
"2018-12-18 14:07:00",17630,0.0112999999999985
"2018-12-18 14:08:00",11402,-0.0649999999999977
"2018-12-18 14:09:00",17886,0.0300000000000011
"2018-12-18 14:10:00",15838,0.0249999999999986
"2018-12-18 14:11:00",7627,0.0189999999999984
"2018-12-18 14:12:00",7921,0.0360000000000014
"2018-12-18 14:13:00",11342,-0.00500000000000256
"2018-12-18 14:14:00",25731,0.0228999999999999
"2018-12-18 14:15:00",14406,-0.00289999999999679
"2018-12-18 14:16:00",9071,-0.00999999999999801
"2018-12-18 14:17:00",8691,0.00339999999999918
"2018-12-18 14:18:00",3029,-0.00339999999999918
"2018-12-18 14:19:00",6680,-0.00209999999999866
"2018-12-18 14:20:00",8048,-0.0279000000000025
"2018-12-18 14:21:00",4433,0.019999999999996
"2018-12-18 14:22:00",4372,-0.00999999999999801
"2018-12-18 14:23:00",6715,-0.0360999999999976
"2018-12-18 14:24:00",7429,-0.00390000000000157
"2018-12-18 14:25:00",12956,-0.00999999999999801
"2018-12-18 14:26:00",4006,0
"2018-12-18 14:27:00",7380,0.00999999999999801
"2018-12-18 14:28:00",10438,0
"2018-12-18 14:29:00",10112,0.0499999999999972
"2018-12-18 14:30:00",12180,0.045100000000005
"2018-12-18 14:31:00",6795,-0.000500000000002387
"2018-12-18 14:32:00",14847,0.00540000000000163
"2018-12-18 14:33:00",11523,0.00999999999999801
"2018-12-18 14:34:00",6374,-0.0150000000000006
"2018-12-18 14:35:00",11285,0.0300000000000011
"2018-12-18 14:36:00",24499,0.000500000000002387
"2018-12-18 14:37:00",12992,0.00450000000000017
"2018-12-18 14:38:00",28325,-0.0200000000000031
"2018-12-18 14:39:00",34440,0.0200000000000031
"2018-12-18 14:40:00",30945,0
"2018-12-18 14:41:00",15593,0.00999999999999801
"2018-12-18 14:42:00",12968,0
"2018-12-18 14:43:00",9469,0.0200000000000031
"2018-12-18 14:44:00",11880,0
"2018-12-18 14:45:00",9550,0.0499999999999972
"2018-12-18 14:46:00",24227,0.0200999999999993
"2018-12-18 14:47:00",27960,0.0198999999999998
"2018-12-18 14:48:00",16430,0.00619999999999976
"2018-12-18 14:49:00",20219,0.0638000000000005
"2018-12-18 14:50:00",12479,-0.0200000000000031
"2018-12-18 14:51:00",12905,-0.00999999999999801
"2018-12-18 14:52:00",17271,0
"2018-12-18 14:53:00",4048,-0.00499999999999545
"2018-12-18 14:54:00",25633,0.00499999999999545
"2018-12-18 14:55:00",27810,0.00500000000000256
"2018-12-18 14:56:00",20776,-0.0700000000000003
"2018-12-18 14:57:00",23136,-0.0076000000000036
"2018-12-18 14:58:00",35979,-0.00199999999999534
"2018-12-18 14:59:00",107855,-0.0754000000000019
"2018-12-18 15:01:00",40953,0.00999999999999801
"2018-12-18 15:15:00",0,0
"2018-12-19 08:30:00",118420,0.910000000000004
"2018-12-19 08:31:00",27473,-0.0399999999999991
"2018-12-19 08:32:00",50528,0.019999999999996
"2018-12-19 08:33:00",28878,-0.0700000000000003
"2018-12-19 08:34:00",24776,0.0700000000000003
"2018-12-19 08:35:00",12871,-0.0599999999999952
"2018-12-19 08:36:00",7959,-0.0200000000000031
"2018-12-19 08:37:00",4118,0.0600000000000023
"2018-12-19 08:38:00",4685,0.019999999999996
"2018-12-19 08:39:00",7900,-0.0700000000000003
"2018-12-19 08:40:00",17566,0.0900000000000034
"2018-12-19 08:41:00",11760,-0.00010000000000332
"2018-12-19 08:42:00",9965,-0.0198999999999998
"2018-12-19 08:43:00",12983,0.0399999999999991
"2018-12-19 08:44:00",23870,-0.0499999999999972
"2018-12-19 08:45:00",4950,0.0300000000000011
"2018-12-19 08:46:00",4264,0
"2018-12-19 08:47:00",16445,0.0300000000000011
"2018-12-19 08:48:00",5248,0
"2018-12-19 08:49:00",8042,0.0599999999999952
"2018-12-19 08:50:00",8705,-0.019999999999996
"2018-12-19 08:51:00",12121,0.019999999999996
"2018-12-19 08:52:00",13815,0.0200000000000031
"2018-12-19 08:53:00",5576,0.0236999999999981
"2018-12-19 08:54:00",7673,0.0463000000000022
"2018-12-19 08:55:00",14907,0.104999999999997
"2018-12-19 08:56:00",13523,-0.0150000000000006
"2018-12-19 08:57:00",12642,-0.019999999999996
"2018-12-19 08:58:00",9227,-0.0300000000000011
"2018-12-19 08:59:00",20432,-0.0450000000000017
"2018-12-19 09:00:00",13503,0.0649999999999977
"2018-12-19 09:01:00",10226,0.0100000000000051
"2018-12-19 09:02:00",13735,0.019999999999996
"2018-12-19 09:03:00",7044,0.0100000000000051
"2018-12-19 09:04:00",5673,-0.0200000000000031
"2018-12-19 09:05:00",4966,-0.0399999999999991
"2018-12-19 09:06:00",3625,0.00999999999999801
"2018-12-19 09:07:00",8498,0.0600000000000023
"2018-12-19 09:08:00",5574,-0.00999999999999801
"2018-12-19 09:09:00",4745,-0.0350000000000037
"2018-12-19 09:10:00",9135,0.0399999999999991
"2018-12-19 09:11:00",20599,-0.0150000000000006
"2018-12-19 09:12:00",5788,0
"2018-12-19 09:13:00",7301,-0.019999999999996
"2018-12-19 09:14:00",6212,0.0499999999999972
"2018-12-19 09:15:00",2541,-0.019999999999996
"2018-12-19 09:16:00",5270,-0.0100000000000051
"2018-12-19 09:17:00",3089,-0.00999999999999801
"2018-12-19 09:18:00",1462,0.0399999999999991
"2018-12-19 09:19:00",3900,0.0399999999999991
"2018-12-19 09:20:00",3425,0.0100000000000051
"2018-12-19 09:21:00",7556,0.0149999999999935
"2018-12-19 09:22:00",2700,-0.0149999999999935
"2018-12-19 09:23:00",2665,-0.00440000000000396
"2018-12-19 09:24:00",2582,-0.00560000000000116
"2018-12-19 09:25:00",1000,-0.00999999999999801
"2018-12-19 09:26:00",2626,0.00500000000000256
"2018-12-19 09:27:00",11742,0
"2018-12-19 09:28:00",3620,0.00499999999999545
"2018-12-19 09:29:00",3639,0.0399999999999991
"2018-12-19 09:30:00",10567,-0.0399999999999991
"2018-12-19 09:31:00",10097,0.0600000000000023
"2018-12-19 09:32:00",13694,0.00500000000000256
"2018-12-19 09:33:00",66812,0.0150000000000006
"2018-12-19 09:34:00",35339,-0.0600000000000023
"2018-12-19 09:35:00",19334,0.0552999999999955
"2018-12-19 09:36:00",8489,-0.0452999999999975
"2018-12-19 09:37:00",19335,0.0200000000000031
"2018-12-19 09:38:00",9663,-0.0100000000000051
"2018-12-19 09:39:00",4669,0.0100000000000051
"2018-12-19 09:40:00",6537,0.0249999999999986
"2018-12-19 09:41:00",7550,-0.0249999999999986
"2018-12-19 09:42:00",8158,-0.0300000000000011
"2018-12-19 09:43:00",3310,0.0499999999999972
"2018-12-19 09:44:00",6356,-0.019999999999996
"2018-12-19 09:45:00",5873,-0.0100000000000051
"2018-12-19 09:46:00",3885,-0.0649999999999977
"2018-12-19 09:47:00",3900,-0.0349999999999966
"2018-12-19 09:48:00",2907,0.00999999999999801
"2018-12-19 09:49:00",3850,0
"2018-12-19 09:50:00",3350,0.0249999999999986
"2018-12-19 09:51:00",22361,0.0850000000000009
"2018-12-19 09:52:00",3808,0.0300000000000011
"2018-12-19 09:53:00",2391,-0.0600000000000023
"2018-12-19 09:54:00",7357,0.0249999999999986
"2018-12-19 09:55:00",11309,0.0150000000000006
"2018-12-19 09:56:00",7962,-0.0249999999999986
"2018-12-19 09:57:00",2818,-0.0450000000000017
"2018-12-19 09:58:00",5072,-0.0300000000000011
"2018-12-19 09:59:00",2467,0.0500000000000043
"2018-12-19 10:00:00",11793,-0.0500000000000043
"2018-12-19 10:01:00",7534,0.0300000000000011
"2018-12-19 10:02:00",11133,-0.0300000000000011
"2018-12-19 10:03:00",4520,-0.019999999999996
"2018-12-19 10:04:00",4905,-0.0189000000000021
"2018-12-19 10:05:00",4043,0.00890000000000413
"2018-12-19 10:06:00",1800,0.00999999999999801
"2018-12-19 10:07:00",1159,-0.00999999999999801
"2018-12-19 10:08:00",2740,0.019999999999996
"2018-12-19 10:09:00",9466,-0.0399999999999991
"2018-12-19 10:10:00",7053,0.00500000000000256
"2018-12-19 10:11:00",30224,0.00499999999999545
"2018-12-19 10:12:00",7640,0.0200000000000031
"2018-12-19 10:13:00",12723,0.019999999999996
"2018-12-19 10:14:00",11838,-0.0499999999999972
"2018-12-19 10:15:00",9815,0.00999999999999801
"2018-12-19 10:16:00",5616,0.0350000000000037
"2018-12-19 10:17:00",8126,0.0150999999999968
"2018-12-19 10:18:00",9753,-0.0200999999999993
"2018-12-19 10:19:00",4002,0.00999999999999801
"2018-12-19 10:20:00",4884,0.0200000000000031
"2018-12-19 10:21:00",5828,0
"2018-12-19 10:22:00",11490,0.00999999999999801
"2018-12-19 10:23:00",6762,0
"2018-12-19 10:24:00",3791,0.0300000000000011
"2018-12-19 10:25:00",5684,-0.0150000000000006
"2018-12-19 10:26:00",3015,0.00500000000000256
"2018-12-19 10:27:00",7805,0.0399999999999991
"2018-12-19 10:28:00",5845,0.00999999999999801
"2018-12-19 10:29:00",19329,-0.0300000000000011
"2018-12-19 10:30:00",5837,-0.0399999999999991
"2018-12-19 10:31:00",5565,-0.0499999999999972
"2018-12-19 10:32:00",3670,0.00820000000000221
"2018-12-19 10:33:00",8333,-0.0882000000000005
"2018-12-19 10:34:00",11450,-0.0300000000000011
"2018-12-19 10:35:00",7593,0.00499999999999545
"2018-12-19 10:36:00",8616,-0.0249999999999986
"2018-12-19 10:37:00",9372,0.0100000000000051
"2018-12-19 10:38:00",9017,0.00999999999999801
"2018-12-19 10:39:00",2890,0.00999999999999801
"2018-12-19 10:40:00",2168,-0.0150000000000006
"2018-12-19 10:41:00",500,-0.0150000000000006
"2018-12-19 10:42:00",1375,0.0200000000000031
"2018-12-19 10:43:00",6025,0.019999999999996
"2018-12-19 10:44:00",2892,0.0100000000000051
"2018-12-19 10:45:00",2171,-0.0232000000000028
"2018-12-19 10:46:00",3293,-0.0167999999999964
"2018-12-19 10:47:00",3328,-0.0465000000000018
"2018-12-19 10:48:00",5940,-0.0234999999999985
"2018-12-19 10:49:00",2507,-0.0100000000000051
"2018-12-19 10:50:00",5962,0.0700000000000003
"2018-12-19 10:51:00",2724,-0.019999999999996
"2018-12-19 10:52:00",5467,0.0362999999999971
"2018-12-19 10:53:00",7231,0.0137
"2018-12-19 10:54:00",8250,0.0200000000000031
"2018-12-19 10:55:00",5549,0.019999999999996
"2018-12-19 10:56:00",600,0
"2018-12-19 10:57:00",4113,-0.00999999999999801
"2018-12-19 10:58:00",4573,0.0198999999999998
"2018-12-19 10:59:00",2408,0.0200000000000031
"2018-12-19 11:00:00",5966,9.99999999962142e-05
"2018-12-19 11:01:00",5877,0.00500000000000256
"2018-12-19 11:02:00",11793,-0.0100000000000051
"2018-12-19 11:03:00",5456,-0.0150000000000006
"2018-12-19 11:04:00",5028,0.0300000000000011
"2018-12-19 11:05:00",6612,-0.0150000000000006
"2018-12-19 11:06:00",15731,0.0350000000000037
"2018-12-19 11:07:00",2204,-0.0249999999999986
"2018-12-19 11:08:00",5736,0.00999999999999801
"2018-12-19 11:09:00",14405,0.0349999999999966
"2018-12-19 11:10:00",1780,-0.019999999999996
"2018-12-19 11:11:00",8655,-0.0150000000000006
"2018-12-19 11:12:00",19831,0
"2018-12-19 11:13:00",5717,-0.0183999999999997
"2018-12-19 11:14:00",2201,0.00840000000000174
"2018-12-19 11:15:00",4106,-0.00500000000000256
"2018-12-19 11:16:00",4467,0.0200000000000031
"2018-12-19 11:17:00",1625,-0.0100000000000051
"2018-12-19 11:18:00",5082,0.00500000000000256
"2018-12-19 11:19:00",7045,0.0268999999999977
"2018-12-19 11:20:00",7259,-0.0619000000000014
"2018-12-19 11:21:00",4952,0
"2018-12-19 11:22:00",4067,0.00500000000000256
"2018-12-19 11:23:00",4289,-0.0178000000000011
"2018-12-19 11:24:00",2800,0.0578000000000003
"2018-12-19 11:25:00",4770,-0.019999999999996
"2018-12-19 11:26:00",9620,0.00499999999999545
"2018-12-19 11:27:00",2824,0.0200000000000031
"2018-12-19 11:28:00",8251,-0.00999999999999801
"2018-12-19 11:29:00",8890,0
"2018-12-19 11:30:00",4892,-0.0200000000000031
"2018-12-19 11:31:00",5582,0.00500000000000256
"2018-12-19 11:32:00",2244,-0.0149000000000044
"2018-12-19 11:33:00",5175,-9.99999999962142e-05
"2018-12-19 11:34:00",3894,0.00379999999999825
"2018-12-19 11:35:00",4064,0.0112000000000023
"2018-12-19 11:36:00",15850,-0.0150000000000006
"2018-12-19 11:37:00",3243,0.00999999999999801
"2018-12-19 11:38:00",6500,-0.00500000000000256
"2018-12-19 11:39:00",3705,0.00500000000000256
"2018-12-19 11:40:00",12200,-0.00999999999999801
"2018-12-19 11:41:00",1880,0.00679999999999836
"2018-12-19 11:42:00",2030,0.00319999999999965
"2018-12-19 11:43:00",2857,-0.0200000000000031
"2018-12-19 11:44:00",2379,0.0100000000000051
"2018-12-19 11:45:00",1693,0.00999999999999801
"2018-12-19 11:46:00",1491,-0.0200000000000031
"2018-12-19 11:47:00",2090,0.0350000000000037
"2018-12-19 11:48:00",10760,-0.0300000000000011
"2018-12-19 11:49:00",14662,0.0249999999999986
"2018-12-19 11:50:00",9939,0
"2018-12-19 11:51:00",5177,-0.0150000000000006
"2018-12-19 11:52:00",12733,-0.00999999999999801
"2018-12-19 11:53:00",5588,-0.0349999999999966
"2018-12-19 11:54:00",3010,-0.0200000000000031
"2018-12-19 11:55:00",4125,-0.00999999999999801
"2018-12-19 11:56:00",1100,-0.0200000000000031
"2018-12-19 11:57:00",4088,-0.0249999999999986
"2018-12-19 11:58:00",15686,0
"2018-12-19 11:59:00",10091,0.00500000000000256
"2018-12-19 12:00:00",3800,0.019999999999996
"2018-12-19 12:01:00",6957,0.0150000000000006
"2018-12-19 12:02:00",9032,-0.019999999999996
"2018-12-19 12:03:00",3055,0.0150000000000006
"2018-12-19 12:04:00",2108,-0.0100000000000051
"2018-12-19 12:05:00",5334,-0.00619999999999976
"2018-12-19 12:06:00",2470,0.00120000000000431
"2018-12-19 12:07:00",2622,-0.0100000000000051
"2018-12-19 12:08:00",2665,-0.0297999999999945
"2018-12-19 12:09:00",3665,-0.0152000000000001
"2018-12-19 12:10:00",6462,-0.0300000000000011
"2018-12-19 12:11:00",2902,0.00999999999999801
"2018-12-19 12:12:00",1175,0.00399999999999778
"2018-12-19 12:13:00",7451,-0.00399999999999778
"2018-12-19 12:14:00",3289,-0.0200000000000031
"2018-12-19 12:15:00",1833,0.0250000000000057
"2018-12-19 12:16:00",5384,-0.00500000000000256
"2018-12-19 12:17:00",2788,-0.00500000000000256
"2018-12-19 12:18:00",2327,-0.021099999999997
"2018-12-19 12:19:00",2707,0.0118999999999971
"2018-12-19 12:20:00",3828,-0.0257999999999967
"2018-12-19 12:21:00",3338,0.0240999999999971
"2018-12-19 12:22:00",9926,-0.0940999999999974
"2018-12-19 12:23:00",4734,0.00999999999999801
"2018-12-19 12:24:00",2906,0
"2018-12-19 12:25:00",1507,0.00999999999999801
"2018-12-19 12:26:00",2700,0
"2018-12-19 12:27:00",4992,-0.00379999999999825
"2018-12-19 12:28:00",4423,0.0187999999999988
"2018-12-19 12:29:00",2905,-0.0150000000000006
"2018-12-19 12:30:00",8600,0.0100000000000051
"2018-12-19 12:31:00",1000,0
"2018-12-19 12:32:00",3090,-0.0100000000000051
"2018-12-19 12:33:00",4796,-0.00999999999999801
"2018-12-19 12:34:00",2100,0.0350000000000037
"2018-12-19 12:35:00",3461,0.0309999999999988
"2018-12-19 12:36:00",5203,0.0189999999999984
"2018-12-19 12:37:00",6735,0
"2018-12-19 12:38:00",6678,-0.00500000000000256
"2018-12-19 12:39:00",2566,-0.029999999999994
"2018-12-19 12:40:00",4183,0.00499999999999545
"2018-12-19 12:41:00",3768,0.0100000000000051
"2018-12-19 12:42:00",6462,0.00499999999999545
"2018-12-19 12:43:00",4061,0.0350000000000037
"2018-12-19 12:44:00",8817,0.00499999999999545
"2018-12-19 12:45:00",2753,-0.0300000000000011
"2018-12-19 12:46:00",4772,0
"2018-12-19 12:47:00",3000,0.0250000000000057
"2018-12-19 12:48:00",2545,0
"2018-12-19 12:49:00",11158,0.0349999999999966
"2018-12-19 12:50:00",4586,0.00500000000000256
"2018-12-19 12:51:00",9741,0.00499999999999545
"2018-12-19 12:52:00",1972,-0.00499999999999545
"2018-12-19 12:53:00",3776,0.0450000000000017
"2018-12-19 12:54:00",4363,-0.0500000000000043
"2018-12-19 12:55:00",22762,0.0649999999999977
"2018-12-19 12:56:00",8666,0.0200000000000031
"2018-12-19 12:57:00",5328,0
"2018-12-19 12:58:00",6927,-0.0225000000000009
"2018-12-19 12:59:00",10312,0.127499999999998
"2018-12-19 13:00:00",22954,-0.32
"2018-12-19 13:01:00",13002,0.0100000000000051
"2018-12-19 13:02:00",8289,-0.109999999999999
"2018-12-19 13:03:00",9933,0.019999999999996
"2018-12-19 13:04:00",14853,-0.149999999999999
"2018-12-19 13:05:00",9506,0.18
"2018-12-19 13:06:00",16092,-0.0649999999999977
"2018-12-19 13:07:00",16491,-0.00500000000000256
"2018-12-19 13:08:00",8097,-0.0739999999999981
"2018-12-19 13:09:00",12445,0.0439999999999969
"2018-12-19 13:10:00",11356,-0.0499999999999972
"2018-12-19 13:11:00",12307,-0.0600000000000023
"2018-12-19 13:12:00",18475,-0.0700000000000003
"2018-12-19 13:13:00",19912,-0.0599999999999952
"2018-12-19 13:14:00",19417,0.0999999999999943
"2018-12-19 13:15:00",9043,0.0100000000000051
"2018-12-19 13:16:00",17967,0.0499999999999972
"2018-12-19 13:17:00",10319,-0.0200000000000031
"2018-12-19 13:18:00",8637,0.100000000000001
"2018-12-19 13:19:00",10622,0.0200000000000031
"2018-12-19 13:20:00",16844,-0.0200000000000031
"2018-12-19 13:21:00",9738,-0.0488999999999962
"2018-12-19 13:22:00",5176,-0.0561000000000007
"2018-12-19 13:23:00",8746,0.0399999999999991
"2018-12-19 13:24:00",21239,0.0249999999999986
"2018-12-19 13:25:00",6919,-0.0399999999999991
"2018-12-19 13:26:00",5873,-0.0200000000000031
"2018-12-19 13:27:00",10064,0.0600000000000023
"2018-12-19 13:28:00",12514,0.0700000000000003
"2018-12-19 13:29:00",11861,-0.0150000000000006
"2018-12-19 13:30:00",7074,-0.0749999999999957
"2018-12-19 13:31:00",7228,0.0749999999999957
"2018-12-19 13:32:00",20352,0.0450000000000017
"2018-12-19 13:33:00",17385,-0.140000000000001
"2018-12-19 13:34:00",14988,-0.0499999999999972
"2018-12-19 13:35:00",8633,-0.00500000000000256
"2018-12-19 13:36:00",7244,0.0799999999999983
"2018-12-19 13:37:00",13581,-0.114999999999995
"2018-12-19 13:38:00",14044,-0.0700000000000003
"2018-12-19 13:39:00",5763,0.0499999999999972
"2018-12-19 13:40:00",13130,-0.0300000000000011
"2018-12-19 13:41:00",14295,-0.100000000000001
"2018-12-19 13:42:00",61589,-0.0700000000000003
"2018-12-19 13:43:00",14911,-0.00999999999999801
"2018-12-19 13:44:00",18639,-0.140000000000001
"2018-12-19 13:45:00",16490,0.0600000000000023
"2018-12-19 13:46:00",9422,-0.0300000000000011
"2018-12-19 13:47:00",12885,-0.0600000000000023
"2018-12-19 13:48:00",22493,0.109999999999999
"2018-12-19 13:49:00",23333,0.0310000000000059
"2018-12-19 13:50:00",17870,-0.0110000000000028
"2018-12-19 13:51:00",9439,-0.0499999999999972
"2018-12-19 13:52:00",21695,-0.155000000000001
"2018-12-19 13:53:00",19700,0.0649999999999977
"2018-12-19 13:54:00",16708,0.0300000000000011
"2018-12-19 13:55:00",27568,-0.0850000000000009
"2018-12-19 13:56:00",56925,0.00500000000000256
"2018-12-19 13:57:00",42200,-0.120000000000005
"2018-12-19 13:58:00",26958,-0.0599999999999952
"2018-12-19 13:59:00",16885,0.029999999999994
"2018-12-19 14:00:00",41059,-0.114999999999995
"2018-12-19 14:01:00",34349,0.00499999999999545
"2018-12-19 14:02:00",16878,-0.019999999999996
"2018-12-19 14:03:00",73502,-0.0900000000000034
"2018-12-19 14:04:00",31451,0.0100000000000051
"2018-12-19 14:05:00",54350,-0.110000000000007
"2018-12-19 14:06:00",27911,-0.0149999999999935
"2018-12-19 14:07:00",43678,0.104999999999997
"2018-12-19 14:08:00",22223,0.0300000000000011
"2018-12-19 14:09:00",29003,0.00999999999999801
"2018-12-19 14:10:00",9258,-0.0799999999999983
"2018-12-19 14:11:00",11213,0.100000000000001
"2018-12-19 14:12:00",20363,0.109999999999999
"2018-12-19 14:13:00",22593,0.0450000000000017
"2018-12-19 14:14:00",25551,0.0249999999999986
"2018-12-19 14:15:00",22723,-0.0249999999999986
"2018-12-19 14:16:00",16584,-0.0750000000000028
"2018-12-19 14:17:00",15505,-0.0700000000000003
"2018-12-19 14:18:00",27672,-0.014800000000001
"2018-12-19 14:19:00",30183,0.0348000000000042
"2018-12-19 14:20:00",23152,-0.0300000000000011
"2018-12-19 14:21:00",32215,-0.00500000000000256
"2018-12-19 14:22:00",19358,0.0200000000000031
"2018-12-19 14:23:00",24156,0.104999999999997
"2018-12-19 14:24:00",28537,0.104999999999997
"2018-12-19 14:25:00",15444,0.0150000000000006
"2018-12-19 14:26:00",21385,-0.0599999999999952
"2018-12-19 14:27:00",15033,-0.0300000000000011
"2018-12-19 14:28:00",40000,-0.0534000000000034
"2018-12-19 14:29:00",26871,-0.056599999999996
"2018-12-19 14:30:00",23195,0.019999999999996
"2018-12-19 14:31:00",22569,0.0538000000000025
"2018-12-19 14:32:00",20194,0.00619999999999976
"2018-12-19 14:33:00",9480,0.0549999999999997
"2018-12-19 14:34:00",26925,0.0549999999999997
"2018-12-19 14:35:00",20633,-0.0649999999999977
"2018-12-19 14:36:00",19031,0.00499999999999545
"2018-12-19 14:37:00",24034,-0.0249999999999986
"2018-12-19 14:38:00",14779,-0.0249999999999986
"2018-12-19 14:39:00",23301,0.0200000000000031
"2018-12-19 14:40:00",38237,-0.0850000000000009
"2018-12-19 14:41:00",41002,-0.0350000000000037
"2018-12-19 14:42:00",30452,0.00500000000000256
"2018-12-19 14:43:00",20141,0.0700000000000003
"2018-12-19 14:44:00",44721,0.0549999999999997
"2018-12-19 14:45:00",118028,-0.0600000000000023
"2018-12-19 14:46:00",28037,-0.0499999999999972
"2018-12-19 14:47:00",26380,-0.0300000000000011
"2018-12-19 14:48:00",24104,0.108499999999999
"2018-12-19 14:49:00",26508,0.0165000000000006
"2018-12-19 14:50:00",40956,-0.00500000000000256
"2018-12-19 14:51:00",49119,0.0450000000000017
"2018-12-19 14:52:00",27292,-0.019999999999996
"2018-12-19 14:53:00",39226,-0.00500000000000256
"2018-12-19 14:54:00",67856,-0.0200000000000031
"2018-12-19 14:55:00",54957,-0.00999999999999801
"2018-12-19 14:56:00",34891,-0.0300000000000011
"2018-12-19 14:57:00",54041,0.0450000000000017
"2018-12-19 14:58:00",63820,0.0300000000000011
"2018-12-19 14:59:00",113318,-0.0350000000000037
"2018-12-19 15:02:00",59807,-0.0399999999999991
"2018-12-19 15:15:00",0,0
"2018-12-20 08:30:00",133169,0.380000000000003
"2018-12-20 08:31:00",41520,-0.0500000000000043
"2018-12-20 08:32:00",60754,0.120000000000005
"2018-12-20 08:33:00",56702,-0.00999999999999801
"2018-12-20 08:34:00",35076,-0.0200000000000031
"2018-12-20 08:35:00",31332,-0.0300000000000011
"2018-12-20 08:36:00",18863,0.125
"2018-12-20 08:37:00",11660,-0.0249999999999986
"2018-12-20 08:38:00",17566,-0.0700000000000003
"2018-12-20 08:39:00",7207,0.0600000000000023
"2018-12-20 08:40:00",21731,-0.0600000000000023
"2018-12-20 08:41:00",13973,0.0300000000000011
"2018-12-20 08:42:00",12811,-0.00999999999999801
"2018-12-20 08:43:00",16965,-0.0600000000000023
"2018-12-20 08:44:00",6757,0.0850000000000009
"2018-12-20 08:45:00",10649,-0.0350000000000037
"2018-12-20 08:46:00",41215,0.0700000000000003
"2018-12-20 08:47:00",17002,-0.0599999999999952
"2018-12-20 08:48:00",11845,-0.00370000000000203
"2018-12-20 08:49:00",13370,0.0536999999999992
"2018-12-20 08:50:00",21603,0.0399999999999991
"2018-12-20 08:51:00",15272,0.00500000000000256
"2018-12-20 08:52:00",39659,0.00999999999999801
"2018-12-20 08:53:00",18881,-0.00999999999999801
"2018-12-20 08:54:00",92639,-0.0150000000000006
"2018-12-20 08:55:00",45962,0.0349999999999966
"2018-12-20 08:56:00",16369,0.0700000000000003
"2018-12-20 08:57:00",14749,-0.00499999999999545
"2018-12-20 08:58:00",47484,0.0700000000000003
"2018-12-20 08:59:00",14607,-0.00500000000000256
"2018-12-20 09:00:00",20160,0.00500000000000256
"2018-12-20 09:01:00",7716,-0.0600000000000023
"2018-12-20 09:02:00",9095,-0.0150000000000006
"2018-12-20 09:03:00",5238,0.0289000000000001
"2018-12-20 09:04:00",10820,-0.0639000000000038
"2018-12-20 09:05:00",14649,0.0900000000000034
"2018-12-20 09:06:00",13372,0.0700999999999965
"2018-12-20 09:07:00",12460,0.0456000000000003
"2018-12-20 09:08:00",14961,-0.0156999999999954
"2018-12-20 09:09:00",18421,0.119999999999997
"2018-12-20 09:10:00",31616,-0.0600000000000023
"2018-12-20 09:11:00",12417,-0.0399999999999991
"2018-12-20 09:12:00",17653,-0.0499999999999972
"2018-12-20 09:13:00",10961,-0.00500000000000256
"2018-12-20 09:14:00",8273,0.0450000000000017
"2018-12-20 09:15:00",6199,-0.0799999999999983
"2018-12-20 09:16:00",10228,-0.00500000000000256
"2018-12-20 09:17:00",15977,0.00500000000000256
"2018-12-20 09:18:00",10831,-0.0600000000000023
"2018-12-20 09:19:00",8555,-0.00849999999999795
"2018-12-20 09:20:00",10316,-0.00150000000000006
"2018-12-20 09:21:00",18333,0.0499999999999972
"2018-12-20 09:22:00",13556,0.0500000000000043
"2018-12-20 09:23:00",7345,0.019999999999996
"2018-12-20 09:24:00",14757,-0.035499999999999
"2018-12-20 09:25:00",2310,0.0305000000000035
"2018-12-20 09:26:00",6347,-0.00500000000000256
"2018-12-20 09:27:00",6164,-0.0600000000000023
"2018-12-20 09:28:00",6324,0.0100000000000051
"2018-12-20 09:29:00",6194,-0.0200000000000031
"2018-12-20 09:30:00",5435,0.00999999999999801
"2018-12-20 09:31:00",8875,0.0300000000000011
"2018-12-20 09:32:00",8709,-0.0399999999999991
"2018-12-20 09:33:00",11983,0.00999999999999801
"2018-12-20 09:34:00",13917,-0.0700000000000003
"2018-12-20 09:35:00",9870,-0.0599999999999952
"2018-12-20 09:36:00",7311,0.0399999999999991
"2018-12-20 09:37:00",3555,0.0249999999999986
"2018-12-20 09:38:00",4326,0.0249999999999986
"2018-12-20 09:39:00",7820,-0.0499999999999972
"2018-12-20 09:40:00",8703,-0.0300000000000011
"2018-12-20 09:41:00",14494,0.019999999999996
"2018-12-20 09:42:00",3120,0.0500000000000043
"2018-12-20 09:43:00",8388,0.0600000000000023
"2018-12-20 09:44:00",2486,-0.0100000000000051
"2018-12-20 09:45:00",11533,-0.0300000000000011
"2018-12-20 09:46:00",7249,-0.00999999999999801
"2018-12-20 09:47:00",8055,-0.0523000000000025
"2018-12-20 09:48:00",12027,0.0223000000000013
"2018-12-20 09:49:00",13555,0.00880000000000081
"2018-12-20 09:50:00",15280,0.0311999999999983
"2018-12-20 09:51:00",10650,-0.0899999999999963
"2018-12-20 09:52:00",9160,0.0249999999999986
"2018-12-20 09:53:00",13017,-0.0249999999999986
"2018-12-20 09:54:00",14878,0.019999999999996
"2018-12-20 09:55:00",11118,-0.0599999999999952
"2018-12-20 09:56:00",5808,0.00999999999999801
"2018-12-20 09:57:00",17176,0.00010000000000332
"2018-12-20 09:58:00",26067,0.0648999999999944
"2018-12-20 09:59:00",9667,-0.0649999999999977
"2018-12-20 10:00:00",24678,-0.0200000000000031
"2018-12-20 10:01:00",32744,0.00500000000000256
"2018-12-20 10:02:00",23280,0.0600000000000023
"2018-12-20 10:03:00",17200,-0.00500000000000256
"2018-12-20 10:04:00",15078,-0.00999999999999801
"2018-12-20 10:05:00",35383,0.00500000000000256
"2018-12-20 10:06:00",4470,0.019999999999996
"2018-12-20 10:07:00",37545,-0.0593999999999966
"2018-12-20 10:08:00",15882,-0.0108999999999995
"2018-12-20 10:09:00",16418,0.00529999999999831
"2018-12-20 10:10:00",14168,-0.0200000000000031
"2018-12-20 10:11:00",13247,-0.0300000000000011
"2018-12-20 10:12:00",7749,0.0250000000000057
"2018-12-20 10:13:00",11216,-0.0750000000000028
"2018-12-20 10:14:00",4613,0.0200000000000031
"2018-12-20 10:15:00",16197,0.019999999999996
"2018-12-20 10:16:00",4801,-0.0700000000000003
"2018-12-20 10:17:00",15733,-0.019999999999996
"2018-12-20 10:18:00",4133,0.00999999999999801
"2018-12-20 10:19:00",4645,0.00999999999999801
"2018-12-20 10:20:00",12898,-0.0300000000000011
"2018-12-20 10:21:00",15303,0.00500000000000256
"2018-12-20 10:22:00",10353,-0.00999999999999801
"2018-12-20 10:23:00",14432,-0.0100000000000051
"2018-12-20 10:24:00",12608,-0.0349999999999966
"2018-12-20 10:25:00",18846,-0.0500000000000043
"2018-12-20 10:26:00",12736,-0.0499999999999972
"2018-12-20 10:27:00",15635,0.0350000000000037
"2018-12-20 10:28:00",16711,-0.0400000000000063
"2018-12-20 10:29:00",20948,0.0650000000000048
"2018-12-20 10:30:00",18783,0
"2018-12-20 10:31:00",2678,0.0249999999999986
"2018-12-20 10:32:00",10304,0.0549999999999997
"2018-12-20 10:33:00",64932,-0.0799999999999983
"2018-12-20 10:34:00",37150,0.0300000000000011
"2018-12-20 10:35:00",26389,0.00999999999999801
"2018-12-20 10:36:00",3735,0.0300000000000011
"2018-12-20 10:37:00",4800,-0.0100000000000051
"2018-12-20 10:38:00",8520,-0.029999999999994
"2018-12-20 10:39:00",7140,-0.0100000000000051
"2018-12-20 10:40:00",7838,0.0500000000000043
"2018-12-20 10:41:00",6358,-0.0600000000000023
"2018-12-20 10:42:00",13032,-0.0949999999999989
"2018-12-20 10:43:00",3489,0.0300000000000011
"2018-12-20 10:44:00",13250,0.0499999999999972
"2018-12-20 10:45:00",4004,-0.00500000000000256
"2018-12-20 10:46:00",8100,-0.019999999999996
"2018-12-20 10:47:00",2322,0.0244
"2018-12-20 10:48:00",9968,-0.0743999999999971
"2018-12-20 10:49:00",7600,-0.0100000000000051
"2018-12-20 10:50:00",24886,-0.109999999999999
"2018-12-20 10:51:00",6421,-0.0700000000000003
"2018-12-20 10:52:00",7403,0.0500000000000043
"2018-12-20 10:53:00",8650,-0.0300000000000011
"2018-12-20 10:54:00",12028,0.0399999999999991
"2018-12-20 10:55:00",14331,0.109999999999999
"2018-12-20 10:56:00",6777,-0.0850000000000009
"2018-12-20 10:57:00",5385,-0.0300000000000011
"2018-12-20 10:58:00",9196,-0.0649999999999977
"2018-12-20 10:59:00",6853,0.0399999999999991
"2018-12-20 11:00:00",8755,0.0499999999999972
"2018-12-20 11:01:00",5952,-0.0700000000000003
"2018-12-20 11:02:00",14756,0.0200000000000031
"2018-12-20 11:03:00",8937,0
"2018-12-20 11:04:00",13844,-0.00999999999999801
"2018-12-20 11:05:00",9150,-0.0200000000000031
"2018-12-20 11:06:00",4703,0.0300000000000011
"2018-12-20 11:07:00",10677,0.100000000000001
"2018-12-20 11:08:00",8675,-0.00999999999999801
"2018-12-20 11:09:00",6220,-0.0250000000000057
"2018-12-20 11:10:00",19941,0.0350000000000037
"2018-12-20 11:11:00",10144,-0.0150000000000006
"2018-12-20 11:12:00",6850,-0.0750000000000028
"2018-12-20 11:13:00",42416,-0.0349999999999966
"2018-12-20 11:14:00",7185,-0.0213000000000036
"2018-12-20 11:15:00",8076,0.0262999999999991
"2018-12-20 11:16:00",7224,-0.0249999999999986
"2018-12-20 11:17:00",9226,0.0650000000000048
"2018-12-20 11:18:00",4371,-0.0200000000000031
"2018-12-20 11:19:00",6052,0.100000000000001
"2018-12-20 11:20:00",8307,-0.00500000000000256
"2018-12-20 11:21:00",2474,0.0549999999999997
"2018-12-20 11:22:00",7719,0.0600000000000023
"2018-12-20 11:23:00",8493,-0.0450000000000017
"2018-12-20 11:24:00",7652,-0.00499999999999545
"2018-12-20 11:25:00",6681,0.0499999999999972
"2018-12-20 11:26:00",7966,0.019999999999996
"2018-12-20 11:27:00",3397,0.0250000000000057
"2018-12-20 11:28:00",16474,-0.0250000000000057
"2018-12-20 11:29:00",6803,0
"2018-12-20 11:30:00",13216,0.0150000000000006
"2018-12-20 11:31:00",9582,-0.0749999999999957
"2018-12-20 11:32:00",11617,-0.0300000000000011
"2018-12-20 11:33:00",15522,-0.0300000000000011
"2018-12-20 11:34:00",10049,-0.0234000000000023
"2018-12-20 11:35:00",29414,-0.0265999999999948
"2018-12-20 11:36:00",18172,0.00999999999999801
"2018-12-20 11:37:00",5600,0.0499999999999972
"2018-12-20 11:38:00",1412,-0.00499999999999545
"2018-12-20 11:39:00",9330,-0.0249999999999986
"2018-12-20 11:40:00",9485,-0.0500000000000043
"2018-12-20 11:41:00",5482,0.0150000000000006
"2018-12-20 11:42:00",4300,0.0200000000000031
"2018-12-20 11:43:00",10180,0.019999999999996
"2018-12-20 11:44:00",4875,-0.0360000000000014
"2018-12-20 11:45:00",11992,-0.0139999999999958
"2018-12-20 11:46:00",5788,-0.0399999999999991
"2018-12-20 11:47:00",7012,-0.00500000000000256
"2018-12-20 11:48:00",20113,-0.0300000000000011
"2018-12-20 11:49:00",7769,0
"2018-12-20 11:50:00",20740,-0.0300000000000011
"2018-12-20 11:51:00",24947,-0.0399999999999991
"2018-12-20 11:52:00",38659,-0.0349999999999966
"2018-12-20 11:53:00",22797,0.0349999999999966
"2018-12-20 11:54:00",3288,-0.0399999999999991
"2018-12-20 11:55:00",10015,-0.00999999999999801
"2018-12-20 11:56:00",5144,0.0649999999999977
"2018-12-20 11:57:00",2397,0.0450000000000017
"2018-12-20 11:58:00",6597,0.0300000000000011
"2018-12-20 11:59:00",4384,-0.0450000000000017
"2018-12-20 12:00:00",5060,0.0249999999999986
"2018-12-20 12:01:00",7979,-0.019999999999996
"2018-12-20 12:02:00",2474,-0.0300000000000011
"2018-12-20 12:03:00",9638,-0.0249999999999986
"2018-12-20 12:04:00",4993,0.0150000000000006
"2018-12-20 12:05:00",8287,0.0349999999999966
"2018-12-20 12:06:00",12114,-0.0499999999999972
"2018-12-20 12:07:00",8668,-0.0450000000000017
"2018-12-20 12:08:00",5825,-0.0600000000000023
"2018-12-20 12:09:00",5514,0
"2018-12-20 12:10:00",4932,0.0350000000000037
"2018-12-20 12:11:00",2599,0.00499999999999545
"2018-12-20 12:12:00",7629,-0.0300000000000011
"2018-12-20 12:13:00",8447,0.0100000000000051
"2018-12-20 12:14:00",18588,0
"2018-12-20 12:15:00",9352,-0.0041000000000011
"2018-12-20 12:16:00",9771,0.0191000000000017
"2018-12-20 12:17:00",12666,0.00999999999999801
"2018-12-20 12:18:00",9377,-0.0200000000000031
"2018-12-20 12:19:00",8897,0
"2018-12-20 12:20:00",6849,0.0600000000000023
"2018-12-20 12:21:00",14407,-0.0750000000000028
"2018-12-20 12:22:00",21085,-0.0399999999999991
"2018-12-20 12:23:00",5376,-0.019999999999996
"2018-12-20 12:24:00",9028,0.0499999999999972
"2018-12-20 12:25:00",5056,0.0549999999999997
"2018-12-20 12:26:00",12808,-0.0549999999999997
"2018-12-20 12:27:00",3630,0.0300000000000011
"2018-12-20 12:28:00",5104,0.0200000000000031
"2018-12-20 12:29:00",4200,-0.0500000000000043
"2018-12-20 12:30:00",12407,-0.0300000000000011
"2018-12-20 12:31:00",5187,-0.0249999999999986
"2018-12-20 12:32:00",16175,-0.00999999999999801
"2018-12-20 12:33:00",32538,-0.0450000000000017
"2018-12-20 12:34:00",10130,0.0300000000000011
"2018-12-20 12:35:00",13361,-0.0150000000000006
"2018-12-20 12:36:00",5462,-0.0249999999999986
"2018-12-20 12:37:00",5062,0.0300000000000011
"2018-12-20 12:38:00",11079,0.029999999999994
"2018-12-20 12:39:00",14883,-0.00999999999999801
"2018-12-20 12:40:00",6089,-0.0300000000000011
"2018-12-20 12:41:00",24765,-0.0700000000000003
"2018-12-20 12:42:00",18598,-0.029999999999994
"2018-12-20 12:43:00",14510,0.00999999999999801
"2018-12-20 12:44:00",18947,0.0649999999999977
"2018-12-20 12:45:00",10949,-0.00999999999999801
"2018-12-20 12:46:00",15561,-0.00500000000000256
"2018-12-20 12:47:00",15060,0.0600000000000023
"2018-12-20 12:48:00",7630,-0.0399999999999991
"2018-12-20 12:49:00",4682,0
"2018-12-20 12:50:00",14416,-0.0249999999999986
"2018-12-20 12:51:00",19510,-0.0549999999999997
"2018-12-20 12:52:00",10234,0
"2018-12-20 12:53:00",6019,-0.00500000000000256
"2018-12-20 12:54:00",11178,-0.0337000000000032
"2018-12-20 12:55:00",9881,-0.0212999999999965
"2018-12-20 12:56:00",6019,0.0300000000000011
"2018-12-20 12:57:00",9010,-0.036999999999999
"2018-12-20 12:58:00",17889,0.0123999999999995
"2018-12-20 12:59:00",7134,0.00459999999999638
"2018-12-20 13:00:00",7329,-0.00999999999999801
"2018-12-20 13:01:00",12187,0.0150000000000006
"2018-12-20 13:02:00",20763,-0.0900000000000034
"2018-12-20 13:03:00",33329,-0.0649999999999977
"2018-12-20 13:04:00",12425,0.0349999999999966
"2018-12-20 13:05:00",14384,0.0549999999999997
"2018-12-20 13:06:00",9537,-0.0249999999999986
"2018-12-20 13:07:00",36250,-0.0349999999999966
"2018-12-20 13:08:00",10327,0.0131999999999977
"2018-12-20 13:09:00",8612,0.0118000000000009
"2018-12-20 13:10:00",17015,-0.0499999999999972
"2018-12-20 13:11:00",28781,0.0150000000000006
"2018-12-20 13:12:00",42279,-0.0550000000000068
"2018-12-20 13:13:00",28329,-0.00499999999999545
"2018-12-20 13:14:00",17093,0.109999999999999
"2018-12-20 13:15:00",9798,0.00999999999999801
"2018-12-20 13:16:00",10690,-0.0499999999999972
"2018-12-20 13:17:00",13236,-0.0450000000000017
"2018-12-20 13:18:00",8955,0.0350000000000037
"2018-12-20 13:19:00",31703,-0.0400000000000063
"2018-12-20 13:20:00",15371,0.0801000000000016
"2018-12-20 13:21:00",9883,0.0298999999999978
"2018-12-20 13:22:00",9035,0.0300000000000011
"2018-12-20 13:23:00",13830,0.0399999999999991
"2018-12-20 13:24:00",13687,0.0132000000000048
"2018-12-20 13:25:00",12380,0.0567999999999955
"2018-12-20 13:26:00",7153,-0.00999999999999801
"2018-12-20 13:27:00",10185,-0.00999999999999801
"2018-12-20 13:28:00",11578,-0.00999999999999801
"2018-12-20 13:29:00",26309,0.129999999999995
"2018-12-20 13:30:00",11094,0.0399999999999991
"2018-12-20 13:31:00",35432,-0.0649999999999977
"2018-12-20 13:32:00",30207,-0.0349999999999966
"2018-12-20 13:33:00",29632,-0.0350000000000037
"2018-12-20 13:34:00",9300,0.0300000000000011
"2018-12-20 13:35:00",32483,0.115000000000002
"2018-12-20 13:36:00",32519,-0.0300000000000011
"2018-12-20 13:37:00",17414,-0.0300000000000011
"2018-12-20 13:38:00",10251,-0.00500000000000256
"2018-12-20 13:39:00",17885,-0.0683999999999969
"2018-12-20 13:40:00",6521,0.0133999999999972
"2018-12-20 13:41:00",11715,0.0399999999999991
"2018-12-20 13:42:00",13107,0.0399999999999991
"2018-12-20 13:43:00",18236,-0.0899999999999963
"2018-12-20 13:44:00",37118,0.200000000000003
"2018-12-20 13:45:00",18450,0.0399999999999991
"2018-12-20 13:46:00",14271,-0.0300000000000011
"2018-12-20 13:47:00",14412,0.019999999999996
"2018-12-20 13:48:00",15131,0.0350000000000037
"2018-12-20 13:49:00",28540,0.0749999999999957
"2018-12-20 13:50:00",16399,-0.0799999999999983
"2018-12-20 13:51:00",12404,-0.0300000000000011
"2018-12-20 13:52:00",8219,-0.019999999999996
"2018-12-20 13:53:00",15019,-0.0200000000000031
"2018-12-20 13:54:00",12516,-0.019999999999996
"2018-12-20 13:55:00",18327,-0.140000000000001
"2018-12-20 13:56:00",27987,0.019999999999996
"2018-12-20 13:57:00",11037,-0.00999999999999801
"2018-12-20 13:58:00",9038,0.0200000000000031
"2018-12-20 13:59:00",11418,0.00499999999999545
"2018-12-20 14:00:00",18406,-0.0749999999999957
"2018-12-20 14:01:00",8520,-0.0399999999999991
"2018-12-20 14:02:00",13205,-0.0300000000000011
"2018-12-20 14:03:00",21504,-0.0300000000000011
"2018-12-20 14:04:00",7501,0.00999999999999801
"2018-12-20 14:05:00",13698,-0.019999999999996
"2018-12-20 14:06:00",18115,-0.0800000000000054
"2018-12-20 14:07:00",29663,0.0850000000000009
"2018-12-20 14:08:00",14127,0.0399999999999991
"2018-12-20 14:09:00",10343,0.0350000000000037
"2018-12-20 14:10:00",18644,0
"2018-12-20 14:11:00",12548,0.019999999999996
"2018-12-20 14:12:00",11678,0.0800000000000054
"2018-12-20 14:13:00",15177,0.029999999999994
"2018-12-20 14:14:00",19748,0.0200000000000031
"2018-12-20 14:15:00",25463,-0.0300000000000011
"2018-12-20 14:16:00",9044,-0.0399999999999991
"2018-12-20 14:17:00",12080,0.027000000000001
"2018-12-20 14:18:00",29899,-0.0570000000000022
"2018-12-20 14:19:00",12991,-0.036999999999999
"2018-12-20 14:20:00",9012,0.0470000000000041
"2018-12-20 14:21:00",9524,-0.0100000000000051
"2018-12-20 14:22:00",14338,0.0925000000000011
"2018-12-20 14:23:00",19283,0.0375000000000014
"2018-12-20 14:24:00",8003,-0.00999999999999801
"2018-12-20 14:25:00",6912,-0.0400000000000063
"2018-12-20 14:26:00",6311,-0.0499999999999972
"2018-12-20 14:27:00",11662,-0.0300000000000011
"2018-12-20 14:28:00",9058,-0.0168999999999997
"2018-12-20 14:29:00",12503,-0.0330999999999975
"2018-12-20 14:30:00",19449,0.0499999999999972
"2018-12-20 14:31:00",14243,0.0300000000000011
"2018-12-20 14:32:00",14103,-0.00500000000000256
"2018-12-20 14:33:00",10562,0.00500000000000256
"2018-12-20 14:34:00",22549,0
"2018-12-20 14:35:00",16709,-0.019999999999996
"2018-12-20 14:36:00",9544,0.0399999999999991
"2018-12-20 14:37:00",11132,0.00499999999999545
"2018-12-20 14:38:00",12492,-0.0349999999999966
"2018-12-20 14:39:00",12272,-0.0249999999999986
"2018-12-20 14:40:00",15544,0.019999999999996
"2018-12-20 14:41:00",34081,-0.0549999999999997
"2018-12-20 14:42:00",33195,-0.00999999999999801
"2018-12-20 14:43:00",13503,-0.0200000000000031
"2018-12-20 14:44:00",27937,-0.104999999999997
"2018-12-20 14:45:00",29605,0.0649999999999977
"2018-12-20 14:46:00",26094,-0.0300000000000011
"2018-12-20 14:47:00",23668,-0.0300000000000011
"2018-12-20 14:48:00",27815,-0.019999999999996
"2018-12-20 14:49:00",20542,-0.00999999999999801
"2018-12-20 14:50:00",26596,0
"2018-12-20 14:51:00",28442,-0.0900000000000034
"2018-12-20 14:52:00",19754,0.00999999999999801
"2018-12-20 14:53:00",35220,0.0200000000000031
"2018-12-20 14:54:00",32722,-0.0200000000000031
"2018-12-20 14:55:00",52553,0.120000000000005
"2018-12-20 14:56:00",31618,-0.0100000000000051
"2018-12-20 14:57:00",31319,-0.0499999999999972
"2018-12-20 14:58:00",59912,0.0300000000000011
"2018-12-20 14:59:00",58893,0.0399999999999991
"2018-12-20 15:02:00",40217,0
"2018-12-20 15:15:00",0,0
"2018-12-21 08:30:00",122192,0.0900000000000034
"2018-12-21 08:31:00",43884,-0.0300000000000011
"2018-12-21 08:32:00",30831,0.00999999999999801
"2018-12-21 08:33:00",34523,0.00999999999999801
"2018-12-21 08:34:00",13484,0.0300000000000011
"2018-12-21 08:35:00",22314,0.100000000000001
"2018-12-21 08:36:00",25947,-0.00999999999999801
"2018-12-21 08:37:00",40557,-0.0100000000000051
"2018-12-21 08:38:00",24810,0.0800000000000054
"2018-12-21 08:39:00",16365,-0.0400000000000063
"2018-12-21 08:40:00",25115,-0.0249999999999986
"2018-12-21 08:41:00",35083,0.0650000000000048
"2018-12-21 08:42:00",12648,-0.00390000000000157
"2018-12-21 08:43:00",15197,0.00390000000000157
"2018-12-21 08:44:00",10953,-0.0300000000000011
"2018-12-21 08:45:00",14314,0
"2018-12-21 08:46:00",15454,0.0399999999999991
"2018-12-21 08:47:00",9205,0.0150000000000006
"2018-12-21 08:48:00",13468,-0.0850000000000009
"2018-12-21 08:49:00",24249,-0.00999999999999801
"2018-12-21 08:50:00",23435,-0.0100000000000051
"2018-12-21 08:51:00",14611,0.00500000000000256
"2018-12-21 08:52:00",7201,-0.0200000000000031
"2018-12-21 08:53:00",11904,-0.0249999999999986
"2018-12-21 08:54:00",12860,-0.0300000000000011
"2018-12-21 08:55:00",12568,0.0300000000000011
"2018-12-21 08:56:00",10385,0.0399999999999991
"2018-12-21 08:57:00",9823,0.0301000000000045
"2018-12-21 08:58:00",11641,0.0448999999999984
"2018-12-21 08:59:00",14744,-0.00500000000000256
"2018-12-21 09:00:00",20401,0.0300000000000011
"2018-12-21 09:01:00",7361,-0.019999999999996
"2018-12-21 09:02:00",19537,0.129999999999995
"2018-12-21 09:03:00",17945,0.0399999999999991
"2018-12-21 09:04:00",9066,-0.019999999999996
"2018-12-21 09:05:00",8178,0.0300000000000011
"2018-12-21 09:06:00",12997,-0.0750000000000028
"2018-12-21 09:07:00",33225,0.0549999999999997
"2018-12-21 09:08:00",6498,-0.0300000000000011
"2018-12-21 09:09:00",12060,0.0399999999999991
"2018-12-21 09:10:00",24410,0.135000000000005
"2018-12-21 09:11:00",15525,0.00789999999999935
"2018-12-21 09:12:00",9066,0.0970999999999975
"2018-12-21 09:13:00",13008,0.0499999999999972
"2018-12-21 09:14:00",88088,-0.019999999999996
"2018-12-21 09:15:00",26073,-0.0499999999999972
"2018-12-21 09:16:00",25313,0.0330999999999975
"2018-12-21 09:17:00",25185,0.0668999999999969
"2018-12-21 09:18:00",31224,-0.0700000000000003
"2018-12-21 09:19:00",11538,-0.0399999999999991
"2018-12-21 09:20:00",9499,0.0549999999999997
"2018-12-21 09:21:00",16829,0.0249999999999986
"2018-12-21 09:22:00",24221,0.00500000000000256
"2018-12-21 09:23:00",18258,-0.0649999999999977
"2018-12-21 09:24:00",17602,-0.0350000000000037
"2018-12-21 09:25:00",6039,-0.0549999999999997
"2018-12-21 09:26:00",8019,0.0457000000000036
"2018-12-21 09:27:00",12396,0.0275999999999996
"2018-12-21 09:28:00",11056,0.0467000000000013
"2018-12-21 09:29:00",12264,-0.0200000000000031
"2018-12-21 09:30:00",18231,-0.0450000000000017
"2018-12-21 09:31:00",36061,0.0500000000000043
"2018-12-21 09:32:00",15767,-0.0150000000000006
"2018-12-21 09:33:00",13156,0
"2018-12-21 09:34:00",17389,-0.0399999999999991
"2018-12-21 09:35:00",22204,-0.0600000000000023
"2018-12-21 09:36:00",38673,-0.0700000000000003
"2018-12-21 09:37:00",12726,0.0167000000000002
"2018-12-21 09:38:00",8471,-0.0867000000000004
"2018-12-21 09:39:00",7223,0
"2018-12-21 09:40:00",15376,-0.0737999999999985
"2018-12-21 09:41:00",11581,0.0137999999999963
"2018-12-21 09:42:00",13145,0.0288000000000039
"2018-12-21 09:43:00",8795,-0.0288000000000039
"2018-12-21 09:44:00",11346,0.0150000000000006
"2018-12-21 09:45:00",9290,0.106700000000004
"2018-12-21 09:46:00",13929,-0.0217000000000027
"2018-12-21 09:47:00",7240,-0.019999999999996
"2018-12-21 09:48:00",10004,-0.00500000000000256
"2018-12-21 09:49:00",3125,-0.0549999999999997
"2018-12-21 09:50:00",2385,0.0354000000000028
"2018-12-21 09:51:00",6159,0.00459999999999638
"2018-12-21 09:52:00",8494,-0.0399999999999991
"2018-12-21 09:53:00",12945,0.0700000000000003
"2018-12-21 09:54:00",9273,-0.0450000000000017
"2018-12-21 09:55:00",8451,-0.019999999999996
"2018-12-21 09:56:00",8262,0.0150000000000006
"2018-12-21 09:57:00",9621,0.0249999999999986
"2018-12-21 09:58:00",12790,-0.00500000000000256
"2018-12-21 09:59:00",9270,0.0399999999999991
"2018-12-21 10:00:00",13075,0
"2018-12-21 10:01:00",12337,0
"2018-12-21 10:02:00",10513,0.0399999999999991
"2018-12-21 10:03:00",8636,-0.0399999999999991
"2018-12-21 10:04:00",6623,-0.0499999999999972
"2018-12-21 10:05:00",5715,0.0700000000000003
"2018-12-21 10:06:00",12204,-0.0799999999999983
"2018-12-21 10:07:00",24042,-0.0800000000000054
"2018-12-21 10:08:00",16699,0.0100000000000051
"2018-12-21 10:09:00",27363,-0.0549999999999997
"2018-12-21 10:10:00",21704,0.0549999999999997
"2018-12-21 10:11:00",20388,0.0399999999999991
"2018-12-21 10:12:00",7768,-0.0200000000000031
"2018-12-21 10:13:00",12161,-0.019999999999996
"2018-12-21 10:14:00",9155,0.00999999999999801
"2018-12-21 10:15:00",8198,0.0799999999999983
"2018-12-21 10:16:00",13692,0.0300000000000011
"2018-12-21 10:17:00",5890,0.019999999999996
"2018-12-21 10:18:00",5937,0.0400000000000063
"2018-12-21 10:19:00",8633,0.0499999999999972
"2018-12-21 10:20:00",11354,0.0600000000000023
"2018-12-21 10:21:00",17374,0.0700000000000003
"2018-12-21 10:22:00",8488,-0.0300000000000011
"2018-12-21 10:23:00",6717,0.0300000000000011
"2018-12-21 10:24:00",8166,0.0449999999999946
"2018-12-21 10:25:00",11176,-0.0649999999999977
"2018-12-21 10:26:00",19239,0.0200000000000031
"2018-12-21 10:27:00",3690,-0.0200000000000031
"2018-12-21 10:28:00",17357,0.100000000000001
"2018-12-21 10:29:00",17933,0.100000000000001
"2018-12-21 10:30:00",16432,0.0599999999999952
"2018-12-21 10:31:00",32246,-0.0799999999999983
"2018-12-21 10:32:00",27087,0.00999999999999801
"2018-12-21 10:33:00",27939,0.0350000000000037
"2018-12-21 10:34:00",51852,-0.0300000000000011
"2018-12-21 10:35:00",44455,0.0350000000000037
"2018-12-21 10:36:00",6071,0.019999999999996
"2018-12-21 10:37:00",8289,-0.0700000000000003
"2018-12-21 10:38:00",6068,0.00999999999999801
"2018-12-21 10:39:00",3976,-0.00499999999999545
"2018-12-21 10:40:00",8009,-0.0399999999999991
"2018-12-21 10:41:00",9863,0.0549999999999997
"2018-12-21 10:42:00",3715,-0.0399999999999991
"2018-12-21 10:43:00",5397,0.00999999999999801
"2018-12-21 10:44:00",5151,-0.00999999999999801
"2018-12-21 10:45:00",6686,-0.0100000000000051
"2018-12-21 10:46:00",10248,0.0344000000000051
"2018-12-21 10:47:00",6572,-0.0644000000000062
"2018-12-21 10:48:00",4229,-0.0700000000000003
"2018-12-21 10:49:00",4259,0.0100000000000051
"2018-12-21 10:50:00",6600,0.0599999999999952
"2018-12-21 10:51:00",22358,0.0700000000000003
"2018-12-21 10:52:00",4947,0.0500000000000043
"2018-12-21 10:53:00",10754,-0.0600000000000023
"2018-12-21 10:54:00",8057,0
"2018-12-21 10:55:00",3691,-0.00999999999999801
"2018-12-21 10:56:00",3004,-0.0300000000000011
"2018-12-21 10:57:00",3810,-0.0200000000000031
"2018-12-21 10:58:00",4001,-0.0228999999999999
"2018-12-21 10:59:00",14679,-0.0869999999999962
"2018-12-21 11:00:00",1734,0.0334000000000003
"2018-12-21 11:01:00",3823,-0.0234999999999985
"2018-12-21 11:02:00",10817,-0.0300000000000011
"2018-12-21 11:03:00",8527,0.0399999999999991
"2018-12-21 11:04:00",15065,0.00999999999999801
"2018-12-21 11:05:00",14167,-0.00399999999999778
"2018-12-21 11:06:00",29608,-0.0559999999999974
"2018-12-21 11:07:00",18413,0.0499999999999972
"2018-12-21 11:08:00",6922,-0.0300000000000011
"2018-12-21 11:09:00",55746,0.0200000000000031
"2018-12-21 11:10:00",21120,0.00999999999999801
"2018-12-21 11:11:00",20010,-0.0300000000000011
"2018-12-21 11:12:00",11480,-0.0300000000000011
"2018-12-21 11:13:00",59296,-0.00999999999999801
"2018-12-21 11:14:00",8481,0.00999999999999801
"2018-12-21 11:15:00",17132,0.0799999999999983
"2018-12-21 11:16:00",13805,-0.0309999999999988
"2018-12-21 11:17:00",61857,-0.0189999999999984
"2018-12-21 11:18:00",7793,0.00999999999999801
"2018-12-21 11:19:00",9135,-0.00999999999999801
"2018-12-21 11:20:00",63989,-0.0499999999999972
"2018-12-21 11:21:00",7233,0.0399999999999991
"2018-12-21 11:22:00",5430,0.019999999999996
"2018-12-21 11:23:00",5903,-0.029999999999994
"2018-12-21 11:24:00",6310,-0.0400000000000063
"2018-12-21 11:25:00",16099,-0.0799999999999983
"2018-12-21 11:26:00",13716,0
"2018-12-21 11:27:00",4514,-0.0150000000000006
"2018-12-21 11:28:00",17118,0.0750999999999991
"2018-12-21 11:29:00",13767,-0.120100000000001
"2018-12-21 11:30:00",31177,-0.0399999999999991
"2018-12-21 11:31:00",19484,0
"2018-12-21 11:32:00",15795,0.0700000000000003
"2018-12-21 11:33:00",15274,-0.00499999999999545
"2018-12-21 11:34:00",8241,0.0899999999999963
"2018-12-21 11:35:00",6383,-0.0150000000000006
"2018-12-21 11:36:00",6273,-0.019999999999996
"2018-12-21 11:37:00",15596,-0.0100000000000051
"2018-12-21 11:38:00",7387,0.0417000000000058
"2018-12-21 11:39:00",7157,0.0282999999999944
"2018-12-21 11:40:00",28746,0.0100000000000051
"2018-12-21 11:41:00",10828,0.00999999999999801
"2018-12-21 11:42:00",2944,0.0300000000000011
"2018-12-21 11:43:00",7761,-0.0500000000000043
"2018-12-21 11:44:00",4200,-0.019999999999996
"2018-12-21 11:45:00",7894,0.0756000000000014
"2018-12-21 11:46:00",4028,-0.0256000000000043
"2018-12-21 11:47:00",8885,0.0300000000000011
"2018-12-21 11:48:00",7710,0.0099000000000018
"2018-12-21 11:49:00",6090,-0.0799000000000021
"2018-12-21 11:50:00",6223,-0.0399999999999991
"2018-12-21 11:51:00",5726,0.0200000000000031
"2018-12-21 11:52:00",8284,-0.0300000000000011
"2018-12-21 11:53:00",6117,-0.0100000000000051
"2018-12-21 11:54:00",13687,-0.0799999999999983
"2018-12-21 11:55:00",3317,0.0500000000000043
"2018-12-21 11:56:00",9599,-0.0500000000000043
"2018-12-21 11:57:00",4800,-0.0399999999999991
"2018-12-21 11:58:00",4101,0.0600000000000023
"2018-12-21 11:59:00",3267,0.019999999999996
"2018-12-21 12:00:00",4038,-0.0349999999999966
"2018-12-21 12:01:00",1400,0.00999999999999801
"2018-12-21 12:02:00",21729,0.0116000000000014
"2018-12-21 12:03:00",3695,-0.0566000000000031
"2018-12-21 12:04:00",5076,0.0200000000000031
"2018-12-21 12:05:00",8460,-0.0200000000000031
"2018-12-21 12:06:00",4227,-0.0700000000000003
"2018-12-21 12:07:00",5233,0.0300000000000011
"2018-12-21 12:08:00",5383,0.0100000000000051
"2018-12-21 12:09:00",3911,0.0399999999999991
"2018-12-21 12:10:00",6511,-0.0100000000000051
"2018-12-21 12:11:00",6894,-0.0799999999999983
"2018-12-21 12:12:00",6691,-0.00999999999999801
"2018-12-21 12:13:00",7077,0.019999999999996
"2018-12-21 12:14:00",10741,0
"2018-12-21 12:15:00",4797,0.0100000000000051
"2018-12-21 12:16:00",3494,-0.0150000000000006
"2018-12-21 12:17:00",11499,-0.0200000000000031
"2018-12-21 12:18:00",4540,-0.0450000000000017
"2018-12-21 12:19:00",6944,0.0300000000000011
"2018-12-21 12:20:00",10397,0.0435000000000016
"2018-12-21 12:21:00",8529,0.0564999999999998
"2018-12-21 12:22:00",10858,0.0600000000000023
"2018-12-21 12:23:00",3940,-0.0100000000000051
"2018-12-21 12:24:00",17146,-0.00999999999999801
"2018-12-21 12:25:00",11840,0.0500000000000043
"2018-12-21 12:26:00",13489,-0.0300000000000011
"2018-12-21 12:27:00",7976,0.0300000000000011
"2018-12-21 12:28:00",3996,-0.0300000000000011
"2018-12-21 12:29:00",5138,0.0399999999999991
"2018-12-21 12:30:00",8570,-0.0399999999999991
"2018-12-21 12:31:00",6734,0
"2018-12-21 12:32:00",4309,0.019999999999996
"2018-12-21 12:33:00",11779,-0.0123999999999995
"2018-12-21 12:34:00",19496,0.0224000000000046
"2018-12-21 12:35:00",15061,-0.00240000000000151
"2018-12-21 12:36:00",24043,-0.0176000000000016
"2018-12-21 12:37:00",8045,-0.0399000000000029
"2018-12-21 12:38:00",6995,0.0099000000000018
"2018-12-21 12:39:00",13365,-0.00459999999999638
"2018-12-21 12:40:00",14616,-0.0104000000000042
"2018-12-21 12:41:00",12972,0.0150000000000006
"2018-12-21 12:42:00",3718,0.00500000000000256
"2018-12-21 12:43:00",1323,0
"2018-12-21 12:44:00",15250,0.0399999999999991
"2018-12-21 12:45:00",14628,-0.0249999999999986
"2018-12-21 12:46:00",4878,-0.00500000000000256
"2018-12-21 12:47:00",5021,-0.0949999999999989
"2018-12-21 12:48:00",6733,0.0200000000000031
"2018-12-21 12:49:00",9297,-0.0125000000000028
"2018-12-21 12:50:00",3194,0.00249999999999773
"2018-12-21 12:51:00",5591,-0.0499999999999972
"2018-12-21 12:52:00",6118,-0.0150000000000006
"2018-12-21 12:53:00",4941,-0.0450000000000017
"2018-12-21 12:54:00",3110,0.0549999999999997
"2018-12-21 12:55:00",5460,0.0350000000000037
"2018-12-21 12:56:00",2993,0.019999999999996
"2018-12-21 12:57:00",4568,-0.0499999999999972
"2018-12-21 12:58:00",4806,0.0349999999999966
"2018-12-21 12:59:00",7292,0.0450000000000017
"2018-12-21 13:00:00",21060,-0.0349999999999966
"2018-12-21 13:01:00",8665,0.0449999999999946
"2018-12-21 13:02:00",70323,0.0399999999999991
"2018-12-21 13:03:00",5200,0
"2018-12-21 13:04:00",7637,-0.0399999999999991
"2018-12-21 13:05:00",5638,-0.00499999999999545
"2018-12-21 13:06:00",4163,0.0549999999999997
"2018-12-21 13:07:00",15837,0
"2018-12-21 13:08:00",23194,-0.0249999999999986
"2018-12-21 13:09:00",6507,0
"2018-12-21 13:10:00",4283,0.00499999999999545
"2018-12-21 13:11:00",7466,-0.019999999999996
"2018-12-21 13:12:00",7116,-0.0632000000000019
"2018-12-21 13:13:00",11159,-0.0367999999999995
"2018-12-21 13:14:00",15299,0.0249999999999986
"2018-12-21 13:15:00",7641,0.0499999999999972
"2018-12-21 13:16:00",3861,-0.0149999999999935
"2018-12-21 13:17:00",10460,0
"2018-12-21 13:18:00",5218,-0.0100000000000051
"2018-12-21 13:19:00",5050,0.0600000000000023
"2018-12-21 13:20:00",7857,0.0300000000000011
"2018-12-21 13:21:00",4466,0.019999999999996
"2018-12-21 13:22:00",2019,-0.0300000000000011
"2018-12-21 13:23:00",6969,0.0434000000000054
"2018-12-21 13:24:00",9352,-0.0388000000000019
"2018-12-21 13:25:00",11615,0.00540000000000163
"2018-12-21 13:26:00",8147,-0.0500000000000043
"2018-12-21 13:27:00",6090,-0.0633999999999943
"2018-12-21 13:28:00",7538,0.0334000000000003
"2018-12-21 13:29:00",9124,0.0357999999999947
"2018-12-21 13:30:00",5656,-0.0167999999999964
"2018-12-21 13:31:00",5039,-0.00900000000000034
"2018-12-21 13:32:00",2276,0
"2018-12-21 13:33:00",9307,-0.0500000000000043
"2018-12-21 13:34:00",3233,0.0100000000000051
"2018-12-21 13:35:00",5571,0.0131999999999977
"2018-12-21 13:36:00",11249,0.00679999999999836
"2018-12-21 13:37:00",4602,-0.0150000000000006
"2018-12-21 13:38:00",4475,-0.00499999999999545
"2018-12-21 13:39:00",4651,0.00329999999999586
"2018-12-21 13:40:00",4220,-0.013300000000001
"2018-12-21 13:41:00",6925,-0.0599999999999952
"2018-12-21 13:42:00",2256,0.0112999999999985
"2018-12-21 13:43:00",4065,-0.00130000000000052
"2018-12-21 13:44:00",8594,-0.0200000000000031
"2018-12-21 13:45:00",12474,0.0500000000000043
"2018-12-21 13:46:00",10312,-0.0399999999999991
"2018-12-21 13:47:00",3258,0.0101000000000013
"2018-12-21 13:48:00",4236,-0.0301000000000045
"2018-12-21 13:49:00",4366,0.0564000000000036
"2018-12-21 13:50:00",7301,0.0535999999999959
"2018-12-21 13:51:00",3560,0.0549999999999997
"2018-12-21 13:52:00",5859,-0.0125999999999991
"2018-12-21 13:53:00",8150,-0.00240000000000151
"2018-12-21 13:54:00",7687,-0.0549999999999997
"2018-12-21 13:55:00",12991,0.0150000000000006
"2018-12-21 13:56:00",11118,-0.0700000000000003
"2018-12-21 13:57:00",7209,0.0200000000000031
"2018-12-21 13:58:00",5828,0.0150000000000006
"2018-12-21 13:59:00",6141,0.0450000000000017
"2018-12-21 14:00:00",18405,0.029999999999994
"2018-12-21 14:01:00",17380,0.0100000000000051
"2018-12-21 14:02:00",5891,-0.0350000000000037
"2018-12-21 14:03:00",9779,0.0750000000000028
"2018-12-21 14:04:00",11556,-0.0100000000000051
"2018-12-21 14:05:00",3968,0.0100000000000051
"2018-12-21 14:06:00",5074,-0.0300000000000011
"2018-12-21 14:07:00",6236,0
"2018-12-21 14:08:00",6812,-0.0300000000000011
"2018-12-21 14:09:00",8481,0.0450000000000017
"2018-12-21 14:10:00",19654,-0.0300000000000011
"2018-12-21 14:11:00",11850,-0.0549999999999997
"2018-12-21 14:12:00",13733,-0.0200000000000031
"2018-12-21 14:13:00",6425,0.0350000000000037
"2018-12-21 14:14:00",25192,-0.0350000000000037
"2018-12-21 14:15:00",14236,0.0150000000000006
"2018-12-21 14:16:00",17818,-0.049199999999999
"2018-12-21 14:17:00",18139,-0.0457999999999998
"2018-12-21 14:18:00",10989,-0.00999999999999801
"2018-12-21 14:19:00",22759,0.0150000000000006
"2018-12-21 14:20:00",8405,0.0150000000000006
"2018-12-21 14:21:00",15810,-0.0249999999999986
"2018-12-21 14:22:00",12409,-0.0550000000000068
"2018-12-21 14:23:00",12832,0.0100000000000051
"2018-12-21 14:24:00",6665,0.0150000000000006
"2018-12-21 14:25:00",26295,-0.0183000000000035
"2018-12-21 14:26:00",15030,-0.0467000000000013
"2018-12-21 14:27:00",12892,0.0150000000000006
"2018-12-21 14:28:00",6455,0.0100000000000051
"2018-12-21 14:29:00",11431,-0.0650000000000048
"2018-12-21 14:30:00",26341,0.115000000000002
"2018-12-21 14:31:00",19891,-0.0649999999999977
"2018-12-21 14:32:00",18289,0.029999999999994
"2018-12-21 14:33:00",23888,-0.00999999999999801
"2018-12-21 14:34:00",26556,-0.0399999999999991
"2018-12-21 14:35:00",14321,-0.0700000000000003
"2018-12-21 14:36:00",17419,-0.0249999999999986
"2018-12-21 14:37:00",9232,0.00500000000000256
"2018-12-21 14:38:00",6883,0.00999999999999801
"2018-12-21 14:39:00",14654,-0.0150000000000006
"2018-12-21 14:40:00",18344,0.0750000000000028
"2018-12-21 14:41:00",25014,0.029999999999994
"2018-12-21 14:42:00",23348,0.0200000000000031
"2018-12-21 14:43:00",17057,-0.0200000000000031
"2018-12-21 14:44:00",20881,0
"2018-12-21 14:45:00",14176,0.100000000000001
"2018-12-21 14:46:00",28918,-0.0700000000000003
"2018-12-21 14:47:00",15706,0
"2018-12-21 14:48:00",14312,-0.0150000000000006
"2018-12-21 14:49:00",13331,0.0100000000000051
"2018-12-21 14:50:00",17658,-0.00500000000000256
"2018-12-21 14:51:00",25907,-0.0200000000000031
"2018-12-21 14:52:00",30142,0.0150000000000006
"2018-12-21 14:53:00",20394,-0.0150000000000006
"2018-12-21 14:54:00",9850,-0.019999999999996
"2018-12-21 14:55:00",29708,0.0599999999999952
"2018-12-21 14:56:00",32233,0.0400000000000063
"2018-12-21 14:57:00",25106,0.029999999999994
"2018-12-21 14:58:00",35436,0
"2018-12-21 14:59:00",40865,-0.0449999999999946
"2018-12-21 15:02:00",43180,-0.00500000000000256
"2018-12-21 15:15:00",0,0
"2018-12-24 08:30:00",57655,0.270000000000003
"2018-12-24 08:31:00",9183,0.029999999999994
"2018-12-24 08:32:00",21093,-0.0599999999999952
"2018-12-24 08:33:00",17830,-0.105000000000004
"2018-12-24 08:34:00",12141,0.00500000000000256
"2018-12-24 08:35:00",16029,-0.0900000000000034
"2018-12-24 08:36:00",15762,-0.159999999999997
"2018-12-24 08:37:00",12777,0.115000000000002
"2018-12-24 08:38:00",16803,-0.00500000000000256
"2018-12-24 08:39:00",18684,0.0750000000000028
"2018-12-24 08:40:00",14530,0.0150000000000006
"2018-12-24 08:41:00",22084,-0.0500000000000043
"2018-12-24 08:42:00",22707,-0.0399999999999991
"2018-12-24 08:43:00",18827,0.00999999999999801
"2018-12-24 08:44:00",23585,-0.0249999999999986
"2018-12-24 08:45:00",27975,-0.00500000000000256
"2018-12-24 08:46:00",12564,-0.0149999999999935
"2018-12-24 08:47:00",23795,-0.125
"2018-12-24 08:48:00",12981,-0.0100000000000051
"2018-12-24 08:49:00",27675,0
"2018-12-24 08:50:00",9844,-0.0349999999999966
"2018-12-24 08:51:00",22709,-0.0350000000000037
"2018-12-24 08:52:00",17563,-0.019999999999996
"2018-12-24 08:53:00",20125,-0.100000000000001
"2018-12-24 08:54:00",16756,0
"2018-12-24 08:55:00",10162,0.0600000000000023
"2018-12-24 08:56:00",7623,0.029999999999994
"2018-12-24 08:57:00",11986,0
"2018-12-24 08:58:00",14024,-0.00999999999999801
"2018-12-24 08:59:00",12690,0.0566000000000031
"2018-12-24 09:00:00",20558,0.0533999999999963
"2018-12-24 09:01:00",7786,-0.0799999999999983
"2018-12-24 09:02:00",8027,-0.0200000000000031
"2018-12-24 09:03:00",15319,-0.0399999999999991
"2018-12-24 09:04:00",12223,-0.0799999999999983
"2018-12-24 09:05:00",15838,-0.0549999999999997
"2018-12-24 09:06:00",26086,-0.125
"2018-12-24 09:07:00",16445,-0.00999999999999801
"2018-12-24 09:08:00",19200,-0.0700000000000003
"2018-12-24 09:09:00",12270,-0.00999999999999801
"2018-12-24 09:10:00",71514,0.00999999999999801
"2018-12-24 09:11:00",18631,0.0600000000000023
"2018-12-24 09:12:00",15879,0.0499999999999972
"2018-12-24 09:13:00",19859,-0.00500000000000256
"2018-12-24 09:14:00",31091,0.0190000000000055
"2018-12-24 09:15:00",17343,0.0159999999999982
"2018-12-24 09:16:00",6692,-0.0399999999999991
"2018-12-24 09:17:00",12462,-0.0700000000000003
"2018-12-24 09:18:00",8208,-0.0200000000000031
"2018-12-24 09:19:00",16870,0
"2018-12-24 09:20:00",12643,-0.0399999999999991
"2018-12-24 09:21:00",8337,0.0200000000000031
"2018-12-24 09:22:00",13301,0.0700000000000003
"2018-12-24 09:23:00",6957,-0.0300000000000011
"2018-12-24 09:24:00",7857,0.0399999999999991
"2018-12-24 09:25:00",6853,0.00499999999999545
"2018-12-24 09:26:00",5178,0.0150000000000006
"2018-12-24 09:27:00",5121,0.0399999999999991
"2018-12-24 09:28:00",3515,-0.00499999999999545
"2018-12-24 09:29:00",6742,-0.0500000000000043
"2018-12-24 09:30:00",9138,0.0750000000000028
"2018-12-24 09:31:00",10469,0.00999999999999801
"2018-12-24 09:32:00",15137,-0.0899999999999963
"2018-12-24 09:33:00",8309,-0.00999999999999801
"2018-12-24 09:34:00",7948,0.0399999999999991
"2018-12-24 09:35:00",10065,0.029999999999994
"2018-12-24 09:36:00",21824,0.0700000000000003
"2018-12-24 09:37:00",11718,0.0300000000000011
"2018-12-24 09:38:00",11538,0.0200000000000031
"2018-12-24 09:39:00",10582,0.0227999999999966
"2018-12-24 09:40:00",13171,0.147200000000005
"2018-12-24 09:41:00",9511,0.00999999999999801
"2018-12-24 09:42:00",9747,0.0300000000000011
"2018-12-24 09:43:00",6972,-0.0200000000000031
"2018-12-24 09:44:00",7980,0.0150000000000006
"2018-12-24 09:45:00",14305,-0.125
"2018-12-24 09:46:00",7698,-0.0630999999999986
"2018-12-24 09:47:00",10565,0.0431000000000026
"2018-12-24 09:48:00",8901,-0.0200000000000031
"2018-12-24 09:49:00",11243,-0.0499999999999972
"2018-12-24 09:50:00",4274,-0.0400000000000063
"2018-12-24 09:51:00",7159,-0.029999999999994
"2018-12-24 09:52:00",6958,0.0249999999999986
"2018-12-24 09:53:00",13907,-0.0249999999999986
"2018-12-24 09:54:00",5327,-0.0600000000000023
"2018-12-24 09:55:00",6495,-0.00999999999999801
"2018-12-24 09:56:00",9057,0
"2018-12-24 09:57:00",7780,-0.0300000000000011
"2018-12-24 09:58:00",5265,-0.00999999999999801
"2018-12-24 09:59:00",7391,0.0699999999999932
"2018-12-24 10:00:00",15224,0.0700000000000003
"2018-12-24 10:01:00",10881,0.0153000000000034
"2018-12-24 10:02:00",11705,-0.0495999999999981
"2018-12-24 10:03:00",22446,-0.120699999999999
"2018-12-24 10:04:00",13574,-0.0650000000000048
"2018-12-24 10:05:00",15572,-0.00499999999999545
"2018-12-24 10:06:00",7921,0.00999999999999801
"2018-12-24 10:07:00",12299,0.0549999999999997
"2018-12-24 10:08:00",8969,-0.0499999999999972
"2018-12-24 10:09:00",28564,-0.0200000000000031
"2018-12-24 10:10:00",7424,-0.0399999999999991
"2018-12-24 10:11:00",6488,0.0399999999999991
"2018-12-24 10:12:00",12783,0.00999999999999801
"2018-12-24 10:13:00",13981,-0.046599999999998
"2018-12-24 10:14:00",13009,0.026600000000002
"2018-12-24 10:15:00",11643,-0.0700000000000003
"2018-12-24 10:16:00",8276,-0.0275999999999996
"2018-12-24 10:17:00",15986,-0.0724000000000018
"2018-12-24 10:18:00",13349,-0.0499999999999972
"2018-12-24 10:19:00",15756,-0.0200000000000031
"2018-12-24 10:20:00",12461,-0.00999999999999801
"2018-12-24 10:21:00",12048,0.00999999999999801
"2018-12-24 10:22:00",9773,-0.0399999999999991
"2018-12-24 10:23:00",8320,-0.0206999999999979
"2018-12-24 10:24:00",16750,-0.0992999999999995
"2018-12-24 10:25:00",9988,0.0599999999999952
"2018-12-24 10:26:00",8398,-0.00999999999999801
"2018-12-24 10:27:00",24315,-0.0600000000000023
"2018-12-24 10:28:00",23476,-0.100000000000001
"2018-12-24 10:29:00",6330,0.100000000000001
"2018-12-24 10:30:00",11046,-0.00999999999999801
"2018-12-24 10:31:00",11564,0.0949999999999989
"2018-12-24 10:32:00",32615,0.0249999999999986
"2018-12-24 10:33:00",6842,-0.0799999999999983
"2018-12-24 10:34:00",8295,0.0200000000000031
"2018-12-24 10:35:00",9199,-0.0399999999999991
"2018-12-24 10:36:00",10991,-0.0334000000000003
"2018-12-24 10:37:00",11464,-0.00660000000000593
"2018-12-24 10:38:00",9109,0.0300000000000011
"2018-12-24 10:39:00",8855,0.0399999999999991
"2018-12-24 10:40:00",9657,0.0700000000000003
"2018-12-24 10:41:00",6556,-0.019999999999996
"2018-12-24 10:42:00",9217,-0.0900000000000034
"2018-12-24 10:43:00",7451,-0.0499999999999972
"2018-12-24 10:44:00",4100,0.0450000000000017
"2018-12-24 10:45:00",7127,-0.0250000000000057
"2018-12-24 10:46:00",22284,-0.0599999999999952
"2018-12-24 10:47:00",14680,0.019999999999996
"2018-12-24 10:48:00",6234,0.0800000000000054
"2018-12-24 10:49:00",7103,-0.1081
"2018-12-24 10:50:00",9024,0.0680999999999941
"2018-12-24 10:51:00",13150,-0.029999999999994
"2018-12-24 10:52:00",7884,-0.0500000000000043
"2018-12-24 10:53:00",10186,0.00999999999999801
"2018-12-24 10:54:00",8124,0.100000000000001
"2018-12-24 10:55:00",6245,-0.0599999999999952
"2018-12-24 10:56:00",10000,0.0999999999999943
"2018-12-24 10:57:00",7631,-0.0150000000000006
"2018-12-24 10:58:00",11809,-0.0982999999999947
"2018-12-24 10:59:00",12907,0.013300000000001
"2018-12-24 11:00:00",12540,0.0999999999999943
"2018-12-24 11:01:00",8232,-0.029999999999994
"2018-12-24 11:02:00",10014,-0.0400000000000063
"2018-12-24 11:03:00",14356,0.0300000000000011
"2018-12-24 11:04:00",8123,0.0399999999999991
"2018-12-24 11:05:00",14838,-0.0399999999999991
"2018-12-24 11:06:00",7190,0.0300000000000011
"2018-12-24 11:07:00",14798,-0.0300000000000011
"2018-12-24 11:08:00",6599,-0.019999999999996
"2018-12-24 11:09:00",7253,-0.0253000000000014
"2018-12-24 11:10:00",7310,0.0553000000000026
"2018-12-24 11:11:00",11448,-0.0700000000000003
"2018-12-24 11:12:00",15452,-0.0400000000000063
"2018-12-24 11:13:00",12589,0.100000000000001
"2018-12-24 11:14:00",8445,0.00500000000000256
"2018-12-24 11:15:00",8639,-0.00500000000000256
"2018-12-24 11:16:00",11454,-0.00999999999999801
"2018-12-24 11:17:00",9665,-0.00999999999999801
"2018-12-24 11:18:00",4980,0
"2018-12-24 11:19:00",10654,-0.0100000000000051
"2018-12-24 11:20:00",19561,-0.029999999999994
"2018-12-24 11:21:00",37257,0.019999999999996
"2018-12-24 11:22:00",43250,0.0900000000000034
"2018-12-24 11:23:00",17048,-0.0200999999999993
"2018-12-24 11:24:00",17033,0.0400999999999954
"2018-12-24 11:25:00",29638,0.130000000000003
"2018-12-24 11:26:00",13699,-0.00999999999999801
"2018-12-24 11:27:00",14790,-0.0800000000000054
"2018-12-24 11:28:00",22557,-0.0499999999999972
"2018-12-24 11:29:00",15744,0.0799999999999983
"2018-12-24 11:30:00",6583,0.0625
"2018-12-24 11:31:00",12177,-0.0474999999999994
"2018-12-24 11:32:00",22515,-0.0850000000000009
"2018-12-24 11:33:00",12517,-0.0399999999999991
"2018-12-24 11:34:00",23498,0.0700000000000003
"2018-12-24 11:35:00",14962,-0.0200000000000031
"2018-12-24 11:36:00",11719,0
"2018-12-24 11:37:00",17749,-0.029999999999994
"2018-12-24 11:38:00",13925,0
"2018-12-24 11:39:00",7855,-0.0150000000000006
"2018-12-24 11:40:00",22300,-0.0249999999999986
"2018-12-24 11:41:00",58145,0.00999999999999801
"2018-12-24 11:42:00",70245,0.00999999999999801
"2018-12-24 11:43:00",40717,-0.019999999999996
"2018-12-24 11:44:00",22867,0
"2018-12-24 11:45:00",82313,0
"2018-12-24 11:46:00",53206,0.0268999999999977
"2018-12-24 11:47:00",23996,-0.0369000000000028
"2018-12-24 11:48:00",37683,0.0500000000000043
"2018-12-24 11:49:00",20832,0
"2018-12-24 11:50:00",28438,-0.0300000000000011
"2018-12-24 11:51:00",32575,0.0499999999999972
"2018-12-24 11:52:00",17535,-0.0300000000000011
"2018-12-24 11:53:00",14160,-0.029999999999994
"2018-12-24 11:54:00",20942,0.00499999999999545
"2018-12-24 11:55:00",22169,-0.0549999999999997
"2018-12-24 11:56:00",14096,-0.00309999999999633
"2018-12-24 11:57:00",23447,-0.0168999999999997
"2018-12-24 11:58:00",31169,0.00999999999999801
"2018-12-24 11:59:00",47438,-0.0399999999999991
"2018-12-24 12:02:00",27790,-0.0300000000000011
"2018-12-24 12:40:00",0,0
"2018-12-24 15:15:00",0,0
"2018-12-26 08:30:00",43906,0.219999999999999
"2018-12-26 08:31:00",27210,0.115000000000002
"2018-12-26 08:32:00",32247,-0.0500000000000043
"2018-12-26 08:33:00",28602,-0.019999999999996
"2018-12-26 08:34:00",12319,0.115000000000002
"2018-12-26 08:35:00",18883,-0.0800000000000054
"2018-12-26 08:36:00",18029,0.0100000000000051
"2018-12-26 08:37:00",15005,0.00999999999999801
"2018-12-26 08:38:00",14129,0.0300000000000011
"2018-12-26 08:39:00",11466,-0.0450000000000017
"2018-12-26 08:40:00",18482,0.0349999999999966
"2018-12-26 08:41:00",8019,-0.0614999999999952
"2018-12-26 08:42:00",20773,-0.0885000000000034
"2018-12-26 08:43:00",15796,0.0399999999999991
"2018-12-26 08:44:00",14996,-0.0549999999999997
"2018-12-26 08:45:00",7604,-0.0850000000000009
"2018-12-26 08:46:00",7241,0.0100000000000051
"2018-12-26 08:47:00",16564,0.0399999999999991
"2018-12-26 08:48:00",14091,-0.170000000000002
"2018-12-26 08:49:00",17181,0.0600000000000023
"2018-12-26 08:50:00",13080,-0.0600000000000023
"2018-12-26 08:51:00",13712,0.00999999999999801
"2018-12-26 08:52:00",11497,-0.00999999999999801
"2018-12-26 08:53:00",8790,0.0350000000000037
"2018-12-26 08:54:00",11662,-0.0850000000000009
"2018-12-26 08:55:00",18547,-0.0100000000000051
"2018-12-26 08:56:00",16233,-0.0399999999999991
"2018-12-26 08:57:00",10508,-0.0399999999999991
"2018-12-26 08:58:00",12148,-0.0700000000000003
"2018-12-26 08:59:00",9179,-0.019999999999996
"2018-12-26 09:00:00",24679,-0.0300000000000011
"2018-12-26 09:01:00",8418,0.0300000000000011
"2018-12-26 09:02:00",8450,-0.0100000000000051
"2018-12-26 09:03:00",12589,-0.0999999999999943
"2018-12-26 09:04:00",14310,-0.0150000000000006
"2018-12-26 09:05:00",6281,-0.00500000000000256
"2018-12-26 09:06:00",13272,0.0499999999999972
"2018-12-26 09:07:00",10411,0.0500000000000043
"2018-12-26 09:08:00",11971,0.119999999999997
"2018-12-26 09:09:00",20329,0.109999999999999
"2018-12-26 09:10:00",9114,-0.0399999999999991
"2018-12-26 09:11:00",17397,-0.0499999999999972
"2018-12-26 09:12:00",6319,-0.0900000000000034
"2018-12-26 09:13:00",8700,0.00999999999999801
"2018-12-26 09:14:00",13121,-0.0700000000000003
"2018-12-26 09:15:00",11277,0.0400000000000063
"2018-12-26 09:16:00",9643,0.019999999999996
"2018-12-26 09:17:00",10382,0
"2018-12-26 09:18:00",8551,0.0300000000000011
"2018-12-26 09:19:00",16790,-0.100000000000001
"2018-12-26 09:20:00",11119,0.100000000000001
"2018-12-26 09:21:00",11499,0.109999999999999
"2018-12-26 09:22:00",8393,0.0161000000000016
"2018-12-26 09:23:00",21020,0.0940000000000012
"2018-12-26 09:24:00",11003,-0.0200999999999993
"2018-12-26 09:25:00",6817,-0.0400000000000063
"2018-12-26 09:26:00",6307,-0.00269999999999726
"2018-12-26 09:27:00",8116,0.00269999999999726
"2018-12-26 09:28:00",7881,0.0300000000000011
"2018-12-26 09:29:00",7110,-0.0899999999999963
"2018-12-26 09:30:00",11549,-0.0300000000000011
"2018-12-26 09:31:00",9588,0.0700000000000003
"2018-12-26 09:32:00",9898,-0.0399999999999991
"2018-12-26 09:33:00",8098,0.0700000000000003
"2018-12-26 09:34:00",5460,0
"2018-12-26 09:35:00",14110,-0.0900000000000034
"2018-12-26 09:36:00",9633,-0.0499999999999972
"2018-12-26 09:37:00",4700,0.0549999999999997
"2018-12-26 09:38:00",6719,0.0285999999999973
"2018-12-26 09:39:00",5328,-0.0685999999999964
"2018-12-26 09:40:00",15117,0.0249999999999986
"2018-12-26 09:41:00",4762,0.0399999999999991
"2018-12-26 09:42:00",3862,-0.0499999999999972
"2018-12-26 09:43:00",2100,0.019999999999996
"2018-12-26 09:44:00",9645,0.0100000000000051
"2018-12-26 09:45:00",16341,0.029999999999994
"2018-12-26 09:46:00",11220,0.0100000000000051
"2018-12-26 09:47:00",7463,-0.0300000000000011
"2018-12-26 09:48:00",12430,-0.0200000000000031
"2018-12-26 09:49:00",6578,0.0399999999999991
"2018-12-26 09:50:00",17918,0.100000000000001
"2018-12-26 09:51:00",11326,0.0399999999999991
"2018-12-26 09:52:00",8560,-0.0499999999999972
"2018-12-26 09:53:00",8332,-0.0300000000000011
"2018-12-26 09:54:00",19019,-0.0600000000000023
"2018-12-26 09:55:00",10618,0.0450000000000017
"2018-12-26 09:56:00",7180,0.0568000000000026
"2018-12-26 09:57:00",5419,-0.00679999999999836
"2018-12-26 09:58:00",11207,0.0149999999999935
"2018-12-26 09:59:00",5089,-0.019999999999996
"2018-12-26 10:00:00",8027,0.019999999999996
"2018-12-26 10:01:00",6085,0.0200000000000031
"2018-12-26 10:02:00",13985,0.0600000000000023
"2018-12-26 10:03:00",7847,0.0799999999999983
"2018-12-26 10:04:00",11284,0.0700000000000003
"2018-12-26 10:05:00",4692,0.00999999999999801
"2018-12-26 10:06:00",8300,-0.00999999999999801
"2018-12-26 10:07:00",10254,-0.0399999999999991
"2018-12-26 10:08:00",3150,0.0276999999999958
"2018-12-26 10:09:00",9587,0.0586000000000055
"2018-12-26 10:10:00",10392,0.0486999999999966
"2018-12-26 10:11:00",17568,-0.0150000000000006
"2018-12-26 10:12:00",4050,0.0200000000000031
"2018-12-26 10:13:00",5285,0.0349999999999966
"2018-12-26 10:14:00",7229,-0.00499999999999545
"2018-12-26 10:15:00",14754,0.0699999999999932
"2018-12-26 10:16:00",7244,0.0300000000000011
"2018-12-26 10:17:00",8361,-0.00999999999999801
"2018-12-26 10:18:00",11850,-0.0600000000000023
"2018-12-26 10:19:00",8343,0.0900000000000034
"2018-12-26 10:20:00",10633,-0.0300000000000011
"2018-12-26 10:21:00",5775,0.0200000000000031
"2018-12-26 10:22:00",9362,-0.0742000000000047
"2018-12-26 10:23:00",5459,0.00420000000000442
"2018-12-26 10:24:00",7294,0.00999999999999801
"2018-12-26 10:25:00",2800,0.0399999999999991
"2018-12-26 10:26:00",5367,0.0322999999999993
"2018-12-26 10:27:00",7571,-0.00799999999999557
"2018-12-26 10:28:00",6514,0.0356999999999985
"2018-12-26 10:29:00",10391,-0.0100000000000051
"2018-12-26 10:30:00",6444,0.0400000000000063
"2018-12-26 10:31:00",14805,0
"2018-12-26 10:32:00",8451,0.019999999999996
"2018-12-26 10:33:00",4624,-0.0150000000000006
"2018-12-26 10:34:00",8323,0.00500000000000256
"2018-12-26 10:35:00",5463,0
"2018-12-26 10:36:00",3831,0.0399999999999991
"2018-12-26 10:37:00",22586,0.0647999999999982
"2018-12-26 10:38:00",4905,0.000399999999999068
"2018-12-26 10:39:00",8964,0.0548000000000002
"2018-12-26 10:40:00",15342,-0.0700000000000003
"2018-12-26 10:41:00",6554,0.0250000000000057
"2018-12-26 10:42:00",12605,0.0249999999999986
"2018-12-26 10:43:00",4625,0.0298999999999978
"2018-12-26 10:44:00",7629,0.00010000000000332
"2018-12-26 10:45:00",1950,-0.0400000000000063
"2018-12-26 10:46:00",8447,-0.0140999999999991
"2018-12-26 10:47:00",9252,0.0140999999999991
"2018-12-26 10:48:00",5723,0.0200000000000031
"2018-12-26 10:49:00",8960,0.0499999999999972
"2018-12-26 10:50:00",3830,-0.0499999999999972
"2018-12-26 10:51:00",7718,-0.0300000000000011
"2018-12-26 10:52:00",3100,0.0399999999999991
"2018-12-26 10:53:00",17928,0.00500000000000256
"2018-12-26 10:54:00",3569,0.00999999999999801
"2018-12-26 10:55:00",11947,0.115000000000002
"2018-12-26 10:56:00",9221,0.0215000000000032
"2018-12-26 10:57:00",6400,-0.0115000000000052
"2018-12-26 10:58:00",6809,0.014400000000002
"2018-12-26 10:59:00",6432,0.0255999999999972
"2018-12-26 11:00:00",12229,0.0200000000000031
"2018-12-26 11:01:00",26299,-0.0200000000000031
"2018-12-26 11:02:00",4879,0.0500000000000043
"2018-12-26 11:03:00",3516,0.0730000000000004
"2018-12-26 11:04:00",7285,-0.0429999999999993
"2018-12-26 11:05:00",8376,0.0799999999999983
"2018-12-26 11:06:00",7600,0.0399999999999991
"2018-12-26 11:07:00",9368,-0.0200000000000031
"2018-12-26 11:08:00",16465,-0.029999999999994
"2018-12-26 11:09:00",13527,0.119999999999997
"2018-12-26 11:10:00",8753,0.0399999999999991
"2018-12-26 11:11:00",9267,0.0174999999999983
"2018-12-26 11:12:00",9642,0.0625
"2018-12-26 11:13:00",20196,-0.0131000000000014
"2018-12-26 11:14:00",15079,0.0029000000000039
"2018-12-26 11:15:00",14512,-0.0797999999999988
"2018-12-26 11:16:00",5418,-0.0750000000000028
"2018-12-26 11:17:00",4000,-0.0349999999999966
"2018-12-26 11:18:00",7955,-0.0399999999999991
"2018-12-26 11:19:00",4733,0.00999999999999801
"2018-12-26 11:20:00",5154,0.0799999999999983
"2018-12-26 11:21:00",7563,-0.0638999999999967
"2018-12-26 11:22:00",6251,-0.0211000000000041
"2018-12-26 11:23:00",10383,-0.019999999999996
"2018-12-26 11:24:00",3815,0.0399999999999991
"2018-12-26 11:25:00",15852,0.0412999999999997
"2018-12-26 11:26:00",3927,-0.0563000000000002
"2018-12-26 11:27:00",11320,0.0375000000000014
"2018-12-26 11:28:00",2747,-0.0175000000000054
"2018-12-26 11:29:00",7693,-0.0799999999999983
"2018-12-26 11:30:00",9385,-0.0289999999999964
"2018-12-26 11:31:00",8787,0.0689999999999955
"2018-12-26 11:32:00",6424,-0.0167999999999964
"2018-12-26 11:33:00",7708,0.0238000000000014
"2018-12-26 11:34:00",4414,-0.007000000000005
"2018-12-26 11:35:00",14103,0.0100000000000051
"2018-12-26 11:36:00",4923,-0.0400000000000063
"2018-12-26 11:37:00",5961,0.0500000000000043
"2018-12-26 11:38:00",2223,0.0499999999999972
"2018-12-26 11:39:00",4892,-0.0700000000000003
"2018-12-26 11:40:00",4217,0.0450000000000017
"2018-12-26 11:41:00",4100,-0.0450000000000017
"2018-12-26 11:42:00",7047,-0.00999999999999801
"2018-12-26 11:43:00",8924,0.0600000000000023
"2018-12-26 11:44:00",8035,0.0300000000000011
"2018-12-26 11:45:00",11408,0.0699999999999932
"2018-12-26 11:46:00",15142,-0.0599999999999952
"2018-12-26 11:47:00",8911,-0.00999999999999801
"2018-12-26 11:48:00",5024,-0.0150000000000006
"2018-12-26 11:49:00",13406,-0.0700000000000003
"2018-12-26 11:50:00",3221,0.0599999999999952
"2018-12-26 11:51:00",4061,0.0250000000000057
"2018-12-26 11:52:00",3461,0
"2018-12-26 11:53:00",4049,0.0599999999999952
"2018-12-26 11:54:00",7973,0
"2018-12-26 11:55:00",4566,0.0600000000000023
"2018-12-26 11:56:00",8138,0.00750000000000028
"2018-12-26 11:57:00",3584,0.0324999999999989
"2018-12-26 11:58:00",5600,-0.0499999999999972
"2018-12-26 11:59:00",3794,0
"2018-12-26 12:00:00",8362,-0.0600000000000023
"2018-12-26 12:01:00",3925,0.0300000000000011
"2018-12-26 12:02:00",9168,-0.0200000000000031
"2018-12-26 12:03:00",3979,0.0200000000000031
"2018-12-26 12:04:00",4306,-0.0399999999999991
"2018-12-26 12:05:00",2500,-0.0450000000000017
"2018-12-26 12:06:00",4168,0.019999999999996
"2018-12-26 12:07:00",5442,-0.0599999999999952
"2018-12-26 12:08:00",7807,-0.0300000000000011
"2018-12-26 12:09:00",7008,0.0549999999999997
"2018-12-26 12:10:00",8350,0.025500000000001
"2018-12-26 12:11:00",3252,-0.015500000000003
"2018-12-26 12:12:00",2444,-0.0300000000000011
"2018-12-26 12:13:00",10074,-0.0549999999999997
"2018-12-26 12:14:00",12026,-0.0349999999999966
"2018-12-26 12:15:00",16567,-0.00419999999999732
"2018-12-26 12:16:00",6615,0.0341999999999985
"2018-12-26 12:17:00",5782,-0.0500000000000043
"2018-12-26 12:18:00",4698,-0.00499999999999545
"2018-12-26 12:19:00",4650,-0.0350000000000037
"2018-12-26 12:20:00",4966,0.0198999999999998
"2018-12-26 12:21:00",21957,0.0501000000000005
"2018-12-26 12:22:00",4594,0.00999999999999801
"2018-12-26 12:23:00",2008,0.0344000000000051
"2018-12-26 12:24:00",4957,-0.078000000000003
"2018-12-26 12:25:00",6057,-0.0264000000000024
"2018-12-26 12:26:00",2626,0.0150000000000006
"2018-12-26 12:27:00",4375,0.021800000000006
"2018-12-26 12:28:00",2442,-0.0268000000000015
"2018-12-26 12:29:00",5467,0.00499999999999545
"2018-12-26 12:30:00",8081,0.0200000000000031
"2018-12-26 12:31:00",2293,0.0249999999999986
"2018-12-26 12:32:00",3804,0.0249999999999986
"2018-12-26 12:33:00",5880,-0.0150000000000006
"2018-12-26 12:34:00",3845,-0.029999999999994
"2018-12-26 12:35:00",4745,-0.0200000000000031
"2018-12-26 12:36:00",4479,0.0300000000000011
"2018-12-26 12:37:00",4412,-0.00999999999999801
"2018-12-26 12:38:00",4138,0.0399999999999991
"2018-12-26 12:39:00",6905,0.019999999999996
"2018-12-26 12:40:00",9717,0.0300000000000011
"2018-12-26 12:41:00",13103,-0.0549999999999997
"2018-12-26 12:42:00",10703,0.0450000000000017
"2018-12-26 12:43:00",4228,-0.0300000000000011
"2018-12-26 12:44:00",2244,0.00999999999999801
"2018-12-26 12:45:00",6588,0.0900000000000034
"2018-12-26 12:46:00",13804,0.0399999999999991
"2018-12-26 12:47:00",6904,-0.00999999999999801
"2018-12-26 12:48:00",6358,0.0799999999999983
"2018-12-26 12:49:00",2747,-0.0200000000000031
"2018-12-26 12:50:00",5100,0.0200000000000031
"2018-12-26 12:51:00",6167,0.0399999999999991
"2018-12-26 12:52:00",45425,-0.00999999999999801
"2018-12-26 12:53:00",12081,0.00499999999999545
"2018-12-26 12:54:00",6619,0
"2018-12-26 12:55:00",14866,0.00510000000000588
"2018-12-26 12:56:00",7368,0.0298999999999978
"2018-12-26 12:57:00",12463,-0.0166000000000039
"2018-12-26 12:58:00",9212,0.0166000000000039
"2018-12-26 12:59:00",9616,0.0700000000000003
"2018-12-26 13:00:00",8157,-0.0750000000000028
"2018-12-26 13:01:00",3835,0.0682000000000045
"2018-12-26 13:02:00",3340,-0.0282000000000053
"2018-12-26 13:03:00",5772,0.0200000000000031
"2018-12-26 13:04:00",5885,-0.0150000000000006
"2018-12-26 13:05:00",12738,-0.0200000000000031
"2018-12-26 13:06:00",8549,-0.0361999999999938
"2018-12-26 13:07:00",5569,0.00399999999999778
"2018-12-26 13:08:00",4283,-0.00780000000000314
"2018-12-26 13:09:00",4999,0.0300000000000011
"2018-12-26 13:10:00",3174,0.0300000000000011
"2018-12-26 13:11:00",10055,0.0200000000000031
"2018-12-26 13:12:00",6323,0.016299999999994
"2018-12-26 13:13:00",7062,-0.0462999999999951
"2018-12-26 13:14:00",9468,-0.0500000000000043
"2018-12-26 13:15:00",11601,0.0300000000000011
"2018-12-26 13:16:00",1800,0
"2018-12-26 13:17:00",15190,-0.109999999999999
"2018-12-26 13:18:00",4049,0.0600000000000023
"2018-12-26 13:19:00",26177,-0.0600999999999985
"2018-12-26 13:20:00",7859,9.99999999962142e-05
"2018-12-26 13:21:00",4245,-0.0499999999999972
"2018-12-26 13:22:00",3170,0.0399999999999991
"2018-12-26 13:23:00",5150,0.0499999999999972
"2018-12-26 13:24:00",6909,0.0799999999999983
"2018-12-26 13:25:00",5251,-0.0799999999999983
"2018-12-26 13:26:00",4289,-0.0600000000000023
"2018-12-26 13:27:00",5123,0.0300000000000011
"2018-12-26 13:28:00",2586,0.0100000000000051
"2018-12-26 13:29:00",6703,0.00499999999999545
"2018-12-26 13:30:00",4929,-0.00499999999999545
"2018-12-26 13:31:00",5782,0.0799999999999983
"2018-12-26 13:32:00",6886,-0.0300000000000011
"2018-12-26 13:33:00",4579,0.00999999999999801
"2018-12-26 13:34:00",4714,0.0300000000000011
"2018-12-26 13:35:00",4611,-0.0178000000000011
"2018-12-26 13:36:00",10167,-0.00219999999999487
"2018-12-26 13:37:00",3744,-0.0300000000000011
"2018-12-26 13:38:00",1303,-0.0100000000000051
"2018-12-26 13:39:00",2986,0.0268000000000015
"2018-12-26 13:40:00",4396,-0.0367999999999995
"2018-12-26 13:41:00",2600,0.00500000000000256
"2018-12-26 13:42:00",5570,-0.0549999999999997
"2018-12-26 13:43:00",4776,0.0450000000000017
"2018-12-26 13:44:00",4924,0.0350999999999999
"2018-12-26 13:45:00",7044,-0.0301000000000045
"2018-12-26 13:46:00",5726,-0.00999999999999801
"2018-12-26 13:47:00",3401,0
"2018-12-26 13:48:00",2200,0.019999999999996
"2018-12-26 13:49:00",8558,-0.0499999999999972
"2018-12-26 13:50:00",2031,0.0662999999999982
"2018-12-26 13:51:00",3919,-0.0362999999999971
"2018-12-26 13:52:00",5120,0.0448000000000022
"2018-12-26 13:53:00",3750,-0.0448000000000022
"2018-12-26 13:54:00",6480,0.0600000000000023
"2018-12-26 13:55:00",4035,0.00999999999999801
"2018-12-26 13:56:00",6500,0.00670000000000215
"2018-12-26 13:57:00",4886,0.0882999999999967
"2018-12-26 13:58:00",8352,-0.0150000000000006
"2018-12-26 13:59:00",15804,0.0850000000000009
"2018-12-26 14:00:00",6631,-0.00500000000000256
"2018-12-26 14:01:00",8258,0.0500000000000043
"2018-12-26 14:02:00",7038,-0.0300000000000011
"2018-12-26 14:03:00",6406,-0.00999999999999801
"2018-12-26 14:04:00",5490,0.019999999999996
"2018-12-26 14:05:00",9146,-0.0154999999999959
"2018-12-26 14:06:00",8984,0.0254999999999939
"2018-12-26 14:07:00",4808,0.0100000000000051
"2018-12-26 14:08:00",7800,-0.0200000000000031
"2018-12-26 14:09:00",4567,-0.0549999999999997
"2018-12-26 14:10:00",5886,-0.0249999999999986
"2018-12-26 14:11:00",2581,0.0300000000000011
"2018-12-26 14:12:00",5744,0.0499999999999972
"2018-12-26 14:13:00",3045,-0.019999999999996
"2018-12-26 14:14:00",8740,0.0150000000000006
"2018-12-26 14:15:00",12721,0.0349999999999966
"2018-12-26 14:16:00",4132,-0.0399999999999991
"2018-12-26 14:17:00",5293,0.0600000000000023
"2018-12-26 14:18:00",8435,-0.0400000000000063
"2018-12-26 14:19:00",5097,-0.0399999999999991
"2018-12-26 14:20:00",4614,0.0600000000000023
"2018-12-26 14:21:00",4074,0.0450000000000017
"2018-12-26 14:22:00",7032,-0.0150000000000006
"2018-12-26 14:23:00",4644,0.019999999999996
"2018-12-26 14:24:00",8021,0.0400000000000063
"2018-12-26 14:25:00",5690,0
"2018-12-26 14:26:00",3810,0.0149999999999935
"2018-12-26 14:27:00",3531,0.0150000000000006
"2018-12-26 14:28:00",7455,-0.0449999999999946
"2018-12-26 14:29:00",6216,0.0249999999999986
"2018-12-26 14:30:00",7175,0.019999999999996
"2018-12-26 14:31:00",5238,-0.029999999999994
"2018-12-26 14:32:00",9662,0.0499999999999972
"2018-12-26 14:33:00",5526,0.0433000000000021
"2018-12-26 14:34:00",5398,-0.00830000000000553
"2018-12-26 14:35:00",8060,0.0549999999999997
"2018-12-26 14:36:00",17658,0.100000000000001
"2018-12-26 14:37:00",13936,-0.0300000000000011
"2018-12-26 14:38:00",14090,0.0400000000000063
"2018-12-26 14:39:00",17102,0.029999999999994
"2018-12-26 14:40:00",17041,-0.029999999999994
"2018-12-26 14:41:00",16308,0.00989999999999469
"2018-12-26 14:42:00",11527,0.055100000000003
"2018-12-26 14:43:00",11749,0.0649999999999977
"2018-12-26 14:44:00",16441,0.0399999999999991
"2018-12-26 14:45:00",23574,-0.0700000000000003
"2018-12-26 14:46:00",25907,-0.0399999999999991
"2018-12-26 14:47:00",15453,0.00999999999999801
"2018-12-26 14:48:00",18305,0.0650000000000048
"2018-12-26 14:49:00",17354,-0.0150000000000006
"2018-12-26 14:50:00",17686,0.0399999999999991
"2018-12-26 14:51:00",11665,-0.00500000000000256
"2018-12-26 14:52:00",13070,0.0150000000000006
"2018-12-26 14:53:00",19839,0.0500000000000043
"2018-12-26 14:54:00",48536,0.0599999999999952
"2018-12-26 14:55:00",37039,0.0300000000000011
"2018-12-26 14:56:00",58089,0.0299000000000049
"2018-12-26 14:57:00",38833,-0.0149000000000044
"2018-12-26 14:58:00",42978,0.0649000000000015
"2018-12-26 14:59:00",48694,0.0300999999999974
"2018-12-26 15:02:00",48795,-0.0599999999999952
"2018-12-26 15:15:00",0,0
"2018-12-27 08:30:00",92216,-0.760000000000005
"2018-12-27 08:31:00",27405,0.100000000000001
"2018-12-27 08:32:00",38881,-0.0799999999999983
"2018-12-27 08:33:00",24893,0
"2018-12-27 08:34:00",7339,0.0499999999999972
"2018-12-27 08:35:00",12212,-0.0499999999999972
"2018-12-27 08:36:00",19202,-0.0300000000000011
"2018-12-27 08:37:00",18472,0.0900000000000034
"2018-12-27 08:38:00",16110,0.0399999999999991
"2018-12-27 08:39:00",12108,-0.0500000000000043
"2018-12-27 08:40:00",14410,0.0260000000000034
"2018-12-27 08:41:00",9704,-0.0159999999999982
"2018-12-27 08:42:00",16653,0.0499999999999972
"2018-12-27 08:43:00",11134,-0.0700000000000003
"2018-12-27 08:44:00",9059,-0.00999999999999801
"2018-12-27 08:45:00",8377,0.00499999999999545
"2018-12-27 08:46:00",16868,-0.0150000000000006
"2018-12-27 08:47:00",31107,-0.136599999999994
"2018-12-27 08:48:00",10520,-0.0634000000000015
"2018-12-27 08:49:00",10475,0
"2018-12-27 08:50:00",9341,-0.0399999999999991
"2018-12-27 08:51:00",32575,0.109999999999999
"2018-12-27 08:52:00",17114,-0.0700000000000003
"2018-12-27 08:53:00",7430,0.019999999999996
"2018-12-27 08:54:00",6705,0.0100000000000051
"2018-12-27 08:55:00",7810,0.00999999999999801
"2018-12-27 08:56:00",5900,0.0799999999999983
"2018-12-27 08:57:00",7816,0.0399999999999991
"2018-12-27 08:58:00",6608,0.0300000000000011
"2018-12-27 08:59:00",8999,0.0500000000000043
"2018-12-27 09:00:00",15835,-0.0400000000000063
"2018-12-27 09:01:00",10678,0.0599000000000061
"2018-12-27 09:02:00",11061,0.0700999999999965
"2018-12-27 09:03:00",9229,-0.0499999999999972
"2018-12-27 09:04:00",3787,-0.0399999999999991
"2018-12-27 09:05:00",9155,-0.0600000000000023
"2018-12-27 09:06:00",18941,-0.0300000000000011
"2018-12-27 09:07:00",11525,-0.0799999999999983
"2018-12-27 09:08:00",13746,-0.0549999999999997
"2018-12-27 09:09:00",6904,-0.00500000000000256
"2018-12-27 09:10:00",7225,-0.0399999999999991
"2018-12-27 09:11:00",9616,0.00999999999999801
"2018-12-27 09:12:00",5007,-0.0700000000000003
"2018-12-27 09:13:00",5845,-0.0300000000000011
"2018-12-27 09:14:00",4947,0.0200000000000031
"2018-12-27 09:15:00",5957,0.0600000000000023
"2018-12-27 09:16:00",17438,0.00999999999999801
"2018-12-27 09:17:00",8545,-0.0750000000000028
"2018-12-27 09:18:00",5647,0.0293000000000063
"2018-12-27 09:19:00",9635,-0.094300000000004
"2018-12-27 09:20:00",6255,-0.019999999999996
"2018-12-27 09:21:00",5362,0.0399999999999991
"2018-12-27 09:22:00",6691,0
"2018-12-27 09:23:00",11979,0.0399999999999991
"2018-12-27 09:24:00",8035,-0.0500000000000043
"2018-12-27 09:25:00",6080,0.0600000000000023
"2018-12-27 09:26:00",6347,-0.0063999999999993
"2018-12-27 09:27:00",6840,-0.00359999999999872
"2018-12-27 09:28:00",2681,-0.0399999999999991
"2018-12-27 09:29:00",5500,-0.0399999999999991
"2018-12-27 09:30:00",14699,-0.0700000000000003
"2018-12-27 09:31:00",4463,0.0789999999999935
"2018-12-27 09:32:00",5000,-0.0389999999999944
"2018-12-27 09:33:00",6214,0.0700000000000003
"2018-12-27 09:34:00",7350,0.0867000000000004
"2018-12-27 09:35:00",4722,-0.0967000000000056
"2018-12-27 09:36:00",8359,0.0900000000000034
"2018-12-27 09:37:00",8913,0.00500000000000256
"2018-12-27 09:38:00",5571,0.0149999999999935
"2018-12-27 09:39:00",8529,-0.0499999999999972
"2018-12-27 09:40:00",5197,0
"2018-12-27 09:41:00",13162,-0.00500000000000256
"2018-12-27 09:42:00",12620,-0.0249999999999986
"2018-12-27 09:43:00",26922,0.120000000000005
"2018-12-27 09:44:00",7961,0.0399999999999991
"2018-12-27 09:45:00",5672,-0.0399999999999991
"2018-12-27 09:46:00",6419,0.019999999999996
"2018-12-27 09:47:00",15763,0.0900000000000034
"2018-12-27 09:48:00",20209,-0.0200000000000031
"2018-12-27 09:49:00",7086,-0.0899999999999963
"2018-12-27 09:50:00",2800,-0.0200000000000031
"2018-12-27 09:51:00",9055,-0.0499999999999972
"2018-12-27 09:52:00",16411,-0.0200000000000031
"2018-12-27 09:53:00",5278,-0.0506999999999991
"2018-12-27 09:54:00",21752,-0.0243000000000038
"2018-12-27 09:55:00",5869,-0.029999999999994
"2018-12-27 09:56:00",34638,0.0349999999999966
"2018-12-27 09:57:00",27340,-0.0600000000000023
"2018-12-27 09:58:00",6500,-0.029999999999994
"2018-12-27 09:59:00",34930,-0.0700000000000003
"2018-12-27 10:00:00",20709,-0.0600000000000023
"2018-12-27 10:01:00",8214,-0.0439000000000007
"2018-12-27 10:02:00",6649,-0.0161000000000016
"2018-12-27 10:03:00",7189,-0.0249999999999986
"2018-12-27 10:04:00",23409,-0.00500000000000256
"2018-12-27 10:05:00",7884,-0.0599999999999952
"2018-12-27 10:06:00",6574,0.0449999999999946
"2018-12-27 10:07:00",8397,-0.0649999999999977
"2018-12-27 10:08:00",8686,0.00999999999999801
"2018-12-27 10:09:00",13059,0.0400000000000063
"2018-12-27 10:10:00",15412,0.0499999999999972
"2018-12-27 10:11:00",5926,-0.00010000000000332
"2018-12-27 10:12:00",25686,0.0601000000000056
"2018-12-27 10:13:00",10472,0.0599999999999952
"2018-12-27 10:14:00",11280,-0.0399999999999991
"2018-12-27 10:15:00",14803,-0.0499999999999972
"2018-12-27 10:16:00",8664,0.119999999999997
"2018-12-27 10:17:00",9565,0.0900000000000034
"2018-12-27 10:18:00",7703,-0.00530000000000541
"2018-12-27 10:19:00",14878,0.0753000000000057
"2018-12-27 10:20:00",14766,-0.0099000000000018
"2018-12-27 10:21:00",9270,0.059899999999999
"2018-12-27 10:22:00",9002,0.0600000000000023
"2018-12-27 10:23:00",5700,0.019999999999996
"2018-12-27 10:24:00",6499,0
"2018-12-27 10:25:00",15525,0.0200000000000031
"2018-12-27 10:26:00",15896,0.0899999999999963
"2018-12-27 10:27:00",14464,0.0700000000000003
"2018-12-27 10:28:00",14008,0.0399999999999991
"2018-12-27 10:29:00",15670,-0.0499999999999972
"2018-12-27 10:30:00",8191,0.0300000000000011
"2018-12-27 10:31:00",9384,0.019999999999996
"2018-12-27 10:32:00",8313,0.0700000000000003
"2018-12-27 10:33:00",22818,-0.109999999999999
"2018-12-27 10:34:00",20382,-0.0700000000000003
"2018-12-27 10:35:00",7543,-0.019999999999996
"2018-12-27 10:36:00",5193,0.00999999999999801
"2018-12-27 10:37:00",2553,-0.00999999999999801
"2018-12-27 10:38:00",7567,0.0899999999999963
"2018-12-27 10:39:00",3136,-0.0649999999999977
"2018-12-27 10:40:00",3757,-0.0949999999999989
"2018-12-27 10:41:00",7439,-0.0200000000000031
"2018-12-27 10:42:00",11087,0.0190000000000055
"2018-12-27 10:43:00",3208,0.0409999999999968
"2018-12-27 10:44:00",7811,-0.0600000000000023
"2018-12-27 10:45:00",3999,0
"2018-12-27 10:46:00",4684,0.0100000000000051
"2018-12-27 10:47:00",8011,-0.0700000000000003
"2018-12-27 10:48:00",3393,-0.0100000000000051
"2018-12-27 10:49:00",3122,0.0399999999999991
"2018-12-27 10:50:00",8907,0.0300000000000011
"2018-12-27 10:51:00",5571,0.0200000000000031
"2018-12-27 10:52:00",2660,0.0499999999999972
"2018-12-27 10:53:00",1456,-0.0700000000000003
"2018-12-27 10:54:00",4129,-0.00999999999999801
"2018-12-27 10:55:00",4763,-0.0399999999999991
"2018-12-27 10:56:00",7780,0.0899999999999963
"2018-12-27 10:57:00",11050,0.0200000000000031
"2018-12-27 10:58:00",7880,0.0200000000000031
"2018-12-27 10:59:00",3153,-0.00500000000000256
"2018-12-27 11:00:00",11988,-0.0900000000000034
"2018-12-27 11:01:00",2000,-0.0112999999999985
"2018-12-27 11:02:00",4052,0.0313000000000017
"2018-12-27 11:03:00",7026,-0.054000000000002
"2018-12-27 11:04:00",8313,-0.0442999999999998
"2018-12-27 11:05:00",4308,0.023299999999999
"2018-12-27 11:06:00",2810,0.0399999999999991
"2018-12-27 11:07:00",2244,0.0200000000000031
"2018-12-27 11:08:00",7300,-0.0499999999999972
"2018-12-27 11:09:00",3600,0.0399999999999991
"2018-12-27 11:10:00",11350,0.0150000000000006
"2018-12-27 11:11:00",14796,0.00199999999999534
"2018-12-27 11:12:00",2107,-0.0169999999999959
"2018-12-27 11:13:00",3183,0.0236999999999981
"2018-12-27 11:14:00",3029,-0.0337000000000032
"2018-12-27 11:15:00",1614,0.0400000000000063
"2018-12-27 11:16:00",3304,0.0422999999999973
"2018-12-27 11:17:00",8499,0.0127000000000024
"2018-12-27 11:18:00",7028,-0.00500000000000256
"2018-12-27 11:19:00",2350,-0.0300000000000011
"2018-12-27 11:20:00",2300,-0.0499999999999972
"2018-12-27 11:21:00",2147,-0.0150000000000006
"2018-12-27 11:22:00",12818,-0.0249999999999986
"2018-12-27 11:23:00",11699,0
"2018-12-27 11:24:00",3626,0.0235999999999947
"2018-12-27 11:25:00",9753,-0.153599999999997
"2018-12-27 11:26:00",11111,-0.00999999999999801
"2018-12-27 11:27:00",8457,-0.0100000000000051
"2018-12-27 11:28:00",9092,-0.0150000000000006
"2018-12-27 11:29:00",6724,0.0450000000000017
"2018-12-27 11:30:00",5984,0.0700000000000003
"2018-12-27 11:31:00",1836,-0.00999999999999801
"2018-12-27 11:32:00",8280,-0.0499999999999972
"2018-12-27 11:33:00",4991,0.029999999999994
"2018-12-27 11:34:00",3686,0.0800000000000054
"2018-12-27 11:35:00",8662,-0.0250000000000057
"2018-12-27 11:36:00",4986,0.0250000000000057
"2018-12-27 11:37:00",4122,-0.0100000000000051
"2018-12-27 11:38:00",4167,0.0700000000000003
"2018-12-27 11:39:00",11224,-0.0599999999999952
"2018-12-27 11:40:00",3058,-0.0217000000000027
"2018-12-27 11:41:00",11727,0.0317000000000007
"2018-12-27 11:42:00",1818,0.0120000000000005
"2018-12-27 11:43:00",10575,-0.014400000000002
"2018-12-27 11:44:00",3392,0.0324000000000026
"2018-12-27 11:45:00",2105,0.00999999999999801
"2018-12-27 11:46:00",8299,0.0700000000000003
"2018-12-27 11:47:00",4782,-0.0366
"2018-12-27 11:48:00",7356,0.0752999999999986
"2018-12-27 11:49:00",1827,-0.0287000000000006
"2018-12-27 11:50:00",5713,0
"2018-12-27 11:51:00",3502,-0.00999999999999801
"2018-12-27 11:52:00",5374,-0.0249999999999986
"2018-12-27 11:53:00",3856,-0.00500000000000256
"2018-12-27 11:54:00",30231,0.0600000000000023
"2018-12-27 11:55:00",7087,-0.0300000000000011
"2018-12-27 11:56:00",5004,-0.0200000000000031
"2018-12-27 11:57:00",1400,0.0198999999999998
"2018-12-27 11:58:00",5833,0.0151000000000039
"2018-12-27 11:59:00",2750,-0.0150000000000006
"2018-12-27 12:00:00",7621,0.0750000000000028
"2018-12-27 12:01:00",4187,0.00499999999999545
"2018-12-27 12:02:00",2982,-0.0499999999999972
"2018-12-27 12:03:00",6662,-0.0200000000000031
"2018-12-27 12:04:00",2830,0.0200000000000031
"2018-12-27 12:05:00",2475,0.00999999999999801
"2018-12-27 12:06:00",1020,0
"2018-12-27 12:07:00",1955,0.00999999999999801
"2018-12-27 12:08:00",800,0.0129000000000019
"2018-12-27 12:09:00",1325,-0.0129000000000019
"2018-12-27 12:10:00",2562,0.0500000000000043
"2018-12-27 12:11:00",3989,-0.0500000000000043
"2018-12-27 12:12:00",1737,0
"2018-12-27 12:13:00",4769,-0.0399999999999991
"2018-12-27 12:14:00",4900,0.0700000000000003
"2018-12-27 12:15:00",4011,-0.019999999999996
"2018-12-27 12:16:00",2398,-0.0350000000000037
"2018-12-27 12:17:00",1759,-0.0305999999999997
"2018-12-27 12:18:00",2086,0.0756000000000014
"2018-12-27 12:19:00",825,-0.0499999999999972
"2018-12-27 12:20:00",5580,-0.0500000000000043
"2018-12-27 12:21:00",3934,-0.00999999999999801
"2018-12-27 12:22:00",3258,0.00999999999999801
"2018-12-27 12:23:00",8818,-0.00769999999999982
"2018-12-27 12:24:00",3363,-0.00229999999999819
"2018-12-27 12:25:00",10516,0.019999999999996
"2018-12-27 12:26:00",8433,-0.00649999999999551
"2018-12-27 12:27:00",1843,-0.00359999999999872
"2018-12-27 12:28:00",5475,-0.0499000000000009
"2018-12-27 12:29:00",10499,-0.0500000000000043
"2018-12-27 12:30:00",10895,0.00440000000000396
"2018-12-27 12:31:00",25298,0.0555999999999983
"2018-12-27 12:32:00",1300,-0.0200000000000031
"2018-12-27 12:33:00",3793,0.0200000000000031
"2018-12-27 12:34:00",1556,0.0200000000000031
"2018-12-27 12:35:00",4539,-0.0500000000000043
"2018-12-27 12:36:00",2279,-0.00999999999999801
"2018-12-27 12:37:00",1700,0.00500000000000256
"2018-12-27 12:38:00",3439,0.0149999999999935
"2018-12-27 12:39:00",5843,-0.019999999999996
"2018-12-27 12:40:00",10517,-0.0150000000000006
"2018-12-27 12:41:00",5514,0.0150000000000006
"2018-12-27 12:42:00",2655,-0.00500000000000256
"2018-12-27 12:43:00",10003,0.0350000000000037
"2018-12-27 12:44:00",4908,-0.0249999999999986
"2018-12-27 12:45:00",4506,-0.0150000000000006
"2018-12-27 12:46:00",7199,0.0399999999999991
"2018-12-27 12:47:00",7041,-0.109999999999999
"2018-12-27 12:48:00",3325,-0.0200000000000031
"2018-12-27 12:49:00",5169,-0.0150000000000006
"2018-12-27 12:50:00",4353,-0.00499999999999545
"2018-12-27 12:51:00",6245,0
"2018-12-27 12:52:00",7460,-0.0150000000000006
"2018-12-27 12:53:00",3650,-0.0150000000000006
"2018-12-27 12:54:00",8080,0.00499999999999545
"2018-12-27 12:55:00",6236,0.0450000000000017
"2018-12-27 12:56:00",3378,0.00999999999999801
"2018-12-27 12:57:00",4800,-0.029999999999994
"2018-12-27 12:58:00",4785,-0.0164000000000044
"2018-12-27 12:59:00",12263,-0.0236000000000018
"2018-12-27 13:00:00",5477,-0.019999999999996
"2018-12-27 13:01:00",8912,-0.0200000000000031
"2018-12-27 13:02:00",15116,0.0200000000000031
"2018-12-27 13:03:00",3057,0.019999999999996
"2018-12-27 13:04:00",4244,0.0700000000000003
"2018-12-27 13:05:00",8708,0.0300000000000011
"2018-12-27 13:06:00",7447,-0.0749999999999957
"2018-12-27 13:07:00",4609,0.0349999999999966
"2018-12-27 13:08:00",20600,0.0399999999999991
"2018-12-27 13:09:00",4983,-0.0549999999999997
"2018-12-27 13:10:00",15198,-0.0549999999999997
"2018-12-27 13:11:00",9835,0.0200000000000031
"2018-12-27 13:12:00",9790,0.019999999999996
"2018-12-27 13:13:00",2703,-0.00999999999999801
"2018-12-27 13:14:00",5290,-0.0249999999999986
"2018-12-27 13:15:00",24750,-0.0100000000000051
"2018-12-27 13:16:00",16450,-0.00499999999999545
"2018-12-27 13:17:00",17563,0.0300000000000011
"2018-12-27 13:18:00",6561,0.0300000000000011
"2018-12-27 13:19:00",3243,-0.0200000000000031
"2018-12-27 13:20:00",2750,-0.00999999999999801
"2018-12-27 13:21:00",8338,0.0300000000000011
"2018-12-27 13:22:00",4170,-0.0800000000000054
"2018-12-27 13:23:00",5170,0.0500000000000043
"2018-12-27 13:24:00",4510,-0.0100000000000051
"2018-12-27 13:25:00",3315,-0.00389999999999446
"2018-12-27 13:26:00",11435,-0.0161000000000016
"2018-12-27 13:27:00",5943,-0.0200000000000031
"2018-12-27 13:28:00",5026,0.120000000000005
"2018-12-27 13:29:00",8255,0.029999999999994
"2018-12-27 13:30:00",5320,-0.0399999999999991
"2018-12-27 13:31:00",4660,0
"2018-12-27 13:32:00",7862,0.0399999999999991
"2018-12-27 13:33:00",3228,-0.0399999999999991
"2018-12-27 13:34:00",2300,0.0200000000000031
"2018-12-27 13:35:00",9560,0.0399999999999991
"2018-12-27 13:36:00",7148,-0.0300000000000011
"2018-12-27 13:37:00",5167,0.0450000000000017
"2018-12-27 13:38:00",3065,0.00500000000000256
"2018-12-27 13:39:00",4103,-0.0300000000000011
"2018-12-27 13:40:00",10600,0.063600000000001
"2018-12-27 13:41:00",4782,-0.0136000000000038
"2018-12-27 13:42:00",12841,0.0600000000000023
"2018-12-27 13:43:00",9850,0.0700000000000003
"2018-12-27 13:44:00",6544,0.0399999999999991
"2018-12-27 13:45:00",2577,0.00999999999999801
"2018-12-27 13:46:00",5627,-0.0649999999999977
"2018-12-27 13:47:00",10072,-0.0403999999999982
"2018-12-27 13:48:00",14507,0.0214999999999961
"2018-12-27 13:49:00",11876,0.0289000000000001
"2018-12-27 13:50:00",4870,-0.0450000000000017
"2018-12-27 13:51:00",14371,0.130000000000003
"2018-12-27 13:52:00",9036,0.109999999999999
"2018-12-27 13:53:00",10255,-0.0300000000000011
"2018-12-27 13:54:00",7800,-0.0399999999999991
"2018-12-27 13:55:00",6762,0
"2018-12-27 13:56:00",6901,-0.00999999999999801
"2018-12-27 13:57:00",4330,0.00999999999999801
"2018-12-27 13:58:00",3590,0.00999999999999801
"2018-12-27 13:59:00",2516,0.0600000000000023
"2018-12-27 14:00:00",10027,-0.0600000000000023
"2018-12-27 14:01:00",10600,-0.0499999999999972
"2018-12-27 14:02:00",4307,0.0433000000000021
"2018-12-27 14:03:00",5910,-0.0213000000000036
"2018-12-27 14:04:00",13456,0.0579999999999998
"2018-12-27 14:05:00",13851,0.0399999999999991
"2018-12-27 14:06:00",4400,-0.0399999999999991
"2018-12-27 14:07:00",2980,-0.0499999999999972
"2018-12-27 14:08:00",4408,-0.0300000000000011
"2018-12-27 14:09:00",4535,0.109999999999999
"2018-12-27 14:10:00",4709,-0.019999999999996
"2018-12-27 14:11:00",13737,0.149999999999999
"2018-12-27 14:12:00",4544,0.019999999999996
"2018-12-27 14:13:00",5636,-0.0574000000000012
"2018-12-27 14:14:00",12652,0.0774000000000044
"2018-12-27 14:15:00",6125,-0.0399999999999991
"2018-12-27 14:16:00",3736,-0.0176000000000016
"2018-12-27 14:17:00",4785,-0.0174000000000021
"2018-12-27 14:18:00",4857,-0.0349999999999966
"2018-12-27 14:19:00",6836,0.0150000000000006
"2018-12-27 14:20:00",9231,0.134999999999998
"2018-12-27 14:21:00",2427,0.00500000000000256
"2018-12-27 14:22:00",5103,0.0150000000000006
"2018-12-27 14:23:00",17662,0.0149999999999935
"2018-12-27 14:24:00",10726,0.0650000000000048
"2018-12-27 14:25:00",5655,-0.0200000000000031
"2018-12-27 14:26:00",7991,0.0700000000000003
"2018-12-27 14:27:00",8969,0.0700000000000003
"2018-12-27 14:28:00",13465,-0.0899000000000001
"2018-12-27 14:29:00",43083,0.0499000000000009
"2018-12-27 14:30:00",8527,0.00999999999999801
"2018-12-27 14:31:00",4583,-0.0999999999999943
"2018-12-27 14:32:00",7569,-0.0500000000000043
"2018-12-27 14:33:00",15975,0.109999999999999
"2018-12-27 14:34:00",15378,0.0500000000000043
"2018-12-27 14:35:00",20208,-0.0100000000000051
"2018-12-27 14:36:00",5085,0.0300000000000011
"2018-12-27 14:37:00",40382,0.0799999999999983
"2018-12-27 14:38:00",14282,-0.00999999999999801
"2018-12-27 14:39:00",11639,0.0500000000000043
"2018-12-27 14:40:00",17969,0.0399999999999991
"2018-12-27 14:41:00",12414,0.00999999999999801
"2018-12-27 14:42:00",23378,0.0399999999999991
"2018-12-27 14:43:00",12579,0.0200000000000031
"2018-12-27 14:44:00",19819,0.0499999999999972
"2018-12-27 14:45:00",23470,-0.149999999999999
"2018-12-27 14:46:00",36636,-0.0300000000000011
"2018-12-27 14:47:00",28024,0.0600000000000023
"2018-12-27 14:48:00",13358,0
"2018-12-27 14:49:00",16475,0
"2018-12-27 14:50:00",19101,-0.0450000000000017
"2018-12-27 14:51:00",22031,0
"2018-12-27 14:52:00",20580,-0.0150000000000006
"2018-12-27 14:53:00",22697,-0.104999999999997
"2018-12-27 14:54:00",22737,0.0499999999999972
"2018-12-27 14:55:00",27520,0.115000000000002
"2018-12-27 14:56:00",36615,0.0749999999999957
"2018-12-27 14:57:00",26152,0
"2018-12-27 14:58:00",15551,0.0200000000000031
"2018-12-27 14:59:00",55935,0.265000000000001
"2018-12-27 15:02:00",37939,-0.190000000000005
"2018-12-27 15:15:00",0,0
"2018-12-28 08:30:00",147184,0.420000000000002
"2018-12-28 08:31:00",20074,0.0600000000000023
"2018-12-28 08:32:00",13585,-0.0850000000000009
"2018-12-28 08:33:00",17686,-0.0450000000000017
"2018-12-28 08:34:00",13166,0.0200000000000031
"2018-12-28 08:35:00",12850,-0.0399999999999991
"2018-12-28 08:36:00",22025,-0.0450000000000017
"2018-12-28 08:37:00",18235,0.00500000000000256
"2018-12-28 08:38:00",10379,0.0399999999999991
"2018-12-28 08:39:00",13116,0.00999999999999801
"2018-12-28 08:40:00",21511,0.0499999999999972
"2018-12-28 08:41:00",11949,0.0200000000000031
"2018-12-28 08:42:00",9967,0
"2018-12-28 08:43:00",4527,0
"2018-12-28 08:44:00",6438,-0.0500000000000043
"2018-12-28 08:45:00",10145,-0.0149999999999935
"2018-12-28 08:46:00",7177,0.134999999999998
"2018-12-28 08:47:00",5439,0.0499999999999972
"2018-12-28 08:48:00",7983,-0.0799999999999983
"2018-12-28 08:49:00",13873,-0.0240999999999971
"2018-12-28 08:50:00",7769,-0.0359000000000052
"2018-12-28 08:51:00",9595,0
"2018-12-28 08:52:00",11611,0.0748999999999995
"2018-12-28 08:53:00",19295,0.0251000000000019
"2018-12-28 08:54:00",11000,0.00999999999999801
"2018-12-28 08:55:00",6453,-0.019999999999996
"2018-12-28 08:56:00",8546,-0.0799999999999983
"2018-12-28 08:57:00",6942,0.0499999999999972
"2018-12-28 08:58:00",6150,0.0300000000000011
"2018-12-28 08:59:00",20206,0.0499999999999972
"2018-12-28 09:00:00",24245,-0.0700000000000003
"2018-12-28 09:01:00",8158,0.0500000000000043
"2018-12-28 09:02:00",14181,-0.100100000000005
"2018-12-28 09:03:00",20507,-0.0398999999999958
"2018-12-28 09:04:00",9137,0.00999999999999801
"2018-12-28 09:05:00",13482,0.0249999999999986
"2018-12-28 09:06:00",11649,0.0150000000000006
"2018-12-28 09:07:00",6626,-0.0600000000000023
"2018-12-28 09:08:00",9926,0
"2018-12-28 09:09:00",10398,0.0100000000000051
"2018-12-28 09:10:00",12582,0.0300000000000011
"2018-12-28 09:11:00",7829,-0.0400000000000063
"2018-12-28 09:12:00",12226,-0.029999999999994
"2018-12-28 09:13:00",10651,-0.0500000000000043
"2018-12-28 09:14:00",15841,0.0399999999999991
"2018-12-28 09:15:00",9084,-0.0249999999999986
"2018-12-28 09:16:00",11112,-0.0150000000000006
"2018-12-28 09:17:00",8792,0
"2018-12-28 09:18:00",17508,-0.0549999999999997
"2018-12-28 09:19:00",14366,0.0549999999999997
"2018-12-28 09:20:00",12320,-0.019999999999996
"2018-12-28 09:21:00",6863,-0.0300000000000011
"2018-12-28 09:22:00",3720,0.00670000000000215
"2018-12-28 09:23:00",3626,0.00329999999999586
"2018-12-28 09:24:00",6865,-0.0600000000000023
"2018-12-28 09:25:00",7549,0.0500000000000043
"2018-12-28 09:26:00",8508,-0.0300000000000011
"2018-12-28 09:27:00",9677,-0.00540000000000163
"2018-12-28 09:28:00",9222,-0.029599999999995
"2018-12-28 09:29:00",6563,0.0249999999999986
"2018-12-28 09:30:00",5617,0.0276999999999958
"2018-12-28 09:31:00",6307,0.0223000000000013
"2018-12-28 09:32:00",8080,0
"2018-12-28 09:33:00",15983,0.0249999999999986
"2018-12-28 09:34:00",6397,-0.0150000000000006
"2018-12-28 09:35:00",10437,-0.0449999999999946
"2018-12-28 09:36:00",4875,-0.0399999999999991
"2018-12-28 09:37:00",5944,-0.0300000000000011
"2018-12-28 09:38:00",7971,-0.0450000000000017
"2018-12-28 09:39:00",3539,0.100000000000001
"2018-12-28 09:40:00",10974,0.00999999999999801
"2018-12-28 09:41:00",4214,0.00999999999999801
"2018-12-28 09:42:00",2289,-0.019999999999996
"2018-12-28 09:43:00",5039,0.019999999999996
"2018-12-28 09:44:00",17300,-0.0499999999999972
"2018-12-28 09:45:00",6663,0.0499999999999972
"2018-12-28 09:46:00",4789,0
"2018-12-28 09:47:00",10515,0
"2018-12-28 09:48:00",4871,0.0800000000000054
"2018-12-28 09:49:00",4163,-0.0200000000000031
"2018-12-28 09:50:00",2884,0.00730000000000075
"2018-12-28 09:51:00",10666,0.0225999999999971
"2018-12-28 09:52:00",12897,-0.0198999999999998
"2018-12-28 09:53:00",3740,0.0150000000000006
"2018-12-28 09:54:00",8458,-0.0450000000000017
"2018-12-28 09:55:00",5633,-0.0499999999999972
"2018-12-28 09:56:00",5688,0.0200000000000031
"2018-12-28 09:57:00",2246,0.0499999999999972
"2018-12-28 09:58:00",4507,-0.0700000000000003
"2018-12-28 09:59:00",9812,0.100000000000001
"2018-12-28 10:00:00",4747,-0.100000000000001
"2018-12-28 10:01:00",4961,-0.0322999999999993
"2018-12-28 10:02:00",9595,0.00229999999999819
"2018-12-28 10:03:00",14250,0.00999999999999801
"2018-12-28 10:04:00",17884,-0.0149999999999935
"2018-12-28 10:05:00",5810,-0.0450000000000017
"2018-12-28 10:06:00",4907,0.0499999999999972
"2018-12-28 10:07:00",4933,-0.019999999999996
"2018-12-28 10:08:00",6810,0.0700000000000003
"2018-12-28 10:09:00",5594,0.00999999999999801
"2018-12-28 10:10:00",4716,-0.00500000000000256
"2018-12-28 10:11:00",3444,0.0300000000000011
"2018-12-28 10:12:00",12877,-0.0106999999999999
"2018-12-28 10:13:00",84979,0.0157000000000025
"2018-12-28 10:14:00",82232,-0.0500000000000043
"2018-12-28 10:15:00",12207,0.0150000000000006
"2018-12-28 10:16:00",13315,0.0549999999999997
"2018-12-28 10:17:00",4496,0.0441000000000003
"2018-12-28 10:18:00",21032,-0.0240999999999971
"2018-12-28 10:19:00",5811,0
"2018-12-28 10:20:00",4711,-0.00999999999999801
"2018-12-28 10:21:00",3943,0.019999999999996
"2018-12-28 10:22:00",4018,-0.0399999999999991
"2018-12-28 10:23:00",5817,0
"2018-12-28 10:24:00",6086,0.0450000000000017
"2018-12-28 10:25:00",2474,0.0150000000000006
"2018-12-28 10:26:00",4382,-0.0399999999999991
"2018-12-28 10:27:00",3946,0.0399999999999991
"2018-12-28 10:28:00",6490,0.029999999999994
"2018-12-28 10:29:00",11575,0.0800000000000054
"2018-12-28 10:30:00",3548,-0.0100000000000051
"2018-12-28 10:31:00",12135,-0.0499999999999972
"2018-12-28 10:32:00",8366,-0.00999999999999801
"2018-12-28 10:33:00",11001,0.109999999999999
"2018-12-28 10:34:00",15155,0.0600000000000023
"2018-12-28 10:35:00",7040,-0.0200000000000031
"2018-12-28 10:36:00",13968,-0.00999999999999801
"2018-12-28 10:37:00",8787,0.019999999999996
"2018-12-28 10:38:00",42438,0.0600000000000023
"2018-12-28 10:39:00",7343,0.0399999999999991
"2018-12-28 10:40:00",7460,-0.0300000000000011
"2018-12-28 10:41:00",2929,-0.019999999999996
"2018-12-28 10:42:00",3545,-0.0137
"2018-12-28 10:43:00",5078,0.0137
"2018-12-28 10:44:00",3785,-0.0399999999999991
"2018-12-28 10:45:00",5197,0
"2018-12-28 10:46:00",4988,-0.0700000000000003
"2018-12-28 10:47:00",4316,0
"2018-12-28 10:48:00",4462,-0.0100000000000051
"2018-12-28 10:49:00",3909,0.0200000000000031
"2018-12-28 10:50:00",8326,-0.0500000000000043
"2018-12-28 10:51:00",10774,-0.00729999999999364
"2018-12-28 10:52:00",9450,0.0572999999999979
"2018-12-28 10:53:00",3903,-0.00999999999999801
"2018-12-28 10:54:00",4395,-0.0500000000000043
"2018-12-28 10:55:00",3410,-0.019999999999996
"2018-12-28 10:56:00",4580,0.029999999999994
"2018-12-28 10:57:00",2724,-0.029999999999994
"2018-12-28 10:58:00",6352,0.0600999999999985
"2018-12-28 10:59:00",2626,-0.0251000000000019
"2018-12-28 11:00:00",3727,0.0249999999999986
"2018-12-28 11:01:00",5574,-0.00999999999999801
"2018-12-28 11:02:00",2490,0.00500000000000256
"2018-12-28 11:03:00",3480,-0.0450000000000017
"2018-12-28 11:04:00",6440,0.0799999999999983
"2018-12-28 11:05:00",7621,-0.0231999999999957
"2018-12-28 11:06:00",2404,0.00319999999999965
"2018-12-28 11:07:00",3863,-0.0100000000000051
"2018-12-28 11:08:00",18035,0
"2018-12-28 11:09:00",4973,0
"2018-12-28 11:10:00",2238,-0.0449999999999946
"2018-12-28 11:11:00",5732,0.00499999999999545
"2018-12-28 11:12:00",14744,-0.00999999999999801
"2018-12-28 11:13:00",5258,0.00500000000000256
"2018-12-28 11:14:00",8093,0.00499999999999545
"2018-12-28 11:15:00",8962,0
"2018-12-28 11:16:00",8136,-0.0399999999999991
"2018-12-28 11:17:00",5522,0
"2018-12-28 11:18:00",6530,0.00999999999999801
"2018-12-28 11:19:00",2970,0.0200000000000031
"2018-12-28 11:20:00",1069,0
"2018-12-28 11:21:00",6087,-0.0399999999999991
"2018-12-28 11:22:00",3880,0.00999999999999801
"2018-12-28 11:23:00",6440,0.0600000000000023
"2018-12-28 11:24:00",9602,0.0150000000000006
"2018-12-28 11:25:00",5774,-0.00500000000000256
"2018-12-28 11:26:00",8822,0.0300000000000011
"2018-12-28 11:27:00",2550,-0.0399999999999991
"2018-12-28 11:28:00",10514,0.0347999999999971
"2018-12-28 11:29:00",2735,0.000199999999999534
"2018-12-28 11:30:00",7804,-0.00499999999999545
"2018-12-28 11:31:00",9042,0.019999999999996
"2018-12-28 11:32:00",4362,-0.019999999999996
"2018-12-28 11:33:00",11602,0.00359999999999872
"2018-12-28 11:34:00",17750,0.0163999999999973
"2018-12-28 11:35:00",1615,-0.00999999999999801
"2018-12-28 11:36:00",10929,-0.0150000000000006
"2018-12-28 11:37:00",2716,0.0450000000000017
"2018-12-28 11:38:00",2111,-0.0230000000000032
"2018-12-28 11:39:00",5437,0.00300000000000011
"2018-12-28 11:40:00",5091,0.0273000000000039
"2018-12-28 11:41:00",3008,-0.0472999999999999
"2018-12-28 11:42:00",2535,-0.0100000000000051
"2018-12-28 11:43:00",3280,0
"2018-12-28 11:44:00",4553,-0.00489999999999924
"2018-12-28 11:45:00",3726,-0.0300999999999974
"2018-12-28 11:46:00",5644,0.0499999999999972
"2018-12-28 11:47:00",4528,-0.0249999999999986
"2018-12-28 11:48:00",4194,0.0200000000000031
"2018-12-28 11:49:00",2718,-0.0200000000000031
"2018-12-28 11:50:00",3080,0
"2018-12-28 11:51:00",7038,-0.0200000000000031
"2018-12-28 11:52:00",7642,0.0100000000000051
"2018-12-28 11:53:00",9668,0.0300000000000011
"2018-12-28 11:54:00",12518,0
"2018-12-28 11:55:00",9524,-0.0549999999999997
"2018-12-28 11:56:00",3840,-0.00500000000000256
"2018-12-28 11:57:00",5349,-0.0500000000000043
"2018-12-28 11:58:00",3862,-0.0268999999999977
"2018-12-28 11:59:00",13171,-0.0531000000000006
"2018-12-28 12:00:00",10305,0.0100000000000051
"2018-12-28 12:01:00",4223,0
"2018-12-28 12:02:00",5779,0.00999999999999801
"2018-12-28 12:03:00",6139,-0.00999999999999801
"2018-12-28 12:04:00",4091,0.0127999999999986
"2018-12-28 12:05:00",3405,-0.0127999999999986
"2018-12-28 12:06:00",18342,0.00999999999999801
"2018-12-28 12:07:00",6036,-0.0350000000000037
"2018-12-28 12:08:00",4823,0.0450000000000017
"2018-12-28 12:09:00",3970,-0.00509999999999877
"2018-12-28 12:10:00",20649,0.00509999999999877
"2018-12-28 12:11:00",6478,-0.00500000000000256
"2018-12-28 12:12:00",24272,-0.019999999999996
"2018-12-28 12:13:00",6176,0.0150000000000006
"2018-12-28 12:14:00",2318,0
"2018-12-28 12:15:00",2532,-0.0140000000000029
"2018-12-28 12:16:00",2985,-0.0360000000000014
"2018-12-28 12:17:00",2930,-0.00489999999999924
"2018-12-28 12:18:00",4029,-0.0200999999999993
"2018-12-28 12:19:00",3534,0.00500000000000256
"2018-12-28 12:20:00",2251,-0.0200000000000031
"2018-12-28 12:21:00",4920,0
"2018-12-28 12:22:00",5411,-0.00499999999999545
"2018-12-28 12:23:00",10240,-0.00500000000000256
"2018-12-28 12:24:00",3968,-0.0700000000000003
"2018-12-28 12:25:00",24257,0.00999999999999801
"2018-12-28 12:26:00",5071,0.0300000000000011
"2018-12-28 12:27:00",3850,0.00999999999999801
"2018-12-28 12:28:00",5198,0.0300000000000011
"2018-12-28 12:29:00",5231,0.0100000000000051
"2018-12-28 12:30:00",5618,-0.0300000000000011
"2018-12-28 12:31:00",8378,-0.0100000000000051
"2018-12-28 12:32:00",3938,-0.00999999999999801
"2018-12-28 12:33:00",4852,-0.00999999999999801
"2018-12-28 12:34:00",3587,-0.00999999999999801
"2018-12-28 12:35:00",2973,-0.0200000000000031
"2018-12-28 12:36:00",3743,-0.00999999999999801
"2018-12-28 12:37:00",12961,0.018899999999995
"2018-12-28 12:38:00",16425,0.0110000000000028
"2018-12-28 12:39:00",1253,0.00010000000000332
"2018-12-28 12:40:00",5852,0
"2018-12-28 12:41:00",3528,0.0349999999999966
"2018-12-28 12:42:00",3125,-0.0249999999999986
"2018-12-28 12:43:00",2591,0
"2018-12-28 12:44:00",3873,-0.0200000000000031
"2018-12-28 12:45:00",6248,0.0500000000000043
"2018-12-28 12:46:00",3719,0.0238000000000014
"2018-12-28 12:47:00",2305,-0.0138000000000034
"2018-12-28 12:48:00",3829,0.0499999999999972
"2018-12-28 12:49:00",5870,-0.00999999999999801
"2018-12-28 12:50:00",9067,0.0200000000000031
"2018-12-28 12:51:00",4322,0.0300000000000011
"2018-12-28 12:52:00",1607,-0.0500000000000043
"2018-12-28 12:53:00",4164,-0.00999999999999801
"2018-12-28 12:54:00",988,0.0399999999999991
"2018-12-28 12:55:00",1653,0
"2018-12-28 12:56:00",1738,-0.0249999999999986
"2018-12-28 12:57:00",8515,0.0250999999999948
"2018-12-28 12:58:00",1861,-9.99999999962142e-05
"2018-12-28 12:59:00",3110,0.0200000000000031
"2018-12-28 13:00:00",9308,0.0599999999999952
"2018-12-28 13:01:00",10990,0.0200000000000031
"2018-12-28 13:02:00",3311,-0.0200000000000031
"2018-12-28 13:03:00",13518,0.0200000000000031
"2018-12-28 13:04:00",2937,-0.0200000000000031
"2018-12-28 13:05:00",5722,0.0399999999999991
"2018-12-28 13:06:00",4947,0.061399999999999
"2018-12-28 13:07:00",4530,-0.0063999999999993
"2018-12-28 13:08:00",4301,0.00330000000000297
"2018-12-28 13:09:00",6047,0.0217000000000027
"2018-12-28 13:10:00",6102,-0.0370000000000061
"2018-12-28 13:11:00",3820,0.027000000000001
"2018-12-28 13:12:00",8566,0.0500000000000043
"2018-12-28 13:13:00",10969,0.00999999999999801
"2018-12-28 13:14:00",15789,0.00500000000000256
"2018-12-28 13:15:00",69686,0.0249999999999986
"2018-12-28 13:16:00",22002,0.0178999999999974
"2018-12-28 13:17:00",4601,-0.0227000000000004
"2018-12-28 13:18:00",7952,-0.0351999999999961
"2018-12-28 13:19:00",10563,-0.0434000000000054
"2018-12-28 13:20:00",15846,0.0384000000000029
"2018-12-28 13:21:00",23275,-0.0349999999999966
"2018-12-28 13:22:00",10141,0.019999999999996
"2018-12-28 13:23:00",6340,0
"2018-12-28 13:24:00",4448,0.00999999999999801
"2018-12-28 13:25:00",9672,-0.029999999999994
"2018-12-28 13:26:00",5892,0
"2018-12-28 13:27:00",2897,-0.0200000000000031
"2018-12-28 13:28:00",3362,-0.00999999999999801
"2018-12-28 13:29:00",6300,-0.0200000000000031
"2018-12-28 13:30:00",5163,0.00999999999999801
"2018-12-28 13:31:00",6107,0
"2018-12-28 13:32:00",1590,0
"2018-12-28 13:33:00",9918,0
"2018-12-28 13:34:00",2025,0.0200000000000031
"2018-12-28 13:35:00",3172,0.00999999999999801
"2018-12-28 13:36:00",1960,0.0200000000000031
"2018-12-28 13:37:00",7030,0.0499999999999972
"2018-12-28 13:38:00",13532,-0.00499999999999545
"2018-12-28 13:39:00",5519,0.0449999999999946
"2018-12-28 13:40:00",5194,0
"2018-12-28 13:41:00",7510,0.0399999999999991
"2018-12-28 13:42:00",5611,0.0100000000000051
"2018-12-28 13:43:00",5128,-0.0200000000000031
"2018-12-28 13:44:00",4151,-0.00999999999999801
"2018-12-28 13:45:00",6125,-0.0350000000000037
"2018-12-28 13:46:00",6257,-0.00499999999999545
"2018-12-28 13:47:00",9499,0.0599999999999952
"2018-12-28 13:48:00",5615,0.0300000000000011
"2018-12-28 13:49:00",7989,0.0136000000000038
"2018-12-28 13:50:00",5741,-0.0136000000000038
"2018-12-28 13:51:00",6326,-0.00999999999999801
"2018-12-28 13:52:00",4009,0.0150000000000006
"2018-12-28 13:53:00",13318,0.0349999999999966
"2018-12-28 13:54:00",6901,-0.029999999999994
"2018-12-28 13:55:00",5600,-0.0100000000000051
"2018-12-28 13:56:00",5371,-0.0449999999999946
"2018-12-28 13:57:00",7518,0.0149999999999935
"2018-12-28 13:58:00",4179,0.0200000000000031
"2018-12-28 13:59:00",5885,0
"2018-12-28 14:00:00",10020,0.0300000000000011
"2018-12-28 14:01:00",6213,-0.00999999999999801
"2018-12-28 14:02:00",5911,-0.0600000000000023
"2018-12-28 14:03:00",5996,-0.0200000000000031
"2018-12-28 14:04:00",6550,-0.019999999999996
"2018-12-28 14:05:00",14658,-0.0313000000000017
"2018-12-28 14:06:00",27131,-0.0686999999999998
"2018-12-28 14:07:00",4115,0
"2018-12-28 14:08:00",4979,-0.0799999999999983
"2018-12-28 14:09:00",7729,0.019999999999996
"2018-12-28 14:10:00",10288,-0.0499999999999972
"2018-12-28 14:11:00",6164,-0.0499999999999972
"2018-12-28 14:12:00",3421,0.0699999999999932
"2018-12-28 14:13:00",10872,0.00930000000000319
"2018-12-28 14:14:00",8875,0.0407000000000011
"2018-12-28 14:15:00",4783,-0.00359999999999872
"2018-12-28 14:16:00",2855,0.00359999999999872
"2018-12-28 14:17:00",11557,-0.0700000000000003
"2018-12-28 14:18:00",3500,0.00999999999999801
"2018-12-28 14:19:00",2500,-0.0599999999999952
"2018-12-28 14:20:00",8173,-0.0750000000000028
"2018-12-28 14:21:00",9695,0.0899999999999963
"2018-12-28 14:22:00",10140,-0.0149999999999935
"2018-12-28 14:23:00",12144,0.029999999999994
"2018-12-28 14:24:00",2700,-0.00999999999999801
"2018-12-28 14:25:00",5484,-0.0600000000000023
"2018-12-28 14:26:00",19956,-0.0700000000000003
"2018-12-28 14:27:00",9322,-0.00999999999999801
"2018-12-28 14:28:00",16362,-0.0700000000000003
"2018-12-28 14:29:00",6714,0.0900000000000034
"2018-12-28 14:30:00",16944,-0.0200000000000031
"2018-12-28 14:31:00",11175,-0.0399999999999991
"2018-12-28 14:32:00",8548,0
"2018-12-28 14:33:00",4041,0.0450000000000017
"2018-12-28 14:34:00",7322,-0.00500000000000256
"2018-12-28 14:35:00",6128,0.00999999999999801
"2018-12-28 14:36:00",4410,-0.019999999999996
"2018-12-28 14:37:00",12279,0.0399999999999991
"2018-12-28 14:38:00",7000,-0.0399999999999991
"2018-12-28 14:39:00",11934,-0.0375000000000014
"2018-12-28 14:40:00",12526,0.0270999999999972
"2018-12-28 14:41:00",15187,0.0804000000000045
"2018-12-28 14:42:00",10133,-0.00330000000000297
"2018-12-28 14:43:00",7609,-0.00669999999999504
"2018-12-28 14:44:00",17119,-0.0700000000000003
"2018-12-28 14:45:00",14796,0.0754999999999981
"2018-12-28 14:46:00",9576,-0.015500000000003
"2018-12-28 14:47:00",9685,0
"2018-12-28 14:48:00",8710,-0.019999999999996
"2018-12-28 14:49:00",19401,0.0499999999999972
"2018-12-28 14:50:00",18304,-0.00999999999999801
"2018-12-28 14:51:00",10529,0.0450000000000017
"2018-12-28 14:52:00",18611,-0.0151000000000039
"2018-12-28 14:53:00",8935,-0.0398999999999958
"2018-12-28 14:54:00",19075,0.00499999999999545
"2018-12-28 14:55:00",21725,0.0799999999999983
"2018-12-28 14:56:00",21063,-0.0449999999999946
"2018-12-28 14:57:00",12921,0
"2018-12-28 14:58:00",31478,0.0300000000000011
"2018-12-28 14:59:00",33334,0.189999999999998
"2018-12-28 15:02:00",52413,-0.170000000000002
"2018-12-28 15:15:00",0,0
"2018-12-31 08:30:00",50851,0.340000000000003
"2018-12-31 08:31:00",8438,0.0349999999999966
"2018-12-31 08:32:00",29090,0.134999999999998
"2018-12-31 08:33:00",9734,0
"2018-12-31 08:34:00",16415,0.0600000000000023
"2018-12-31 08:35:00",23613,0.0399999999999991
"2018-12-31 08:36:00",12456,0.0399999999999991
"2018-12-31 08:37:00",9472,0.0099000000000018
"2018-12-31 08:38:00",5443,-0.0198999999999998
"2018-12-31 08:39:00",16952,-0.00999999999999801
"2018-12-31 08:40:00",10343,0
"2018-12-31 08:41:00",15921,0.00669999999999504
"2018-12-31 08:42:00",6777,-0.0167000000000002
"2018-12-31 08:43:00",12276,0.0650000000000048
"2018-12-31 08:44:00",16850,-0.0150000000000006
"2018-12-31 08:45:00",16107,-0.0450000000000017
"2018-12-31 08:46:00",9675,-0.0549999999999997
"2018-12-31 08:47:00",4941,0.0399999999999991
"2018-12-31 08:48:00",6896,-0.0150000000000006
"2018-12-31 08:49:00",4801,0.00500000000000256
"2018-12-31 08:50:00",2120,0.00999999999999801
"2018-12-31 08:51:00",10944,-0.019999999999996
"2018-12-31 08:52:00",4025,0.00199999999999534
"2018-12-31 08:53:00",6426,-0.0169999999999959
"2018-12-31 08:54:00",8341,0.0511999999999944
"2018-12-31 08:55:00",4892,-0.00300000000000011
"2018-12-31 08:56:00",5010,-0.0131999999999977
"2018-12-31 08:57:00",6115,-0.0249999999999986
"2018-12-31 08:58:00",6856,0.0225000000000009
"2018-12-31 08:59:00",3510,-0.0275000000000034
"2018-12-31 09:00:00",8858,-0.0124999999999957
"2018-12-31 09:01:00",5441,0.0324999999999989
"2018-12-31 09:02:00",3288,0.0249000000000024
"2018-12-31 09:03:00",9795,-0.0149000000000044
"2018-12-31 09:04:00",4372,-0.0399999999999991
"2018-12-31 09:05:00",13163,0.0799999999999983
"2018-12-31 09:06:00",7452,-0.082099999999997
"2018-12-31 09:07:00",13578,-0.0450999999999979
"2018-12-31 09:08:00",10670,-0.0228000000000037
"2018-12-31 09:09:00",8809,0
"2018-12-31 09:10:00",8945,-0.0300000000000011
"2018-12-31 09:11:00",8104,0.0399999999999991
"2018-12-31 09:12:00",4975,0.0100000000000051
"2018-12-31 09:13:00",14030,-0.0500000000000043
"2018-12-31 09:14:00",12529,-0.0399999999999991
"2018-12-31 09:15:00",7529,-0.0300000000000011
"2018-12-31 09:16:00",3391,0
"2018-12-31 09:17:00",18939,-0.0300000000000011
"2018-12-31 09:18:00",7363,-0.00329999999999586
"2018-12-31 09:19:00",4271,-0.0116999999999976
"2018-12-31 09:20:00",2803,0.0149999999999935
"2018-12-31 09:21:00",5392,-0.00499999999999545
"2018-12-31 09:22:00",8257,-0.00500000000000256
"2018-12-31 09:23:00",4943,-0.019999999999996
"2018-12-31 09:24:00",8302,0.0150000000000006
"2018-12-31 09:25:00",3997,-0.00500000000000256
"2018-12-31 09:26:00",7599,-0.0399999999999991
"2018-12-31 09:27:00",5307,0.0300000000000011
"2018-12-31 09:28:00",6510,0.0399999999999991
"2018-12-31 09:29:00",7879,-0.0300000000000011
"2018-12-31 09:30:00",7690,-0.0350000000000037
"2018-12-31 09:31:00",5494,-0.0649999999999977
"2018-12-31 09:32:00",10100,0.0200000000000031
"2018-12-31 09:33:00",3225,-0.0250000000000057
"2018-12-31 09:34:00",5400,0.0549999999999997
"2018-12-31 09:35:00",13465,0.0200000000000031
"2018-12-31 09:36:00",4518,-0.0399999999999991
"2018-12-31 09:37:00",3588,-0.00999999999999801
"2018-12-31 09:38:00",3475,-0.0500000000000043
"2018-12-31 09:39:00",8210,-0.0399999999999991
"2018-12-31 09:40:00",3192,0.0200000000000031
"2018-12-31 09:41:00",4939,-0.0150000000000006
"2018-12-31 09:42:00",1200,0.0283999999999978
"2018-12-31 09:43:00",2559,0.0166000000000039
"2018-12-31 09:44:00",5677,0
"2018-12-31 09:45:00",6592,0.0549999999999997
"2018-12-31 09:46:00",3991,-0.00500000000000256
"2018-12-31 09:47:00",12088,0.059899999999999
"2018-12-31 09:48:00",3854,-0.0399000000000029
"2018-12-31 09:49:00",2744,-0.044399999999996
"2018-12-31 09:50:00",3370,-0.0456000000000003
"2018-12-31 09:51:00",3554,0.00999999999999801
"2018-12-31 09:52:00",3816,-0.0300000000000011
"2018-12-31 09:53:00",1100,0
"2018-12-31 09:54:00",6915,-0.029999999999994
"2018-12-31 09:55:00",4337,0
"2018-12-31 09:56:00",6407,0.00129999999999342
"2018-12-31 09:57:00",7528,-0.0612999999999957
"2018-12-31 09:58:00",5765,-0.00999999999999801
"2018-12-31 09:59:00",23185,0
"2018-12-31 10:00:00",12376,-0.0600000000000023
"2018-12-31 10:01:00",6760,0.019999999999996
"2018-12-31 10:02:00",14665,0
"2018-12-31 10:03:00",9493,0.0650000000000048
"2018-12-31 10:04:00",6390,0.0251000000000019
"2018-12-31 10:05:00",1885,-0.0401000000000025
"2018-12-31 10:06:00",2250,0.00999999999999801
"2018-12-31 10:07:00",8082,0.0249999999999986
"2018-12-31 10:08:00",5328,0.00500000000000256
"2018-12-31 10:09:00",3117,0.00999999999999801
"2018-12-31 10:10:00",975,-0.0300000000000011
"2018-12-31 10:11:00",1115,0.0200000000000031
"2018-12-31 10:12:00",6357,0.00999999999999801
"2018-12-31 10:13:00",5832,0
"2018-12-31 10:14:00",4172,0
"2018-12-31 10:15:00",5940,-0.0399999999999991
"2018-12-31 10:16:00",2291,0.0549999999999997
"2018-12-31 10:17:00",7066,-0.0249999999999986
"2018-12-31 10:18:00",2050,0
"2018-12-31 10:19:00",2964,-0.0200000000000031
"2018-12-31 10:20:00",3636,-0.0149999999999935
"2018-12-31 10:21:00",1327,0.00489999999999924
"2018-12-31 10:22:00",1800,-0.0132000000000048
"2018-12-31 10:23:00",3028,-0.0266999999999982
"2018-12-31 10:24:00",3728,0
"2018-12-31 10:25:00",6900,0.00999999999999801
"2018-12-31 10:26:00",6779,0.0350000000000037
"2018-12-31 10:27:00",4137,0.0349999999999966
"2018-12-31 10:28:00",7352,0.0600000000000023
"2018-12-31 10:29:00",23913,0.0450000000000017
"2018-12-31 10:30:00",2318,0.0150000000000006
"2018-12-31 10:31:00",3920,-0.0264000000000024
"2018-12-31 10:32:00",11875,-0.1036
"2018-12-31 10:33:00",3224,-0.0399999999999991
"2018-12-31 10:34:00",6485,-0.0200000000000031
"2018-12-31 10:35:00",7990,0.0200000000000031
"2018-12-31 10:36:00",4561,0.0499999999999972
"2018-12-31 10:37:00",6265,0.0200000000000031
"2018-12-31 10:38:00",1507,-0.0200000000000031
"2018-12-31 10:39:00",5415,0.0399999999999991
"2018-12-31 10:40:00",2407,-0.00999999999999801
"2018-12-31 10:41:00",4786,-0.0549999999999997
"2018-12-31 10:42:00",10976,-0.0349999999999966
"2018-12-31 10:43:00",4525,0.00900000000000034
"2018-12-31 10:44:00",3926,-0.00400000000000489
"2018-12-31 10:45:00",2854,0.0414999999999992
"2018-12-31 10:46:00",7739,0.0135000000000005
"2018-12-31 10:47:00",3987,0.0200000000000031
"2018-12-31 10:48:00",10356,0.0499999999999972
"2018-12-31 10:49:00",9350,0.0300000000000011
"2018-12-31 10:50:00",5956,-0.0499999999999972
"2018-12-31 10:51:00",1500,0.0599999999999952
"2018-12-31 10:52:00",5615,0
"2018-12-31 10:53:00",2387,0
"2018-12-31 10:54:00",5442,-0.019999999999996
"2018-12-31 10:55:00",4164,0.0599999999999952
"2018-12-31 10:56:00",3406,-0.0215999999999994
"2018-12-31 10:57:00",2942,-0.00239999999999441
"2018-12-31 10:58:00",5443,0.0362999999999971
"2018-12-31 10:59:00",7394,0.0176999999999978
"2018-12-31 11:00:00",2750,-0.0300000000000011
"2018-12-31 11:01:00",3767,0
"2018-12-31 11:02:00",2863,0.0136000000000038
"2018-12-31 11:03:00",1500,0.0063999999999993
"2018-12-31 11:04:00",1548,-0.0300000000000011
"2018-12-31 11:05:00",1400,-0.00999999999999801
"2018-12-31 11:06:00",5017,0.00900000000000034
"2018-12-31 11:07:00",5734,0.070999999999998
"2018-12-31 11:08:00",8157,-0.0349999999999966
"2018-12-31 11:09:00",2900,0.0349999999999966
"2018-12-31 11:10:00",2997,-0.0399999999999991
"2018-12-31 11:11:00",5288,-0.00999999999999801
"2018-12-31 11:12:00",5676,0.0300000000000011
"2018-12-31 11:13:00",3644,0.029999999999994
"2018-12-31 11:14:00",4395,0.0300000000000011
"2018-12-31 11:15:00",2510,-0.0300000000000011
"2018-12-31 11:16:00",7129,0.0310000000000059
"2018-12-31 11:17:00",6655,0.0106999999999999
"2018-12-31 11:18:00",3614,-0.0217000000000027
"2018-12-31 11:19:00",3807,-0.0133999999999972
"2018-12-31 11:20:00",3905,0.0233999999999952
"2018-12-31 11:21:00",5506,-0.00999999999999801
"2018-12-31 11:22:00",1979,-0.00999999999999801
"2018-12-31 11:23:00",2209,0
"2018-12-31 11:24:00",3782,-0.0399999999999991
"2018-12-31 11:25:00",4510,0.00999999999999801
"2018-12-31 11:26:00",3224,-0.00999999999999801
"2018-12-31 11:27:00",1474,-0.0100000000000051
"2018-12-31 11:28:00",2258,-0.00999999999999801
"2018-12-31 11:29:00",8903,0.0399999999999991
"2018-12-31 11:30:00",4619,0.0643999999999991
"2018-12-31 11:31:00",4307,-0.0454000000000008
"2018-12-31 11:32:00",4361,0.00100000000000477
"2018-12-31 11:33:00",3155,0.00369999999999493
"2018-12-31 11:34:00",1910,-0.0336999999999961
"2018-12-31 11:35:00",2933,0
"2018-12-31 11:36:00",6119,0
"2018-12-31 11:37:00",4503,0.019999999999996
"2018-12-31 11:38:00",3684,0
"2018-12-31 11:39:00",1250,0.0100000000000051
"2018-12-31 11:40:00",5015,-0.0099000000000018
"2018-12-31 11:41:00",8336,0.0099000000000018
"2018-12-31 11:42:00",2696,-0.0300000000000011
"2018-12-31 11:43:00",5315,0.019999999999996
"2018-12-31 11:44:00",3209,0.0201000000000064
"2018-12-31 11:45:00",3871,-0.0601000000000056
"2018-12-31 11:46:00",3953,0
"2018-12-31 11:47:00",9877,0.0100000000000051
"2018-12-31 11:48:00",4853,0
"2018-12-31 11:49:00",5600,-0.0300000000000011
"2018-12-31 11:50:00",2924,-0.0118000000000009
"2018-12-31 11:51:00",5720,-0.0281999999999982
"2018-12-31 11:52:00",3600,-0.0500000000000043
"2018-12-31 11:53:00",11394,0
"2018-12-31 11:54:00",3351,-0.00999999999999801
"2018-12-31 11:55:00",4591,-0.00999999999999801
"2018-12-31 11:56:00",4423,0.0150000000000006
"2018-12-31 11:57:00",7857,-0.0350000000000037
"2018-12-31 11:58:00",3988,0.00999999999999801
"2018-12-31 11:59:00",2768,0.0400000000000063
"2018-12-31 12:00:00",4465,0.029999999999994
"2018-12-31 12:01:00",2350,-0.019999999999996
"2018-12-31 12:02:00",4013,-0.0365000000000038
"2018-12-31 12:03:00",2504,-0.0034999999999954
"2018-12-31 12:04:00",4494,0.00999999999999801
"2018-12-31 12:05:00",7528,-0.00999999999999801
"2018-12-31 12:06:00",1560,0.00999999999999801
"2018-12-31 12:07:00",1360,-0.0200000000000031
"2018-12-31 12:08:00",2400,0.0100000000000051
"2018-12-31 12:09:00",8239,0.0372999999999948
"2018-12-31 12:10:00",3913,-0.0172999999999988
"2018-12-31 12:11:00",4218,0.0399999999999991
"2018-12-31 12:12:00",2842,-0.0263999999999953
"2018-12-31 12:13:00",9294,0.0163999999999973
"2018-12-31 12:14:00",3909,0
"2018-12-31 12:15:00",5714,-0.00319999999999965
"2018-12-31 12:16:00",3761,0.00319999999999965
"2018-12-31 12:17:00",12770,0.00500000000000256
"2018-12-31 12:18:00",2032,0.00499999999999545
"2018-12-31 12:19:00",4305,-9.99999999962142e-05
"2018-12-31 12:20:00",4351,-0.0152000000000001
"2018-12-31 12:21:00",9130,-0.0046999999999997
"2018-12-31 12:22:00",3365,0
"2018-12-31 12:23:00",9022,-0.0150000000000006
"2018-12-31 12:24:00",3204,-0.00500000000000256
"2018-12-31 12:25:00",3238,0.0200000000000031
"2018-12-31 12:26:00",2852,-0.0099000000000018
"2018-12-31 12:27:00",3056,0.0448999999999984
"2018-12-31 12:28:00",3228,0.0399999999999991
"2018-12-31 12:29:00",1696,-0.0150000000000006
"2018-12-31 12:30:00",2695,0
"2018-12-31 12:31:00",2682,-0.00999999999999801
"2018-12-31 12:32:00",2120,-0.019999999999996
"2018-12-31 12:33:00",1913,-0.0100000000000051
"2018-12-31 12:34:00",6104,-0.0399999999999991
"2018-12-31 12:35:00",7162,0.0200000000000031
"2018-12-31 12:36:00",980,0
"2018-12-31 12:37:00",2688,-0.00319999999999965
"2018-12-31 12:38:00",6036,0.00649999999999551
"2018-12-31 12:39:00",2133,-0.0382999999999996
"2018-12-31 12:40:00",18945,-0.0449999999999946
"2018-12-31 12:41:00",5844,-0.00680000000000547
"2018-12-31 12:42:00",1142,0.00120000000000431
"2018-12-31 12:43:00",8049,-0.0444000000000031
"2018-12-31 12:44:00",2444,-0.019999999999996
"2018-12-31 12:45:00",6242,-0.0100000000000051
"2018-12-31 12:46:00",3297,-0.00989999999999469
"2018-12-31 12:47:00",5397,-0.0301000000000045
"2018-12-31 12:48:00",3657,0
"2018-12-31 12:49:00",1585,0.0350000000000037
"2018-12-31 12:50:00",657,0.019999999999996
"2018-12-31 12:51:00",3976,-0.0150000000000006
"2018-12-31 12:52:00",2144,-0.00369999999999493
"2018-12-31 12:53:00",3778,-0.00630000000000308
"2018-12-31 12:54:00",6468,-0.0399999999999991
"2018-12-31 12:55:00",2016,0
"2018-12-31 12:56:00",4684,-0.00999999999999801
"2018-12-31 12:57:00",1862,0
"2018-12-31 12:58:00",12269,0.0549999999999997
"2018-12-31 12:59:00",4994,-0.0549999999999997
"2018-12-31 13:00:00",6419,-0.0600000000000023
"2018-12-31 13:01:00",12582,0.00999999999999801
"2018-12-31 13:02:00",7879,0.0300000000000011
"2018-12-31 13:03:00",8714,0
"2018-12-31 13:04:00",4761,0
"2018-12-31 13:05:00",1822,0.0600000000000023
"2018-12-31 13:06:00",2083,0.00999999999999801
"2018-12-31 13:07:00",3975,-0.0200000000000031
"2018-12-31 13:08:00",1855,-0.00499999999999545
"2018-12-31 13:09:00",4259,0.00499999999999545
"2018-12-31 13:10:00",3257,-0.029999999999994
"2018-12-31 13:11:00",3809,0.0499999999999972
"2018-12-31 13:12:00",5382,-0.0399999999999991
"2018-12-31 13:13:00",3462,0.019999999999996
"2018-12-31 13:14:00",12286,-0.00999999999999801
"2018-12-31 13:15:00",3556,0.0300000000000011
"2018-12-31 13:16:00",2903,-0.00999999999999801
"2018-12-31 13:17:00",3581,0.0499999999999972
"2018-12-31 13:18:00",6824,0.0399999999999991
"2018-12-31 13:19:00",3700,0.0200000000000031
"2018-12-31 13:20:00",1568,0
"2018-12-31 13:21:00",3335,-0.0850000000000009
"2018-12-31 13:22:00",10504,-0.0600000000000023
"2018-12-31 13:23:00",16048,-0.0214999999999961
"2018-12-31 13:24:00",26913,0.0514999999999972
"2018-12-31 13:25:00",15306,-0.0550999999999959
"2018-12-31 13:26:00",5351,0.0300999999999974
"2018-12-31 13:27:00",5976,-0.0399999999999991
"2018-12-31 13:28:00",5331,0.0799999999999983
"2018-12-31 13:29:00",16867,-0.0600000000000023
"2018-12-31 13:30:00",6787,-0.00999999999999801
"2018-12-31 13:31:00",4393,0.0566999999999993
"2018-12-31 13:32:00",3240,-0.0167000000000002
"2018-12-31 13:33:00",2500,-0.0150000000000006
"2018-12-31 13:34:00",3282,0.00500000000000256
"2018-12-31 13:35:00",3372,-0.00999999999999801
"2018-12-31 13:36:00",4462,0.0349999999999966
"2018-12-31 13:37:00",4400,-0.0450000000000017
"2018-12-31 13:38:00",4000,0.0500000000000043
"2018-12-31 13:39:00",4786,0.019999999999996
"2018-12-31 13:40:00",1673,0.0200000000000031
"2018-12-31 13:41:00",9591,0.019999999999996
"2018-12-31 13:42:00",6859,0
"2018-12-31 13:43:00",2350,0.0100000000000051
"2018-12-31 13:44:00",1300,0.019999999999996
"2018-12-31 13:45:00",3577,0.0200000000000031
"2018-12-31 13:46:00",4789,0.0399999999999991
"2018-12-31 13:47:00",3237,0.0399999999999991
"2018-12-31 13:48:00",3727,-0.00999999999999801
"2018-12-31 13:49:00",1992,-0.00999999999999801
"2018-12-31 13:50:00",2713,0.00999999999999801
"2018-12-31 13:51:00",3423,0.0300000000000011
"2018-12-31 13:52:00",2650,0.00999999999999801
"2018-12-31 13:53:00",4196,0.019999999999996
"2018-12-31 13:54:00",3700,-0.0398999999999958
"2018-12-31 13:55:00",2863,-0.00010000000000332
"2018-12-31 13:56:00",4549,0
"2018-12-31 13:57:00",2315,0
"2018-12-31 13:58:00",1939,-0.029999999999994
"2018-12-31 13:59:00",17261,-0.0400000000000063
"2018-12-31 14:00:00",4884,0.0600000000000023
"2018-12-31 14:01:00",5154,0.0200999999999993
"2018-12-31 14:02:00",4270,0.0198999999999998
"2018-12-31 14:03:00",2700,0.0300000000000011
"2018-12-31 14:04:00",2244,-0.0726999999999975
"2018-12-31 14:05:00",4366,0.0642999999999958
"2018-12-31 14:06:00",1189,-0.0103000000000009
"2018-12-31 14:07:00",1339,-0.0212999999999965
"2018-12-31 14:08:00",7820,-0.0200000000000031
"2018-12-31 14:09:00",1494,-0.019999999999996
"2018-12-31 14:10:00",4879,-0.00999999999999801
"2018-12-31 14:11:00",3085,0.029999999999994
"2018-12-31 14:12:00",1968,-0.019999999999996
"2018-12-31 14:13:00",2960,0.019999999999996
"2018-12-31 14:14:00",1156,-0.029999999999994
"2018-12-31 14:15:00",5680,-0.0350000000000037
"2018-12-31 14:16:00",5357,0.0249999999999986
"2018-12-31 14:17:00",5653,-0.0170999999999992
"2018-12-31 14:18:00",2318,-0.0129000000000019
"2018-12-31 14:19:00",5047,0.0300000000000011
"2018-12-31 14:20:00",2566,0.0500000000000043
"2018-12-31 14:21:00",3980,-0.0200000000000031
"2018-12-31 14:22:00",4600,-0.0210000000000008
"2018-12-31 14:23:00",8471,-0.0439999999999969
"2018-12-31 14:24:00",9015,-0.0249999999999986
"2018-12-31 14:25:00",2500,0.019999999999996
"2018-12-31 14:26:00",8522,0.0399999999999991
"2018-12-31 14:27:00",4347,0.0300000000000011
"2018-12-31 14:28:00",6545,-0.00500000000000256
"2018-12-31 14:29:00",10277,0
"2018-12-31 14:30:00",8596,-0.00859999999999417
"2018-12-31 14:31:00",7145,0.0385999999999953
"2018-12-31 14:32:00",5218,0.0200000000000031
"2018-12-31 14:33:00",6158,0
"2018-12-31 14:34:00",4965,-0.0210000000000008
"2018-12-31 14:35:00",4463,-0.0290000000000035
"2018-12-31 14:36:00",5960,0.00500000000000256
"2018-12-31 14:37:00",4398,-0.00500000000000256
"2018-12-31 14:38:00",4080,-0.0249999999999986
"2018-12-31 14:39:00",5111,-0.00499999999999545
"2018-12-31 14:40:00",21852,0.0649999999999977
"2018-12-31 14:41:00",8928,0.00999999999999801
"2018-12-31 14:42:00",9526,0.00999999999999801
"2018-12-31 14:43:00",10349,-0.0149999999999935
"2018-12-31 14:44:00",6007,0.00489999999999924
"2018-12-31 14:45:00",12144,-0.0099000000000018
"2018-12-31 14:46:00",2211,-0.0399999999999991
"2018-12-31 14:47:00",7192,-0.0399999999999991
"2018-12-31 14:48:00",10879,-0.0350000000000037
"2018-12-31 14:49:00",4605,-0.0249999999999986
"2018-12-31 14:50:00",8480,0
"2018-12-31 14:51:00",3957,-0.0600000000000023
"2018-12-31 14:52:00",8389,-0.00999999999999801
"2018-12-31 14:53:00",6741,-0.0501000000000005
"2018-12-31 14:54:00",16304,0.0200999999999993
"2018-12-31 14:55:00",28453,0.0500000000000043
"2018-12-31 14:56:00",35883,-0.135000000000005
"2018-12-31 14:57:00",16609,0.0500000000000043
"2018-12-31 14:58:00",17367,0.00999999999999801
"2018-12-31 14:59:00",59718,0.395000000000003
"2019-01-02 08:30:00",92525,-0.75
"2019-01-02 08:31:00",12337,0.0599999999999952
"2019-01-02 08:32:00",49193,0.0100000000000051
"2019-01-02 08:33:00",6378,-0.0600000000000023
"2019-01-02 08:34:00",13047,-0.0399999999999991
"2019-01-02 08:35:00",44014,0.0300000000000011
"2019-01-02 08:36:00",11820,0.019999999999996
"2019-01-02 08:37:00",6078,0.0900000000000034
"2019-01-02 08:38:00",8947,-0.0200000000000031
"2019-01-02 08:39:00",9722,0.00999999999999801
"2019-01-02 08:40:00",8043,-0.00999999999999801
"2019-01-02 08:41:00",20347,0.0949999999999989
"2019-01-02 08:42:00",8486,-0.00499999999999545
"2019-01-02 08:43:00",4765,0
"2019-01-02 08:44:00",9367,0.00999999999999801
"2019-01-02 08:45:00",8508,-0.00999999999999801
"2019-01-02 08:46:00",9484,-0.0700000000000003
"2019-01-02 08:47:00",8716,0.0999999999999943
"2019-01-02 08:48:00",8022,-0.029999999999994
"2019-01-02 08:49:00",25280,0.0700000000000003
"2019-01-02 08:50:00",34655,0
"2019-01-02 08:51:00",8152,-0.0350000000000037
"2019-01-02 08:52:00",19817,0.0549999999999997
"2019-01-02 08:53:00",6302,-0.0399999999999991
"2019-01-02 08:54:00",6495,0.0649999999999977
"2019-01-02 08:55:00",3120,0.0150000000000006
"2019-01-02 08:56:00",8217,0.0100000000000051
"2019-01-02 08:57:00",10265,0.0699999999999932
"2019-01-02 08:58:00",7034,-0.0399999999999991
"2019-01-02 08:59:00",21380,0.0700000000000003
"2019-01-02 09:00:00",8566,-0.019999999999996
"2019-01-02 09:01:00",5231,0.00999999999999801
"2019-01-02 09:02:00",12587,0.0499999999999972
"2019-01-02 09:03:00",11134,0.0600000000000023
"2019-01-02 09:04:00",15728,0.0399999999999991
"2019-01-02 09:05:00",3296,0.0200000000000031
"2019-01-02 09:06:00",5915,0.0799999999999983
"2019-01-02 09:07:00",6084,-0.00999999999999801
"2019-01-02 09:08:00",10784,-0.00010000000000332
"2019-01-02 09:09:00",19677,0.0301000000000045
"2019-01-02 09:10:00",9426,0.0399999999999991
"2019-01-02 09:11:00",9284,0.0300000000000011
"2019-01-02 09:12:00",5410,0.0499999999999972
"2019-01-02 09:13:00",10132,0.100000000000001
"2019-01-02 09:14:00",8711,-0.0300000000000011
"2019-01-02 09:15:00",13910,-0.0399999999999991
"2019-01-02 09:16:00",10877,0.0300000000000011
"2019-01-02 09:17:00",8742,-0.0301000000000045
"2019-01-02 09:18:00",7499,0.0301000000000045
"2019-01-02 09:19:00",11910,-0.0600000000000023
"2019-01-02 09:20:00",5982,-0.0499999999999972
"2019-01-02 09:21:00",6813,0.0399999999999991
"2019-01-02 09:22:00",6986,0.0499999999999972
"2019-01-02 09:23:00",13659,-0.0600000000000023
"2019-01-02 09:24:00",5263,0
"2019-01-02 09:25:00",8532,0.130000000000003
"2019-01-02 09:26:00",11579,-0.0700000000000003
"2019-01-02 09:27:00",8914,0.0700000000000003
"2019-01-02 09:28:00",17620,0.0600000000000023
"2019-01-02 09:29:00",22249,-0.0375000000000014
"2019-01-02 09:30:00",30638,-0.072499999999998
"2019-01-02 09:31:00",7376,-0.00500000000000256
"2019-01-02 09:32:00",11515,0.0549999999999997
"2019-01-02 09:33:00",4200,-0.0700000000000003
"2019-01-02 09:34:00",9596,0.0200000000000031
"2019-01-02 09:35:00",15590,0.0549999999999997
"2019-01-02 09:36:00",8339,0.0150000000000006
"2019-01-02 09:37:00",8591,-0.0100000000000051
"2019-01-02 09:38:00",6705,0.0100000000000051
"2019-01-02 09:39:00",7312,0.0599999999999952
"2019-01-02 09:40:00",19503,0.0500000000000043
"2019-01-02 09:41:00",6736,-0.0399999999999991
"2019-01-02 09:42:00",8422,-0.00210000000000576
"2019-01-02 09:43:00",13227,0.0621000000000009
"2019-01-02 09:44:00",10981,0.0600000000000023
"2019-01-02 09:45:00",11536,0.019999999999996
"2019-01-02 09:46:00",13084,-0.0699999999999932
"2019-01-02 09:47:00",16249,0.0238999999999976
"2019-01-02 09:48:00",8109,0.0161000000000016
"2019-01-02 09:49:00",10012,-0.0500000000000043
"2019-01-02 09:50:00",8874,-0.0300000000000011
"2019-01-02 09:51:00",24519,0.109999999999999
"2019-01-02 09:52:00",24812,0.120000000000005
"2019-01-02 09:53:00",15862,-0.0200000000000031
"2019-01-02 09:54:00",10860,0.0399999999999991
"2019-01-02 09:55:00",13716,0.0100000000000051
"2019-01-02 09:56:00",13524,0.00999999999999801
"2019-01-02 09:57:00",6690,-0.0200000000000031
"2019-01-02 09:58:00",9874,-0.029999999999994
"2019-01-02 09:59:00",18051,-0.0300000000000011
"2019-01-02 10:00:00",16471,-0.0100000000000051
"2019-01-02 10:01:00",17780,-0.019999999999996
"2019-01-02 10:02:00",7960,0.019999999999996
"2019-01-02 10:03:00",6783,-0.0242999999999967
"2019-01-02 10:04:00",4305,0.0542999999999978
"2019-01-02 10:05:00",7710,0.0700000000000003
"2019-01-02 10:06:00",10528,0.0300000000000011
"2019-01-02 10:07:00",10922,-0.0850000000000009
"2019-01-02 10:08:00",9825,0.0200000000000031
"2019-01-02 10:09:00",4394,0.0292999999999992
"2019-01-02 10:10:00",14619,0.0856999999999957
"2019-01-02 10:11:00",15273,0.0300000000000011
"2019-01-02 10:12:00",14339,0.0200000000000031
"2019-01-02 10:13:00",10337,0.0600000000000023
"2019-01-02 10:14:00",10808,-0.0100000000000051
"2019-01-02 10:15:00",16732,-0.109999999999999
"2019-01-02 10:16:00",8055,-0.019999999999996
"2019-01-02 10:17:00",15207,0.029999999999994
"2019-01-02 10:18:00",4428,0.00500000000000256
"2019-01-02 10:19:00",8645,0.0949999999999989
"2019-01-02 10:20:00",10947,-0.0399999999999991
"2019-01-02 10:21:00",12652,-0.00499999999999545
"2019-01-02 10:22:00",23879,0.0349999999999966
"2019-01-02 10:23:00",19993,0.0063999999999993
"2019-01-02 10:24:00",8637,-0.0364000000000004
"2019-01-02 10:25:00",13671,-0.0300000000000011
"2019-01-02 10:26:00",20697,0
"2019-01-02 10:27:00",31169,-0.0799999999999983
"2019-01-02 10:28:00",21447,-0.0600000000000023
"2019-01-02 10:29:00",29529,-0.0499999999999972
"2019-01-02 10:30:00",25154,-0.0200000000000031
"2019-01-02 10:31:00",35180,-0.00999999999999801
"2019-01-02 10:32:00",40676,-0.019999999999996
"2019-01-02 10:33:00",37351,-0.0775000000000006
"2019-01-02 10:34:00",37018,0.0274999999999963
"2019-01-02 10:35:00",13768,0.0399999999999991
"2019-01-02 10:36:00",13206,0.0800000000000054
"2019-01-02 10:37:00",10961,0.029999999999994
"2019-01-02 10:38:00",10303,-0.0599999999999952
"2019-01-02 10:39:00",8267,0.00499999999999545
"2019-01-02 10:40:00",10601,0.0650000000000048
"2019-01-02 10:41:00",7743,0.0599999999999952
"2019-01-02 10:42:00",12400,0.0399999999999991
"2019-01-02 10:43:00",2913,0.0100000000000051
"2019-01-02 10:44:00",5912,0.019999999999996
"2019-01-02 10:45:00",3586,0.0200000000000031
"2019-01-02 10:46:00",4219,0
"2019-01-02 10:47:00",3654,0.0399999999999991
"2019-01-02 10:48:00",8758,-0.00999999999999801
"2019-01-02 10:49:00",3958,0.0499999999999972
"2019-01-02 10:50:00",8437,-0.0899999999999963
"2019-01-02 10:51:00",5420,-0.0200000000000031
"2019-01-02 10:52:00",3033,0.00750000000000028
"2019-01-02 10:53:00",1812,0.0474999999999994
"2019-01-02 10:54:00",7841,-0.0150000000000006
"2019-01-02 10:55:00",1859,0.0300000000000011
"2019-01-02 10:56:00",6927,0.0600000000000023
"2019-01-02 10:57:00",2569,-0.0200000000000031
"2019-01-02 10:58:00",6658,0
"2019-01-02 10:59:00",4098,-0.00999999999999801
"2019-01-02 11:00:00",8024,-0.0200000000000031
"2019-01-02 11:01:00",10619,-0.0799999999999983
"2019-01-02 11:02:00",10249,0.0600000000000023
"2019-01-02 11:03:00",5777,0.00999999999999801
"2019-01-02 11:04:00",4026,0
"2019-01-02 11:05:00",9000,0.0600000000000023
"2019-01-02 11:06:00",15140,-0.0200000000000031
"2019-01-02 11:07:00",19992,0.0200000000000031
"2019-01-02 11:08:00",4125,0.00999999999999801
"2019-01-02 11:09:00",3763,0.0200000000000031
"2019-01-02 11:10:00",3893,0.00999999999999801
"2019-01-02 11:11:00",4579,-0.00999999999999801
"2019-01-02 11:12:00",6126,-0.0200000000000031
"2019-01-02 11:13:00",14125,0.0399999999999991
"2019-01-02 11:14:00",8069,0.0300000000000011
"2019-01-02 11:15:00",4086,-0.0106999999999999
"2019-01-02 11:16:00",7860,-0.0392999999999972
"2019-01-02 11:17:00",5234,-0.0200000000000031
"2019-01-02 11:18:00",2551,0
"2019-01-02 11:19:00",2860,0.0200000000000031
"2019-01-02 11:20:00",6020,-0.0300000000000011
"2019-01-02 11:21:00",5287,0.0300000000000011
"2019-01-02 11:22:00",5327,-0.0300000000000011
"2019-01-02 11:23:00",3985,-0.00500000000000256
"2019-01-02 11:24:00",2831,0.0399999999999991
"2019-01-02 11:25:00",6915,0.0349000000000004
"2019-01-02 11:26:00",6384,0.0200999999999993
"2019-01-02 11:27:00",8035,-0.00999999999999801
"2019-01-02 11:28:00",4900,0.00500000000000256
"2019-01-02 11:29:00",6557,-0.0150000000000006
"2019-01-02 11:30:00",5791,0
"2019-01-02 11:31:00",4644,-0.0500000000000043
"2019-01-02 11:32:00",4252,-0.019999999999996
"2019-01-02 11:33:00",1900,0.0549999999999997
"2019-01-02 11:34:00",4318,0.0150000000000006
"2019-01-02 11:35:00",4000,0
"2019-01-02 11:36:00",19028,0.0999999999999943
"2019-01-02 11:37:00",4467,-0.00999999999999801
"2019-01-02 11:38:00",12689,-0.019999999999996
"2019-01-02 11:39:00",2525,0
"2019-01-02 11:40:00",6746,0
"2019-01-02 11:41:00",4518,-0.00500000000000256
"2019-01-02 11:42:00",8433,-0.0450000000000017
"2019-01-02 11:43:00",4932,0.0150000000000006
"2019-01-02 11:44:00",8116,0.0350000000000037
"2019-01-02 11:45:00",4572,0.019999999999996
"2019-01-02 11:46:00",3238,0.0105000000000004
"2019-01-02 11:47:00",6265,-0.0304999999999964
"2019-01-02 11:48:00",9370,-0.0162000000000049
"2019-01-02 11:49:00",8967,0.00120000000000431
"2019-01-02 11:50:00",3272,0.0150000000000006
"2019-01-02 11:51:00",7246,0.0249999999999986
"2019-01-02 11:52:00",4182,0.00999999999999801
"2019-01-02 11:53:00",5528,-0.00500000000000256
"2019-01-02 11:54:00",7361,-0.00999999999999801
"2019-01-02 11:55:00",4769,-0.019999999999996
"2019-01-02 11:56:00",2316,0.0499999999999972
"2019-01-02 11:57:00",8573,0.0399999999999991
"2019-01-02 11:58:00",2095,-0.00500000000000256
"2019-01-02 11:59:00",4495,-0.0349999999999966
"2019-01-02 12:00:00",7000,0.00999999999999801
"2019-01-02 12:01:00",4400,0.0249999999999986
"2019-01-02 12:02:00",3741,-0.0249999999999986
"2019-01-02 12:03:00",3813,0.00500000000000256
"2019-01-02 12:04:00",7569,0
"2019-01-02 12:05:00",12518,0.0700000000000003
"2019-01-02 12:06:00",4144,0.0150000000000006
"2019-01-02 12:07:00",6865,0.019999999999996
"2019-01-02 12:08:00",2900,-0.00999999999999801
"2019-01-02 12:09:00",4497,-0.0450000000000017
"2019-01-02 12:10:00",4964,0
"2019-01-02 12:11:00",4971,-0.00499999999999545
"2019-01-02 12:12:00",3024,-0.00370000000000203
"2019-01-02 12:13:00",1572,-0.0463000000000022
"2019-01-02 12:14:00",3882,0.0100000000000051
"2019-01-02 12:15:00",1300,-0.0300000000000011
"2019-01-02 12:16:00",2899,0.00999999999999801
"2019-01-02 12:17:00",1803,-0.035499999999999
"2019-01-02 12:18:00",2869,0.045499999999997
"2019-01-02 12:19:00",3435,0.0399999999999991
"2019-01-02 12:20:00",6831,-0.00999999999999801
"2019-01-02 12:21:00",5499,-0.0249999999999986
"2019-01-02 12:22:00",8355,0
"2019-01-02 12:23:00",4150,0.0450000000000017
"2019-01-02 12:24:00",10002,-0.0300000000000011
"2019-01-02 12:25:00",2900,-0.0399999999999991
"2019-01-02 12:26:00",3198,0.0150000000000006
"2019-01-02 12:27:00",8325,0.0249999999999986
"2019-01-02 12:28:00",1900,0.0150000000000006
"2019-01-02 12:29:00",11386,-0.0549999999999997
"2019-01-02 12:30:00",3850,-0.0100000000000051
"2019-01-02 12:31:00",7496,-0.00999999999999801
"2019-01-02 12:32:00",2391,-0.019999999999996
"2019-01-02 12:33:00",2145,0.00999999999999801
"2019-01-02 12:34:00",6300,0.00999999999999801
"2019-01-02 12:35:00",3100,-0.0749999999999957
"2019-01-02 12:36:00",1530,-0.00500000000000256
"2019-01-02 12:37:00",7435,-0.0399999999999991
"2019-01-02 12:38:00",2273,0.019999999999996
"2019-01-02 12:39:00",4558,0
"2019-01-02 12:40:00",2000,-0.0176999999999978
"2019-01-02 12:41:00",5300,0.00769999999999982
"2019-01-02 12:42:00",4485,0.0150000000000006
"2019-01-02 12:43:00",5507,-0.0399999999999991
"2019-01-02 12:44:00",7700,-0.00500000000000256
"2019-01-02 12:45:00",3234,0.0300000000000011
"2019-01-02 12:46:00",1400,0
"2019-01-02 12:47:00",7335,-0.00500000000000256
"2019-01-02 12:48:00",1966,0.0250000000000057
"2019-01-02 12:49:00",2946,-0.0300000000000011
"2019-01-02 12:50:00",3034,-0.00999999999999801
"2019-01-02 12:51:00",1732,-0.0100000000000051
"2019-01-02 12:52:00",8407,0.0200000000000031
"2019-01-02 12:53:00",1300,-0.0300000000000011
"2019-01-02 12:54:00",3100,0.00500000000000256
"2019-01-02 12:55:00",2334,0.0219999999999985
"2019-01-02 12:56:00",11591,-0.0069999999999979
"2019-01-02 12:57:00",12277,-0.0250000000000057
"2019-01-02 12:58:00",3554,0.0150000000000006
"2019-01-02 12:59:00",4300,0.0500000000000043
"2019-01-02 13:00:00",5560,-0.0450000000000017
"2019-01-02 13:01:00",11552,-0.0249999999999986
"2019-01-02 13:02:00",12150,-0.0100000000000051
"2019-01-02 13:03:00",7214,0.0200000000000031
"2019-01-02 13:04:00",6532,0.00999999999999801
"2019-01-02 13:05:00",1545,0.00500000000000256
"2019-01-02 13:06:00",1900,0.00500000000000256
"2019-01-02 13:07:00",7566,-0.0300000000000011
"2019-01-02 13:08:00",3165,-0.0300000000000011
"2019-01-02 13:09:00",3536,0.0390000000000015
"2019-01-02 13:10:00",7498,-0.0489999999999995
"2019-01-02 13:11:00",1760,-0.0100000000000051
"2019-01-02 13:12:00",2959,-0.00499999999999545
"2019-01-02 13:13:00",5609,-0.0150000000000006
"2019-01-02 13:14:00",3930,0.0249999999999986
"2019-01-02 13:15:00",4544,-0.00750000000000028
"2019-01-02 13:16:00",3346,0.052500000000002
"2019-01-02 13:17:00",6463,0.0349999999999966
"2019-01-02 13:18:00",4909,0
"2019-01-02 13:19:00",3266,0
"2019-01-02 13:20:00",2720,-0.0249999999999986
"2019-01-02 13:21:00",3200,0.0300000000000011
"2019-01-02 13:22:00",7041,0.0399999999999991
"2019-01-02 13:23:00",6356,0.0767000000000024
"2019-01-02 13:24:00",7335,-0.0298000000000016
"2019-01-02 13:25:00",4702,0.0180999999999969
"2019-01-02 13:26:00",1991,0.0200000000000031
"2019-01-02 13:27:00",3688,-0.00999999999999801
"2019-01-02 13:28:00",1400,-0.0150000000000006
"2019-01-02 13:29:00",17833,-0.0300000000000011
"2019-01-02 13:30:00",7804,-0.0100000000000051
"2019-01-02 13:31:00",8752,0.0300000000000011
"2019-01-02 13:32:00",2200,0
"2019-01-02 13:33:00",4544,0.0200000000000031
"2019-01-02 13:34:00",8231,-0.0399999999999991
"2019-01-02 13:35:00",1200,-0.0100000000000051
"2019-01-02 13:36:00",2036,0.0200000000000031
"2019-01-02 13:37:00",15883,-0.0399999999999991
"2019-01-02 13:38:00",7664,0.00999999999999801
"2019-01-02 13:39:00",5623,-0.0300000000000011
"2019-01-02 13:40:00",4507,-0.019999999999996
"2019-01-02 13:41:00",4442,-0.0500000000000043
"2019-01-02 13:42:00",4821,-0.00999999999999801
"2019-01-02 13:43:00",3198,-0.00999999999999801
"2019-01-02 13:44:00",7590,0.0499999999999972
"2019-01-02 13:45:00",8409,-0.00499999999999545
"2019-01-02 13:46:00",4819,0.019999999999996
"2019-01-02 13:47:00",4760,0.0150000000000006
"2019-01-02 13:48:00",3899,0.0298999999999978
"2019-01-02 13:49:00",4051,0.0151000000000039
"2019-01-02 13:50:00",7675,-0.0150000000000006
"2019-01-02 13:51:00",8589,-0.00500000000000256
"2019-01-02 13:52:00",10475,-0.019999999999996
"2019-01-02 13:53:00",8600,0.00999999999999801
"2019-01-02 13:54:00",7319,-0.0349999999999966
"2019-01-02 13:55:00",1024,-0.0100000000000051
"2019-01-02 13:56:00",1470,0
"2019-01-02 13:57:00",5352,0.0100000000000051
"2019-01-02 13:58:00",2694,-0.0534000000000034
"2019-01-02 13:59:00",1800,-0.0165999999999968
"2019-01-02 14:00:00",4314,-0.0549999999999997
"2019-01-02 14:01:00",5292,0.0615999999999985
"2019-01-02 14:02:00",8513,0.0233999999999952
"2019-01-02 14:03:00",5436,-0.0399999999999991
"2019-01-02 14:04:00",2648,-0.0399999999999991
"2019-01-02 14:05:00",3577,-0.019999999999996
"2019-01-02 14:06:00",2752,-0.0100000000000051
"2019-01-02 14:07:00",1340,0.0100000000000051
"2019-01-02 14:08:00",3553,-0.0699000000000041
"2019-01-02 14:09:00",2809,0.0298999999999978
"2019-01-02 14:10:00",3297,-0.019999999999996
"2019-01-02 14:11:00",8404,-0.0200000000000031
"2019-01-02 14:12:00",4670,-0.00999999999999801
"2019-01-02 14:13:00",3695,0.0350000000000037
"2019-01-02 14:14:00",4186,0.0257999999999967
"2019-01-02 14:15:00",5782,-0.0358000000000018
"2019-01-02 14:16:00",5250,0.0150000000000006
"2019-01-02 14:17:00",5028,-0.0349999999999966
"2019-01-02 14:18:00",6066,-0.0249999999999986
"2019-01-02 14:19:00",5723,-0.0300000000000011
"2019-01-02 14:20:00",6079,0.0599999999999952
"2019-01-02 14:21:00",6835,-0.029999999999994
"2019-01-02 14:22:00",10695,-0.0350000000000037
"2019-01-02 14:23:00",7790,-0.00999999999999801
"2019-01-02 14:24:00",5499,0.0499999999999972
"2019-01-02 14:25:00",4002,0.00999999999999801
"2019-01-02 14:26:00",4274,0.0450000000000017
"2019-01-02 14:27:00",2400,-0.0349999999999966
"2019-01-02 14:28:00",5987,-0.055100000000003
"2019-01-02 14:29:00",5955,0.0301000000000045
"2019-01-02 14:30:00",6540,-0.0400000000000063
"2019-01-02 14:31:00",4951,-0.0399999999999991
"2019-01-02 14:32:00",6299,0.0450000000000017
"2019-01-02 14:33:00",7414,-0.0150000000000006
"2019-01-02 14:34:00",3384,-0.0300000000000011
"2019-01-02 14:35:00",3753,0.0300000000000011
"2019-01-02 14:36:00",3367,0.00999999999999801
"2019-01-02 14:37:00",6261,0.0700000000000003
"2019-01-02 14:38:00",2940,-0.019999999999996
"2019-01-02 14:39:00",3946,-0.0300000000000011
"2019-01-02 14:40:00",4863,0.00999999999999801
"2019-01-02 14:41:00",8644,0.0500000000000043
"2019-01-02 14:42:00",8304,0.00999999999999801
"2019-01-02 14:43:00",5055,-0.0249999999999986
"2019-01-02 14:44:00",11813,-0.0549999999999997
"2019-01-02 14:45:00",14196,0.0249999999999986
"2019-01-02 14:46:00",4447,0.00500000000000256
"2019-01-02 14:47:00",7194,-0.0350000000000037
"2019-01-02 14:48:00",18942,0.00500000000000256
"2019-01-02 14:49:00",13284,-0.0100000000000051
"2019-01-02 14:50:00",10281,0.0100000000000051
"2019-01-02 14:51:00",8861,0.0462999999999951
"2019-01-02 14:52:00",7455,0.0637000000000043
"2019-01-02 14:53:00",13523,0.019999999999996
"2019-01-02 14:54:00",12581,0.0100000000000051
"2019-01-02 14:55:00",28444,0.0700000000000003
"2019-01-02 14:56:00",12396,-0.0100000000000051
"2019-01-02 14:57:00",21554,0
"2019-01-02 14:58:00",23765,0.0198999999999998
"2019-01-02 14:59:00",46774,0.0611000000000033
"2019-01-02 15:02:00",44827,-0.000999999999997669
"2019-01-02 15:15:00",0,0
"2019-01-03 08:30:00",58234,0.0699999999999932
"2019-01-03 08:31:00",15786,-0.0399999999999991
"2019-01-03 08:32:00",7340,-0.0499999999999972
"2019-01-03 08:33:00",19760,-0.0900000000000034
"2019-01-03 08:34:00",11355,-0.0499999999999972
"2019-01-03 08:35:00",33378,-0.0200000000000031
"2019-01-03 08:36:00",21518,-0.00999999999999801
"2019-01-03 08:37:00",16966,-0.0416999999999987
"2019-01-03 08:38:00",7899,0.0617000000000019
"2019-01-03 08:39:00",8796,-0.0399999999999991
"2019-01-03 08:40:00",10049,0.0700000000000003
"2019-01-03 08:41:00",12592,0.0700000000000003
"2019-01-03 08:42:00",4755,0.00999999999999801
"2019-01-03 08:43:00",16273,0.0399999999999991
"2019-01-03 08:44:00",15383,-0.00999999999999801
"2019-01-03 08:45:00",5516,-0.0900000000000034
"2019-01-03 08:46:00",2500,0
"2019-01-03 08:47:00",7291,0.0249999999999986
"2019-01-03 08:48:00",11323,-0.021099999999997
"2019-01-03 08:49:00",6088,-0.0639000000000038
"2019-01-03 08:50:00",4110,0
"2019-01-03 08:51:00",3920,-0.029999999999994
"2019-01-03 08:52:00",7780,-0.0500000000000043
"2019-01-03 08:53:00",2480,0.0234000000000023
"2019-01-03 08:54:00",10583,0.0966000000000022
"2019-01-03 08:55:00",4022,0.00999999999999801
"2019-01-03 08:56:00",3276,0.0300000000000011
"2019-01-03 08:57:00",13408,-0.0450000000000017
"2019-01-03 08:58:00",6004,-0.0150000000000006
"2019-01-03 08:59:00",10447,-0.0200000000000031
"2019-01-03 09:00:00",21000,-0.0499999999999972
"2019-01-03 09:01:00",14788,-0.019999999999996
"2019-01-03 09:02:00",12134,-0.0400000000000063
"2019-01-03 09:03:00",9360,-0.00999999999999801
"2019-01-03 09:04:00",15273,-0.0300000000000011
"2019-01-03 09:05:00",13348,0.0500000000000043
"2019-01-03 09:06:00",14912,0.0300000000000011
"2019-01-03 09:07:00",26545,-0.0400000000000063
"2019-01-03 09:08:00",6270,-0.00999999999999801
"2019-01-03 09:09:00",5298,-0.109999999999999
"2019-01-03 09:10:00",14697,0.0200000000000031
"2019-01-03 09:11:00",9230,0.019999999999996
"2019-01-03 09:12:00",14778,-0.00999999999999801
"2019-01-03 09:13:00",17491,0
"2019-01-03 09:14:00",7985,-0.00999999999999801
"2019-01-03 09:15:00",20324,0.019999999999996
"2019-01-03 09:16:00",13337,0
"2019-01-03 09:17:00",2582,0.0600000000000023
"2019-01-03 09:18:00",2877,0.0600000000000023
"2019-01-03 09:19:00",2522,-0.0100000000000051
"2019-01-03 09:20:00",8600,0.0399999999999991
"2019-01-03 09:21:00",3728,-0.029999999999994
"2019-01-03 09:22:00",7379,-0.0400000000000063
"2019-01-03 09:23:00",38375,0.0549999999999997
"2019-01-03 09:24:00",6446,-0.0149999999999935
"2019-01-03 09:25:00",10773,-0.0507000000000062
"2019-01-03 09:26:00",5963,0.020700000000005
"2019-01-03 09:27:00",4537,-0.0100000000000051
"2019-01-03 09:28:00",6310,0.0100000000000051
"2019-01-03 09:29:00",3438,-0.0300000000000011
"2019-01-03 09:30:00",14800,-0.0200000000000031
"2019-01-03 09:31:00",11339,-0.0449999999999946
"2019-01-03 09:32:00",6546,0.0249999999999986
"2019-01-03 09:33:00",5348,-0.0100000000000051
"2019-01-03 09:34:00",18387,0.00500000000000256
"2019-01-03 09:35:00",6375,-0.00999999999999801
"2019-01-03 09:36:00",28737,-0.0850000000000009
"2019-01-03 09:37:00",25180,-0.0300000000000011
"2019-01-03 09:38:00",28239,0.0249999999999986
"2019-01-03 09:39:00",13701,0.0150000000000006
"2019-01-03 09:40:00",8864,0.0200000000000031
"2019-01-03 09:41:00",10123,0.019999999999996
"2019-01-03 09:42:00",4721,0.0399999999999991
"2019-01-03 09:43:00",11943,-0.0599999999999952
"2019-01-03 09:44:00",25465,0.0300000000000011
"2019-01-03 09:45:00",4696,-0.0300000000000011
"2019-01-03 09:46:00",5350,0.100000000000001
"2019-01-03 09:47:00",6593,-0.0200000000000031
"2019-01-03 09:48:00",4353,0
"2019-01-03 09:49:00",7284,0
"2019-01-03 09:50:00",4025,-0.0099000000000018
"2019-01-03 09:51:00",5074,0.059899999999999
"2019-01-03 09:52:00",6025,-0.019999999999996
"2019-01-03 09:53:00",6032,-0.0600000000000023
"2019-01-03 09:54:00",4897,0.0626999999999995
"2019-01-03 09:55:00",6087,-0.035499999999999
"2019-01-03 09:56:00",3226,0.0527999999999977
"2019-01-03 09:57:00",5881,-0.0349999999999966
"2019-01-03 09:58:00",7084,0.104999999999997
"2019-01-03 09:59:00",9690,0.0100000000000051
"2019-01-03 10:00:00",12463,0.00999999999999801
"2019-01-03 10:01:00",6517,0.00500000000000256
"2019-01-03 10:02:00",5795,-0.00500000000000256
"2019-01-03 10:03:00",6771,0
"2019-01-03 10:04:00",5448,0.00999999999999801
"2019-01-03 10:05:00",1800,-0.0899999999999963
"2019-01-03 10:06:00",7366,0.0499999999999972
"2019-01-03 10:07:00",4064,-0.0399999999999991
"2019-01-03 10:08:00",6930,-0.0399999999999991
"2019-01-03 10:09:00",4046,0
"2019-01-03 10:10:00",10168,0.0600000000000023
"2019-01-03 10:11:00",14524,0.0899999999999963
"2019-01-03 10:12:00",5450,0
"2019-01-03 10:13:00",5325,0.00999999999999801
"2019-01-03 10:14:00",3100,-0.00499999999999545
"2019-01-03 10:15:00",10958,0.0679999999999978
"2019-01-03 10:16:00",7925,-0.0429999999999993
"2019-01-03 10:17:00",8525,0.0157000000000025
"2019-01-03 10:18:00",1450,-0.0157000000000025
"2019-01-03 10:19:00",4263,-0.0600000000000023
"2019-01-03 10:20:00",6921,0.100000000000001
"2019-01-03 10:21:00",4400,0.0200000000000031
"2019-01-03 10:22:00",14434,0.0799999999999983
"2019-01-03 10:23:00",6984,-0.0350000000000037
"2019-01-03 10:24:00",14824,-0.0749999999999957
"2019-01-03 10:25:00",4833,-0.0500000000000043
"2019-01-03 10:26:00",4260,-0.0300000000000011
"2019-01-03 10:27:00",12000,-0.019999999999996
"2019-01-03 10:28:00",14100,0.019999999999996
"2019-01-03 10:29:00",15325,-0.029999999999994
"2019-01-03 10:30:00",13777,0.019999999999996
"2019-01-03 10:31:00",27479,-0.0599999999999952
"2019-01-03 10:32:00",18263,-0.0200000000000031
"2019-01-03 10:33:00",6250,-0.0300000000000011
"2019-01-03 10:34:00",9447,0.0200000000000031
"2019-01-03 10:35:00",21895,0.0599999999999952
"2019-01-03 10:36:00",8775,0.0600000000000023
"2019-01-03 10:37:00",3008,0.109999999999999
"2019-01-03 10:38:00",6521,0.0200000000000031
"2019-01-03 10:39:00",5612,0.0300000000000011
"2019-01-03 10:40:00",4456,0.019999999999996
"2019-01-03 10:41:00",2302,0.0437000000000012
"2019-01-03 10:42:00",20791,0.0463000000000022
"2019-01-03 10:43:00",9378,0.019999999999996
"2019-01-03 10:44:00",3069,-0.0300000000000011
"2019-01-03 10:45:00",2680,-0.0599999999999952
"2019-01-03 10:46:00",1959,0.0649999999999977
"2019-01-03 10:47:00",3105,0.00999999999999801
"2019-01-03 10:48:00",2800,0.0249999999999986
"2019-01-03 10:49:00",2946,-0.0399999999999991
"2019-01-03 10:50:00",7079,0.0300000000000011
"2019-01-03 10:51:00",3765,-0.0499999999999972
"2019-01-03 10:52:00",2000,-0.00500000000000256
"2019-01-03 10:53:00",3500,-0.00500000000000256
"2019-01-03 10:54:00",4752,0
"2019-01-03 10:55:00",5272,-0.0399999999999991
"2019-01-03 10:56:00",6983,0.0673999999999992
"2019-01-03 10:57:00",4867,-0.0673999999999992
"2019-01-03 10:58:00",1495,-0.029999999999994
"2019-01-03 10:59:00",2298,0.00999999999999801
"2019-01-03 11:00:00",7107,-0.0099000000000018
"2019-01-03 11:01:00",4841,0.0300000000000011
"2019-01-03 11:02:00",18968,-0.00010000000000332
"2019-01-03 11:03:00",4171,0.0300000000000011
"2019-01-03 11:04:00",10575,0.0500000000000043
"2019-01-03 11:05:00",5727,0
"2019-01-03 11:06:00",3451,-0.0110000000000028
"2019-01-03 11:07:00",8538,-0.0189999999999984
"2019-01-03 11:08:00",3594,0.00999999999999801
"2019-01-03 11:09:00",2900,0
"2019-01-03 11:10:00",5460,-0.0150000000000006
"2019-01-03 11:11:00",9592,0.0900000000000034
"2019-01-03 11:12:00",13503,0.0349999999999966
"2019-01-03 11:13:00",4933,0.00390000000000157
"2019-01-03 11:14:00",4741,0.00110000000000099
"2019-01-03 11:15:00",3901,-0.0350000000000037
"2019-01-03 11:16:00",5776,-0.0399999999999991
"2019-01-03 11:17:00",3374,-0.0649999999999977
"2019-01-03 11:18:00",3116,-0.0150000000000006
"2019-01-03 11:19:00",13549,-0.00500000000000256
"2019-01-03 11:20:00",11582,0.0386999999999986
"2019-01-03 11:21:00",6957,-0.0137
"2019-01-03 11:22:00",16280,0
"2019-01-03 11:23:00",30304,0.0550000000000068
"2019-01-03 11:24:00",6575,-0.00500000000000256
"2019-01-03 11:25:00",2591,-0.0500000000000043
"2019-01-03 11:26:00",3982,-0.029999999999994
"2019-01-03 11:27:00",4055,0.00999999999999801
"2019-01-03 11:28:00",2150,0.0300000000000011
"2019-01-03 11:29:00",2124,-0.0200000000000031
"2019-01-03 11:30:00",3214,0.0799999999999983
"2019-01-03 11:31:00",8083,-0.0549999999999997
"2019-01-03 11:32:00",7425,0.0116000000000014
"2019-01-03 11:33:00",2911,-0.026600000000002
"2019-01-03 11:34:00",58318,0.0400000000000063
"2019-01-03 11:35:00",2300,-0.0400000000000063
"2019-01-03 11:36:00",4833,-0.059899999999999
"2019-01-03 11:37:00",2170,-0.0150999999999968
"2019-01-03 11:38:00",1900,-0.0200000000000031
"2019-01-03 11:39:00",3561,0.0350000000000037
"2019-01-03 11:40:00",2744,0
"2019-01-03 11:41:00",2747,0.019999999999996
"2019-01-03 11:42:00",2514,-0.019999999999996
"2019-01-03 11:43:00",2542,0.00999999999999801
"2019-01-03 11:44:00",2732,0.00999999999999801
"2019-01-03 11:45:00",2634,0.0300000000000011
"2019-01-03 11:46:00",3700,0.0300000000000011
"2019-01-03 11:47:00",4658,0.00999999999999801
"2019-01-03 11:48:00",7709,-0.0499999999999972
"2019-01-03 11:49:00",2009,0.019999999999996
"2019-01-03 11:50:00",2731,0.0149000000000044
"2019-01-03 11:51:00",8234,0.0150999999999968
"2019-01-03 11:52:00",1747,-0.00999999999999801
"2019-01-03 11:53:00",2800,0
"2019-01-03 11:54:00",14621,0.0249999999999986
"2019-01-03 11:55:00",10501,-0.0300000000000011
"2019-01-03 11:56:00",2693,-0.00499999999999545
"2019-01-03 11:57:00",1446,0.00999999999999801
"2019-01-03 11:58:00",4792,-0.0399999999999991
"2019-01-03 11:59:00",1453,0.00999999999999801
"2019-01-03 12:00:00",3543,-0.0499000000000009
"2019-01-03 12:01:00",1816,0.0299000000000049
"2019-01-03 12:02:00",3263,0
"2019-01-03 12:03:00",2434,-0.0399999999999991
"2019-01-03 12:04:00",5567,0
"2019-01-03 12:05:00",2152,0
"2019-01-03 12:06:00",5400,-0.0550000000000068
"2019-01-03 12:07:00",2546,0.0150000000000006
"2019-01-03 12:08:00",2720,-0.029999999999994
"2019-01-03 12:09:00",4253,0
"2019-01-03 12:10:00",7327,-0.0134000000000043
"2019-01-03 12:11:00",2100,0.0334000000000003
"2019-01-03 12:12:00",2207,-0.0161999999999978
"2019-01-03 12:13:00",2961,0.0161999999999978
"2019-01-03 12:14:00",2239,0.00500000000000256
"2019-01-03 12:15:00",8248,-0.0850000000000009
"2019-01-03 12:16:00",9660,-0.0600000000000023
"2019-01-03 12:17:00",19374,-0.0399999999999991
"2019-01-03 12:18:00",6160,0.0125000000000028
"2019-01-03 12:19:00",5430,0.0474999999999994
"2019-01-03 12:20:00",7431,0.0150000000000006
"2019-01-03 12:21:00",1478,0.0449999999999946
"2019-01-03 12:22:00",2528,-0.0249999999999986
"2019-01-03 12:23:00",3310,0.0150000000000006
"2019-01-03 12:24:00",1907,0
"2019-01-03 12:25:00",1985,0.0450000000000017
"2019-01-03 12:26:00",2407,-0.00500000000000256
"2019-01-03 12:27:00",2894,-0.00999999999999801
"2019-01-03 12:28:00",5704,-0.0300000000000011
"2019-01-03 12:29:00",3615,0.0300000000000011
"2019-01-03 12:30:00",3001,-0.0249999999999986
"2019-01-03 12:31:00",1591,0.0450000000000017
"2019-01-03 12:32:00",2387,-0.0100000000000051
"2019-01-03 12:33:00",5205,-0.0150000000000006
"2019-01-03 12:34:00",2837,-0.019999999999996
"2019-01-03 12:35:00",2100,-0.0150000000000006
"2019-01-03 12:36:00",4413,0.0399999999999991
"2019-01-03 12:37:00",1712,0.0300999999999974
"2019-01-03 12:38:00",2634,-0.0200999999999993
"2019-01-03 12:39:00",10343,0.0700000000000003
"2019-01-03 12:40:00",3060,-0.019999999999996
"2019-01-03 12:41:00",6025,0.0300000000000011
"2019-01-03 12:42:00",3226,0.00499999999999545
"2019-01-03 12:43:00",6378,-0.00499999999999545
"2019-01-03 12:44:00",6222,-0.00960000000000605
"2019-01-03 12:45:00",17288,-0.0403999999999982
"2019-01-03 12:46:00",2342,0
"2019-01-03 12:47:00",3648,0.0200000000000031
"2019-01-03 12:48:00",3144,-0.0500000000000043
"2019-01-03 12:49:00",2156,-0.019999999999996
"2019-01-03 12:50:00",2400,0.00999999999999801
"2019-01-03 12:51:00",2960,-0.00500000000000256
"2019-01-03 12:52:00",7042,-0.0549999999999997
"2019-01-03 12:53:00",7676,-0.019999999999996
"2019-01-03 12:54:00",2219,-0.0100000000000051
"2019-01-03 12:55:00",1700,0.0200000000000031
"2019-01-03 12:56:00",1845,-0.0300000000000011
"2019-01-03 12:57:00",2410,0.0421000000000049
"2019-01-03 12:58:00",2028,-0.0221000000000018
"2019-01-03 12:59:00",6171,0.0399999999999991
"2019-01-03 13:00:00",5281,-0.0300000000000011
"2019-01-03 13:01:00",6277,-0.00999999999999801
"2019-01-03 13:02:00",10967,0
"2019-01-03 13:03:00",7680,-0.0150000000000006
"2019-01-03 13:04:00",2715,0.000999999999997669
"2019-01-03 13:05:00",5837,0.0339999999999989
"2019-01-03 13:06:00",6513,0.0267000000000053
"2019-01-03 13:07:00",4287,0.0132999999999939
"2019-01-03 13:08:00",2823,-0.019999999999996
"2019-01-03 13:09:00",5921,-0.0200000000000031
"2019-01-03 13:10:00",2392,0.0200000000000031
"2019-01-03 13:11:00",3075,-0.00999999999999801
"2019-01-03 13:12:00",4691,-0.0234000000000023
"2019-01-03 13:13:00",3445,0.0334000000000003
"2019-01-03 13:14:00",6600,-0.0200000000000031
"2019-01-03 13:15:00",7850,0
"2019-01-03 13:16:00",2127,-0.0349999999999966
"2019-01-03 13:17:00",2322,0.0300000000000011
"2019-01-03 13:18:00",3488,0.0150000000000006
"2019-01-03 13:19:00",3987,0.0649999999999977
"2019-01-03 13:20:00",2950,-0.0326000000000022
"2019-01-03 13:21:00",1800,0.0275999999999996
"2019-01-03 13:22:00",1899,0.0300000000000011
"2019-01-03 13:23:00",5700,-0.0300000000000011
"2019-01-03 13:24:00",2850,0
"2019-01-03 13:25:00",7099,0.0100000000000051
"2019-01-03 13:26:00",2100,0.019999999999996
"2019-01-03 13:27:00",2514,0
"2019-01-03 13:28:00",5230,0.0600000000000023
"2019-01-03 13:29:00",2366,0.0599999999999952
"2019-01-03 13:30:00",18748,0.0200000000000031
"2019-01-03 13:31:00",11825,-0.0399999999999991
"2019-01-03 13:32:00",12919,-0.0300000000000011
"2019-01-03 13:33:00",20711,0.0300000000000011
"2019-01-03 13:34:00",5600,0.00999999999999801
"2019-01-03 13:35:00",4341,-0.0599999999999952
"2019-01-03 13:36:00",2967,0.0134999999999934
"2019-01-03 13:37:00",7606,-0.018499999999996
"2019-01-03 13:38:00",6644,0.0685999999999964
"2019-01-03 13:39:00",1600,-0.0135999999999967
"2019-01-03 13:40:00",6446,-0.0300000000000011
"2019-01-03 13:41:00",1459,-0.019999999999996
"2019-01-03 13:42:00",1400,-0.0150000000000006
"2019-01-03 13:43:00",2200,0.00499999999999545
"2019-01-03 13:44:00",3031,-0.0300000000000011
"2019-01-03 13:45:00",2372,0
"2019-01-03 13:46:00",2832,-0.0563999999999965
"2019-01-03 13:47:00",4845,-0.00359999999999872
"2019-01-03 13:48:00",10524,0.019999999999996
"2019-01-03 13:49:00",4418,0
"2019-01-03 13:50:00",4074,0.0100000000000051
"2019-01-03 13:51:00",1300,0.00999999999999801
"2019-01-03 13:52:00",3100,-0.0106999999999999
"2019-01-03 13:53:00",1925,-0.0193000000000012
"2019-01-03 13:54:00",3323,-0.0300000000000011
"2019-01-03 13:55:00",3372,-0.0150000000000006
"2019-01-03 13:56:00",4958,-0.034399999999998
"2019-01-03 13:57:00",1756,0.0294000000000025
"2019-01-03 13:58:00",2579,0.0349999999999966
"2019-01-03 13:59:00",2369,-0.0349999999999966
"2019-01-03 14:00:00",4796,0.00999999999999801
"2019-01-03 14:01:00",3640,0.0499999999999972
"2019-01-03 14:02:00",2025,0.0200000000000031
"2019-01-03 14:03:00",15953,-0.0399999999999991
"2019-01-03 14:04:00",4854,-0.0300000000000011
"2019-01-03 14:05:00",4718,0.00500000000000256
"2019-01-03 14:06:00",2200,0.00499999999999545
"2019-01-03 14:07:00",6091,0.00500000000000256
"2019-01-03 14:08:00",7044,0.0249999999999986
"2019-01-03 14:09:00",2944,-0.0150000000000006
"2019-01-03 14:10:00",3429,0.0249999999999986
"2019-01-03 14:11:00",2846,0
"2019-01-03 14:12:00",7881,-0.0409999999999968
"2019-01-03 14:13:00",5426,-0.0690000000000026
"2019-01-03 14:14:00",12069,0.00999999999999801
"2019-01-03 14:15:00",8014,0.0350000000000037
"2019-01-03 14:16:00",8634,-0.0200000000000031
"2019-01-03 14:17:00",5337,-0.019999999999996
"2019-01-03 14:18:00",7695,0.0249999999999986
"2019-01-03 14:19:00",3921,0
"2019-01-03 14:20:00",5499,0.0300000000000011
"2019-01-03 14:21:00",3054,-0.0399999999999991
"2019-01-03 14:22:00",7239,0.0345000000000013
"2019-01-03 14:23:00",4907,-0.0495000000000019
"2019-01-03 14:24:00",4930,0.00499999999999545
"2019-01-03 14:25:00",7720,0.0150000000000006
"2019-01-03 14:26:00",5567,0.00500000000000256
"2019-01-03 14:27:00",2488,0.00999999999999801
"2019-01-03 14:28:00",8627,0.0500000000000043
"2019-01-03 14:29:00",2255,-0.0264999999999986
"2019-01-03 14:30:00",11758,-0.0235000000000056
"2019-01-03 14:31:00",7516,0.0500000000000043
"2019-01-03 14:32:00",18127,0.0399999999999991
"2019-01-03 14:33:00",5022,-0.0264000000000024
"2019-01-03 14:34:00",7491,-0.0236000000000018
"2019-01-03 14:35:00",3974,0.00500000000000256
"2019-01-03 14:36:00",3820,-0.0649999999999977
"2019-01-03 14:37:00",10980,-0.0200000000000031
"2019-01-03 14:38:00",4607,0.0300000000000011
"2019-01-03 14:39:00",13171,-0.0300000000000011
"2019-01-03 14:40:00",9876,-0.019999999999996
"2019-01-03 14:41:00",13078,0.0349999999999966
"2019-01-03 14:42:00",8185,0.0450000000000017
"2019-01-03 14:43:00",7918,-0.0230000000000032
"2019-01-03 14:44:00",5204,-0.0169999999999959
"2019-01-03 14:45:00",7616,0.0249999999999986
"2019-01-03 14:46:00",7738,0.00500000000000256
"2019-01-03 14:47:00",5698,0
"2019-01-03 14:48:00",3263,-0.0200000000000031
"2019-01-03 14:49:00",5188,0
"2019-01-03 14:50:00",10607,0.0249999999999986
"2019-01-03 14:51:00",6596,0.0100000000000051
"2019-01-03 14:52:00",22981,-0.0100000000000051
"2019-01-03 14:53:00",24499,-0.0249999999999986
"2019-01-03 14:54:00",16768,0.0326999999999984
"2019-01-03 14:55:00",31128,0.0172999999999988
"2019-01-03 14:56:00",19968,-0.0149999999999935
"2019-01-03 14:57:00",41259,0.0011999999999972
"2019-01-03 14:58:00",35247,0.068799999999996
"2019-01-03 14:59:00",61686,-0.0849999999999937
"2019-01-03 15:02:00",26408,0.00999999999999801
"2019-01-03 15:15:00",0,0
"2019-01-04 08:30:00",51097,0.810000000000002
"2019-01-04 08:31:00",13055,-0.0500000000000043
"2019-01-04 08:32:00",22666,-0.0799999999999983
"2019-01-04 08:33:00",16368,0.0150000000000006
"2019-01-04 08:34:00",5127,0.0399999999999991
"2019-01-04 08:35:00",9438,0.0349999999999966
"2019-01-04 08:36:00",14835,0.0400000000000063
"2019-01-04 08:37:00",15602,0.0799999999999983
"2019-01-04 08:38:00",12475,-0.0399999999999991
"2019-01-04 08:39:00",16095,0.104999999999997
"2019-01-04 08:40:00",8963,-0.0450000000000017
"2019-01-04 08:41:00",20069,0.0700000000000003
"2019-01-04 08:42:00",14239,0.0200000000000031
"2019-01-04 08:43:00",12307,0.019999999999996
"2019-01-04 08:44:00",20947,0.0250000000000057
"2019-01-04 08:45:00",53768,0.0349999999999966
"2019-01-04 08:46:00",77061,-0.0899999999999963
"2019-01-04 08:47:00",16681,-0.0300000000000011
"2019-01-04 08:48:00",6648,0.0599999999999952
"2019-01-04 08:49:00",9596,0.0700000000000003
"2019-01-04 08:50:00",5386,-0.00999999999999801
"2019-01-04 08:51:00",6691,0.00999999999999801
"2019-01-04 08:52:00",17484,0.0200000000000031
"2019-01-04 08:53:00",11647,0.0200000000000031
"2019-01-04 08:54:00",22173,-0.0600000000000023
"2019-01-04 08:55:00",13510,0.00999999999999801
"2019-01-04 08:56:00",9500,0
"2019-01-04 08:57:00",11053,-0.00999999999999801
"2019-01-04 08:58:00",6982,-0.00999999999999801
"2019-01-04 08:59:00",6355,0.0499999999999972
"2019-01-04 09:00:00",16692,0.0399999999999991
"2019-01-04 09:01:00",16730,0.0300000000000011
"2019-01-04 09:02:00",12253,0.019999999999996
"2019-01-04 09:03:00",9138,0
"2019-01-04 09:04:00",4150,-0.019999999999996
"2019-01-04 09:05:00",6544,-0.0200000000000031
"2019-01-04 09:06:00",5100,-0.0899999999999963
"2019-01-04 09:07:00",10840,-0.0500000000000043
"2019-01-04 09:08:00",5716,-0.00999999999999801
"2019-01-04 09:09:00",12845,0.00999999999999801
"2019-01-04 09:10:00",20394,-0.0499999999999972
"2019-01-04 09:11:00",35438,0.0399999999999991
"2019-01-04 09:12:00",17318,-0.00999999999999801
"2019-01-04 09:13:00",38933,-0.0399999999999991
"2019-01-04 09:14:00",10109,0
"2019-01-04 09:15:00",4642,-0.0249999999999986
"2019-01-04 09:16:00",5591,-0.0350000000000037
"2019-01-04 09:17:00",48839,0.0399999999999991
"2019-01-04 09:18:00",34913,0
"2019-01-04 09:19:00",11700,-0.0399999999999991
"2019-01-04 09:20:00",22590,-0.0799999999999983
"2019-01-04 09:21:00",16704,0.0889999999999986
"2019-01-04 09:22:00",32558,0.161000000000001
"2019-01-04 09:23:00",10412,0.0399999999999991
"2019-01-04 09:24:00",15393,0.100000000000001
"2019-01-04 09:25:00",14725,0.0700000000000003
"2019-01-04 09:26:00",9569,-0.0300000000000011
"2019-01-04 09:27:00",70821,0
"2019-01-04 09:28:00",46007,0.0399999999999991
"2019-01-04 09:29:00",26610,0.0700000000000003
"2019-01-04 09:30:00",23472,0.0300000000000011
"2019-01-04 09:31:00",8571,-0.00999999999999801
"2019-01-04 09:32:00",6151,0.0399999999999991
"2019-01-04 09:33:00",5995,-0.0399999999999991
"2019-01-04 09:34:00",14605,-0.0800000000000054
"2019-01-04 09:35:00",65234,0.0750000000000028
"2019-01-04 09:36:00",7259,-0.0549999999999997
"2019-01-04 09:37:00",16159,-0.0500000000000043
"2019-01-04 09:38:00",5012,0.0500000000000043
"2019-01-04 09:39:00",7770,-0.0200000000000031
"2019-01-04 09:40:00",9036,-0.0499999999999972
"2019-01-04 09:41:00",3552,-0.0500000000000043
"2019-01-04 09:42:00",9757,-0.0399999999999991
"2019-01-04 09:43:00",4300,-0.00999999999999801
"2019-01-04 09:44:00",59954,-0.0300000000000011
"2019-01-04 09:45:00",18203,-0.00999999999999801
"2019-01-04 09:46:00",21169,0.0585000000000022
"2019-01-04 09:47:00",5961,-0.039200000000001
"2019-01-04 09:48:00",12401,-0.0292999999999992
"2019-01-04 09:49:00",2828,0.0300000000000011
"2019-01-04 09:50:00",6205,0.0599999999999952
"2019-01-04 09:51:00",4927,0
"2019-01-04 09:52:00",3490,0.00999999999999801
"2019-01-04 09:53:00",10186,0.0100000000000051
"2019-01-04 09:54:00",6639,0.00999999999999801
"2019-01-04 09:55:00",4039,0.0399999999999991
"2019-01-04 09:56:00",4308,0.0300000000000011
"2019-01-04 09:57:00",7988,0.0212000000000003
"2019-01-04 09:58:00",12139,0.0287999999999968
"2019-01-04 09:59:00",20109,-0.0329999999999941
"2019-01-04 10:00:00",17354,-0.137
"2019-01-04 10:01:00",15070,0.159999999999997
"2019-01-04 10:02:00",15146,0
"2019-01-04 10:03:00",6808,0.041400000000003
"2019-01-04 10:04:00",18878,0.0285999999999973
"2019-01-04 10:05:00",5151,0.00999999999999801
"2019-01-04 10:06:00",6100,-0.0399999999999991
"2019-01-04 10:07:00",6956,-0.0700000000000003
"2019-01-04 10:08:00",13321,0.0100000000000051
"2019-01-04 10:09:00",14816,0.00999999999999801
"2019-01-04 10:10:00",15397,0.0399999999999991
"2019-01-04 10:11:00",6330,-0.0300000000000011
"2019-01-04 10:12:00",14151,0.0399999999999991
"2019-01-04 10:13:00",4526,-0.0300000000000011
"2019-01-04 10:14:00",6900,-0.0999999999999943
"2019-01-04 10:15:00",12823,-0.0800000000000054
"2019-01-04 10:16:00",6255,-0.0799999999999983
"2019-01-04 10:17:00",11456,0.0700000000000003
"2019-01-04 10:18:00",12807,0.00500000000000256
"2019-01-04 10:19:00",8567,-0.0399999999999991
"2019-01-04 10:20:00",14397,-0.0350000000000037
"2019-01-04 10:21:00",12270,0.00999999999999801
"2019-01-04 10:22:00",9406,-0.0599999999999952
"2019-01-04 10:23:00",17574,-0.0300000000000011
"2019-01-04 10:24:00",25214,-0.0700000000000003
"2019-01-04 10:25:00",5294,-0.0300000000000011
"2019-01-04 10:26:00",14969,-0.0300000000000011
"2019-01-04 10:27:00",8284,0.0799999999999983
"2019-01-04 10:28:00",6170,0
"2019-01-04 10:29:00",8694,-0.00999999999999801
"2019-01-04 10:30:00",7066,-0.00999999999999801
"2019-01-04 10:31:00",14182,-0.00999999999999801
"2019-01-04 10:32:00",6649,0.0399999999999991
"2019-01-04 10:33:00",18932,0
"2019-01-04 10:34:00",4931,0.0450000000000017
"2019-01-04 10:35:00",5866,-0.0300000000000011
"2019-01-04 10:36:00",14477,0.0749999999999957
"2019-01-04 10:37:00",11676,0.0150000000000006
"2019-01-04 10:38:00",11670,-0.0749999999999957
"2019-01-04 10:39:00",16809,0.0399999999999991
"2019-01-04 10:40:00",16734,0.0300000000000011
"2019-01-04 10:41:00",3603,-0.0261000000000067
"2019-01-04 10:42:00",9205,0.00610000000000355
"2019-01-04 10:43:00",1600,0
"2019-01-04 10:44:00",2824,-0.0300000000000011
"2019-01-04 10:45:00",5740,-0.00999999999999801
"2019-01-04 10:46:00",4305,0.019999999999996
"2019-01-04 10:47:00",6318,-0.00999999999999801
"2019-01-04 10:48:00",1944,0.0700000000000003
"2019-01-04 10:49:00",5387,-0.0700000000000003
"2019-01-04 10:50:00",1300,0.0300000000000011
"2019-01-04 10:51:00",3066,0.033299999999997
"2019-01-04 10:52:00",6275,0.0367000000000033
"2019-01-04 10:53:00",3141,0.0247000000000028
"2019-01-04 10:54:00",3510,0.0152999999999963
"2019-01-04 10:55:00",7399,-0.0700000000000003
"2019-01-04 10:56:00",5211,0.0249999999999986
"2019-01-04 10:57:00",3640,0.0100000000000051
"2019-01-04 10:58:00",3149,-0.00500000000000256
"2019-01-04 10:59:00",4325,0.0200000000000031
"2019-01-04 11:00:00",5765,0.0399999999999991
"2019-01-04 11:01:00",2350,-0.0700000000000003
"2019-01-04 11:02:00",3400,-0.0350000000000037
"2019-01-04 11:03:00",9891,-0.0649999999999977
"2019-01-04 11:04:00",4400,0.0700000000000003
"2019-01-04 11:05:00",2667,0.00499999999999545
"2019-01-04 11:06:00",2500,-0.0149999999999935
"2019-01-04 11:07:00",3155,0
"2019-01-04 11:08:00",1150,-0.00500000000000256
"2019-01-04 11:09:00",3455,0.0349999999999966
"2019-01-04 11:10:00",4791,0.0100000000000051
"2019-01-04 11:11:00",2400,-0.0700000000000003
"2019-01-04 11:12:00",4500,0.0499999999999972
"2019-01-04 11:13:00",4430,-0.00600000000000023
"2019-01-04 11:14:00",2915,0.0210000000000008
"2019-01-04 11:15:00",3408,-0.00500000000000256
"2019-01-04 11:16:00",6255,0.0023000000000053
"2019-01-04 11:17:00",2450,0.057699999999997
"2019-01-04 11:18:00",6009,0
"2019-01-04 11:19:00",1830,-0.019999999999996
"2019-01-04 11:20:00",2652,0.029999999999994
"2019-01-04 11:21:00",3823,-0.029999999999994
"2019-01-04 11:22:00",3294,0.00999999999999801
"2019-01-04 11:23:00",3288,-0.0399999999999991
"2019-01-04 11:24:00",3274,-0.0399999999999991
"2019-01-04 11:25:00",4868,0.0499999999999972
"2019-01-04 11:26:00",3000,0.0399999999999991
"2019-01-04 11:27:00",3150,-0.019999999999996
"2019-01-04 11:28:00",3068,-0.0200000000000031
"2019-01-04 11:29:00",2450,0.00999999999999801
"2019-01-04 11:30:00",4300,0
"2019-01-04 11:31:00",2210,-0.00999999999999801
"2019-01-04 11:32:00",750,0.0099000000000018
"2019-01-04 11:33:00",2900,0.0501000000000005
"2019-01-04 11:34:00",4779,-0.0459999999999994
"2019-01-04 11:35:00",4118,0.0209999999999937
"2019-01-04 11:36:00",3722,0.00500000000000256
"2019-01-04 11:37:00",2100,-0.00999999999999801
"2019-01-04 11:38:00",2691,0.00999999999999801
"2019-01-04 11:39:00",2264,-0.00999999999999801
"2019-01-04 11:40:00",19735,0.0899999999999963
"2019-01-04 11:41:00",5552,0.0399999999999991
"2019-01-04 11:42:00",1500,-0.0399999999999991
"2019-01-04 11:43:00",4101,0.0450000000000017
"2019-01-04 11:44:00",3336,0.00999999999999801
"2019-01-04 11:45:00",5511,-0.0599999999999952
"2019-01-04 11:46:00",2400,0.00499999999999545
"2019-01-04 11:47:00",3917,0.0399999999999991
"2019-01-04 11:48:00",9618,-0.0149999999999935
"2019-01-04 11:49:00",3228,-0.00500000000000256
"2019-01-04 11:50:00",3505,-0.00500000000000256
"2019-01-04 11:51:00",6191,-0.0349999999999966
"2019-01-04 11:52:00",2300,-0.0100000000000051
"2019-01-04 11:53:00",5529,0.0300000000000011
"2019-01-04 11:54:00",2287,0.00500000000000256
"2019-01-04 11:55:00",3853,-0.00500000000000256
"2019-01-04 11:56:00",2800,-0.0249999999999986
"2019-01-04 11:57:00",9935,-0.00500000000000256
"2019-01-04 11:58:00",3500,-0.0149999999999935
"2019-01-04 11:59:00",1224,-0.00500000000000256
"2019-01-04 12:00:00",3468,0.019999999999996
"2019-01-04 12:01:00",2600,0.00500000000000256
"2019-01-04 12:02:00",3697,0.00500000000000256
"2019-01-04 12:03:00",1830,0.00999999999999801
"2019-01-04 12:04:00",2730,0
"2019-01-04 12:05:00",8050,0.0121000000000038
"2019-01-04 12:06:00",15126,0.00789999999999935
"2019-01-04 12:07:00",17486,0.00999999999999801
"2019-01-04 12:08:00",13455,-0.0200000000000031
"2019-01-04 12:09:00",3636,0.0100000000000051
"2019-01-04 12:10:00",2100,0.00999999999999801
"2019-01-04 12:11:00",18731,0.00999999999999801
"2019-01-04 12:12:00",5073,0
"2019-01-04 12:13:00",2906,-0.0399999999999991
"2019-01-04 12:14:00",12243,0.0099000000000018
"2019-01-04 12:15:00",3384,0.00999999999999801
"2019-01-04 12:16:00",1766,-0.0148999999999972
"2019-01-04 12:17:00",2809,0.019999999999996
"2019-01-04 12:18:00",3919,-0.00999999999999801
"2019-01-04 12:19:00",6120,0.0150000000000006
"2019-01-04 12:20:00",14755,0.0150000000000006
"2019-01-04 12:21:00",3237,-0.0150000000000006
"2019-01-04 12:22:00",2890,-0.0101000000000013
"2019-01-04 12:23:00",4569,-0.0349000000000004
"2019-01-04 12:24:00",1784,-0.0150000000000006
"2019-01-04 12:25:00",2438,-0.00499999999999545
"2019-01-04 12:26:00",1831,0.00999999999999801
"2019-01-04 12:27:00",1852,0.0150000000000006
"2019-01-04 12:28:00",2900,0
"2019-01-04 12:29:00",6308,0.00999999999999801
"2019-01-04 12:30:00",2400,-0.00999999999999801
"2019-01-04 12:31:00",2015,0.0150000000000006
"2019-01-04 12:32:00",1100,0.00999999999999801
"2019-01-04 12:33:00",3881,-0.0549999999999997
"2019-01-04 12:34:00",8083,-0.0450000000000017
"2019-01-04 12:35:00",3844,-0.0349999999999966
"2019-01-04 12:36:00",3364,0.00999999999999801
"2019-01-04 12:37:00",5556,0.00999999999999801
"2019-01-04 12:38:00",1401,-0.00999999999999801
"2019-01-04 12:39:00",4685,-0.0499999999999972
"2019-01-04 12:40:00",2015,-0.0200000000000031
"2019-01-04 12:41:00",5125,0.0150000000000006
"2019-01-04 12:42:00",4050,-0.0161000000000016
"2019-01-04 12:43:00",44906,-0.0189000000000021
"2019-01-04 12:44:00",11430,0.0200000000000031
"2019-01-04 12:45:00",2400,0
"2019-01-04 12:46:00",10000,-0.0300000000000011
"2019-01-04 12:47:00",1801,0.0300000000000011
"2019-01-04 12:48:00",2778,0
"2019-01-04 12:49:00",2531,0.00999999999999801
"2019-01-04 12:50:00",3429,-0.0150000000000006
"2019-01-04 12:51:00",3618,-0.0150000000000006
"2019-01-04 12:52:00",4729,0.0500000000000043
"2019-01-04 12:53:00",5812,-0.0450000000000017
"2019-01-04 12:54:00",4508,0.00500000000000256
"2019-01-04 12:55:00",8713,0
"2019-01-04 12:56:00",3574,0
"2019-01-04 12:57:00",2857,0.019999999999996
"2019-01-04 12:58:00",1100,-0.019999999999996
"2019-01-04 12:59:00",2401,0.0399999999999991
"2019-01-04 13:00:00",18641,-0.0399999999999991
"2019-01-04 13:01:00",3969,0
"2019-01-04 13:02:00",4300,-0.0239000000000047
"2019-01-04 13:03:00",1800,0.0189000000000021
"2019-01-04 13:04:00",5804,0.0150000000000006
"2019-01-04 13:05:00",700,0.0200999999999993
"2019-01-04 13:06:00",3900,-0.0101000000000013
"2019-01-04 13:07:00",4347,-0.0700000000000003
"2019-01-04 13:08:00",2809,0.0420000000000016
"2019-01-04 13:09:00",1547,-0.0120000000000005
"2019-01-04 13:10:00",4081,0.0300000000000011
"2019-01-04 13:11:00",5177,-0.00509999999999877
"2019-01-04 13:12:00",12385,0.0450999999999979
"2019-01-04 13:13:00",7300,0.0200000000000031
"2019-01-04 13:14:00",1099,-0.00200000000000244
"2019-01-04 13:15:00",4253,-0.0279999999999987
"2019-01-04 13:16:00",9095,0.0600000000000023
"2019-01-04 13:17:00",4129,0.0200999999999993
"2019-01-04 13:18:00",5028,0.0398999999999958
"2019-01-04 13:19:00",4044,0
"2019-01-04 13:20:00",9808,0.00999999999999801
"2019-01-04 13:21:00",2623,0.0300000000000011
"2019-01-04 13:22:00",6907,0.0250000000000057
"2019-01-04 13:23:00",13182,0.00999999999999801
"2019-01-04 13:24:00",5584,-0.0240000000000009
"2019-01-04 13:25:00",6987,-0.00999999999999801
"2019-01-04 13:26:00",8187,-0.0210000000000008
"2019-01-04 13:27:00",4056,-0.0399999999999991
"2019-01-04 13:28:00",3021,0.0499999999999972
"2019-01-04 13:29:00",3407,0.00999999999999801
"2019-01-04 13:30:00",5546,0.0300000000000011
"2019-01-04 13:31:00",5292,-0.019999999999996
"2019-01-04 13:32:00",3478,0.029999999999994
"2019-01-04 13:33:00",12174,0.0342000000000056
"2019-01-04 13:34:00",4727,-0.0142000000000024
"2019-01-04 13:35:00",3758,0.0133999999999972
"2019-01-04 13:36:00",7905,-0.0133999999999972
"2019-01-04 13:37:00",2000,-0.0249999999999986
"2019-01-04 13:38:00",4172,-0.0150000000000006
"2019-01-04 13:39:00",25365,0.00999999999999801
"2019-01-04 13:40:00",6940,0.00999999999999801
"2019-01-04 13:41:00",5981,-0.0249999999999986
"2019-01-04 13:42:00",2984,0.00500000000000256
"2019-01-04 13:43:00",1100,-0.00500000000000256
"2019-01-04 13:44:00",3337,0.0204000000000022
"2019-01-04 13:45:00",3732,-0.0253999999999976
"2019-01-04 13:46:00",5416,-0.0800000000000054
"2019-01-04 13:47:00",2916,-0.0399999999999991
"2019-01-04 13:48:00",8800,0.0399999999999991
"2019-01-04 13:49:00",3214,0
"2019-01-04 13:50:00",24562,0.0399999999999991
"2019-01-04 13:51:00",26054,0.0200000000000031
"2019-01-04 13:52:00",11625,-0.00999999999999801
"2019-01-04 13:53:00",14065,-0.0100000000000051
"2019-01-04 13:54:00",8988,0.0200000000000031
"2019-01-04 13:55:00",17259,0.00999999999999801
"2019-01-04 13:56:00",4200,0.00500000000000256
"2019-01-04 13:57:00",12330,0.0150000000000006
"2019-01-04 13:58:00",6862,-0.0300000000000011
"2019-01-04 13:59:00",12513,0
"2019-01-04 14:00:00",7649,0.100000000000001
"2019-01-04 14:01:00",2773,0
"2019-01-04 14:02:00",5944,-0.0200000000000031
"2019-01-04 14:03:00",5838,0.00500000000000256
"2019-01-04 14:04:00",2890,0.00500000000000256
"2019-01-04 14:05:00",9870,-0.0100000000000051
"2019-01-04 14:06:00",8593,0.0100000000000051
"2019-01-04 14:07:00",7812,-0.0100000000000051
"2019-01-04 14:08:00",4104,0
"2019-01-04 14:09:00",5833,-0.0349999999999966
"2019-01-04 14:10:00",13048,-0.0418000000000021
"2019-01-04 14:11:00",7054,0.0367999999999995
"2019-01-04 14:12:00",3967,-0.00999999999999801
"2019-01-04 14:13:00",2633,0.00999999999999801
"2019-01-04 14:14:00",1061,0.0249999999999986
"2019-01-04 14:15:00",5118,0.00500000000000256
"2019-01-04 14:16:00",6744,0.024799999999999
"2019-01-04 14:17:00",5919,-0.024799999999999
"2019-01-04 14:18:00",4058,-0.00999999999999801
"2019-01-04 14:19:00",8314,0.00499999999999545
"2019-01-04 14:20:00",5126,-0.0249999999999986
"2019-01-04 14:21:00",14637,-0.0499999999999972
"2019-01-04 14:22:00",8378,0.019999999999996
"2019-01-04 14:23:00",6362,-0.00999999999999801
"2019-01-04 14:24:00",4819,-0.0300000000000011
"2019-01-04 14:25:00",8498,0.00999999999999801
"2019-01-04 14:26:00",9432,-0.00999999999999801
"2019-01-04 14:27:00",5119,0.0500000000000043
"2019-01-04 14:28:00",7345,0
"2019-01-04 14:29:00",8987,0.019999999999996
"2019-01-04 14:30:00",8578,-0.00999999999999801
"2019-01-04 14:31:00",5398,0.0300000000000011
"2019-01-04 14:32:00",10842,0.0399999999999991
"2019-01-04 14:33:00",9468,0
"2019-01-04 14:34:00",1900,0.019999999999996
"2019-01-04 14:35:00",9368,0.0200000000000031
"2019-01-04 14:36:00",7641,-0.00999999999999801
"2019-01-04 14:37:00",2660,0
"2019-01-04 14:38:00",5582,-0.0300000000000011
"2019-01-04 14:39:00",9395,-0.0200000000000031
"2019-01-04 14:40:00",12327,0.0150000000000006
"2019-01-04 14:41:00",3339,0.0150000000000006
"2019-01-04 14:42:00",4345,-0.00999999999999801
"2019-01-04 14:43:00",8904,-0.0150000000000006
"2019-01-04 14:44:00",12805,-0.0249999999999986
"2019-01-04 14:45:00",7110,0.0399999999999991
"2019-01-04 14:46:00",2981,0.019999999999996
"2019-01-04 14:47:00",5340,0.0300000000000011
"2019-01-04 14:48:00",6155,0.0100000000000051
"2019-01-04 14:49:00",12296,-0.0250000000000057
"2019-01-04 14:50:00",13872,0.0100000000000051
"2019-01-04 14:51:00",29487,-0.00500000000000256
"2019-01-04 14:52:00",5540,-0.00999999999999801
"2019-01-04 14:53:00",11947,0.019999999999996
"2019-01-04 14:54:00",27294,0
"2019-01-04 14:55:00",18867,0.0200000000000031
"2019-01-04 14:56:00",22486,0.0150000000000006
"2019-01-04 14:57:00",21482,-0.00500000000000256
"2019-01-04 14:58:00",44290,-0.0549999999999997
"2019-01-04 14:59:00",41731,0.00500000000000256
"2019-01-04 15:02:00",41943,-0.0100000000000051
"2019-01-04 15:15:00",0,0
"2019-01-07 08:30:00",87512,-0.481999999999999
"2019-01-07 08:31:00",17935,-0.00799999999999557
"2019-01-07 08:32:00",9236,-0.0563000000000002
"2019-01-07 08:33:00",4913,0.0563000000000002
"2019-01-07 08:34:00",11246,0
"2019-01-07 08:35:00",21816,-0.120000000000005
"2019-01-07 08:36:00",16343,0.0442000000000036
"2019-01-07 08:37:00",6260,-0.0742000000000047
"2019-01-07 08:38:00",11619,0.0200000000000031
"2019-01-07 08:39:00",3826,0.00999999999999801
"2019-01-07 08:40:00",4777,0.0100000000000051
"2019-01-07 08:41:00",15302,0.0549999999999997
"2019-01-07 08:42:00",18706,-0.0450000000000017
"2019-01-07 08:43:00",3255,0.00999999999999801
"2019-01-07 08:44:00",6501,0.0200000000000031
"2019-01-07 08:45:00",34015,-0.0800000000000054
"2019-01-07 08:46:00",13316,0.0200000000000031
"2019-01-07 08:47:00",12217,0.0300000000000011
"2019-01-07 08:48:00",11247,0.0150000000000006
"2019-01-07 08:49:00",25938,-0.0750000000000028
"2019-01-07 08:50:00",18470,-0.0549999999999997
"2019-01-07 08:51:00",16223,-0.0600000000000023
"2019-01-07 08:52:00",15039,0.0400000000000063
"2019-01-07 08:53:00",19662,-0.0686000000000035
"2019-01-07 08:54:00",12655,0.0285999999999973
"2019-01-07 08:55:00",10330,0.0200000000000031
"2019-01-07 08:56:00",15970,0.0249999999999986
"2019-01-07 08:57:00",4363,0
"2019-01-07 08:58:00",5572,0.0500000000000043
"2019-01-07 08:59:00",10556,0.0499999999999972
"2019-01-07 09:00:00",9760,0
"2019-01-07 09:01:00",30869,0.0499999999999972
"2019-01-07 09:02:00",28255,0.0200000000000031
"2019-01-07 09:03:00",10330,0.119999999999997
"2019-01-07 09:04:00",11722,0.0100000000000051
"2019-01-07 09:05:00",6814,-0.0549999999999997
"2019-01-07 09:06:00",9276,-0.0200000000000031
"2019-01-07 09:07:00",10514,0.0949999999999989
"2019-01-07 09:08:00",24864,0.0600000000000023
"2019-01-07 09:09:00",8977,-0.0200000000000031
"2019-01-07 09:10:00",9537,-0.0998999999999981
"2019-01-07 09:11:00",2000,-0.0300999999999974
"2019-01-07 09:12:00",3162,-0.0399999999999991
"2019-01-07 09:13:00",42546,0.019999999999996
"2019-01-07 09:14:00",7893,0.00999999999999801
"2019-01-07 09:15:00",5860,0.0300000000000011
"2019-01-07 09:16:00",3432,0.00679999999999836
"2019-01-07 09:17:00",7027,0.0232000000000028
"2019-01-07 09:18:00",13247,-0.0600000000000023
"2019-01-07 09:19:00",2099,-0.00999999999999801
"2019-01-07 09:20:00",7242,-0.0499999999999972
"2019-01-07 09:21:00",4600,0.0300000000000011
"2019-01-07 09:22:00",1375,-0.0300000000000011
"2019-01-07 09:23:00",1840,0.0399999999999991
"2019-01-07 09:24:00",8183,0.0499999999999972
"2019-01-07 09:25:00",9074,0.0100000000000051
"2019-01-07 09:26:00",46638,0.0599999999999952
"2019-01-07 09:27:00",6677,0.0700000000000003
"2019-01-07 09:28:00",10548,-0.00199999999999534
"2019-01-07 09:29:00",18575,-0.0680000000000049
"2019-01-07 09:30:00",27143,0.0500000000000043
"2019-01-07 09:31:00",4572,0.0338999999999956
"2019-01-07 09:32:00",7832,0.0361000000000047
"2019-01-07 09:33:00",5915,-0.0499000000000009
"2019-01-07 09:34:00",13132,0.079899999999995
"2019-01-07 09:35:00",9652,-0.00999999999999801
"2019-01-07 09:36:00",6117,-0.0499999999999972
"2019-01-07 09:37:00",7952,-0.0300000000000011
"2019-01-07 09:38:00",8392,0.019999999999996
"2019-01-07 09:39:00",24766,-0.0599999999999952
"2019-01-07 09:40:00",13442,-0.0100000000000051
"2019-01-07 09:41:00",4119,-0.0329999999999941
"2019-01-07 09:42:00",4777,0.0730000000000004
"2019-01-07 09:43:00",10587,0.0700000000000003
"2019-01-07 09:44:00",14019,0
"2019-01-07 09:45:00",25499,0.149999999999999
"2019-01-07 09:46:00",5300,-0.0600000000000023
"2019-01-07 09:47:00",17682,0.0900000000000034
"2019-01-07 09:48:00",10475,-0.0100000000000051
"2019-01-07 09:49:00",6691,0.0200000000000031
"2019-01-07 09:50:00",7600,0.019999999999996
"2019-01-07 09:51:00",8242,-0.019999999999996
"2019-01-07 09:52:00",19616,0.0850000000000009
"2019-01-07 09:53:00",19682,0
"2019-01-07 09:54:00",9056,-0.0350000000000037
"2019-01-07 09:55:00",17763,0
"2019-01-07 09:56:00",48452,0.0200000000000031
"2019-01-07 09:57:00",8875,0.019999999999996
"2019-01-07 09:58:00",6380,0.0200000000000031
"2019-01-07 09:59:00",4485,-0.0200000000000031
"2019-01-07 10:00:00",5844,-0.0399999999999991
"2019-01-07 10:01:00",5367,0.0700000000000003
"2019-01-07 10:02:00",6947,-0.019999999999996
"2019-01-07 10:03:00",26102,0.0300000000000011
"2019-01-07 10:04:00",2888,0.0499999999999972
"2019-01-07 10:05:00",2997,-0.0399000000000029
"2019-01-07 10:06:00",7528,-0.0300999999999974
"2019-01-07 10:07:00",4929,-0.0900000000000034
"2019-01-07 10:08:00",4883,0.0556000000000054
"2019-01-07 10:09:00",2082,-0.0456000000000003
"2019-01-07 10:10:00",6343,-0.0200000000000031
"2019-01-07 10:11:00",3967,0.0099000000000018
"2019-01-07 10:12:00",8035,-0.0099000000000018
"2019-01-07 10:13:00",8097,-0.0349999999999966
"2019-01-07 10:14:00",7669,0.0649999999999977
"2019-01-07 10:15:00",3518,-0.00999999999999801
"2019-01-07 10:16:00",7120,-0.0300000000000011
"2019-01-07 10:17:00",2762,-0.00999999999999801
"2019-01-07 10:18:00",7844,-0.0500000000000043
"2019-01-07 10:19:00",6783,0.0399999999999991
"2019-01-07 10:20:00",4609,-0.0649999999999977
"2019-01-07 10:21:00",15615,-0.0450000000000017
"2019-01-07 10:22:00",3000,0.0700000000000003
"2019-01-07 10:23:00",6904,0.0200000000000031
"2019-01-07 10:24:00",2415,-0.0399999999999991
"2019-01-07 10:25:00",8712,-0.0150000000000006
"2019-01-07 10:26:00",2990,0.0150000000000006
"2019-01-07 10:27:00",5232,-0.0200000000000031
"2019-01-07 10:28:00",13387,0.0300000000000011
"2019-01-07 10:29:00",6208,0.0300000000000011
"2019-01-07 10:30:00",8011,-0.0100000000000051
"2019-01-07 10:31:00",9054,-0.019999999999996
"2019-01-07 10:32:00",40162,0.0499999999999972
"2019-01-07 10:33:00",56196,0.00500000000000256
"2019-01-07 10:34:00",9047,0.00500000000000256
"2019-01-07 10:35:00",22199,0.0399999999999991
"2019-01-07 10:36:00",8691,0.0499999999999972
"2019-01-07 10:37:00",5331,0
"2019-01-07 10:38:00",7643,0.0500000000000043
"2019-01-07 10:39:00",2294,-0.0200000000000031
"2019-01-07 10:40:00",3573,0.0200000000000031
"2019-01-07 10:41:00",3135,0.00139999999999674
"2019-01-07 10:42:00",6395,0.0185999999999993
"2019-01-07 10:43:00",3889,-0.00999999999999801
"2019-01-07 10:44:00",3275,0
"2019-01-07 10:45:00",2710,-0.00720000000000454
"2019-01-07 10:46:00",3926,0.0372000000000057
"2019-01-07 10:47:00",4073,-0.0600000000000023
"2019-01-07 10:48:00",1725,0.0300000000000011
"2019-01-07 10:49:00",3850,0.00479999999999592
"2019-01-07 10:50:00",3753,0.0202000000000027
"2019-01-07 10:51:00",6699,0.0349999999999966
"2019-01-07 10:52:00",5700,0.0200000000000031
"2019-01-07 10:53:00",5338,-0.0600000000000023
"2019-01-07 10:54:00",8368,0.00010000000000332
"2019-01-07 10:55:00",7291,0.0148999999999972
"2019-01-07 10:56:00",3927,-0.00489999999999924
"2019-01-07 10:57:00",2714,-0.0148999999999972
"2019-01-07 10:58:00",2331,0.00479999999999592
"2019-01-07 10:59:00",1947,0.0300000000000011
"2019-01-07 11:00:00",3811,-0.0399999999999991
"2019-01-07 11:01:00",4505,-0.0399999999999991
"2019-01-07 11:02:00",3274,-0.0300000000000011
"2019-01-07 11:03:00",2285,0.0200000000000031
"2019-01-07 11:04:00",1800,0
"2019-01-07 11:05:00",2300,0.0349999999999966
"2019-01-07 11:06:00",2106,-0.00499999999999545
"2019-01-07 11:07:00",3800,-0.0100000000000051
"2019-01-07 11:08:00",1642,-0.00999999999999801
"2019-01-07 11:09:00",6525,0.0300000000000011
"2019-01-07 11:10:00",3312,-0.0333000000000041
"2019-01-07 11:11:00",1438,0.013300000000001
"2019-01-07 11:12:00",4847,0
"2019-01-07 11:13:00",1898,0.00789999999999935
"2019-01-07 11:14:00",1900,0.0371000000000024
"2019-01-07 11:15:00",4136,0.0249999999999986
"2019-01-07 11:16:00",963,-0.00999999999999801
"2019-01-07 11:17:00",3617,0
"2019-01-07 11:18:00",2636,-0.00999999999999801
"2019-01-07 11:19:00",1100,0
"2019-01-07 11:20:00",1712,-0.0300000000000011
"2019-01-07 11:21:00",3204,0.00669999999999504
"2019-01-07 11:22:00",1660,0.00330000000000297
"2019-01-07 11:23:00",2162,0.0399000000000029
"2019-01-07 11:24:00",2300,9.99999999962142e-05
"2019-01-07 11:25:00",2925,0.00999999999999801
"2019-01-07 11:26:00",480,-0.0100999999999942
"2019-01-07 11:27:00",3000,-0.0399000000000029
"2019-01-07 11:28:00",3568,0.0300000000000011
"2019-01-07 11:29:00",3232,-0.0300000000000011
"2019-01-07 11:30:00",1700,-0.0063999999999993
"2019-01-07 11:31:00",5155,0.0364000000000004
"2019-01-07 11:32:00",4654,0.0399999999999991
"2019-01-07 11:33:00",3697,0.00999999999999801
"2019-01-07 11:34:00",5064,0.0450000000000017
"2019-01-07 11:35:00",1766,-0.0349999999999966
"2019-01-07 11:36:00",6081,0.0436999999999941
"2019-01-07 11:37:00",15880,0.0263000000000062
"2019-01-07 11:38:00",1686,-0.0162000000000049
"2019-01-07 11:39:00",2072,0.0362000000000009
"2019-01-07 11:40:00",3180,-0.019999999999996
"2019-01-07 11:41:00",1924,-0.0400000000000063
"2019-01-07 11:42:00",3754,-0.0144999999999982
"2019-01-07 11:43:00",500,-0.00549999999999784
"2019-01-07 11:44:00",9930,0
"2019-01-07 11:45:00",1479,0.0300000000000011
"2019-01-07 11:46:00",1050,-0.0100000000000051
"2019-01-07 11:47:00",1718,0.00750000000000028
"2019-01-07 11:48:00",4400,-0.00750000000000028
"2019-01-07 11:49:00",5473,-0.0398999999999958
"2019-01-07 11:50:00",1500,0.0398999999999958
"2019-01-07 11:51:00",7018,-0.0533999999999963
"2019-01-07 11:52:00",1030,-0.0129000000000019
"2019-01-07 11:53:00",7295,0.029200000000003
"2019-01-07 11:54:00",2350,0.0170999999999992
"2019-01-07 11:55:00",1105,-0.0200000000000031
"2019-01-07 11:56:00",2131,0.0399999999999991
"2019-01-07 11:57:00",1566,0.0300000000000011
"2019-01-07 11:58:00",692,0
"2019-01-07 11:59:00",3663,-0.019999999999996
"2019-01-07 12:00:00",1492,0.0399999999999991
"2019-01-07 12:01:00",1000,-0.00999999999999801
"2019-01-07 12:02:00",2548,0
"2019-01-07 12:03:00",1900,0.019999999999996
"2019-01-07 12:04:00",3516,-0.0399999999999991
"2019-01-07 12:05:00",1800,-0.00509999999999877
"2019-01-07 12:06:00",5571,-0.0349000000000004
"2019-01-07 12:07:00",7339,-0.0300000000000011
"2019-01-07 12:08:00",4801,-0.00500000000000256
"2019-01-07 12:09:00",4110,0.0200000000000031
"2019-01-07 12:10:00",5012,0.0249999999999986
"2019-01-07 12:11:00",2394,0.00999999999999801
"2019-01-07 12:12:00",1500,-0.019999999999996
"2019-01-07 12:13:00",1275,-0.0142999999999986
"2019-01-07 12:14:00",2300,0.00430000000000064
"2019-01-07 12:15:00",4167,-0.00500000000000256
"2019-01-07 12:16:00",2008,0.00500000000000256
"2019-01-07 12:17:00",5405,0.0399999999999991
"2019-01-07 12:18:00",6211,0.0399999999999991
"2019-01-07 12:19:00",2903,-0.0249999999999986
"2019-01-07 12:20:00",3282,0.00499999999999545
"2019-01-07 12:21:00",5794,0.0100000000000051
"2019-01-07 12:22:00",9477,-0.00380000000000535
"2019-01-07 12:23:00",4058,-0.031099999999995
"2019-01-07 12:24:00",7496,-0.0151000000000039
"2019-01-07 12:25:00",6502,0.0150000000000006
"2019-01-07 12:26:00",1035,0.00269999999999726
"2019-01-07 12:27:00",1500,-0.0276999999999958
"2019-01-07 12:28:00",2942,-0.0399999999999991
"2019-01-07 12:29:00",4427,0
"2019-01-07 12:30:00",2994,-0.0200000000000031
"2019-01-07 12:31:00",931,0.00509999999999877
"2019-01-07 12:32:00",3964,-0.00309999999999633
"2019-01-07 12:33:00",7400,0.028100000000002
"2019-01-07 12:34:00",800,0.00989999999999469
"2019-01-07 12:35:00",2500,0.0100000000000051
"2019-01-07 12:36:00",1213,-0.0300000000000011
"2019-01-07 12:37:00",1811,0.019999999999996
"2019-01-07 12:38:00",900,0.0100000000000051
"2019-01-07 12:39:00",2203,-0.0350000000000037
"2019-01-07 12:40:00",3000,-0.0150000000000006
"2019-01-07 12:41:00",4095,-0.0373999999999981
"2019-01-07 12:42:00",2631,-0.00260000000000105
"2019-01-07 12:43:00",1829,0.0200000000000031
"2019-01-07 12:44:00",4466,0.019999999999996
"2019-01-07 12:45:00",5137,0.00500000000000256
"2019-01-07 12:46:00",17232,-0.00500000000000256
"2019-01-07 12:47:00",7922,-0.0599999999999952
"2019-01-07 12:48:00",4596,0.029999999999994
"2019-01-07 12:49:00",6267,0.00900000000000034
"2019-01-07 12:50:00",5183,-0.0289999999999964
"2019-01-07 12:51:00",1384,-0.00999999999999801
"2019-01-07 12:52:00",4010,-0.0400000000000063
"2019-01-07 12:53:00",4236,-0.0150000000000006
"2019-01-07 12:54:00",4331,0.00500000000000256
"2019-01-07 12:55:00",2493,-0.00500000000000256
"2019-01-07 12:56:00",2065,0.00500000000000256
"2019-01-07 12:57:00",3622,0.0200000000000031
"2019-01-07 12:58:00",1559,-0.0300000000000011
"2019-01-07 12:59:00",3755,-0.00999999999999801
"2019-01-07 13:00:00",2062,0.019999999999996
"2019-01-07 13:01:00",2975,0.00500000000000256
"2019-01-07 13:02:00",4605,0.00999999999999801
"2019-01-07 13:03:00",2379,0.00500000000000256
"2019-01-07 13:04:00",2841,-0.00500000000000256
"2019-01-07 13:05:00",1787,-0.0150000000000006
"2019-01-07 13:06:00",6566,-0.00999999999999801
"2019-01-07 13:07:00",1969,0.00600000000000023
"2019-01-07 13:08:00",5042,-0.0260000000000034
"2019-01-07 13:09:00",1951,0.00500000000000256
"2019-01-07 13:10:00",4422,-0.0450000000000017
"2019-01-07 13:11:00",34565,0.0765000000000029
"2019-01-07 13:12:00",4494,-0.0115000000000052
"2019-01-07 13:13:00",2132,0.0150000000000006
"2019-01-07 13:14:00",2508,0.0200000000000031
"2019-01-07 13:15:00",4143,0
"2019-01-07 13:16:00",2210,-0.0150000000000006
"2019-01-07 13:17:00",5355,-0.0249999999999986
"2019-01-07 13:18:00",9231,-0.00999999999999801
"2019-01-07 13:19:00",5525,0.029999999999994
"2019-01-07 13:20:00",12268,0.0300000000000011
"2019-01-07 13:21:00",4775,0.0799999999999983
"2019-01-07 13:22:00",3416,0
"2019-01-07 13:23:00",14067,0.00140000000000384
"2019-01-07 13:24:00",3854,-0.041400000000003
"2019-01-07 13:25:00",3002,0
"2019-01-07 13:26:00",5873,0.0100000000000051
"2019-01-07 13:27:00",4438,-0.0399999999999991
"2019-01-07 13:28:00",5658,-0.0200000000000031
"2019-01-07 13:29:00",4986,-0.0150000000000006
"2019-01-07 13:30:00",4772,-0.0499999999999972
"2019-01-07 13:31:00",3200,0.00999999999999801
"2019-01-07 13:32:00",3075,0.00999999999999801
"2019-01-07 13:33:00",2031,0.0150000000000006
"2019-01-07 13:34:00",3162,-0.00999999999999801
"2019-01-07 13:35:00",2643,0.00999999999999801
"2019-01-07 13:36:00",4186,0
"2019-01-07 13:37:00",2585,0.00999999999999801
"2019-01-07 13:38:00",5046,0.0150000000000006
"2019-01-07 13:39:00",4804,-0.0150000000000006
"2019-01-07 13:40:00",1975,-0.00999999999999801
"2019-01-07 13:41:00",7718,0.00529999999999831
"2019-01-07 13:42:00",1624,0.0147000000000048
"2019-01-07 13:43:00",3757,-0.0135000000000005
"2019-01-07 13:44:00",5303,0.0034999999999954
"2019-01-07 13:45:00",17551,-0.019999999999996
"2019-01-07 13:46:00",2227,-0.00509999999999877
"2019-01-07 13:47:00",5008,0.0300999999999974
"2019-01-07 13:48:00",2100,0.00999999999999801
"2019-01-07 13:49:00",2984,0.0250000000000057
"2019-01-07 13:50:00",1782,0
"2019-01-07 13:51:00",4693,0.00499999999999545
"2019-01-07 13:52:00",11896,-0.0549999999999997
"2019-01-07 13:53:00",4793,0.00999999999999801
"2019-01-07 13:54:00",3406,-0.00489999999999924
"2019-01-07 13:55:00",3289,-0.00509999999999877
"2019-01-07 13:56:00",3360,-0.019999999999996
"2019-01-07 13:57:00",2008,-0.0150000000000006
"2019-01-07 13:58:00",3346,0.0124999999999957
"2019-01-07 13:59:00",1798,0.0375000000000014
"2019-01-07 14:00:00",2923,0.0249999999999986
"2019-01-07 14:01:00",1021,-0.0249999999999986
"2019-01-07 14:02:00",4516,0.0350000000000037
"2019-01-07 14:03:00",6199,0.00499999999999545
"2019-01-07 14:04:00",2213,0.0300000000000011
"2019-01-07 14:05:00",8729,-0.0200000000000031
"2019-01-07 14:06:00",4934,0.00500000000000256
"2019-01-07 14:07:00",2050,0.0150000000000006
"2019-01-07 14:08:00",1988,0
"2019-01-07 14:09:00",5726,-0.0200000000000031
"2019-01-07 14:10:00",4676,0.0150000000000006
"2019-01-07 14:11:00",1860,0
"2019-01-07 14:12:00",2850,-0.0349999999999966
"2019-01-07 14:13:00",2131,0.00999999999999801
"2019-01-07 14:14:00",5031,0.00999999999999801
"2019-01-07 14:15:00",10742,0.00780000000000314
"2019-01-07 14:16:00",7679,-0.00780000000000314
"2019-01-07 14:17:00",5387,0.00500000000000256
"2019-01-07 14:18:00",244,0.00500000000000256
"2019-01-07 14:19:00",1020,0.019999999999996
"2019-01-07 14:20:00",2489,-0.00499999999999545
"2019-01-07 14:21:00",1034,-0.00680000000000547
"2019-01-07 14:22:00",3013,-0.029999999999994
"2019-01-07 14:23:00",3846,0.0167999999999964
"2019-01-07 14:24:00",3526,0.0249999999999986
"2019-01-07 14:25:00",2923,-0.00999999999999801
"2019-01-07 14:26:00",3068,0
"2019-01-07 14:27:00",3974,-0.0200000000000031
"2019-01-07 14:28:00",6237,0.0304000000000002
"2019-01-07 14:29:00",7052,-0.0253999999999976
"2019-01-07 14:30:00",3981,-0.0249999999999986
"2019-01-07 14:31:00",4410,-0.0399999999999991
"2019-01-07 14:32:00",2148,0.0409999999999968
"2019-01-07 14:33:00",4518,-0.0210000000000008
"2019-01-07 14:34:00",8612,0.00500000000000256
"2019-01-07 14:35:00",3514,-0.0300000000000011
"2019-01-07 14:36:00",3501,0.0259
"2019-01-07 14:37:00",3874,0.0140999999999991
"2019-01-07 14:38:00",1646,0.0100000000000051
"2019-01-07 14:39:00",2039,-0.0250000000000057
"2019-01-07 14:40:00",5638,-0.019999999999996
"2019-01-07 14:41:00",582,0.00999999999999801
"2019-01-07 14:42:00",6455,-9.99999999962142e-05
"2019-01-07 14:43:00",4691,0.0250999999999948
"2019-01-07 14:44:00",6104,0
"2019-01-07 14:45:00",11573,0.0249999999999986
"2019-01-07 14:46:00",36739,0.00500000000000256
"2019-01-07 14:47:00",8523,0.0150000000000006
"2019-01-07 14:48:00",3746,0.0150000000000006
"2019-01-07 14:49:00",5446,0.0150000000000006
"2019-01-07 14:50:00",7247,-0.0450000000000017
"2019-01-07 14:51:00",2474,0.0148999999999972
"2019-01-07 14:52:00",4855,0.0251000000000019
"2019-01-07 14:53:00",5493,0.0150000000000006
"2019-01-07 14:54:00",43590,-0.0150000000000006
"2019-01-07 14:55:00",7387,-0.0399999999999991
"2019-01-07 14:56:00",8235,0
"2019-01-07 14:57:00",16002,0.00999999999999801
"2019-01-07 14:58:00",8086,-0.019999999999996
"2019-01-07 14:59:00",70649,-0.100000000000001
"2019-01-07 15:02:00",63216,0.130000000000003
"2019-01-07 15:15:00",0,0
"2019-01-08 08:30:00",64443,-0.0515000000000043
"2019-01-08 08:31:00",39300,0.0315000000000012
"2019-01-08 08:32:00",18109,-0.0399999999999991
"2019-01-08 08:33:00",17918,-0.0350000000000037
"2019-01-08 08:34:00",18012,-0.0149999999999935
"2019-01-08 08:35:00",16143,0.0399999999999991
"2019-01-08 08:36:00",18560,0.0300000000000011
"2019-01-08 08:37:00",17435,-0.0500000000000043
"2019-01-08 08:38:00",17111,0.0300000000000011
"2019-01-08 08:39:00",9517,-0.0700000000000003
"2019-01-08 08:40:00",13011,0.0300000000000011
"2019-01-08 08:41:00",13675,0.0300000000000011
"2019-01-08 08:42:00",6113,0.019999999999996
"2019-01-08 08:43:00",20476,0.0300000000000011
"2019-01-08 08:44:00",23595,-0.0349999999999966
"2019-01-08 08:45:00",13613,0.0249999999999986
"2019-01-08 08:46:00",31205,-0.0249999999999986
"2019-01-08 08:47:00",9311,-0.0150000000000006
"2019-01-08 08:48:00",15044,-0.0700000000000003
"2019-01-08 08:49:00",12351,0.0599999999999952
"2019-01-08 08:50:00",9140,0.0200000000000031
"2019-01-08 08:51:00",11355,0.00999999999999801
"2019-01-08 08:52:00",15457,0.0300000000000011
"2019-01-08 08:53:00",8630,-0.019999999999996
"2019-01-08 08:54:00",19541,0
"2019-01-08 08:55:00",19481,0.029999999999994
"2019-01-08 08:56:00",12771,-0.00499999999999545
"2019-01-08 08:57:00",6825,-0.0249999999999986
"2019-01-08 08:58:00",15691,0
"2019-01-08 08:59:00",11434,0.0174999999999983
"2019-01-08 09:00:00",19701,0.0174999999999983
"2019-01-08 09:01:00",11332,-0.0249999999999986
"2019-01-08 09:02:00",17530,0.00999999999999801
"2019-01-08 09:03:00",32202,0.0200000000000031
"2019-01-08 09:04:00",12282,-0.0200000000000031
"2019-01-08 09:05:00",5713,-0.0150000000000006
"2019-01-08 09:06:00",11501,-0.0150000000000006
"2019-01-08 09:07:00",5200,0.0200000000000031
"2019-01-08 09:08:00",4219,-0.00840000000000174
"2019-01-08 09:09:00",8391,-0.0715999999999966
"2019-01-08 09:10:00",7766,-0.0250000000000057
"2019-01-08 09:11:00",10392,-0.00499999999999545
"2019-01-08 09:12:00",82628,-0.00500000000000256
"2019-01-08 09:13:00",10575,-0.0499999999999972
"2019-01-08 09:14:00",11223,-0.0215999999999994
"2019-01-08 09:15:00",17349,-0.0334000000000003
"2019-01-08 09:16:00",14399,-0.0399999999999991
"2019-01-08 09:17:00",7154,0.00999999999999801
"2019-01-08 09:18:00",14267,0.0499999999999972
"2019-01-08 09:19:00",12127,-0.019999999999996
"2019-01-08 09:20:00",17943,0.029999999999994
"2019-01-08 09:21:00",12418,0.0400000000000063
"2019-01-08 09:22:00",5528,0.029999999999994
"2019-01-08 09:23:00",7922,-0.029999999999994
"2019-01-08 09:24:00",10370,0.0599999999999952
"2019-01-08 09:25:00",18946,0.0200000000000031
"2019-01-08 09:26:00",17136,0.0499999999999972
"2019-01-08 09:27:00",3228,0
"2019-01-08 09:28:00",3123,-0.019999999999996
"2019-01-08 09:29:00",6384,0.00900000000000034
"2019-01-08 09:30:00",11320,0.0109999999999957
"2019-01-08 09:31:00",4813,-0.109999999999999
"2019-01-08 09:32:00",3602,-0.019999999999996
"2019-01-08 09:33:00",9385,-0.0549999999999997
"2019-01-08 09:34:00",7478,0.00109999999999388
"2019-01-08 09:35:00",1800,0.0439000000000007
"2019-01-08 09:36:00",6102,-0.019999999999996
"2019-01-08 09:37:00",10203,0.0150000000000006
"2019-01-08 09:38:00",5636,0.0449999999999946
"2019-01-08 09:39:00",2659,0.0358000000000018
"2019-01-08 09:40:00",3187,-0.0457999999999998
"2019-01-08 09:41:00",4038,-0.00999999999999801
"2019-01-08 09:42:00",2200,0.0300000000000011
"2019-01-08 09:43:00",3543,0.00999999999999801
"2019-01-08 09:44:00",2000,-0.0300000000000011
"2019-01-08 09:45:00",2760,-0.019999999999996
"2019-01-08 09:46:00",2800,-0.0300000000000011
"2019-01-08 09:47:00",1400,0.0150000000000006
"2019-01-08 09:48:00",12882,-0.0549999999999997
"2019-01-08 09:49:00",6488,0.00999999999999801
"2019-01-08 09:50:00",5066,-0.0249999999999986
"2019-01-08 09:51:00",6373,-0.00820000000000221
"2019-01-08 09:52:00",3662,-0.0367999999999995
"2019-01-08 09:53:00",1643,0.0375999999999976
"2019-01-08 09:54:00",2901,0.0287000000000006
"2019-01-08 09:55:00",10653,0.0437000000000012
"2019-01-08 09:56:00",4550,0
"2019-01-08 09:57:00",2827,-0.0200000000000031
"2019-01-08 09:58:00",2435,0.0100000000000051
"2019-01-08 09:59:00",3250,0.0349999999999966
"2019-01-08 10:00:00",3900,0.0450000000000017
"2019-01-08 10:01:00",5411,-0.0600000000000023
"2019-01-08 10:02:00",1364,0.0399999999999991
"2019-01-08 10:03:00",5376,0.0300000000000011
"2019-01-08 10:04:00",8542,0
"2019-01-08 10:05:00",7088,-0.0300000000000011
"2019-01-08 10:06:00",6478,-0.0149999999999935
"2019-01-08 10:07:00",4446,0.019999999999996
"2019-01-08 10:08:00",5805,0.0249000000000024
"2019-01-08 10:09:00",8126,-0.0322999999999993
"2019-01-08 10:10:00",3959,-0.0176000000000016
"2019-01-08 10:11:00",4792,0.0399999999999991
"2019-01-08 10:12:00",5501,-0.0499999999999972
"2019-01-08 10:13:00",12231,-0.0100000000000051
"2019-01-08 10:14:00",5270,0.0250000000000057
"2019-01-08 10:15:00",4453,0.00499999999999545
"2019-01-08 10:16:00",5160,0.0500000000000043
"2019-01-08 10:17:00",3573,0.029999999999994
"2019-01-08 10:18:00",7204,0.0100000000000051
"2019-01-08 10:19:00",9458,-0.0200000000000031
"2019-01-08 10:20:00",8446,-0.0182999999999964
"2019-01-08 10:21:00",5980,-0.0117000000000047
"2019-01-08 10:22:00",8202,-0.019999999999996
"2019-01-08 10:23:00",3759,-0.0100000000000051
"2019-01-08 10:24:00",3616,-0.00499999999999545
"2019-01-08 10:25:00",2090,0.00499999999999545
"2019-01-08 10:26:00",6655,0.0200000000000031
"2019-01-08 10:27:00",6779,-0.0249999999999986
"2019-01-08 10:28:00",3391,-0.00500000000000256
"2019-01-08 10:29:00",3202,-0.0300000000000011
"2019-01-08 10:30:00",3539,-0.019999999999996
"2019-01-08 10:31:00",2985,-0.0350000000000037
"2019-01-08 10:32:00",3200,0.00500000000000256
"2019-01-08 10:33:00",5602,0.019999999999996
"2019-01-08 10:34:00",39694,-0.139999999999993
"2019-01-08 10:35:00",47152,-0.0600000000000023
"2019-01-08 10:36:00",27573,0.00999999999999801
"2019-01-08 10:37:00",8637,-0.0899999999999963
"2019-01-08 10:38:00",4976,0.0749999999999957
"2019-01-08 10:39:00",3448,-0.019999999999996
"2019-01-08 10:40:00",5426,0.0249999999999986
"2019-01-08 10:41:00",5961,-0.0200000000000031
"2019-01-08 10:42:00",1400,-0.0150000000000006
"2019-01-08 10:43:00",4247,-0.0349999999999966
"2019-01-08 10:44:00",5363,-0.00999999999999801
"2019-01-08 10:45:00",1390,0.029999999999994
"2019-01-08 10:46:00",1568,0
"2019-01-08 10:47:00",1597,0.0100000000000051
"2019-01-08 10:48:00",1803,0.0399999999999991
"2019-01-08 10:49:00",15335,0.00999999999999801
"2019-01-08 10:50:00",2427,-0.0182000000000002
"2019-01-08 10:51:00",1700,0.0182000000000002
"2019-01-08 10:52:00",1856,-0.0349999999999966
"2019-01-08 10:53:00",6524,0.0850000000000009
"2019-01-08 10:54:00",1407,0.0399999999999991
"2019-01-08 10:55:00",4577,0.0549999999999997
"2019-01-08 10:56:00",2345,-0.0200000000000031
"2019-01-08 10:57:00",1961,0.0150000000000006
"2019-01-08 10:58:00",843,0.00999999999999801
"2019-01-08 10:59:00",3029,0.0450000000000017
"2019-01-08 11:00:00",2300,0.0150000000000006
"2019-01-08 11:01:00",4528,-0.0300000000000011
"2019-01-08 11:02:00",3455,0.0500000000000043
"2019-01-08 11:03:00",4550,0.029999999999994
"2019-01-08 11:04:00",11790,0.0100000000000051
"2019-01-08 11:05:00",11498,-0.0399999999999991
"2019-01-08 11:06:00",1329,0.00999999999999801
"2019-01-08 11:07:00",2309,-0.0399999999999991
"2019-01-08 11:08:00",1106,0.019999999999996
"2019-01-08 11:09:00",8576,-0.00999999999999801
"2019-01-08 11:10:00",1700,-0.0200000000000031
"2019-01-08 11:11:00",1972,-0.0599999999999952
"2019-01-08 11:12:00",6559,0.0300000000000011
"2019-01-08 11:13:00",2906,0.029999999999994
"2019-01-08 11:14:00",1960,0.0168000000000035
"2019-01-08 11:15:00",1125,-0.0418000000000021
"2019-01-08 11:16:00",400,0.0150000000000006
"2019-01-08 11:17:00",1800,-0.0298999999999978
"2019-01-08 11:18:00",3049,0.0499000000000009
"2019-01-08 11:19:00",6818,-0.0500000000000043
"2019-01-08 11:20:00",1538,0.0399999999999991
"2019-01-08 11:21:00",831,-0.0249999999999986
"2019-01-08 11:22:00",400,0.0249999999999986
"2019-01-08 11:23:00",2200,-0.0253999999999976
"2019-01-08 11:24:00",1863,0.0253999999999976
"2019-01-08 11:25:00",4522,0
"2019-01-08 11:26:00",2273,0.0100000000000051
"2019-01-08 11:27:00",2063,-0.0442999999999998
"2019-01-08 11:28:00",3666,0.00929999999999609
"2019-01-08 11:29:00",1300,-0.0293999999999954
"2019-01-08 11:30:00",1145,0.0244
"2019-01-08 11:31:00",800,-0.0200000000000031
"2019-01-08 11:32:00",1073,0.0200000000000031
"2019-01-08 11:33:00",2000,-0.0500000000000043
"2019-01-08 11:34:00",2182,0
"2019-01-08 11:35:00",3698,-0.019999999999996
"2019-01-08 11:36:00",3230,0.0399999999999991
"2019-01-08 11:37:00",1942,-0.0350000000000037
"2019-01-08 11:38:00",1877,0.00200000000000244
"2019-01-08 11:39:00",900,-0.0069999999999979
"2019-01-08 11:40:00",3728,0.00999999999999801
"2019-01-08 11:41:00",2119,0.00999999999999801
"2019-01-08 11:42:00",1500,-0.00499999999999545
"2019-01-08 11:43:00",4290,0.00499999999999545
"2019-01-08 11:44:00",2917,-0.0399999999999991
"2019-01-08 11:45:00",1561,-0.0150000000000006
"2019-01-08 11:46:00",1527,-0.0349999999999966
"2019-01-08 11:47:00",6150,-0.0399999999999991
"2019-01-08 11:48:00",12204,-0.0700000000000003
"2019-01-08 11:49:00",8354,0.00999999999999801
"2019-01-08 11:50:00",2025,0
"2019-01-08 11:51:00",1400,0.0450000000000017
"2019-01-08 11:52:00",1707,0.00999999999999801
"2019-01-08 11:53:00",3641,-0.0150000000000006
"2019-01-08 11:54:00",1000,0
"2019-01-08 11:55:00",3600,-0.0300000000000011
"2019-01-08 11:56:00",2140,0.0399999999999991
"2019-01-08 11:57:00",2100,-0.00999999999999801
"2019-01-08 11:58:00",6998,0.0350000000000037
"2019-01-08 11:59:00",1442,-0.0250000000000057
"2019-01-08 12:00:00",3038,0.0100000000000051
"2019-01-08 12:01:00",1300,-0.0200000000000031
"2019-01-08 12:02:00",2291,-0.00999999999999801
"2019-01-08 12:03:00",2121,0.0599999999999952
"2019-01-08 12:04:00",2170,-0.0399999999999991
"2019-01-08 12:05:00",1751,0
"2019-01-08 12:06:00",2459,-0.0300000000000011
"2019-01-08 12:07:00",3297,-0.00999999999999801
"2019-01-08 12:08:00",9161,0.0200000000000031
"2019-01-08 12:09:00",2401,0
"2019-01-08 12:10:00",3365,-0.00500000000000256
"2019-01-08 12:11:00",4296,-0.0450000000000017
"2019-01-08 12:12:00",98486,-0.0399999999999991
"2019-01-08 12:13:00",5743,0.0150000000000006
"2019-01-08 12:14:00",3862,0.0700000000000003
"2019-01-08 12:15:00",1600,-0.00500000000000256
"2019-01-08 12:16:00",1825,0.0490000000000066
"2019-01-08 12:17:00",2108,-0.0476000000000028
"2019-01-08 12:18:00",2411,0.0185999999999993
"2019-01-08 12:19:00",1383,0.0200000000000031
"2019-01-08 12:20:00",3269,0.0249999999999986
"2019-01-08 12:21:00",3521,0.0249999999999986
"2019-01-08 12:22:00",9179,0.0450000000000017
"2019-01-08 12:23:00",8928,-0.0249999999999986
"2019-01-08 12:24:00",1586,-0.0100000000000051
"2019-01-08 12:25:00",2963,-0.019999999999996
"2019-01-08 12:26:00",569,0.00999999999999801
"2019-01-08 12:27:00",2004,0
"2019-01-08 12:28:00",1249,0.0349999999999966
"2019-01-08 12:29:00",400,-0.00499999999999545
"2019-01-08 12:30:00",2652,0
"2019-01-08 12:31:00",7513,0.0249999999999986
"2019-01-08 12:32:00",800,0.00600000000000023
"2019-01-08 12:33:00",2894,0.0289000000000001
"2019-01-08 12:34:00",924,0.00010000000000332
"2019-01-08 12:35:00",1900,-0.0100000000000051
"2019-01-08 12:36:00",4507,-0.019999999999996
"2019-01-08 12:37:00",2193,-0.0100000000000051
"2019-01-08 12:38:00",1247,-0.019999999999996
"2019-01-08 12:39:00",2103,0.00499999999999545
"2019-01-08 12:40:00",1598,-0.00139999999999674
"2019-01-08 12:41:00",4242,-0.000900000000001455
"2019-01-08 12:42:00",1299,-0.00269999999999726
"2019-01-08 12:43:00",2787,-0.0200000000000031
"2019-01-08 12:44:00",1359,-0.00999999999999801
"2019-01-08 12:45:00",3000,-0.0200000000000031
"2019-01-08 12:46:00",1005,0.00580000000000069
"2019-01-08 12:47:00",874,0.00420000000000442
"2019-01-08 12:48:00",1000,0.0300000000000011
"2019-01-08 12:49:00",2073,0.029999999999994
"2019-01-08 12:50:00",1205,0.00500000000000256
"2019-01-08 12:51:00",777,-0.00399999999999778
"2019-01-08 12:52:00",6584,0.0589999999999975
"2019-01-08 12:53:00",2072,0.0200000000000031
"2019-01-08 12:54:00",2338,0
"2019-01-08 12:55:00",619,-0.0200000000000031
"2019-01-08 12:56:00",2200,-0.019999999999996
"2019-01-08 12:57:00",1047,0.00999999999999801
"2019-01-08 12:58:00",400,0
"2019-01-08 12:59:00",659,-0.00500000000000256
"2019-01-08 13:00:00",28799,-0.0600000000000023
"2019-01-08 13:01:00",4925,0.0300000000000011
"2019-01-08 13:02:00",2645,-0.00199999999999534
"2019-01-08 13:03:00",3687,-0.0076000000000036
"2019-01-08 13:04:00",4054,-0.0253999999999976
"2019-01-08 13:05:00",3140,0.00679999999999836
"2019-01-08 13:06:00",24742,-0.000399999999999068
"2019-01-08 13:07:00",2923,-0.0213999999999999
"2019-01-08 13:08:00",1818,0.0221000000000018
"2019-01-08 13:09:00",2996,-0.0170999999999992
"2019-01-08 13:10:00",19061,0.0399999999999991
"2019-01-08 13:11:00",34477,-0.0100000000000051
"2019-01-08 13:12:00",3500,0.0100000000000051
"2019-01-08 13:13:00",1800,0.0300000000000011
"2019-01-08 13:14:00",1750,-0.0100000000000051
"2019-01-08 13:15:00",2882,0
"2019-01-08 13:16:00",2000,0.0200000000000031
"2019-01-08 13:17:00",1831,0.00499999999999545
"2019-01-08 13:18:00",1753,-0.0249999999999986
"2019-01-08 13:19:00",1040,-0.00999999999999801
"2019-01-08 13:20:00",8130,-0.0200000000000031
"2019-01-08 13:21:00",5878,-0.00999999999999801
"2019-01-08 13:22:00",1168,0.00999999999999801
"2019-01-08 13:23:00",1853,0.0100000000000051
"2019-01-08 13:24:00",2311,0.019999999999996
"2019-01-08 13:25:00",2053,0.0343000000000018
"2019-01-08 13:26:00",1550,-0.00930000000000319
"2019-01-08 13:27:00",2052,-0.0149999999999935
"2019-01-08 13:28:00",4441,0.0399999999999991
"2019-01-08 13:29:00",1866,-0.0200000000000031
"2019-01-08 13:30:00",1550,-0.00500000000000256
"2019-01-08 13:31:00",4113,0.0320000000000036
"2019-01-08 13:32:00",2400,-0.017000000000003
"2019-01-08 13:33:00",1700,-0.0142999999999986
"2019-01-08 13:34:00",2961,0.0142999999999986
"2019-01-08 13:35:00",3142,0.0100000000000051
"2019-01-08 13:36:00",1556,0.00499999999999545
"2019-01-08 13:37:00",3523,-0.0150000000000006
"2019-01-08 13:38:00",837,-9.99999999962142e-05
"2019-01-08 13:39:00",5973,-0.0134000000000043
"2019-01-08 13:40:00",2498,-0.00649999999999551
"2019-01-08 13:41:00",3728,-0.00999999999999801
"2019-01-08 13:42:00",1586,0.019999999999996
"2019-01-08 13:43:00",3736,0.000399999999999068
"2019-01-08 13:44:00",1356,-0.0203999999999951
"2019-01-08 13:45:00",3023,0.00999999999999801
"2019-01-08 13:46:00",4179,-0.0350000000000037
"2019-01-08 13:47:00",3762,0.0200000000000031
"2019-01-08 13:48:00",2962,0.0249999999999986
"2019-01-08 13:49:00",1670,-0.00500000000000256
"2019-01-08 13:50:00",2415,-0.0249999999999986
"2019-01-08 13:51:00",3971,-0.0399999999999991
"2019-01-08 13:52:00",3426,0
"2019-01-08 13:53:00",1806,-0.00500000000000256
"2019-01-08 13:54:00",2797,0.0450000000000017
"2019-01-08 13:55:00",7820,-0.00999999999999801
"2019-01-08 13:56:00",2335,-0.0249999999999986
"2019-01-08 13:57:00",2335,-0.0150000000000006
"2019-01-08 13:58:00",1357,0.0399999999999991
"2019-01-08 13:59:00",1969,0.0259
"2019-01-08 14:00:00",6161,0.0041000000000011
"2019-01-08 14:01:00",3332,0
"2019-01-08 14:02:00",5027,0.00999999999999801
"2019-01-08 14:03:00",2450,0
"2019-01-08 14:04:00",5755,0.00999999999999801
"2019-01-08 14:05:00",2180,-0.0549999999999997
"2019-01-08 14:06:00",1553,-0.00999999999999801
"2019-01-08 14:07:00",8138,0
"2019-01-08 14:08:00",3611,0.00999999999999801
"2019-01-08 14:09:00",2998,-0.00439999999999685
"2019-01-08 14:10:00",4909,-0.0206000000000017
"2019-01-08 14:11:00",6006,0.00999999999999801
"2019-01-08 14:12:00",1518,0.00440000000000396
"2019-01-08 14:13:00",2334,0.0255999999999972
"2019-01-08 14:14:00",2463,0.0100000000000051
"2019-01-08 14:15:00",5348,-0.0200000000000031
"2019-01-08 14:16:00",10180,-0.0200000000000031
"2019-01-08 14:17:00",9089,0.0350000000000037
"2019-01-08 14:18:00",2226,0.019999999999996
"2019-01-08 14:19:00",2194,0.00750000000000028
"2019-01-08 14:20:00",500,-0.00249999999999773
"2019-01-08 14:21:00",2696,-0.0349999999999966
"2019-01-08 14:22:00",1905,0
"2019-01-08 14:23:00",3566,0.0349999999999966
"2019-01-08 14:24:00",1450,0.00500000000000256
"2019-01-08 14:25:00",731,-0.00500000000000256
"2019-01-08 14:26:00",2201,-0.0251000000000019
"2019-01-08 14:27:00",5026,0.0350999999999999
"2019-01-08 14:28:00",7966,0.00500000000000256
"2019-01-08 14:29:00",1347,0.00249999999999773
"2019-01-08 14:30:00",2273,-0.00249999999999773
"2019-01-08 14:31:00",2900,0
"2019-01-08 14:32:00",4395,0.0300000000000011
"2019-01-08 14:33:00",1486,-0.00999999999999801
"2019-01-08 14:34:00",6878,0
"2019-01-08 14:35:00",1587,-0.0240000000000009
"2019-01-08 14:36:00",9097,-0.0110000000000028
"2019-01-08 14:37:00",7361,-0.019999999999996
"2019-01-08 14:38:00",13339,0.00999999999999801
"2019-01-08 14:39:00",5301,0.0150000000000006
"2019-01-08 14:40:00",8368,-0.0300000000000011
"2019-01-08 14:41:00",11297,-0.0350000000000037
"2019-01-08 14:42:00",7484,-0.0150000000000006
"2019-01-08 14:43:00",9201,0.0100000000000051
"2019-01-08 14:44:00",9031,0.019999999999996
"2019-01-08 14:45:00",8152,-0.019999999999996
"2019-01-08 14:46:00",8619,0.019999999999996
"2019-01-08 14:47:00",9601,-0.00499999999999545
"2019-01-08 14:48:00",14960,-0.0256000000000043
"2019-01-08 14:49:00",25625,-0.0693999999999946
"2019-01-08 14:50:00",15333,-0.0250000000000057
"2019-01-08 14:51:00",18336,-0.00499999999999545
"2019-01-08 14:52:00",20636,0.019999999999996
"2019-01-08 14:53:00",21187,-0.019999999999996
"2019-01-08 14:54:00",14563,0.0349999999999966
"2019-01-08 14:55:00",11928,-0.00999999999999801
"2019-01-08 14:56:00",18391,0
"2019-01-08 14:57:00",20999,0
"2019-01-08 14:58:00",28605,-0.0150000000000006
"2019-01-08 14:59:00",33264,-0.0850000000000009
"2019-01-08 15:02:00",59083,0.149999999999999
"2019-01-08 15:15:00",0,0
"2019-01-09 08:30:00",51357,0.405000000000001
"2019-01-09 08:31:00",10342,-0.00260000000000105
"2019-01-09 08:32:00",8234,-0.0223999999999975
"2019-01-09 08:33:00",11216,0.0549999999999997
"2019-01-09 08:34:00",12020,0.0249999999999986
"2019-01-09 08:35:00",11299,-0.0300000000000011
"2019-01-09 08:36:00",15021,0.0600000000000023
"2019-01-09 08:37:00",7171,-0.0200000000000031
"2019-01-09 08:38:00",7066,-0.0249999999999986
"2019-01-09 08:39:00",23158,0.0549999999999997
"2019-01-09 08:40:00",16639,0.0210000000000008
"2019-01-09 08:41:00",13964,-0.0109999999999957
"2019-01-09 08:42:00",5450,0.0149999999999935
"2019-01-09 08:43:00",11518,0.0700000000000003
"2019-01-09 08:44:00",3088,-0.0149999999999935
"2019-01-09 08:45:00",24915,-0.00500000000000256
"2019-01-09 08:46:00",11500,-0.0350000000000037
"2019-01-09 08:47:00",7200,0.0300000000000011
"2019-01-09 08:48:00",13415,-0.00999999999999801
"2019-01-09 08:49:00",6912,0.0549999999999997
"2019-01-09 08:50:00",12874,0.0450000000000017
"2019-01-09 08:51:00",5233,0
"2019-01-09 08:52:00",16980,0.0150000000000006
"2019-01-09 08:53:00",4814,-0.0150000000000006
"2019-01-09 08:54:00",7916,-0.0100000000000051
"2019-01-09 08:55:00",5938,-0.029999999999994
"2019-01-09 08:56:00",3783,0.0249999999999986
"2019-01-09 08:57:00",5900,-0.00999999999999801
"2019-01-09 08:58:00",13998,0.00499999999999545
"2019-01-09 08:59:00",6391,0.0300000000000011
"2019-01-09 09:00:00",12347,0.0200000000000031
"2019-01-09 09:01:00",5589,-0.0250000000000057
"2019-01-09 09:02:00",6146,0.0100000000000051
"2019-01-09 09:03:00",20736,-0.0350000000000037
"2019-01-09 09:04:00",13876,0.0600000000000023
"2019-01-09 09:05:00",15333,0
"2019-01-09 09:06:00",15961,-0.0350000000000037
"2019-01-09 09:07:00",10253,0.00500000000000256
"2019-01-09 09:08:00",8870,0.0200000000000031
"2019-01-09 09:09:00",6117,-0.0100000000000051
"2019-01-09 09:10:00",9950,0.0300000000000011
"2019-01-09 09:11:00",9070,0.00999999999999801
"2019-01-09 09:12:00",5806,-0.00999999999999801
"2019-01-09 09:13:00",7543,0.0150000000000006
"2019-01-09 09:14:00",24228,-0.0150000000000006
"2019-01-09 09:15:00",7789,-0.00499999999999545
"2019-01-09 09:16:00",2892,-0.00500000000000256
"2019-01-09 09:17:00",2369,0.00999999999999801
"2019-01-09 09:18:00",1605,0.0200000000000031
"2019-01-09 09:19:00",5577,0.00999999999999801
"2019-01-09 09:20:00",1535,-0.00500000000000256
"2019-01-09 09:21:00",10237,0.00500000000000256
"2019-01-09 09:22:00",5666,-0.0450000000000017
"2019-01-09 09:23:00",8599,-0.00499999999999545
"2019-01-09 09:24:00",10442,-0.0150000000000006
"2019-01-09 09:25:00",1200,0
"2019-01-09 09:26:00",14489,-0.0250000000000057
"2019-01-09 09:27:00",2784,0.00500000000000256
"2019-01-09 09:28:00",9749,-0.00500000000000256
"2019-01-09 09:29:00",25558,-0.0399999999999991
"2019-01-09 09:30:00",12793,-0.119999999999997
"2019-01-09 09:31:00",28223,-0.0300000000000011
"2019-01-09 09:32:00",20625,-0.0399999999999991
"2019-01-09 09:33:00",9345,-0.00500000000000256
"2019-01-09 09:34:00",16599,0.00500000000000256
"2019-01-09 09:35:00",11914,-0.00999999999999801
"2019-01-09 09:36:00",4765,-0.0150000000000006
"2019-01-09 09:37:00",6661,0.0649999999999977
"2019-01-09 09:38:00",6229,0.0450000000000017
"2019-01-09 09:39:00",5232,-0.0350000000000037
"2019-01-09 09:40:00",5997,-0.0149999999999935
"2019-01-09 09:41:00",4664,-0.0200000000000031
"2019-01-09 09:42:00",8300,-0.00500000000000256
"2019-01-09 09:43:00",2166,-0.019999999999996
"2019-01-09 09:44:00",10744,-0.0568999999999988
"2019-01-09 09:45:00",2869,-0.0681000000000012
"2019-01-09 09:46:00",6686,0.0450000000000017
"2019-01-09 09:47:00",8434,0.029999999999994
"2019-01-09 09:48:00",3975,-0.00999999999999801
"2019-01-09 09:49:00",2388,-0.0300000000000011
"2019-01-09 09:50:00",3850,0.0150000000000006
"2019-01-09 09:51:00",5326,0.0120000000000005
"2019-01-09 09:52:00",4448,-0.027000000000001
"2019-01-09 09:53:00",10398,0.0399999999999991
"2019-01-09 09:54:00",7639,-0.00999999999999801
"2019-01-09 09:55:00",6700,-0.019999999999996
"2019-01-09 09:56:00",2819,0.0399999999999991
"2019-01-09 09:57:00",16398,-0.0600000000000023
"2019-01-09 09:58:00",11127,-0.0499999999999972
"2019-01-09 09:59:00",2538,0.019999999999996
"2019-01-09 10:00:00",2556,0.00520000000000209
"2019-01-09 10:01:00",5348,0.0747999999999962
"2019-01-09 10:02:00",9955,0.0500000000000043
"2019-01-09 10:03:00",3898,-0.0100000000000051
"2019-01-09 10:04:00",4450,0.0150000000000006
"2019-01-09 10:05:00",6412,-0.0249999999999986
"2019-01-09 10:06:00",10886,-0.019999999999996
"2019-01-09 10:07:00",14234,-0.0500000000000043
"2019-01-09 10:08:00",4435,0
"2019-01-09 10:09:00",7157,0
"2019-01-09 10:10:00",2723,0
"2019-01-09 10:11:00",1682,0.0399999999999991
"2019-01-09 10:12:00",12155,0.0250000000000057
"2019-01-09 10:13:00",10998,0.0349999999999966
"2019-01-09 10:14:00",2579,-0.0200000000000031
"2019-01-09 10:15:00",7986,-0.0699999999999932
"2019-01-09 10:16:00",16109,-0.0300000000000011
"2019-01-09 10:17:00",3200,0.00499999999999545
"2019-01-09 10:18:00",2796,0
"2019-01-09 10:19:00",5700,0
"2019-01-09 10:20:00",10108,-0.0549999999999997
"2019-01-09 10:21:00",10031,0.0500000000000043
"2019-01-09 10:22:00",14399,0.0399999999999991
"2019-01-09 10:23:00",4729,0.0300000000000011
"2019-01-09 10:24:00",5972,0.0399999999999991
"2019-01-09 10:25:00",6944,-0.0238000000000014
"2019-01-09 10:26:00",9208,0.0137999999999963
"2019-01-09 10:27:00",20149,0.0500000000000043
"2019-01-09 10:28:00",16328,0.0499999999999972
"2019-01-09 10:29:00",12029,-0.019999999999996
"2019-01-09 10:30:00",4560,-0.00590000000000401
"2019-01-09 10:31:00",18742,-0.0441000000000003
"2019-01-09 10:32:00",4208,-0.0300000000000011
"2019-01-09 10:33:00",25202,-0.0599999999999952
"2019-01-09 10:34:00",48138,0.00999999999999801
"2019-01-09 10:35:00",7843,0.0249999999999986
"2019-01-09 10:36:00",19852,0.0350000000000037
"2019-01-09 10:37:00",8589,-0.00189999999999912
"2019-01-09 10:38:00",15569,-0.00810000000000599
"2019-01-09 10:39:00",8167,0.0300000000000011
"2019-01-09 10:40:00",2970,-0.00999999999999801
"2019-01-09 10:41:00",2930,0.0300000000000011
"2019-01-09 10:42:00",11961,0.0499999999999972
"2019-01-09 10:43:00",4406,-0.00999999999999801
"2019-01-09 10:44:00",4599,0
"2019-01-09 10:45:00",10462,0.100000000000001
"2019-01-09 10:46:00",5114,-0.0200000000000031
"2019-01-09 10:47:00",5550,-0.0499999999999972
"2019-01-09 10:48:00",9984,-0.00999999999999801
"2019-01-09 10:49:00",10826,0.00999999999999801
"2019-01-09 10:50:00",700,-0.0300000000000011
"2019-01-09 10:51:00",5570,-0.0499999999999972
"2019-01-09 10:52:00",3297,0.0499999999999972
"2019-01-09 10:53:00",3825,0.0300000000000011
"2019-01-09 10:54:00",1650,-0.0200000000000031
"2019-01-09 10:55:00",631,-0.00999999999999801
"2019-01-09 10:56:00",3779,-0.0153000000000034
"2019-01-09 10:57:00",4500,0.0553000000000026
"2019-01-09 10:58:00",4171,-0.0399999999999991
"2019-01-09 10:59:00",16486,-0.0300000000000011
"2019-01-09 11:00:00",2672,0.00999999999999801
"2019-01-09 11:01:00",1400,-0.0399999999999991
"2019-01-09 11:02:00",2000,0.0399999999999991
"2019-01-09 11:03:00",8178,0.00800000000000267
"2019-01-09 11:04:00",2101,0.00200000000000244
"2019-01-09 11:05:00",4740,-0.0100000000000051
"2019-01-09 11:06:00",1682,-0.00999999999999801
"2019-01-09 11:07:00",1700,-0.0150000000000006
"2019-01-09 11:08:00",7141,0.0150000000000006
"2019-01-09 11:09:00",1198,-0.0198999999999998
"2019-01-09 11:10:00",6368,0.0198999999999998
"2019-01-09 11:11:00",1225,-0.00999999999999801
"2019-01-09 11:12:00",2424,0.0300000000000011
"2019-01-09 11:13:00",900,-0.0300000000000011
"2019-01-09 11:14:00",2052,0
"2019-01-09 11:15:00",1651,0.0249999999999986
"2019-01-09 11:16:00",3159,-0.0159999999999982
"2019-01-09 11:17:00",1400,0.000900000000001455
"2019-01-09 11:18:00",2478,0.00499999999999545
"2019-01-09 11:19:00",700,0.0118000000000009
"2019-01-09 11:20:00",6722,-0.00670000000000215
"2019-01-09 11:21:00",2920,-0.00999999999999801
"2019-01-09 11:22:00",8119,0.00999999999999801
"2019-01-09 11:23:00",3920,0
"2019-01-09 11:24:00",1384,0.0300000000000011
"2019-01-09 11:25:00",5324,0.0100000000000051
"2019-01-09 11:26:00",4960,0.00999999999999801
"2019-01-09 11:27:00",3073,-0.0150000000000006
"2019-01-09 11:28:00",2434,-0.00500000000000256
"2019-01-09 11:29:00",8601,0
"2019-01-09 11:30:00",4339,0.0300000000000011
"2019-01-09 11:31:00",2217,-0.019999999999996
"2019-01-09 11:32:00",1779,-0.00250000000000483
"2019-01-09 11:33:00",2224,-0.0041000000000011
"2019-01-09 11:34:00",500,-0.0133999999999972
"2019-01-09 11:35:00",4961,0
"2019-01-09 11:36:00",2489,-0.00999999999999801
"2019-01-09 11:37:00",10148,-0.0200000000000031
"2019-01-09 11:38:00",3398,0.0399999999999991
"2019-01-09 11:39:00",2016,0
"2019-01-09 11:40:00",1594,0.0300000000000011
"2019-01-09 11:41:00",6047,-0.0041000000000011
"2019-01-09 11:42:00",3518,-0.0158999999999949
"2019-01-09 11:43:00",1637,0
"2019-01-09 11:44:00",5204,0
"2019-01-09 11:45:00",1421,0.00429999999999353
"2019-01-09 11:46:00",1014,0.020700000000005
"2019-01-09 11:47:00",900,0.00499999999999545
"2019-01-09 11:48:00",4831,-0.0499999999999972
"2019-01-09 11:49:00",3330,0.00999999999999801
"2019-01-09 11:50:00",2300,0.0200000000000031
"2019-01-09 11:51:00",611,0.00499999999999545
"2019-01-09 11:52:00",7173,-0.0549999999999997
"2019-01-09 11:53:00",2645,0.0434000000000054
"2019-01-09 11:54:00",125,0.00659999999999883
"2019-01-09 11:55:00",3833,0.00670000000000215
"2019-01-09 11:56:00",2763,0.00329999999999586
"2019-01-09 11:57:00",2497,0
"2019-01-09 11:58:00",2148,0.00999999999999801
"2019-01-09 11:59:00",1869,0.0063999999999993
"2019-01-09 12:00:00",1300,0.0236000000000018
"2019-01-09 12:01:00",6739,-0.0349999999999966
"2019-01-09 12:02:00",2200,0.0249999999999986
"2019-01-09 12:03:00",2762,-0.0142000000000024
"2019-01-09 12:04:00",2738,0.00420000000000442
"2019-01-09 12:05:00",1031,-0.0200000000000031
"2019-01-09 12:06:00",1183,-0.019999999999996
"2019-01-09 12:07:00",2676,-0.0150000000000006
"2019-01-09 12:08:00",6544,-0.00500000000000256
"2019-01-09 12:09:00",14728,0.0300000000000011
"2019-01-09 12:10:00",13827,0.0129999999999981
"2019-01-09 12:11:00",2000,0.0120000000000005
"2019-01-09 12:12:00",5190,0.00999999999999801
"2019-01-09 12:13:00",6153,0.0549999999999997
"2019-01-09 12:14:00",10295,0.0350000000000037
"2019-01-09 12:15:00",1724,0.00509999999999877
"2019-01-09 12:16:00",2100,-0.0200999999999993
"2019-01-09 12:17:00",10816,0.00999999999999801
"2019-01-09 12:18:00",3040,0.00999999999999801
"2019-01-09 12:19:00",1516,0.0150000000000006
"2019-01-09 12:20:00",2744,-0.0374999999999943
"2019-01-09 12:21:00",4030,0.00750000000000028
"2019-01-09 12:22:00",1053,0.00999999999999801
"2019-01-09 12:23:00",1817,0.0150000000000006
"2019-01-09 12:24:00",200,0.00499999999999545
"2019-01-09 12:25:00",2741,-0.00999999999999801
"2019-01-09 12:26:00",59084,-0.0103000000000009
"2019-01-09 12:27:00",52767,0.0174000000000021
"2019-01-09 12:28:00",2562,-0.00209999999999866
"2019-01-09 12:29:00",4232,0.00999999999999801
"2019-01-09 12:30:00",4587,0
"2019-01-09 12:31:00",2720,0
"2019-01-09 12:32:00",3169,-0.0200000000000031
"2019-01-09 12:33:00",725,-0.00499999999999545
"2019-01-09 12:34:00",10509,-0.00789999999999935
"2019-01-09 12:35:00",3532,0.00789999999999935
"2019-01-09 12:36:00",28243,0.00999999999999801
"2019-01-09 12:37:00",7348,0.0249999999999986
"2019-01-09 12:38:00",1070,0.0100000000000051
"2019-01-09 12:39:00",2407,0.00999999999999801
"2019-01-09 12:40:00",2108,0.00520000000000209
"2019-01-09 12:41:00",1956,-0.0152000000000001
"2019-01-09 12:42:00",1789,0
"2019-01-09 12:43:00",1806,0.00999999999999801
"2019-01-09 12:44:00",2018,0
"2019-01-09 12:45:00",3692,0.00999999999999801
"2019-01-09 12:46:00",1550,0
"2019-01-09 12:47:00",2200,0
"2019-01-09 12:48:00",4680,-0.00929999999999609
"2019-01-09 12:49:00",3200,0.00929999999999609
"2019-01-09 12:50:00",6967,-0.0399999999999991
"2019-01-09 12:51:00",2082,0.00999999999999801
"2019-01-09 12:52:00",3567,0.0200000000000031
"2019-01-09 12:53:00",14400,-0.00999999999999801
"2019-01-09 12:54:00",1200,0.00499999999999545
"2019-01-09 12:55:00",6300,-0.019999999999996
"2019-01-09 12:56:00",4896,0.0249999999999986
"2019-01-09 12:57:00",3446,-0.0249999999999986
"2019-01-09 12:58:00",912,0.00499999999999545
"2019-01-09 12:59:00",1039,-0.00999999999999801
"2019-01-09 13:00:00",3350,0.0399999999999991
"2019-01-09 13:01:00",28742,0.0500000000000043
"2019-01-09 13:02:00",15883,-0.0100000000000051
"2019-01-09 13:03:00",4661,-0.0399999999999991
"2019-01-09 13:04:00",10180,0.0399999999999991
"2019-01-09 13:05:00",3081,0
"2019-01-09 13:06:00",2353,0.0198999999999998
"2019-01-09 13:07:00",5300,0.00010000000000332
"2019-01-09 13:08:00",2106,-0.0101000000000013
"2019-01-09 13:09:00",3690,0.0300999999999974
"2019-01-09 13:10:00",1800,0.0200000000000031
"2019-01-09 13:11:00",1502,-0.0300000000000011
"2019-01-09 13:12:00",2400,-0.019999999999996
"2019-01-09 13:13:00",2756,0.00999999999999801
"2019-01-09 13:14:00",8110,0.019999999999996
"2019-01-09 13:15:00",5722,-0.0150000000000006
"2019-01-09 13:16:00",12400,-0.019999999999996
"2019-01-09 13:17:00",1600,-0.0150000000000006
"2019-01-09 13:18:00",2370,-0.0399999999999991
"2019-01-09 13:19:00",16438,-0.0799999999999983
"2019-01-09 13:20:00",3842,0.00239999999999441
"2019-01-09 13:21:00",2953,0.0226000000000042
"2019-01-09 13:22:00",5575,-0.0450000000000017
"2019-01-09 13:23:00",2702,0.0300000000000011
"2019-01-09 13:24:00",3900,-0.00999999999999801
"2019-01-09 13:25:00",1645,0.0298999999999978
"2019-01-09 13:26:00",1169,0.0101000000000013
"2019-01-09 13:27:00",929,0.0399999999999991
"2019-01-09 13:28:00",1500,-0.0249999999999986
"2019-01-09 13:29:00",6200,-0.0150000000000006
"2019-01-09 13:30:00",3977,-0.0600000000000023
"2019-01-09 13:31:00",1904,0.00999999999999801
"2019-01-09 13:32:00",3985,0.0399999999999991
"2019-01-09 13:33:00",2231,0.0100000000000051
"2019-01-09 13:34:00",1616,0
"2019-01-09 13:35:00",1542,0.0150000000000006
"2019-01-09 13:36:00",3053,-0.0250000000000057
"2019-01-09 13:37:00",1340,0.0300000000000011
"2019-01-09 13:38:00",905,0.0100000000000051
"2019-01-09 13:39:00",2701,-0.0400000000000063
"2019-01-09 13:40:00",3168,0.00500000000000256
"2019-01-09 13:41:00",6691,-0.00999999999999801
"2019-01-09 13:42:00",2822,0.0150000000000006
"2019-01-09 13:43:00",2484,0.019999999999996
"2019-01-09 13:44:00",942,0.0137
"2019-01-09 13:45:00",4267,-0.00369999999999493
"2019-01-09 13:46:00",1631,0.019999999999996
"2019-01-09 13:47:00",650,0.0198999999999998
"2019-01-09 13:48:00",1882,-0.0099000000000018
"2019-01-09 13:49:00",17372,0.0700000000000003
"2019-01-09 13:50:00",2850,-0.019999999999996
"2019-01-09 13:51:00",3144,-0.00999999999999801
"2019-01-09 13:52:00",4986,0
"2019-01-09 13:53:00",4130,0.019999999999996
"2019-01-09 13:54:00",5092,0.0399999999999991
"2019-01-09 13:55:00",4226,-0.0300000000000011
"2019-01-09 13:56:00",900,0
"2019-01-09 13:57:00",600,-0.00999999999999801
"2019-01-09 13:58:00",3042,-0.0137
"2019-01-09 13:59:00",2345,-0.0262999999999991
"2019-01-09 14:00:00",1700,0.0249999999999986
"2019-01-09 14:01:00",3355,0.0249999999999986
"2019-01-09 14:02:00",3253,-0.0349999999999966
"2019-01-09 14:03:00",2493,-0.00999999999999801
"2019-01-09 14:04:00",4326,0.00999999999999801
"2019-01-09 14:05:00",494,-0.00500000000000256
"2019-01-09 14:06:00",1180,-0.0150000000000006
"2019-01-09 14:07:00",2267,-0.00889999999999702
"2019-01-09 14:08:00",1609,-0.00610000000000355
"2019-01-09 14:09:00",4603,0.0350000000000037
"2019-01-09 14:10:00",920,0.00999999999999801
"2019-01-09 14:11:00",2428,-0.0150000000000006
"2019-01-09 14:12:00",3167,-0.019999999999996
"2019-01-09 14:13:00",4530,-0.0300000000000011
"2019-01-09 14:14:00",1200,0
"2019-01-09 14:15:00",3310,0.00999999999999801
"2019-01-09 14:16:00",2575,0
"2019-01-09 14:17:00",2300,0.00500000000000256
"2019-01-09 14:18:00",3951,-0.0150000000000006
"2019-01-09 14:19:00",2945,-0.00999999999999801
"2019-01-09 14:20:00",3350,0.019999999999996
"2019-01-09 14:21:00",3160,0.00540000000000163
"2019-01-09 14:22:00",13761,-0.000399999999999068
"2019-01-09 14:23:00",2708,-0.0249999999999986
"2019-01-09 14:24:00",4250,0.0150000000000006
"2019-01-09 14:25:00",5483,0.0149999999999935
"2019-01-09 14:26:00",3800,0
"2019-01-09 14:27:00",11933,0
"2019-01-09 14:28:00",6361,-0.0149999999999935
"2019-01-09 14:29:00",5579,0.00999999999999801
"2019-01-09 14:30:00",34142,-0.0350000000000037
"2019-01-09 14:31:00",5223,0.00570000000000448
"2019-01-09 14:32:00",17907,0.0115999999999943
"2019-01-09 14:33:00",7252,-0.000399999999999068
"2019-01-09 14:34:00",5204,0.00010000000000332
"2019-01-09 14:35:00",15122,-0.0570000000000022
"2019-01-09 14:36:00",7353,0.00999999999999801
"2019-01-09 14:37:00",2790,-0.0234999999999985
"2019-01-09 14:38:00",9319,-0.0114999999999981
"2019-01-09 14:39:00",9761,-0.0150000000000006
"2019-01-09 14:40:00",5052,-0.019999999999996
"2019-01-09 14:41:00",11716,0
"2019-01-09 14:42:00",9215,0.00999999999999801
"2019-01-09 14:43:00",5638,0.00619999999999976
"2019-01-09 14:44:00",6401,-0.0112000000000023
"2019-01-09 14:45:00",8698,-0.0150999999999968
"2019-01-09 14:46:00",9011,-0.0349000000000004
"2019-01-09 14:47:00",9871,-0.0150000000000006
"2019-01-09 14:48:00",14228,-0.0399000000000029
"2019-01-09 14:49:00",14837,0.0299000000000049
"2019-01-09 14:50:00",12649,-0.0100000000000051
"2019-01-09 14:51:00",9094,0.0162000000000049
"2019-01-09 14:52:00",6131,-0.00120000000000431
"2019-01-09 14:53:00",1151,0
"2019-01-09 14:54:00",18194,0.0300000000000011
"2019-01-09 14:55:00",18242,0.00999999999999801
"2019-01-09 14:56:00",6751,0.0150000000000006
"2019-01-09 14:57:00",18351,0.0100000000000051
"2019-01-09 14:58:00",40452,0.0149999999999935
"2019-01-09 14:59:00",59450,0.105000000000004
"2019-01-09 15:02:00",52617,0
"2019-01-09 15:15:00",0,0
"2019-01-10 08:30:00",67721,-0.410000000000004
"2019-01-10 08:31:00",8123,0.0290000000000035
"2019-01-10 08:32:00",5298,-0.0739999999999981
"2019-01-10 08:33:00",12882,0.0449999999999946
"2019-01-10 08:34:00",6193,-0.0499999999999972
"2019-01-10 08:35:00",13969,0.0150000000000006
"2019-01-10 08:36:00",12919,0.0349999999999966
"2019-01-10 08:37:00",9204,0.0100000000000051
"2019-01-10 08:38:00",13199,0.0499999999999972
"2019-01-10 08:39:00",3431,-0.0300000000000011
"2019-01-10 08:40:00",12488,-0.00999999999999801
"2019-01-10 08:41:00",4500,-0.0200000000000031
"2019-01-10 08:42:00",5153,-0.00999999999999801
"2019-01-10 08:43:00",7657,-0.00999999999999801
"2019-01-10 08:44:00",5660,0.019999999999996
"2019-01-10 08:45:00",3360,-0.0128999999999948
"2019-01-10 08:46:00",1819,0.00789999999999935
"2019-01-10 08:47:00",2800,-0.0607000000000042
"2019-01-10 08:48:00",6459,0.0157000000000025
"2019-01-10 08:49:00",5330,0.00999999999999801
"2019-01-10 08:50:00",4926,0.0200000000000031
"2019-01-10 08:51:00",3803,0.019999999999996
"2019-01-10 08:52:00",6806,-0.0499999999999972
"2019-01-10 08:53:00",10636,0.00999999999999801
"2019-01-10 08:54:00",6389,0.0300000000000011
"2019-01-10 08:55:00",4994,-0.0499999999999972
"2019-01-10 08:56:00",10013,0
"2019-01-10 08:57:00",7144,0.0300000000000011
"2019-01-10 08:58:00",5187,0
"2019-01-10 08:59:00",1507,0.0499999999999972
"2019-01-10 09:00:00",12972,0.0300000000000011
"2019-01-10 09:01:00",5371,0.019999999999996
"2019-01-10 09:02:00",7025,0.0300000000000011
"2019-01-10 09:03:00",9459,-0.0599999999999952
"2019-01-10 09:04:00",12155,0
"2019-01-10 09:05:00",6831,0.0899999999999963
"2019-01-10 09:06:00",8463,0.033299999999997
"2019-01-10 09:07:00",4272,-0.0533000000000001
"2019-01-10 09:08:00",3029,0.0250000000000057
"2019-01-10 09:09:00",12207,0.0449999999999946
"2019-01-10 09:10:00",6445,0.0500000000000043
"2019-01-10 09:11:00",6069,0.0150000000000006
"2019-01-10 09:12:00",5660,-0.0249999999999986
"2019-01-10 09:13:00",5296,-0.0800000000000054
"2019-01-10 09:14:00",6729,0
"2019-01-10 09:15:00",4546,-0.019999999999996
"2019-01-10 09:16:00",5457,0.0300000000000011
"2019-01-10 09:17:00",5064,-0.0400000000000063
"2019-01-10 09:18:00",1985,0.0238000000000014
"2019-01-10 09:19:00",4315,0.00169999999999959
"2019-01-10 09:20:00",3998,0.0345000000000013
"2019-01-10 09:21:00",2243,0.0200000000000031
"2019-01-10 09:22:00",2668,0.0399999999999991
"2019-01-10 09:23:00",8346,-0.0600000000000023
"2019-01-10 09:24:00",2703,0.0366
"2019-01-10 09:25:00",7617,0.0134000000000043
"2019-01-10 09:26:00",2612,-0.0100000000000051
"2019-01-10 09:27:00",4656,0.0300000000000011
"2019-01-10 09:28:00",4648,0.0300000000000011
"2019-01-10 09:29:00",4741,0
"2019-01-10 09:30:00",3611,-0.0200000000000031
"2019-01-10 09:31:00",3300,0.0150000000000006
"2019-01-10 09:32:00",5986,-0.0150000000000006
"2019-01-10 09:33:00",5632,0.0300000000000011
"2019-01-10 09:34:00",11637,-0.00999999999999801
"2019-01-10 09:35:00",4264,-0.00500000000000256
"2019-01-10 09:36:00",1350,-0.0150000000000006
"2019-01-10 09:37:00",6800,0.0300000000000011
"2019-01-10 09:38:00",6170,0
"2019-01-10 09:39:00",5358,-0.00999999999999801
"2019-01-10 09:40:00",17336,-0.0249999999999986
"2019-01-10 09:41:00",4921,-0.0150000000000006
"2019-01-10 09:42:00",4633,-0.0200000000000031
"2019-01-10 09:43:00",5246,0.0100000000000051
"2019-01-10 09:44:00",1137,-0.0100000000000051
"2019-01-10 09:45:00",11315,0.0100000000000051
"2019-01-10 09:46:00",4107,0.00999999999999801
"2019-01-10 09:47:00",4017,-0.0300000000000011
"2019-01-10 09:48:00",2052,0.00999999999999801
"2019-01-10 09:49:00",4359,0.0500000000000043
"2019-01-10 09:50:00",2466,0.0300000000000011
"2019-01-10 09:51:00",2242,0.0399999999999991
"2019-01-10 09:52:00",7797,0.0499999999999972
"2019-01-10 09:53:00",3815,-0.0200000000000031
"2019-01-10 09:54:00",3156,-0.019999999999996
"2019-01-10 09:55:00",3725,-0.00999999999999801
"2019-01-10 09:56:00",400,0
"2019-01-10 09:57:00",7214,0.00999999999999801
"2019-01-10 09:58:00",2926,0.0499999999999972
"2019-01-10 09:59:00",6600,0.0134000000000043
"2019-01-10 10:00:00",5091,-0.0434000000000054
"2019-01-10 10:01:00",6200,-0.00999999999999801
"2019-01-10 10:02:00",2200,-0.00999999999999801
"2019-01-10 10:03:00",1240,0
"2019-01-10 10:04:00",2247,0.0150000000000006
"2019-01-10 10:05:00",842,0.0249999999999986
"2019-01-10 10:06:00",1002,0.0300000000000011
"2019-01-10 10:07:00",5700,0
"2019-01-10 10:08:00",3282,0
"2019-01-10 10:09:00",4691,-0.0150000000000006
"2019-01-10 10:10:00",2640,0.00500000000000256
"2019-01-10 10:11:00",3975,0.00999999999999801
"2019-01-10 10:12:00",4393,0.019999999999996
"2019-01-10 10:13:00",4504,0.0400000000000063
"2019-01-10 10:14:00",1525,0.019999999999996
"2019-01-10 10:15:00",3307,0
"2019-01-10 10:16:00",9790,0.054000000000002
"2019-01-10 10:17:00",2604,-0.015900000000002
"2019-01-10 10:18:00",5277,-0.0131000000000014
"2019-01-10 10:19:00",4095,-0.0449999999999946
"2019-01-10 10:20:00",7131,-0.0200000000000031
"2019-01-10 10:21:00",6375,0
"2019-01-10 10:22:00",2800,0.0200000000000031
"2019-01-10 10:23:00",2679,0
"2019-01-10 10:24:00",11121,-0.0800000000000054
"2019-01-10 10:25:00",5390,-0.019999999999996
"2019-01-10 10:26:00",9469,-0.0200000000000031
"2019-01-10 10:27:00",8914,0.00500000000000256
"2019-01-10 10:28:00",8597,0.00499999999999545
"2019-01-10 10:29:00",11833,-0.029999999999994
"2019-01-10 10:30:00",29551,-0.0300000000000011
"2019-01-10 10:31:00",3517,0.0399999999999991
"2019-01-10 10:32:00",3817,0.0399999999999991
"2019-01-10 10:33:00",18165,0
"2019-01-10 10:34:00",8061,0.0799999999999983
"2019-01-10 10:35:00",17508,0.0500000000000043
"2019-01-10 10:36:00",2625,0.0285000000000011
"2019-01-10 10:37:00",1900,-0.0185000000000031
"2019-01-10 10:38:00",7328,0.00999999999999801
"2019-01-10 10:39:00",3824,0
"2019-01-10 10:40:00",6187,0.0100000000000051
"2019-01-10 10:41:00",4608,0
"2019-01-10 10:42:00",1267,0.00999999999999801
"2019-01-10 10:43:00",928,0.00999999999999801
"2019-01-10 10:44:00",1200,-0.0300000000000011
"2019-01-10 10:45:00",1564,0.0200000000000031
"2019-01-10 10:46:00",2800,-0.00999999999999801
"2019-01-10 10:47:00",2010,0.00999999999999801
"2019-01-10 10:48:00",1943,0.00999999999999801
"2019-01-10 10:49:00",2800,-0.00999999999999801
"2019-01-10 10:50:00",2403,-0.0236000000000018
"2019-01-10 10:51:00",749,0.00359999999999872
"2019-01-10 10:52:00",1500,0.0100000000000051
"2019-01-10 10:53:00",1000,-0.0100000000000051
"2019-01-10 10:54:00",2263,-0.0399999999999991
"2019-01-10 10:55:00",2700,0.00999999999999801
"2019-01-10 10:56:00",2020,-0.00999999999999801
"2019-01-10 10:57:00",2208,0.0200000000000031
"2019-01-10 10:58:00",2208,-0.0399999999999991
"2019-01-10 10:59:00",14400,0.029999999999994
"2019-01-10 11:00:00",2627,-0.00999999999999801
"2019-01-10 11:01:00",2983,0
"2019-01-10 11:02:00",2247,-0.0238000000000014
"2019-01-10 11:03:00",200,0.00380000000000535
"2019-01-10 11:04:00",2779,-0.0500000000000043
"2019-01-10 11:05:00",2400,-0.0399999999999991
"2019-01-10 11:06:00",1829,-0.00999999999999801
"2019-01-10 11:07:00",2695,-0.0200000000000031
"2019-01-10 11:08:00",4700,0.0200000000000031
"2019-01-10 11:09:00",3827,-0.0300000000000011
"2019-01-10 11:10:00",3789,0.0600000000000023
"2019-01-10 11:11:00",1933,-0.0200000000000031
"2019-01-10 11:12:00",2693,0.0200000000000031
"2019-01-10 11:13:00",668,-0.0200000000000031
"2019-01-10 11:14:00",2228,0.0150000000000006
"2019-01-10 11:15:00",4448,0.00500000000000256
"2019-01-10 11:16:00",2500,0.029999999999994
"2019-01-10 11:17:00",1878,0
"2019-01-10 11:18:00",6664,0.0200000000000031
"2019-01-10 11:19:00",1900,-0.0300000000000011
"2019-01-10 11:20:00",1800,-0.019999999999996
"2019-01-10 11:21:00",1222,0.0599999999999952
"2019-01-10 11:22:00",1228,-0.00999999999999801
"2019-01-10 11:23:00",907,-0.00999999999999801
"2019-01-10 11:24:00",1300,0.0169999999999959
"2019-01-10 11:25:00",800,-0.0169999999999959
"2019-01-10 11:26:00",3334,-0.0399999999999991
"2019-01-10 11:27:00",4510,0.00999999999999801
"2019-01-10 11:28:00",500,0.00999999999999801
"2019-01-10 11:29:00",3209,0
"2019-01-10 11:30:00",2831,-0.00999999999999801
"2019-01-10 11:31:00",1686,0.019999999999996
"2019-01-10 11:32:00",2344,-0.00999999999999801
"2019-01-10 11:33:00",1000,-0.00499999999999545
"2019-01-10 11:34:00",3019,-0.0450000000000017
"2019-01-10 11:35:00",1601,0.0249999999999986
"2019-01-10 11:36:00",1611,-0.0350000000000037
"2019-01-10 11:37:00",3200,0
"2019-01-10 11:38:00",7327,-0.019999999999996
"2019-01-10 11:39:00",4185,-0.00999999999999801
"2019-01-10 11:40:00",1861,-0.0300000000000011
"2019-01-10 11:41:00",2252,-0.00999999999999801
"2019-01-10 11:42:00",1300,-0.0200000000000031
"2019-01-10 11:43:00",2920,-0.0350000000000037
"2019-01-10 11:44:00",5081,0.0350000000000037
"2019-01-10 11:45:00",2308,0.0200000000000031
"2019-01-10 11:46:00",906,0.019999999999996
"2019-01-10 11:47:00",550,0.00500000000000256
"2019-01-10 11:48:00",3031,0.0749999999999957
"2019-01-10 11:49:00",2566,0.0100000000000051
"2019-01-10 11:50:00",3992,0
"2019-01-10 11:51:00",3885,-0.0150000000000006
"2019-01-10 11:52:00",3494,0.00999999999999801
"2019-01-10 11:53:00",3100,-0.0300000000000011
"2019-01-10 11:54:00",973,-0.0249999999999986
"2019-01-10 11:55:00",2654,-0.0350000000000037
"2019-01-10 11:56:00",800,0.0150000000000006
"2019-01-10 11:57:00",4587,-0.00999999999999801
"2019-01-10 11:58:00",3641,0.0150000000000006
"2019-01-10 11:59:00",1785,-0.0150000000000006
"2019-01-10 12:00:00",2834,-0.0454000000000008
"2019-01-10 12:01:00",1557,0.0153999999999996
"2019-01-10 12:02:00",3376,-0.00999999999999801
"2019-01-10 12:03:00",2290,-0.0300000000000011
"2019-01-10 12:04:00",1960,-0.00999999999999801
"2019-01-10 12:05:00",1632,0.0249999999999986
"2019-01-10 12:06:00",3095,-0.0649999999999977
"2019-01-10 12:07:00",5700,-0.0200000000000031
"2019-01-10 12:08:00",3514,0.00999999999999801
"2019-01-10 12:09:00",4701,-0.019999999999996
"2019-01-10 12:10:00",1700,0.0499999999999972
"2019-01-10 12:11:00",1626,0.0200000000000031
"2019-01-10 12:12:00",1720,-0.00999999999999801
"2019-01-10 12:13:00",1290,0.019999999999996
"2019-01-10 12:14:00",3300,0
"2019-01-10 12:15:00",10033,-0.0300000000000011
"2019-01-10 12:16:00",2766,-0.0150000000000006
"2019-01-10 12:17:00",2256,-0.00499999999999545
"2019-01-10 12:18:00",2469,-0.0100000000000051
"2019-01-10 12:19:00",1962,-0.00999999999999801
"2019-01-10 12:20:00",1200,-0.0300000000000011
"2019-01-10 12:21:00",835,0
"2019-01-10 12:22:00",1601,0.0150000000000006
"2019-01-10 12:23:00",1061,0.0401999999999987
"2019-01-10 12:24:00",1700,-0.0152000000000001
"2019-01-10 12:25:00",2314,0.0450000000000017
"2019-01-10 12:26:00",1541,0.00800000000000267
"2019-01-10 12:27:00",2500,-0.00300000000000011
"2019-01-10 12:28:00",2541,-0.0350000000000037
"2019-01-10 12:29:00",2959,0.0350000000000037
"2019-01-10 12:30:00",2817,0
"2019-01-10 12:31:00",1900,-0.0300000000000011
"2019-01-10 12:32:00",2796,0.0349999999999966
"2019-01-10 12:33:00",1473,0.0350000000000037
"2019-01-10 12:34:00",777,0.0200000000000031
"2019-01-10 12:35:00",2930,-0.0100000000000051
"2019-01-10 12:36:00",1091,-0.00999999999999801
"2019-01-10 12:37:00",4258,-0.0206000000000017
"2019-01-10 12:38:00",2629,-0.014400000000002
"2019-01-10 12:39:00",1628,-0.00499999999999545
"2019-01-10 12:40:00",1100,-0.0150000000000006
"2019-01-10 12:41:00",1081,-0.0350000000000037
"2019-01-10 12:42:00",400,0.0100000000000051
"2019-01-10 12:43:00",1881,0.0229999999999961
"2019-01-10 12:44:00",2124,-0.00300000000000011
"2019-01-10 12:45:00",1300,0.0249999999999986
"2019-01-10 12:46:00",1270,-0.0149999999999935
"2019-01-10 12:47:00",3574,0.0599999999999952
"2019-01-10 12:48:00",513,-0.019999999999996
"2019-01-10 12:49:00",1251,-0.0200000000000031
"2019-01-10 12:50:00",1320,0.00999999999999801
"2019-01-10 12:51:00",1800,0
"2019-01-10 12:52:00",2849,-0.019999999999996
"2019-01-10 12:53:00",3805,0.00499999999999545
"2019-01-10 12:54:00",2126,-0.00999999999999801
"2019-01-10 12:55:00",1155,-0.00399999999999778
"2019-01-10 12:56:00",1400,0.0339999999999989
"2019-01-10 12:57:00",2690,0.0296999999999983
"2019-01-10 12:58:00",3548,0.0253000000000014
"2019-01-10 12:59:00",2000,0
"2019-01-10 13:00:00",5004,0.0698000000000008
"2019-01-10 13:01:00",1084,-0.0198000000000036
"2019-01-10 13:02:00",1002,0
"2019-01-10 13:03:00",1200,0.00500000000000256
"2019-01-10 13:04:00",12891,0.0549000000000035
"2019-01-10 13:05:00",4507,0.0100999999999942
"2019-01-10 13:06:00",1100,-0.029999999999994
"2019-01-10 13:07:00",3243,0.0599999999999952
"2019-01-10 13:08:00",1990,0.0200000000000031
"2019-01-10 13:09:00",1619,-0.00720000000000454
"2019-01-10 13:10:00",2980,-0.0227999999999966
"2019-01-10 13:11:00",1883,0.0249999999999986
"2019-01-10 13:12:00",1281,0.00509999999999877
"2019-01-10 13:13:00",1587,0.0099000000000018
"2019-01-10 13:14:00",4568,0
"2019-01-10 13:15:00",2544,0.00999999999999801
"2019-01-10 13:16:00",1356,-0.00569999999999737
"2019-01-10 13:17:00",1700,-0.00430000000000064
"2019-01-10 13:18:00",600,-0.00999999999999801
"2019-01-10 13:19:00",2749,0.019999999999996
"2019-01-10 13:20:00",971,-0.0349999999999966
"2019-01-10 13:21:00",3526,-0.00500000000000256
"2019-01-10 13:22:00",4807,0.0399999999999991
"2019-01-10 13:23:00",1900,-0.0599999999999952
"2019-01-10 13:24:00",2239,0.019999999999996
"2019-01-10 13:25:00",400,-0.0300000000000011
"2019-01-10 13:26:00",700,-0.00999999999999801
"2019-01-10 13:27:00",421,0.0150000000000006
"2019-01-10 13:28:00",840,-0.00500000000000256
"2019-01-10 13:29:00",1545,0.0500000000000043
"2019-01-10 13:30:00",2502,-0.00999999999999801
"2019-01-10 13:31:00",992,-0.0300000000000011
"2019-01-10 13:32:00",3578,-0.0300000000000011
"2019-01-10 13:33:00",2630,0.0249999999999986
"2019-01-10 13:34:00",1116,0.00500000000000256
"2019-01-10 13:35:00",7950,-0.00500000000000256
"2019-01-10 13:36:00",1511,0.0249999999999986
"2019-01-10 13:37:00",803,-0.00669999999999504
"2019-01-10 13:38:00",4850,-0.013300000000001
"2019-01-10 13:39:00",3820,-0.00500000000000256
"2019-01-10 13:40:00",5864,0.00300000000000011
"2019-01-10 13:41:00",1636,0.0219999999999985
"2019-01-10 13:42:00",15391,0.0500000000000043
"2019-01-10 13:43:00",4801,-0.0300000000000011
"2019-01-10 13:44:00",1227,0
"2019-01-10 13:45:00",3048,-0.0300000000000011
"2019-01-10 13:46:00",2236,0
"2019-01-10 13:47:00",600,0.00999999999999801
"2019-01-10 13:48:00",3050,-0.00999999999999801
"2019-01-10 13:49:00",6340,0
"2019-01-10 13:50:00",500,-0.00999999999999801
"2019-01-10 13:51:00",3621,0.00999999999999801
"2019-01-10 13:52:00",700,0.0300000000000011
"2019-01-10 13:53:00",6777,-0.0200000000000031
"2019-01-10 13:54:00",7498,-0.0150000000000006
"2019-01-10 13:55:00",2677,0.00500000000000256
"2019-01-10 13:56:00",4210,0.0150000000000006
"2019-01-10 13:57:00",5436,-0.00500000000000256
"2019-01-10 13:58:00",1565,0.0100000000000051
"2019-01-10 13:59:00",2426,0.029999999999994
"2019-01-10 14:00:00",5113,0.0100000000000051
"2019-01-10 14:01:00",2329,-0.00339999999999918
"2019-01-10 14:02:00",700,0.00339999999999918
"2019-01-10 14:03:00",2396,0.0326999999999984
"2019-01-10 14:04:00",4196,0.0172999999999988
"2019-01-10 14:05:00",1260,0.0200000000000031
"2019-01-10 14:06:00",2798,0.00999999999999801
"2019-01-10 14:07:00",1874,-0.00500000000000256
"2019-01-10 14:08:00",1922,-0.0150000000000006
"2019-01-10 14:09:00",400,-0.019999999999996
"2019-01-10 14:10:00",3221,-0.0249999999999986
"2019-01-10 14:11:00",1171,-0.0150000000000006
"2019-01-10 14:12:00",3155,-0.0100000000000051
"2019-01-10 14:13:00",5375,-0.00999999999999801
"2019-01-10 14:14:00",2599,0.0399999999999991
"2019-01-10 14:15:00",900,0
"2019-01-10 14:16:00",1882,-0.00999999999999801
"2019-01-10 14:17:00",1500,-0.00999999999999801
"2019-01-10 14:18:00",678,-0.0100000000000051
"2019-01-10 14:19:00",1648,0
"2019-01-10 14:20:00",1200,-0.019999999999996
"2019-01-10 14:21:00",2204,0.00999999999999801
"2019-01-10 14:22:00",1614,0.00999999999999801
"2019-01-10 14:23:00",1144,-0.019999999999996
"2019-01-10 14:24:00",3250,0.00999999999999801
"2019-01-10 14:25:00",5650,0.0200000000000031
"2019-01-10 14:26:00",1000,0
"2019-01-10 14:27:00",2967,-0.0100000000000051
"2019-01-10 14:28:00",830,-0.0150000000000006
"2019-01-10 14:29:00",800,0.0131000000000014
"2019-01-10 14:30:00",1940,-0.0280999999999949
"2019-01-10 14:31:00",4167,0.0399999999999991
"2019-01-10 14:32:00",1800,0.0300000000000011
"2019-01-10 14:33:00",2024,0
"2019-01-10 14:34:00",3936,0
"2019-01-10 14:35:00",3248,0
"2019-01-10 14:36:00",2532,0.00339999999999918
"2019-01-10 14:37:00",2207,0.0128999999999948
"2019-01-10 14:38:00",3394,0.00370000000000203
"2019-01-10 14:39:00",6210,-0.019999999999996
"2019-01-10 14:40:00",13501,0.0449999999999946
"2019-01-10 14:41:00",7105,-0.0230999999999995
"2019-01-10 14:42:00",7872,0.0041000000000011
"2019-01-10 14:43:00",4378,0.0339999999999989
"2019-01-10 14:44:00",8365,0.0300000000000011
"2019-01-10 14:45:00",4685,-0.00500000000000256
"2019-01-10 14:46:00",24433,-0.00499999999999545
"2019-01-10 14:47:00",7012,-0.0150000000000006
"2019-01-10 14:48:00",3321,0.00499999999999545
"2019-01-10 14:49:00",1979,-0.00999999999999801
"2019-01-10 14:50:00",5639,0.00540000000000163
"2019-01-10 14:51:00",4271,-0.0219999999999985
"2019-01-10 14:52:00",9073,0.00659999999999883
"2019-01-10 14:53:00",3751,-0.0200000000000031
"2019-01-10 14:54:00",6962,-0.00499999999999545
"2019-01-10 14:55:00",13719,0
"2019-01-10 14:56:00",6727,0.0399999999999991
"2019-01-10 14:57:00",12788,-0.00500000000000256
"2019-01-10 14:58:00",16491,0.0249999999999986
"2019-01-10 14:59:00",39912,0.205000000000005
"2019-01-10 15:02:00",40713,-0.140000000000001
"2019-01-10 15:15:00",0,0
"2019-01-11 08:30:00",65317,-0.600000000000001
"2019-01-11 08:31:00",1832,0.00999999999999801
"2019-01-11 08:32:00",5045,-0.0499999999999972
"2019-01-11 08:33:00",12462,0.0700000000000003
"2019-01-11 08:34:00",25326,-0.0450000000000017
"2019-01-11 08:35:00",7681,-0.0450000000000017
"2019-01-11 08:36:00",22764,-0.0799999999999983
"2019-01-11 08:37:00",2100,0.0200000000000031
"2019-01-11 08:38:00",5586,-0.0300000000000011
"2019-01-11 08:39:00",7250,-0.0100000000000051
"2019-01-11 08:40:00",4726,0.0400000000000063
"2019-01-11 08:41:00",5660,0.029999999999994
"2019-01-11 08:42:00",4419,-0.00999999999999801
"2019-01-11 08:43:00",2327,-0.00999999999999801
"2019-01-11 08:44:00",9033,0.0300000000000011
"2019-01-11 08:45:00",7700,-0.0100000000000051
"2019-01-11 08:46:00",8191,0.0100000000000051
"2019-01-11 08:47:00",8560,-0.0800000000000054
"2019-01-11 08:48:00",3249,0.078400000000002
"2019-01-11 08:49:00",869,-0.0683999999999969
"2019-01-11 08:50:00",1620,-0.0399999999999991
"2019-01-11 08:51:00",5531,-0.0300000000000011
"2019-01-11 08:52:00",8889,0.00999999999999801
"2019-01-11 08:53:00",31295,0
"2019-01-11 08:54:00",1400,-0.0200000000000031
"2019-01-11 08:55:00",15915,-0.0999999999999943
"2019-01-11 08:56:00",8493,0.0599999999999952
"2019-01-11 08:57:00",11814,-0.019999999999996
"2019-01-11 08:58:00",5847,0.0599999999999952
"2019-01-11 08:59:00",7171,0.0900000000000034
"2019-01-11 09:00:00",10255,-0.0200000000000031
"2019-01-11 09:01:00",11972,-0.019999999999996
"2019-01-11 09:02:00",5872,0.0349999999999966
"2019-01-11 09:03:00",13900,0.0150000000000006
"2019-01-11 09:04:00",3207,0.0399999999999991
"2019-01-11 09:05:00",2393,-0.00999999999999801
"2019-01-11 09:06:00",2850,0.0500000000000043
"2019-01-11 09:07:00",3300,0.00999999999999801
"2019-01-11 09:08:00",2969,-0.00999999999999801
"2019-01-11 09:09:00",1025,0.029999999999994
"2019-01-11 09:10:00",5925,0.0200000000000031
"2019-01-11 09:11:00",6148,-0.0499999999999972
"2019-01-11 09:12:00",5649,0.00999999999999801
"2019-01-11 09:13:00",3600,-0.0500000000000043
"2019-01-11 09:14:00",7472,0.0200000000000031
"2019-01-11 09:15:00",3897,-0.0600000000000023
"2019-01-11 09:16:00",1960,-0.0180999999999969
"2019-01-11 09:17:00",1625,0.0180999999999969
"2019-01-11 09:18:00",300,0
"2019-01-11 09:19:00",2882,0.0100000000000051
"2019-01-11 09:20:00",8582,-0.0250000000000057
"2019-01-11 09:21:00",2000,-0.00499999999999545
"2019-01-11 09:22:00",2094,-0.0399999999999991
"2019-01-11 09:23:00",2924,0.00999999999999801
"2019-01-11 09:24:00",1056,0.0300000000000011
"2019-01-11 09:25:00",2626,-0.0399999999999991
"2019-01-11 09:26:00",3271,-0.0200000000000031
"2019-01-11 09:27:00",3034,0.00999999999999801
"2019-01-11 09:28:00",4704,-0.00499999999999545
"2019-01-11 09:29:00",2290,0.0150000000000006
"2019-01-11 09:30:00",7976,0.0499999999999972
"2019-01-11 09:31:00",4579,0.0399999999999991
"2019-01-11 09:32:00",2000,-0.00849999999999795
"2019-01-11 09:33:00",2774,0.0234999999999985
"2019-01-11 09:34:00",3166,0.0549999999999997
"2019-01-11 09:35:00",2403,0.0300000000000011
"2019-01-11 09:36:00",2491,0
"2019-01-11 09:37:00",5383,-0.00999999999999801
"2019-01-11 09:38:00",7798,0
"2019-01-11 09:39:00",7100,-0.0250000000000057
"2019-01-11 09:40:00",2360,-0.0249999999999986
"2019-01-11 09:41:00",1950,0.00500000000000256
"2019-01-11 09:42:00",200,0.0150000000000006
"2019-01-11 09:43:00",931,0.0300000000000011
"2019-01-11 09:44:00",650,0.00999999999999801
"2019-01-11 09:45:00",7295,-0.0499999999999972
"2019-01-11 09:46:00",1864,-0.0200000000000031
"2019-01-11 09:47:00",1640,0.0300000000000011
"2019-01-11 09:48:00",2131,-0.00999999999999801
"2019-01-11 09:49:00",1000,0.00999999999999801
"2019-01-11 09:50:00",1847,-0.0600000000000023
"2019-01-11 09:51:00",2535,0.0200000000000031
"2019-01-11 09:52:00",4624,0.0649999999999977
"2019-01-11 09:53:00",2624,-0.00160000000000338
"2019-01-11 09:54:00",4022,0.0426000000000002
"2019-01-11 09:55:00",8994,0.034000000000006
"2019-01-11 09:56:00",4100,0
"2019-01-11 09:57:00",2497,-0.0100000000000051
"2019-01-11 09:58:00",1254,0
"2019-01-11 09:59:00",2848,-0.0198999999999998
"2019-01-11 10:00:00",7567,0.0299000000000049
"2019-01-11 10:01:00",7894,-0.0600000000000023
"2019-01-11 10:02:00",3100,0.0399999999999991
"2019-01-11 10:03:00",1223,-0.0200000000000031
"2019-01-11 10:04:00",1920,0
"2019-01-11 10:05:00",3100,-0.0499999999999972
"2019-01-11 10:06:00",1200,-0.019999999999996
"2019-01-11 10:07:00",765,0.0198999999999998
"2019-01-11 10:08:00",2068,0.0106999999999999
"2019-01-11 10:09:00",4531,0.00939999999999941
"2019-01-11 10:10:00",2426,-0.0200000000000031
"2019-01-11 10:11:00",2912,-0.0300000000000011
"2019-01-11 10:12:00",4900,-0.0399999999999991
"2019-01-11 10:13:00",1490,0.0099000000000018
"2019-01-11 10:14:00",1680,0.0401000000000025
"2019-01-11 10:15:00",1531,-0.0500000000000043
"2019-01-11 10:16:00",1025,0
"2019-01-11 10:17:00",2871,0.0399999999999991
"2019-01-11 10:18:00",4822,0.0100000000000051
"2019-01-11 10:19:00",1544,-0.0100000000000051
"2019-01-11 10:20:00",2260,0.0499000000000009
"2019-01-11 10:21:00",2835,-0.0848999999999975
"2019-01-11 10:22:00",7701,0.0300000000000011
"2019-01-11 10:23:00",1848,0.00499999999999545
"2019-01-11 10:24:00",4444,-0.0111999999999952
"2019-01-11 10:25:00",1402,0.0311999999999983
"2019-01-11 10:26:00",27906,-0.00500000000000256
"2019-01-11 10:27:00",10460,0.00500000000000256
"2019-01-11 10:28:00",17756,-0.00999999999999801
"2019-01-11 10:29:00",7945,0
"2019-01-11 10:30:00",11574,-0.0100000000000051
"2019-01-11 10:31:00",23521,0
"2019-01-11 10:32:00",11031,0
"2019-01-11 10:33:00",46046,0.0150000000000006
"2019-01-11 10:34:00",5500,-0.00499999999999545
"2019-01-11 10:35:00",15472,-0.00500000000000256
"2019-01-11 10:36:00",26301,-0.00500000000000256
"2019-01-11 10:37:00",7043,0.0100000000000051
"2019-01-11 10:38:00",27929,0.00499999999999545
"2019-01-11 10:39:00",12934,-0.0215999999999994
"2019-01-11 10:40:00",5060,0.046599999999998
"2019-01-11 10:41:00",11620,0
"2019-01-11 10:42:00",9625,-0.00999999999999801
"2019-01-11 10:43:00",22052,0.0200000000000031
"2019-01-11 10:44:00",46513,0.00499999999999545
"2019-01-11 10:45:00",16528,0.00500000000000256
"2019-01-11 10:46:00",3248,0
"2019-01-11 10:47:00",1343,0
"2019-01-11 10:48:00",1042,0
"2019-01-11 10:49:00",6214,0.019999999999996
"2019-01-11 10:50:00",12530,0.0500000000000043
"2019-01-11 10:51:00",2939,0.0300000000000011
"2019-01-11 10:52:00",2407,0
"2019-01-11 10:53:00",3928,0
"2019-01-11 10:54:00",2115,-0.0399999999999991
"2019-01-11 10:55:00",2200,-0.00500000000000256
"2019-01-11 10:56:00",1618,0.0249999999999986
"2019-01-11 10:57:00",1400,-0.00999999999999801
"2019-01-11 10:58:00",2250,0.019999999999996
"2019-01-11 10:59:00",1950,0.0350000000000037
"2019-01-11 11:00:00",740,0.00500000000000256
"2019-01-11 11:01:00",5356,-0.0338000000000065
"2019-01-11 11:02:00",7450,0.0138000000000034
"2019-01-11 11:03:00",1593,-0.0200000000000031
"2019-01-11 11:04:00",1256,0
"2019-01-11 11:05:00",1065,0.00200000000000244
"2019-01-11 11:06:00",2151,0.0279999999999987
"2019-01-11 11:07:00",2200,-0.00999999999999801
"2019-01-11 11:08:00",400,-0.00500000000000256
"2019-01-11 11:09:00",2550,0.0146000000000015
"2019-01-11 11:10:00",1207,-0.019599999999997
"2019-01-11 11:11:00",500,-0.0100000000000051
"2019-01-11 11:12:00",1431,-0.019999999999996
"2019-01-11 11:13:00",1117,-0.00500000000000256
"2019-01-11 11:14:00",4601,0.0450000000000017
"2019-01-11 11:15:00",3631,0
"2019-01-11 11:16:00",1806,-0.00999999999999801
"2019-01-11 11:17:00",2289,-0.00500000000000256
"2019-01-11 11:18:00",4249,-0.0349999999999966
"2019-01-11 11:19:00",1890,-0.0100000000000051
"2019-01-11 11:20:00",1774,-0.025500000000001
"2019-01-11 11:21:00",1541,0
"2019-01-11 11:22:00",9116,0.025500000000001
"2019-01-11 11:23:00",2997,0.0226000000000042
"2019-01-11 11:24:00",1881,0.00739999999999696
"2019-01-11 11:25:00",25587,0.0200000000000031
"2019-01-11 11:26:00",872,0.019999999999996
"2019-01-11 11:27:00",1688,-0.0300000000000011
"2019-01-11 11:28:00",2603,0.0200000000000031
"2019-01-11 11:29:00",1700,-0.0200000000000031
"2019-01-11 11:30:00",1208,-0.0100999999999942
"2019-01-11 11:31:00",1975,-0.0149000000000044
"2019-01-11 11:32:00",1941,0.0150000000000006
"2019-01-11 11:33:00",4543,0.066900000000004
"2019-01-11 11:34:00",612,0.00309999999999633
"2019-01-11 11:35:00",1562,0
"2019-01-11 11:36:00",5072,-0.00500000000000256
"2019-01-11 11:37:00",2889,0.0200000000000031
"2019-01-11 11:38:00",5624,0.0350000000000037
"2019-01-11 11:39:00",15229,0
"2019-01-11 11:40:00",2799,0.00499999999999545
"2019-01-11 11:41:00",6935,0.0200000000000031
"2019-01-11 11:42:00",12685,-0.00500000000000256
"2019-01-11 11:43:00",2944,-0.019999999999996
"2019-01-11 11:44:00",806,-0.0100000000000051
"2019-01-11 11:45:00",3449,-0.00999999999999801
"2019-01-11 11:46:00",3369,-0.0300000000000011
"2019-01-11 11:47:00",895,0.00500000000000256
"2019-01-11 11:48:00",5585,0
"2019-01-11 11:49:00",1037,0
"2019-01-11 11:50:00",7288,-0.0100000000000051
"2019-01-11 11:51:00",2307,0
"2019-01-11 11:52:00",7537,0.00500000000000256
"2019-01-11 11:53:00",14382,-0.00500000000000256
"2019-01-11 11:54:00",11075,-0.00499999999999545
"2019-01-11 11:55:00",4775,-0.00500000000000256
"2019-01-11 11:56:00",5999,-0.00499999999999545
"2019-01-11 11:57:00",11959,-0.0100000000000051
"2019-01-11 11:58:00",10689,-0.00799999999999557
"2019-01-11 11:59:00",3903,-0.00200000000000244
"2019-01-11 12:00:00",6508,-0.0249999999999986
"2019-01-11 12:01:00",3160,-0.0150000000000006
"2019-01-11 12:02:00",2548,-0.00500000000000256
"2019-01-11 12:03:00",724,-0.00499999999999545
"2019-01-11 12:04:00",6078,-0.0349000000000004
"2019-01-11 12:05:00",4553,0.00489999999999924
"2019-01-11 12:06:00",845,0.0034999999999954
"2019-01-11 12:07:00",3601,-0.0135000000000005
"2019-01-11 12:08:00",2889,-0.019999999999996
"2019-01-11 12:09:00",6759,-0.0200000000000031
"2019-01-11 12:10:00",6571,-0.029999999999994
"2019-01-11 12:11:00",8094,-0.0600000000000023
"2019-01-11 12:12:00",20098,-0.0399999999999991
"2019-01-11 12:13:00",16198,0.0150000000000006
"2019-01-11 12:14:00",3754,0
"2019-01-11 12:15:00",7131,-0.0250000000000057
"2019-01-11 12:16:00",8897,0.0300000000000011
"2019-01-11 12:17:00",9829,0
"2019-01-11 12:18:00",16847,-0.019999999999996
"2019-01-11 12:19:00",10560,0
"2019-01-11 12:20:00",18400,0.0150000000000006
"2019-01-11 12:21:00",2532,-0.00130000000000052
"2019-01-11 12:22:00",823,-0.00370000000000203
"2019-01-11 12:23:00",4998,0
"2019-01-11 12:24:00",11963,0.0200000000000031
"2019-01-11 12:25:00",21306,0.00499999999999545
"2019-01-11 12:26:00",8721,-0.00499999999999545
"2019-01-11 12:27:00",2215,0.00999999999999801
"2019-01-11 12:28:00",5082,-0.0150000000000006
"2019-01-11 12:29:00",3761,-0.00500000000000256
"2019-01-11 12:30:00",4276,-0.00499999999999545
"2019-01-11 12:31:00",1500,0
"2019-01-11 12:32:00",16345,0.00999999999999801
"2019-01-11 12:33:00",27776,0.0150000000000006
"2019-01-11 12:34:00",7140,-0.00500000000000256
"2019-01-11 12:35:00",707,0.00500000000000256
"2019-01-11 12:36:00",2031,-0.00999999999999801
"2019-01-11 12:37:00",4465,0.00499999999999545
"2019-01-11 12:38:00",8333,0.00999999999999801
"2019-01-11 12:39:00",14530,0.00110000000000099
"2019-01-11 12:40:00",5856,0.00390000000000157
"2019-01-11 12:41:00",3366,0.00999999999999801
"2019-01-11 12:42:00",1710,-0.00499999999999545
"2019-01-11 12:43:00",1357,0.00499999999999545
"2019-01-11 12:44:00",4263,-0.0150000000000006
"2019-01-11 12:45:00",2090,0.0017000000000067
"2019-01-11 12:46:00",2100,-0.0117000000000047
"2019-01-11 12:47:00",4375,0.0150000000000006
"2019-01-11 12:48:00",1600,0
"2019-01-11 12:49:00",3037,-0.0198999999999998
"2019-01-11 12:50:00",678,-0.0101000000000013
"2019-01-11 12:51:00",1863,0
"2019-01-11 12:52:00",3066,0.0100000000000051
"2019-01-11 12:53:00",1827,-0.0100000000000051
"2019-01-11 12:54:00",12928,-0.019999999999996
"2019-01-11 12:55:00",13874,0.019999999999996
"2019-01-11 12:56:00",8337,-9.99999999962142e-05
"2019-01-11 12:57:00",6128,0.0501000000000005
"2019-01-11 12:58:00",204,-0.00509999999999877
"2019-01-11 12:59:00",2733,-0.00490000000000634
"2019-01-11 13:00:00",2965,-0.0399999999999991
"2019-01-11 13:01:00",1660,0.0150000000000006
"2019-01-11 13:02:00",30063,0.00999999999999801
"2019-01-11 13:03:00",3834,0.00500000000000256
"2019-01-11 13:04:00",1606,0
"2019-01-11 13:05:00",2476,-0.00999999999999801
"2019-01-11 13:06:00",6130,0.00499999999999545
"2019-01-11 13:07:00",1027,-0.00499999999999545
"2019-01-11 13:08:00",8697,0.019999999999996
"2019-01-11 13:09:00",3922,0
"2019-01-11 13:10:00",3294,0.0200000000000031
"2019-01-11 13:11:00",2554,-0.0150000000000006
"2019-01-11 13:12:00",200,-0.00500000000000256
"2019-01-11 13:13:00",3000,0.0267000000000053
"2019-01-11 13:14:00",4399,-0.0317000000000007
"2019-01-11 13:15:00",1599,-0.0100000000000051
"2019-01-11 13:16:00",1983,0.0100000000000051
"2019-01-11 13:17:00",2180,-0.00500000000000256
"2019-01-11 13:18:00",1600,0
"2019-01-11 13:19:00",1266,0
"2019-01-11 13:20:00",1200,-0.00999999999999801
"2019-01-11 13:21:00",2405,0.019999999999996
"2019-01-11 13:22:00",2961,-0.0131999999999977
"2019-01-11 13:23:00",13891,-0.00679999999999836
"2019-01-11 13:24:00",18897,0
"2019-01-11 13:25:00",11595,-0.00500000000000256
"2019-01-11 13:26:00",9151,0
"2019-01-11 13:27:00",14681,0
"2019-01-11 13:28:00",4543,0.0650000000000048
"2019-01-11 13:29:00",60726,0
"2019-01-11 13:30:00",2219,-0.0100000000000051
"2019-01-11 13:31:00",1479,0
"2019-01-11 13:32:00",4328,-0.00999999999999801
"2019-01-11 13:33:00",2690,0
"2019-01-11 13:34:00",2336,0.00999999999999801
"2019-01-11 13:35:00",223,0.0100000000000051
"2019-01-11 13:36:00",400,0
"2019-01-11 13:37:00",5725,-0.0150000000000006
"2019-01-11 13:38:00",1400,-0.00500000000000256
"2019-01-11 13:39:00",1111,0
"2019-01-11 13:40:00",3617,-0.00500000000000256
"2019-01-11 13:41:00",2072,0.0150000000000006
"2019-01-11 13:42:00",707,0
"2019-01-11 13:43:00",4668,0.0100000000000051
"2019-01-11 13:44:00",1096,0.00999999999999801
"2019-01-11 13:45:00",2297,-0.0200000000000031
"2019-01-11 13:46:00",4020,-0.0300000000000011
"2019-01-11 13:47:00",3367,-0.00999999999999801
"2019-01-11 13:48:00",2266,0.00999999999999801
"2019-01-11 13:49:00",5752,0.00500000000000256
"2019-01-11 13:50:00",3189,0.0350000000000037
"2019-01-11 13:51:00",1877,0
"2019-01-11 13:52:00",1363,-0.00130000000000052
"2019-01-11 13:53:00",1625,-0.00860000000000127
"2019-01-11 13:54:00",12106,-0.0200999999999993
"2019-01-11 13:55:00",1250,0
"2019-01-11 13:56:00",4619,-0.0300000000000011
"2019-01-11 13:57:00",20649,0.0300000000000011
"2019-01-11 13:58:00",32368,-0.0200000000000031
"2019-01-11 13:59:00",7318,0
"2019-01-11 14:00:00",7377,0
"2019-01-11 14:01:00",1500,-0.00999999999999801
"2019-01-11 14:02:00",2532,0
"2019-01-11 14:03:00",4511,-0.00999999999999801
"2019-01-11 14:04:00",3881,0
"2019-01-11 14:05:00",1328,0.00499999999999545
"2019-01-11 14:06:00",2408,0.00500000000000256
"2019-01-11 14:07:00",1736,-0.0046999999999997
"2019-01-11 14:08:00",4871,0.0296999999999983
"2019-01-11 14:09:00",2070,-0.0150000000000006
"2019-01-11 14:10:00",6826,-0.019999999999996
"2019-01-11 14:11:00",4035,0.00999999999999801
"2019-01-11 14:12:00",8853,0.0300000000000011
"2019-01-11 14:13:00",6904,-0.0100000000000051
"2019-01-11 14:14:00",4345,0.00220000000000198
"2019-01-11 14:15:00",6635,0.00780000000000314
"2019-01-11 14:16:00",1800,-0.0399999999999991
"2019-01-11 14:17:00",1450,-0.0100000000000051
"2019-01-11 14:18:00",931,-0.00999999999999801
"2019-01-11 14:19:00",4626,0
"2019-01-11 14:20:00",2092,-0.0150000000000006
"2019-01-11 14:21:00",6194,0.00500000000000256
"2019-01-11 14:22:00",1226,-0.0100000000000051
"2019-01-11 14:23:00",850,0.00500000000000256
"2019-01-11 14:24:00",2994,-0.00500000000000256
"2019-01-11 14:25:00",5255,-0.00999999999999801
"2019-01-11 14:26:00",5157,-0.019999999999996
"2019-01-11 14:27:00",2400,-0.0100000000000051
"2019-01-11 14:28:00",4756,-0.00999999999999801
"2019-01-11 14:29:00",4344,0.00789999999999935
"2019-01-11 14:30:00",20660,0.0271000000000043
"2019-01-11 14:31:00",6036,0.0249999999999986
"2019-01-11 14:32:00",7037,0.00999999999999801
"2019-01-11 14:33:00",8818,0.0200000000000031
"2019-01-11 14:34:00",5850,0.00999999999999801
"2019-01-11 14:35:00",7042,0
"2019-01-11 14:36:00",2275,0.0349999999999966
"2019-01-11 14:37:00",3474,-0.0150000000000006
"2019-01-11 14:38:00",6599,-0.00999999999999801
"2019-01-11 14:39:00",1400,-0.00999999999999801
"2019-01-11 14:40:00",6116,-0.00209999999999866
"2019-01-11 14:41:00",5853,0.0220999999999947
"2019-01-11 14:42:00",5466,0
"2019-01-11 14:43:00",2149,-0.019999999999996
"2019-01-11 14:44:00",5687,-0.00010000000000332
"2019-01-11 14:45:00",7462,0.00509999999999877
"2019-01-11 14:46:00",8313,0.0150000000000006
"2019-01-11 14:47:00",5066,0
"2019-01-11 14:48:00",15182,-0.0249999999999986
"2019-01-11 14:49:00",3100,0.00500000000000256
"2019-01-11 14:50:00",9642,-0.00999999999999801
"2019-01-11 14:51:00",7611,-0.00500000000000256
"2019-01-11 14:52:00",21695,0.00500000000000256
"2019-01-11 14:53:00",14603,0.00499999999999545
"2019-01-11 14:54:00",17693,0
"2019-01-11 14:55:00",7063,-0.0249999999999986
"2019-01-11 14:56:00",13736,-0.00999999999999801
"2019-01-11 14:57:00",12109,0
"2019-01-11 14:58:00",28877,-0.0150000000000006
"2019-01-11 14:59:00",27297,0.0549999999999997
"2019-01-11 15:01:00",22860,0.00999999999999801
"2019-01-11 15:15:00",0,0
"2019-01-14 08:30:00",50609,-0.456899999999997
"2019-01-14 08:31:00",3400,0.0368999999999957
"2019-01-14 08:32:00",15655,0
"2019-01-14 08:33:00",9796,0.0300000000000011
"2019-01-14 08:34:00",7031,0.00999999999999801
"2019-01-14 08:35:00",9521,0.0400000000000063
"2019-01-14 08:36:00",13741,0.0700000000000003
"2019-01-14 08:37:00",3691,0.0399999999999991
"2019-01-14 08:38:00",3894,-0.0350000000000037
"2019-01-14 08:39:00",3485,0.0150000000000006
"2019-01-14 08:40:00",4212,0.0500000000000043
"2019-01-14 08:41:00",1900,0.0399999999999991
"2019-01-14 08:42:00",4062,0
"2019-01-14 08:43:00",12677,-0.0300000000000011
"2019-01-14 08:44:00",7487,0.019999999999996
"2019-01-14 08:45:00",2577,0.0150000000000006
"2019-01-14 08:46:00",6091,-0.0249999999999986
"2019-01-14 08:47:00",5986,0.0450000000000017
"2019-01-14 08:48:00",3098,-0.0249999999999986
"2019-01-14 08:49:00",6767,0.0214999999999961
"2019-01-14 08:50:00",2400,0.0185000000000031
"2019-01-14 08:51:00",1100,0
"2019-01-14 08:52:00",3635,0.00999999999999801
"2019-01-14 08:53:00",7665,0.0499000000000009
"2019-01-14 08:54:00",2391,9.99999999962142e-05
"2019-01-14 08:55:00",2728,-0.00999999999999801
"2019-01-14 08:56:00",2264,0
"2019-01-14 08:57:00",8007,0.0200000000000031
"2019-01-14 08:58:00",2427,0.019999999999996
"2019-01-14 08:59:00",4476,0
"2019-01-14 09:00:00",10952,0.0100000000000051
"2019-01-14 09:01:00",2006,0.019999999999996
"2019-01-14 09:02:00",1842,-0.019999999999996
"2019-01-14 09:03:00",7220,0.0899999999999963
"2019-01-14 09:04:00",2785,-0.0399999999999991
"2019-01-14 09:05:00",12765,0.0600000000000023
"2019-01-14 09:06:00",2951,0.029999999999994
"2019-01-14 09:07:00",5427,0.0100000000000051
"2019-01-14 09:08:00",7959,-0.0200000000000031
"2019-01-14 09:09:00",4522,0.0300000000000011
"2019-01-14 09:10:00",4985,-0.00999999999999801
"2019-01-14 09:11:00",4664,0.00999999999999801
"2019-01-14 09:12:00",5655,0.0200000000000031
"2019-01-14 09:13:00",3995,0.036999999999999
"2019-01-14 09:14:00",11850,-0.0420000000000016
"2019-01-14 09:15:00",7376,-0.0249999999999986
"2019-01-14 09:16:00",7475,-0.0300000000000011
"2019-01-14 09:17:00",2100,-0.0200000000000031
"2019-01-14 09:18:00",5391,0.0300000000000011
"2019-01-14 09:19:00",4650,0.0600000000000023
"2019-01-14 09:20:00",2025,0.0150000000000006
"2019-01-14 09:21:00",10404,0.0450000000000017
"2019-01-14 09:22:00",4213,-0.0400000000000063
"2019-01-14 09:23:00",8659,-0.019999999999996
"2019-01-14 09:24:00",1900,0.019999999999996
"2019-01-14 09:25:00",2710,-0.0399999999999991
"2019-01-14 09:26:00",1951,-0.019999999999996
"2019-01-14 09:27:00",1640,-0.0198999999999998
"2019-01-14 09:28:00",4516,-0.00010000000000332
"2019-01-14 09:29:00",6313,0.0200000000000031
"2019-01-14 09:30:00",10199,0
"2019-01-14 09:31:00",26448,0.0300000000000011
"2019-01-14 09:32:00",47410,-0.0300000000000011
"2019-01-14 09:33:00",44151,0.00499999999999545
"2019-01-14 09:34:00",27711,-0.00999999999999801
"2019-01-14 09:35:00",30589,-0.0300000000000011
"2019-01-14 09:36:00",27554,-0.0150000000000006
"2019-01-14 09:37:00",7164,0.0100000000000051
"2019-01-14 09:38:00",4681,-0.00400000000000489
"2019-01-14 09:39:00",2671,-0.0359999999999943
"2019-01-14 09:40:00",3570,0.029999999999994
"2019-01-14 09:41:00",2225,0.0200000000000031
"2019-01-14 09:42:00",10629,-0.0399999999999991
"2019-01-14 09:43:00",5195,0
"2019-01-14 09:44:00",3781,0.00999999999999801
"2019-01-14 09:45:00",4043,0.0150000000000006
"2019-01-14 09:46:00",8573,-0.0249999999999986
"2019-01-14 09:47:00",4150,-0.0500000000000043
"2019-01-14 09:48:00",4800,-0.0399999999999991
"2019-01-14 09:49:00",5682,-0.019999999999996
"2019-01-14 09:50:00",5200,-0.0100000000000051
"2019-01-14 09:51:00",1985,0.00870000000000459
"2019-01-14 09:52:00",2565,-0.0217000000000027
"2019-01-14 09:53:00",6757,0.00800000000000267
"2019-01-14 09:54:00",7502,0.0649999999999977
"2019-01-14 09:55:00",7929,0.0700000000000003
"2019-01-14 09:56:00",13393,0.0799999999999983
"2019-01-14 09:57:00",3948,-0.019999999999996
"2019-01-14 09:58:00",15858,-0.130000000000003
"2019-01-14 09:59:00",7087,0.00999999999999801
"2019-01-14 10:00:00",11727,-0.029999999999994
"2019-01-14 10:01:00",1700,0
"2019-01-14 10:02:00",4218,0.029999999999994
"2019-01-14 10:03:00",7718,0.0554000000000059
"2019-01-14 10:04:00",5984,-0.00540000000000163
"2019-01-14 10:05:00",4678,-0.100000000000001
"2019-01-14 10:06:00",3253,-0.0399999999999991
"2019-01-14 10:07:00",2300,0.0300000000000011
"2019-01-14 10:08:00",3417,0.00999999999999801
"2019-01-14 10:09:00",3272,-0.0300000000000011
"2019-01-14 10:10:00",4339,-0.0150000000000006
"2019-01-14 10:11:00",3124,0.0249999999999986
"2019-01-14 10:12:00",3394,-0.0700000000000003
"2019-01-14 10:13:00",2506,0.0300000000000011
"2019-01-14 10:14:00",2268,0
"2019-01-14 10:15:00",2066,0.0200000000000031
"2019-01-14 10:16:00",2703,-0.0300000000000011
"2019-01-14 10:17:00",5001,-0.00999999999999801
"2019-01-14 10:18:00",3040,-0.0399999999999991
"2019-01-14 10:19:00",4851,-0.0500000000000043
"2019-01-14 10:20:00",8688,0.0300000000000011
"2019-01-14 10:21:00",3014,0.0200000000000031
"2019-01-14 10:22:00",6526,0.00999999999999801
"2019-01-14 10:23:00",2350,0.0300000000000011
"2019-01-14 10:24:00",3834,-0.0100000000000051
"2019-01-14 10:25:00",4185,0
"2019-01-14 10:26:00",3226,0.0200000000000031
"2019-01-14 10:27:00",13063,-0.0399999999999991
"2019-01-14 10:28:00",11563,0.00999999999999801
"2019-01-14 10:29:00",5224,0.0300000000000011
"2019-01-14 10:30:00",11336,0.0129000000000019
"2019-01-14 10:31:00",2159,-0.0029000000000039
"2019-01-14 10:32:00",17349,-0.0300000000000011
"2019-01-14 10:33:00",7487,0.0400000000000063
"2019-01-14 10:34:00",9198,-0.0500000000000043
"2019-01-14 10:35:00",4819,-0.0300000000000011
"2019-01-14 10:36:00",8364,0.0200000000000031
"2019-01-14 10:37:00",1191,0.019999999999996
"2019-01-14 10:38:00",2683,0.00830000000000553
"2019-01-14 10:39:00",2256,-0.0382999999999996
"2019-01-14 10:40:00",1855,0.033299999999997
"2019-01-14 10:41:00",1726,0.0167000000000002
"2019-01-14 10:42:00",1485,0.0200000000000031
"2019-01-14 10:43:00",15669,-0.0250000000000057
"2019-01-14 10:44:00",5635,-0.0150000000000006
"2019-01-14 10:45:00",3500,-0.00999999999999801
"2019-01-14 10:46:00",5758,-0.0300000000000011
"2019-01-14 10:47:00",5425,-0.029999999999994
"2019-01-14 10:48:00",3400,0.00999999999999801
"2019-01-14 10:49:00",4878,-0.0198999999999998
"2019-01-14 10:50:00",7612,0.00619999999999976
"2019-01-14 10:51:00",3750,-0.0163000000000011
"2019-01-14 10:52:00",6581,-0.0200000000000031
"2019-01-14 10:53:00",9666,-0.029999999999994
"2019-01-14 10:54:00",7500,0.0399999999999991
"2019-01-14 10:55:00",14620,-0.0274000000000001
"2019-01-14 10:56:00",2530,-0.0125999999999991
"2019-01-14 10:57:00",1944,0.00999999999999801
"2019-01-14 10:58:00",2204,-0.00999999999999801
"2019-01-14 10:59:00",2430,0.00999999999999801
"2019-01-14 11:00:00",2231,0.0225000000000009
"2019-01-14 11:01:00",4149,-0.00250000000000483
"2019-01-14 11:02:00",7865,0.0300000000000011
"2019-01-14 11:03:00",1700,0.0100000000000051
"2019-01-14 11:04:00",1176,-0.0300000000000011
"2019-01-14 11:05:00",2859,-0.0100000000000051
"2019-01-14 11:06:00",2337,0.0100000000000051
"2019-01-14 11:07:00",4152,0.019999999999996
"2019-01-14 11:08:00",1695,0
"2019-01-14 11:09:00",2188,-0.019999999999996
"2019-01-14 11:10:00",1244,0.00999999999999801
"2019-01-14 11:11:00",3357,-0.0200000000000031
"2019-01-14 11:12:00",2009,0.0152000000000001
"2019-01-14 11:13:00",4594,-0.00519999999999499
"2019-01-14 11:14:00",7161,0.0300000000000011
"2019-01-14 11:15:00",1500,0.0449999999999946
"2019-01-14 11:16:00",2036,0.0399999999999991
"2019-01-14 11:17:00",1863,0.0100000000000051
"2019-01-14 11:18:00",3529,-0.0150000000000006
"2019-01-14 11:19:00",1742,-0.0100000000000051
"2019-01-14 11:20:00",4462,0.0200000000000031
"2019-01-14 11:21:00",3550,0.0200000000000031
"2019-01-14 11:22:00",6600,0.00499999999999545
"2019-01-14 11:23:00",9285,0.0150000000000006
"2019-01-14 11:24:00",3449,0.0198999999999998
"2019-01-14 11:25:00",2455,-0.0198999999999998
"2019-01-14 11:26:00",1645,-0.00999999999999801
"2019-01-14 11:27:00",800,0
"2019-01-14 11:28:00",2035,-0.0150000000000006
"2019-01-14 11:29:00",1326,0
"2019-01-14 11:30:00",5117,0.0249999999999986
"2019-01-14 11:31:00",1637,-0.0249999999999986
"2019-01-14 11:32:00",1947,-0.00160000000000338
"2019-01-14 11:33:00",4412,0.0197000000000003
"2019-01-14 11:34:00",1881,0.00690000000000168
"2019-01-14 11:35:00",8149,0.00330000000000297
"2019-01-14 11:36:00",5413,-0.0183000000000035
"2019-01-14 11:37:00",2112,-0.00499999999999545
"2019-01-14 11:38:00",5297,0.0399999999999991
"2019-01-14 11:39:00",8274,-0.0100000000000051
"2019-01-14 11:40:00",100,0
"2019-01-14 11:41:00",1300,0
"2019-01-14 11:42:00",4328,-0.029999999999994
"2019-01-14 11:43:00",1454,0.00999999999999801
"2019-01-14 11:44:00",2840,0.019999999999996
"2019-01-14 11:45:00",4870,0.0300000000000011
"2019-01-14 11:46:00",5691,0.0150000000000006
"2019-01-14 11:47:00",47677,0.0150000000000006
"2019-01-14 11:48:00",3421,-0.0150000000000006
"2019-01-14 11:49:00",1793,0.0150000000000006
"2019-01-14 11:50:00",5150,0.0366
"2019-01-14 11:51:00",2815,-0.0366
"2019-01-14 11:52:00",3371,0.0240000000000009
"2019-01-14 11:53:00",800,-0.0189999999999984
"2019-01-14 11:54:00",1100,-0.0100000000000051
"2019-01-14 11:55:00",4084,0.0150000000000006
"2019-01-14 11:56:00",1442,0
"2019-01-14 11:57:00",1500,-0.0249999999999986
"2019-01-14 11:58:00",6453,0.00500000000000256
"2019-01-14 11:59:00",1889,-0.0367000000000033
"2019-01-14 12:00:00",2322,0.0167000000000002
"2019-01-14 12:01:00",1365,0
"2019-01-14 12:02:00",2798,0.00500000000000256
"2019-01-14 12:03:00",1970,0.019999999999996
"2019-01-14 12:04:00",3318,-0.0150999999999968
"2019-01-14 12:05:00",2156,-0.0198999999999998
"2019-01-14 12:06:00",3142,-0.0200000000000031
"2019-01-14 12:07:00",3663,-0.00999999999999801
"2019-01-14 12:08:00",3635,0.0200000000000031
"2019-01-14 12:09:00",2600,0.00999999999999801
"2019-01-14 12:10:00",3143,0.00500000000000256
"2019-01-14 12:11:00",8520,0
"2019-01-14 12:12:00",5402,0.0349999999999966
"2019-01-14 12:13:00",9787,0.0350000000000037
"2019-01-14 12:14:00",1834,-0.0100000000000051
"2019-01-14 12:15:00",639,0.00500000000000256
"2019-01-14 12:16:00",6478,-0.00500000000000256
"2019-01-14 12:17:00",1400,-0.00499999999999545
"2019-01-14 12:18:00",1235,-0.0100000000000051
"2019-01-14 12:19:00",2100,-0.00999999999999801
"2019-01-14 12:20:00",4847,0.00999999999999801
"2019-01-14 12:21:00",4434,-0.0259999999999962
"2019-01-14 12:22:00",5063,0.0360000000000014
"2019-01-14 12:23:00",1587,-0.0100000000000051
"2019-01-14 12:24:00",1198,-0.00999999999999801
"2019-01-14 12:25:00",1831,-0.019999999999996
"2019-01-14 12:26:00",5027,0.029999999999994
"2019-01-14 12:27:00",2007,-0.019999999999996
"2019-01-14 12:28:00",943,-0.00500000000000256
"2019-01-14 12:29:00",2410,0.00500000000000256
"2019-01-14 12:30:00",7966,0.0456999999999965
"2019-01-14 12:31:00",3032,-0.0106999999999999
"2019-01-14 12:32:00",8808,0.0350000000000037
"2019-01-14 12:33:00",3303,-0.00999999999999801
"2019-01-14 12:34:00",2571,-0.0200000000000031
"2019-01-14 12:35:00",617,0.00379999999999825
"2019-01-14 12:36:00",4196,0.0162000000000049
"2019-01-14 12:37:00",18255,0.029999999999994
"2019-01-14 12:38:00",4493,0
"2019-01-14 12:39:00",3418,-0.00499999999999545
"2019-01-14 12:40:00",705,0
"2019-01-14 12:41:00",1420,0.0017999999999958
"2019-01-14 12:42:00",1500,-0.0017999999999958
"2019-01-14 12:43:00",1815,-0.00500000000000256
"2019-01-14 12:44:00",1610,0.00999999999999801
"2019-01-14 12:45:00",12578,0
"2019-01-14 12:46:00",2844,-0.0244
"2019-01-14 12:47:00",7031,0.014400000000002
"2019-01-14 12:48:00",3298,-0.00999999999999801
"2019-01-14 12:49:00",10225,0
"2019-01-14 12:50:00",400,0.00999999999999801
"2019-01-14 12:51:00",8697,0.00999999999999801
"2019-01-14 12:52:00",833,0
"2019-01-14 12:53:00",6172,0.0100000000000051
"2019-01-14 12:54:00",343,-0.00500000000000256
"2019-01-14 12:55:00",1983,-0.00010000000000332
"2019-01-14 12:56:00",8555,-0.0148999999999972
"2019-01-14 12:57:00",4578,-0.0300000000000011
"2019-01-14 12:58:00",5050,-0.00999999999999801
"2019-01-14 12:59:00",4262,0
"2019-01-14 13:00:00",2700,-0.0399999999999991
"2019-01-14 13:01:00",2058,-0.00999999999999801
"2019-01-14 13:02:00",4038,0.00389999999999446
"2019-01-14 13:03:00",3934,-0.00389999999999446
"2019-01-14 13:04:00",4230,0.00999999999999801
"2019-01-14 13:05:00",1050,0.00309999999999633
"2019-01-14 13:06:00",4871,0.00690000000000168
"2019-01-14 13:07:00",2193,0.0099000000000018
"2019-01-14 13:08:00",1878,9.99999999962142e-05
"2019-01-14 13:09:00",10010,-0.029999999999994
"2019-01-14 13:10:00",17841,0.0599999999999952
"2019-01-14 13:11:00",11262,-0.00999999999999801
"2019-01-14 13:12:00",2500,-0.0200000000000031
"2019-01-14 13:13:00",300,0
"2019-01-14 13:14:00",647,-0.0174999999999983
"2019-01-14 13:15:00",2700,-0.0174999999999983
"2019-01-14 13:16:00",7351,-0.00500000000000256
"2019-01-14 13:17:00",16793,0
"2019-01-14 13:18:00",14773,0
"2019-01-14 13:19:00",13810,-0.0120999999999967
"2019-01-14 13:20:00",3865,0.00209999999999866
"2019-01-14 13:21:00",6138,-0.00999999999999801
"2019-01-14 13:22:00",5549,-0.0300000000000011
"2019-01-14 13:23:00",1802,-0.0150000000000006
"2019-01-14 13:24:00",3055,0.00500000000000256
"2019-01-14 13:25:00",2416,-0.0400000000000063
"2019-01-14 13:26:00",5182,-0.0139999999999958
"2019-01-14 13:27:00",2523,-0.00600000000000023
"2019-01-14 13:28:00",1045,0.019999999999996
"2019-01-14 13:29:00",2834,0
"2019-01-14 13:30:00",1794,0.0200000000000031
"2019-01-14 13:31:00",2568,0.00999999999999801
"2019-01-14 13:32:00",3446,0.0200000000000031
"2019-01-14 13:33:00",1189,-0.00999999999999801
"2019-01-14 13:34:00",8785,-0.0100000000000051
"2019-01-14 13:35:00",5920,0.00670000000000215
"2019-01-14 13:36:00",451,-0.0161999999999978
"2019-01-14 13:37:00",543,0.00949999999999562
"2019-01-14 13:38:00",11555,-0.0300000000000011
"2019-01-14 13:39:00",4680,0.00500000000000256
"2019-01-14 13:40:00",1604,-0.0150000000000006
"2019-01-14 13:41:00",4272,-0.00999999999999801
"2019-01-14 13:42:00",3831,0.0399999999999991
"2019-01-14 13:43:00",503,-0.00679999999999836
"2019-01-14 13:44:00",3188,0.0017999999999958
"2019-01-14 13:45:00",5003,0
"2019-01-14 13:46:00",1741,0.0150000000000006
"2019-01-14 13:47:00",3017,0.00420000000000442
"2019-01-14 13:48:00",907,0.000799999999998136
"2019-01-14 13:49:00",4298,-0.00999999999999801
"2019-01-14 13:50:00",3812,-0.0150000000000006
"2019-01-14 13:51:00",2791,0
"2019-01-14 13:52:00",5636,-0.0150000000000006
"2019-01-14 13:53:00",9540,0.00499999999999545
"2019-01-14 13:54:00",4370,0.0300000000000011
"2019-01-14 13:55:00",3258,0
"2019-01-14 13:56:00",2162,0.0399999999999991
"2019-01-14 13:57:00",3107,0
"2019-01-14 13:58:00",3023,0.0157000000000025
"2019-01-14 13:59:00",3453,-0.0257000000000005
"2019-01-14 14:00:00",5818,0.00999999999999801
"2019-01-14 14:01:00",1509,-0.029999999999994
"2019-01-14 14:02:00",1197,0
"2019-01-14 14:03:00",1060,0.00489999999999924
"2019-01-14 14:04:00",5083,-0.0249000000000024
"2019-01-14 14:05:00",2759,0.00569999999999737
"2019-01-14 14:06:00",600,-0.00569999999999737
"2019-01-14 14:07:00",5622,-0.00999999999999801
"2019-01-14 14:08:00",3859,-0.00900000000000034
"2019-01-14 14:09:00",3700,-0.00100000000000477
"2019-01-14 14:10:00",1577,0
"2019-01-14 14:11:00",1826,-0.00499999999999545
"2019-01-14 14:12:00",2600,-0.0123999999999995
"2019-01-14 14:13:00",12968,-0.0426000000000002
"2019-01-14 14:14:00",6087,0.00509999999999877
"2019-01-14 14:15:00",2486,-0.00010000000000332
"2019-01-14 14:16:00",2688,0.00500000000000256
"2019-01-14 14:17:00",879,-0.00999999999999801
"2019-01-14 14:18:00",100,0
"2019-01-14 14:19:00",5655,0.00390000000000157
"2019-01-14 14:20:00",4096,0.0260999999999996
"2019-01-14 14:21:00",669,0
"2019-01-14 14:22:00",2882,-0.0300000000000011
"2019-01-14 14:23:00",10888,0.014800000000001
"2019-01-14 14:24:00",6762,0.0101999999999975
"2019-01-14 14:25:00",5974,0.00500000000000256
"2019-01-14 14:26:00",3789,0.019999999999996
"2019-01-14 14:27:00",2915,0.0200000000000031
"2019-01-14 14:28:00",350,0.00999999999999801
"2019-01-14 14:29:00",4690,-0.0649999999999977
"2019-01-14 14:30:00",5050,-0.00500000000000256
"2019-01-14 14:31:00",8984,0.0300000000000011
"2019-01-14 14:32:00",4878,0
"2019-01-14 14:33:00",2751,0.00999999999999801
"2019-01-14 14:34:00",1637,-0.00999999999999801
"2019-01-14 14:35:00",3195,0.019999999999996
"2019-01-14 14:36:00",1570,-0.00199999999999534
"2019-01-14 14:37:00",3314,0.00199999999999534
"2019-01-14 14:38:00",10955,-0.00999999999999801
"2019-01-14 14:39:00",4142,0.00999999999999801
"2019-01-14 14:40:00",4993,-0.019999999999996
"2019-01-14 14:41:00",3055,0
"2019-01-14 14:42:00",5816,0
"2019-01-14 14:43:00",1643,-0.0200000000000031
"2019-01-14 14:44:00",7616,0
"2019-01-14 14:45:00",10741,0.0100000000000051
"2019-01-14 14:46:00",2588,-0.0300000000000011
"2019-01-14 14:47:00",4114,0
"2019-01-14 14:48:00",4291,0.0017999999999958
"2019-01-14 14:49:00",6417,-0.0117999999999938
"2019-01-14 14:50:00",8623,0
"2019-01-14 14:51:00",7950,-0.00010000000000332
"2019-01-14 14:52:00",2833,-0.0099000000000018
"2019-01-14 14:53:00",8622,-0.019999999999996
"2019-01-14 14:54:00",31212,0.019999999999996
"2019-01-14 14:55:00",14422,0.0099000000000018
"2019-01-14 14:56:00",9568,0.00010000000000332
"2019-01-14 14:57:00",22206,-0.0100000000000051
"2019-01-14 14:58:00",23680,0.0399999999999991
"2019-01-14 14:59:00",44405,0.0399999999999991
"2019-01-14 15:02:00",34501,0
"2019-01-14 15:15:00",0,0
"2019-01-15 08:30:00",39282,0.170000000000002
"2019-01-15 08:31:00",8879,0.0200000000000031
"2019-01-15 08:32:00",15576,0.100000000000001
"2019-01-15 08:33:00",13801,-0.0250000000000057
"2019-01-15 08:34:00",7104,0.00500000000000256
"2019-01-15 08:35:00",8368,0.0300000000000011
"2019-01-15 08:36:00",8099,0.0499999999999972
"2019-01-15 08:37:00",10216,-0.0499999999999972
"2019-01-15 08:38:00",5273,0.00999999999999801
"2019-01-15 08:39:00",2974,0.0399999999999991
"2019-01-15 08:40:00",6235,0.0300000000000011
"2019-01-15 08:41:00",7602,0.0799999999999983
"2019-01-15 08:42:00",12416,-0.019999999999996
"2019-01-15 08:43:00",25739,-0.0399999999999991
"2019-01-15 08:44:00",9401,0.0649999999999977
"2019-01-15 08:45:00",4601,-0.0150000000000006
"2019-01-15 08:46:00",9177,-0.0600000000000023
"2019-01-15 08:47:00",10625,-0.0498999999999938
"2019-01-15 08:48:00",5362,-0.00010000000000332
"2019-01-15 08:49:00",5500,-0.0300000000000011
"2019-01-15 08:50:00",8502,0.00999999999999801
"2019-01-15 08:51:00",5664,-0.019999999999996
"2019-01-15 08:52:00",9546,-0.0399999999999991
"2019-01-15 08:53:00",7416,0.0300000000000011
"2019-01-15 08:54:00",4956,0.00999999999999801
"2019-01-15 08:55:00",6724,-0.0200000000000031
"2019-01-15 08:56:00",2800,0.0100000000000051
"2019-01-15 08:57:00",13785,0.00999999999999801
"2019-01-15 08:58:00",6179,-0.00999999999999801
"2019-01-15 08:59:00",7350,0.0700000000000003
"2019-01-15 09:00:00",12761,0.0399999999999991
"2019-01-15 09:01:00",9723,0.0999999999999943
"2019-01-15 09:02:00",11726,0.0163000000000011
"2019-01-15 09:03:00",6578,-0.0262999999999991
"2019-01-15 09:04:00",7452,-0.0599999999999952
"2019-01-15 09:05:00",6272,-0.0400000000000063
"2019-01-15 09:06:00",6985,0.0100000000000051
"2019-01-15 09:07:00",2968,0.00999999999999801
"2019-01-15 09:08:00",4761,-0.00439999999999685
"2019-01-15 09:09:00",11939,-0.0856000000000066
"2019-01-15 09:10:00",18097,0.0100000000000051
"2019-01-15 09:11:00",6612,-0.0700000000000003
"2019-01-15 09:12:00",15067,-0.0700000000000003
"2019-01-15 09:13:00",10095,0.019999999999996
"2019-01-15 09:14:00",3512,-0.00999999999999801
"2019-01-15 09:15:00",7638,-0.0600000000000023
"2019-01-15 09:16:00",2600,0.0600000000000023
"2019-01-15 09:17:00",1950,0.0499999999999972
"2019-01-15 09:18:00",1032,0
"2019-01-15 09:19:00",1246,-0.029999999999994
"2019-01-15 09:20:00",1431,-0.0200000000000031
"2019-01-15 09:21:00",6700,-0.0300000000000011
"2019-01-15 09:22:00",6527,-0.0499999999999972
"2019-01-15 09:23:00",7012,0.019999999999996
"2019-01-15 09:24:00",6250,0.0147000000000048
"2019-01-15 09:25:00",3100,0.0452999999999975
"2019-01-15 09:26:00",820,-0.0300000000000011
"2019-01-15 09:27:00",1993,0.0100000000000051
"2019-01-15 09:28:00",3656,0.0499999999999972
"2019-01-15 09:29:00",8058,0.019999999999996
"2019-01-15 09:30:00",8763,-0.0499999999999972
"2019-01-15 09:31:00",1900,0.00999999999999801
"2019-01-15 09:32:00",2908,0.0100000000000051
"2019-01-15 09:33:00",1300,0.0399999999999991
"2019-01-15 09:34:00",3657,0.0599999999999952
"2019-01-15 09:35:00",5638,-0.029999999999994
"2019-01-15 09:36:00",6530,0.0277999999999992
"2019-01-15 09:37:00",900,-0.00780000000000314
"2019-01-15 09:38:00",2799,0.0200000000000031
"2019-01-15 09:39:00",957,-0.0100000000000051
"2019-01-15 09:40:00",5077,0.0600000000000023
"2019-01-15 09:41:00",2001,-0.0300000000000011
"2019-01-15 09:42:00",2148,-0.00999999999999801
"2019-01-15 09:43:00",1500,0.00999999999999801
"2019-01-15 09:44:00",5290,-0.0249999999999986
"2019-01-15 09:45:00",1100,-0.0227000000000004
"2019-01-15 09:46:00",2534,-0.00229999999999819
"2019-01-15 09:47:00",1902,-0.0399999999999991
"2019-01-15 09:48:00",5967,-0.00659999999999883
"2019-01-15 09:49:00",5611,0.066599999999994
"2019-01-15 09:50:00",1960,0.0200000000000031
"2019-01-15 09:51:00",1750,-0.0200000000000031
"2019-01-15 09:52:00",24509,-0.019999999999996
"2019-01-15 09:53:00",2793,0.00999999999999801
"2019-01-15 09:54:00",3400,-0.00999999999999801
"2019-01-15 09:55:00",1991,0.0399999999999991
"2019-01-15 09:56:00",5475,-0.0399999999999991
"2019-01-15 09:57:00",3462,-0.00999999999999801
"2019-01-15 09:58:00",2464,0.0499999999999972
"2019-01-15 09:59:00",1400,-0.00999999999999801
"2019-01-15 10:00:00",6872,-0.0300000000000011
"2019-01-15 10:01:00",3259,-0.0399999999999991
"2019-01-15 10:02:00",3457,0.0599999999999952
"2019-01-15 10:03:00",1200,-0.0499999999999972
"2019-01-15 10:04:00",2331,0.00999999999999801
"2019-01-15 10:05:00",4433,-0.0499999999999972
"2019-01-15 10:06:00",6937,-0.0225999999999971
"2019-01-15 10:07:00",3280,0.0125999999999991
"2019-01-15 10:08:00",6633,-0.0259
"2019-01-15 10:09:00",3855,-0.0241000000000042
"2019-01-15 10:10:00",7904,-0.0599999999999952
"2019-01-15 10:11:00",8981,-0.0500000000000043
"2019-01-15 10:12:00",4660,0.0150000000000006
"2019-01-15 10:13:00",4244,0.00500000000000256
"2019-01-15 10:14:00",4570,-0.0399999999999991
"2019-01-15 10:15:00",5837,0.0700000000000003
"2019-01-15 10:16:00",1809,0
"2019-01-15 10:17:00",1675,0
"2019-01-15 10:18:00",1568,-0.0100000000000051
"2019-01-15 10:19:00",1100,-0.00999999999999801
"2019-01-15 10:20:00",2184,0
"2019-01-15 10:21:00",2775,-0.00999999999999801
"2019-01-15 10:22:00",7463,0
"2019-01-15 10:23:00",4365,-0.0300000000000011
"2019-01-15 10:24:00",2363,-0.0399999999999991
"2019-01-15 10:25:00",5143,0
"2019-01-15 10:26:00",2981,-0.0200000000000031
"2019-01-15 10:27:00",3237,0.0300000000000011
"2019-01-15 10:28:00",3220,-0.0375000000000014
"2019-01-15 10:29:00",1429,-0.0324999999999989
"2019-01-15 10:30:00",17694,0
"2019-01-15 10:31:00",800,-0.019999999999996
"2019-01-15 10:32:00",8377,0.00999999999999801
"2019-01-15 10:33:00",7763,0.0249999999999986
"2019-01-15 10:34:00",800,0.0349999999999966
"2019-01-15 10:35:00",9217,0.0200000000000031
"2019-01-15 10:36:00",3338,-0.0200000000000031
"2019-01-15 10:37:00",3900,-0.0349999999999966
"2019-01-15 10:38:00",8350,0.0349999999999966
"2019-01-15 10:39:00",1894,0
"2019-01-15 10:40:00",400,0
"2019-01-15 10:41:00",1300,0.0400000000000063
"2019-01-15 10:42:00",1218,-0.0100000000000051
"2019-01-15 10:43:00",1219,-0.00999999999999801
"2019-01-15 10:44:00",1600,-0.00999999999999801
"2019-01-15 10:45:00",1165,0.0034999999999954
"2019-01-15 10:46:00",1000,0.0165000000000006
"2019-01-15 10:47:00",10030,-0.00999999999999801
"2019-01-15 10:48:00",6124,0
"2019-01-15 10:49:00",4635,-0.0399999999999991
"2019-01-15 10:50:00",3067,0.0300000000000011
"2019-01-15 10:51:00",3500,-0.0249999999999986
"2019-01-15 10:52:00",981,0.00499999999999545
"2019-01-15 10:53:00",8300,0.00999999999999801
"2019-01-15 10:54:00",500,0
"2019-01-15 10:55:00",583,-0.0117999999999938
"2019-01-15 10:56:00",1300,0.0117999999999938
"2019-01-15 10:57:00",2742,0.0200000000000031
"2019-01-15 10:58:00",5012,0
"2019-01-15 10:59:00",1223,-0.00999999999999801
"2019-01-15 11:00:00",19680,-0.0799999999999983
"2019-01-15 11:01:00",300,0.019999999999996
"2019-01-15 11:02:00",1025,0.0700000000000003
"2019-01-15 11:03:00",4427,-0.0200000000000031
"2019-01-15 11:04:00",400,-0.00999999999999801
"2019-01-15 11:05:00",1400,0.0300000000000011
"2019-01-15 11:06:00",4735,0.00500000000000256
"2019-01-15 11:07:00",600,-0.0183000000000035
"2019-01-15 11:08:00",2605,-0.0467000000000013
"2019-01-15 11:09:00",821,0.0200000000000031
"2019-01-15 11:10:00",4700,0.00999999999999801
"2019-01-15 11:11:00",1360,0.0200000000000031
"2019-01-15 11:12:00",5852,-0.0200000000000031
"2019-01-15 11:13:00",2377,0.0200000000000031
"2019-01-15 11:14:00",1459,-0.0200000000000031
"2019-01-15 11:15:00",1600,-0.0150000000000006
"2019-01-15 11:16:00",1141,-0.00389999999999446
"2019-01-15 11:17:00",5020,-0.0211000000000041
"2019-01-15 11:18:00",1988,-0.00500000000000256
"2019-01-15 11:19:00",1500,-0.0249999999999986
"2019-01-15 11:20:00",2665,0.0200000000000031
"2019-01-15 11:21:00",454,0.0099000000000018
"2019-01-15 11:22:00",1500,0.0100999999999942
"2019-01-15 11:23:00",1361,-0.019999999999996
"2019-01-15 11:24:00",1188,0.00999999999999801
"2019-01-15 11:25:00",609,-0.00999999999999801
"2019-01-15 11:26:00",2645,0
"2019-01-15 11:27:00",1311,0.00999999999999801
"2019-01-15 11:28:00",600,-0.00999999999999801
"2019-01-15 11:29:00",1456,0.00150000000000006
"2019-01-15 11:30:00",2555,-0.0183999999999997
"2019-01-15 11:31:00",4525,-0.0484000000000009
"2019-01-15 11:32:00",3063,0.0202999999999989
"2019-01-15 11:33:00",430,-0.0150000000000006
"2019-01-15 11:34:00",5845,0.00500000000000256
"2019-01-15 11:35:00",531,-0.00500000000000256
"2019-01-15 11:36:00",2619,-0.019999999999996
"2019-01-15 11:37:00",602,0
"2019-01-15 11:38:00",1468,0.00739999999999696
"2019-01-15 11:39:00",1601,-0.00739999999999696
"2019-01-15 11:40:00",670,0.00679999999999836
"2019-01-15 11:41:00",1820,-0.0268000000000015
"2019-01-15 11:42:00",4718,-0.00999999999999801
"2019-01-15 11:43:00",1399,-0.0200000000000031
"2019-01-15 11:44:00",1177,0.00500000000000256
"2019-01-15 11:45:00",1567,0.00499999999999545
"2019-01-15 11:46:00",2301,0.0300000000000011
"2019-01-15 11:47:00",1500,-0.019999999999996
"2019-01-15 11:48:00",2625,-0.00300000000000011
"2019-01-15 11:49:00",1444,0.00300000000000011
"2019-01-15 11:50:00",1882,-0.0300000000000011
"2019-01-15 11:51:00",100,0.00560000000000116
"2019-01-15 11:52:00",930,-0.0256000000000043
"2019-01-15 11:53:00",500,0
"2019-01-15 11:54:00",1950,0.0100000000000051
"2019-01-15 11:55:00",1529,0
"2019-01-15 11:56:00",3173,-0.00500000000000256
"2019-01-15 11:57:00",911,0.0150000000000006
"2019-01-15 11:58:00",500,0
"2019-01-15 11:59:00",364,-0.00999999999999801
"2019-01-15 12:00:00",1850,-0.0250000000000057
"2019-01-15 12:01:00",1334,0.0150000000000006
"2019-01-15 12:02:00",1641,-0.00999999999999801
"2019-01-15 12:03:00",1620,-0.0200000000000031
"2019-01-15 12:04:00",2277,0
"2019-01-15 12:05:00",1560,-0.00999999999999801
"2019-01-15 12:06:00",1391,0.0399999999999991
"2019-01-15 12:07:00",1896,0.0100000000000051
"2019-01-15 12:08:00",786,0.00499999999999545
"2019-01-15 12:09:00",1755,0.0150000000000006
"2019-01-15 12:10:00",514,-0.00499999999999545
"2019-01-15 12:11:00",834,0.0249999999999986
"2019-01-15 12:12:00",1366,-0.0100000000000051
"2019-01-15 12:13:00",2366,0.0100000000000051
"2019-01-15 12:14:00",1953,0.019999999999996
"2019-01-15 12:15:00",600,-0.00999999999999801
"2019-01-15 12:16:00",745,0.00999999999999801
"2019-01-15 12:17:00",200,-0.00999999999999801
"2019-01-15 12:18:00",1160,0.0150000000000006
"2019-01-15 12:19:00",851,0.0150000000000006
"2019-01-15 12:20:00",900,0.0300000000000011
"2019-01-15 12:21:00",1762,-0.0108000000000033
"2019-01-15 12:22:00",2662,0.000799999999998136
"2019-01-15 12:23:00",921,0.0200000000000031
"2019-01-15 12:24:00",664,-0.0300000000000011
"2019-01-15 12:25:00",1137,0.00999999999999801
"2019-01-15 12:26:00",575,0
"2019-01-15 12:27:00",400,0
"2019-01-15 12:28:00",2177,0.00010000000000332
"2019-01-15 12:29:00",6050,0.0099000000000018
"2019-01-15 12:30:00",2800,-0.0200000000000031
"2019-01-15 12:31:00",2111,0.0463999999999984
"2019-01-15 12:32:00",2110,-0.0063999999999993
"2019-01-15 12:33:00",1702,-0.0165000000000006
"2019-01-15 12:34:00",631,0.00150000000000006
"2019-01-15 12:35:00",1421,0.0106000000000037
"2019-01-15 12:36:00",1256,0.0244
"2019-01-15 12:37:00",2279,-0.0249999999999986
"2019-01-15 12:38:00",1600,0.00499999999999545
"2019-01-15 12:39:00",1616,-0.019999999999996
"2019-01-15 12:40:00",895,0.00999999999999801
"2019-01-15 12:41:00",1939,-0.0131999999999977
"2019-01-15 12:42:00",703,0.00319999999999965
"2019-01-15 12:43:00",1367,0.00999999999999801
"2019-01-15 12:44:00",988,-0.0350000000000037
"2019-01-15 12:45:00",2100,-0.019999999999996
"2019-01-15 12:46:00",8654,-0.0150000000000006
"2019-01-15 12:47:00",3285,-0.0099000000000018
"2019-01-15 12:48:00",1375,0.0099000000000018
"2019-01-15 12:49:00",2224,-0.00300000000000011
"2019-01-15 12:51:00",1906,0.0230000000000032
"2019-01-15 12:52:00",577,0.019999999999996
"2019-01-15 12:53:00",1110,0.017000000000003
"2019-01-15 12:54:00",1997,0.00799999999999557
"2019-01-15 12:55:00",2215,0.00530000000000541
"2019-01-15 12:56:00",1100,-0.000300000000002854
"2019-01-15 12:57:00",200,-0.00999999999999801
"2019-01-15 12:58:00",900,0.0129999999999981
"2019-01-15 12:59:00",1211,0.017000000000003
"2019-01-15 13:00:00",2002,0.029999999999994
"2019-01-15 13:01:00",2030,0
"2019-01-15 13:02:00",4630,0.0100000000000051
"2019-01-15 13:03:00",1940,-0.0200000000000031
"2019-01-15 13:04:00",5584,-0.0399999999999991
"2019-01-15 13:05:00",895,-0.0150000000000006
"2019-01-15 13:06:00",1649,0.00139999999999674
"2019-01-15 13:07:00",660,0.00360000000000582
"2019-01-15 13:08:00",813,0.00999999999999801
"2019-01-15 13:09:00",1229,-0.00999999999999801
"2019-01-15 13:10:00",2016,-0.0200000000000031
"2019-01-15 13:11:00",676,0.00999999999999801
"2019-01-15 13:12:00",1636,-0.00999999999999801
"2019-01-15 13:13:00",3549,0
"2019-01-15 13:14:00",1492,0
"2019-01-15 13:15:00",1886,-0.0600000000000023
"2019-01-15 13:16:00",1500,0.0200000000000031
"2019-01-15 13:17:00",1331,0.0300000000000011
"2019-01-15 13:18:00",4400,-0.00999999999999801
"2019-01-15 13:19:00",4450,0.0171999999999954
"2019-01-15 13:20:00",9003,-0.0161999999999978
"2019-01-15 13:21:00",1922,0.014400000000002
"2019-01-15 13:22:00",8614,-0.00540000000000163
"2019-01-15 13:23:00",3098,0.00999999999999801
"2019-01-15 13:24:00",4937,0.00999999999999801
"2019-01-15 13:25:00",776,-0.029999999999994
"2019-01-15 13:26:00",1113,0.0266999999999982
"2019-01-15 13:27:00",1136,0.00269999999999726
"2019-01-15 13:28:00",1899,-0.0439999999999969
"2019-01-15 13:29:00",725,-0.0153999999999996
"2019-01-15 13:30:00",8562,-0.0100000000000051
"2019-01-15 13:31:00",907,0.0100000000000051
"2019-01-15 13:32:00",1006,0.0249999999999986
"2019-01-15 13:33:00",500,0.0035000000000025
"2019-01-15 13:34:00",265,-0.00319999999999965
"2019-01-15 13:35:00",1444,-0.0253000000000014
"2019-01-15 13:36:00",870,0.00499999999999545
"2019-01-15 13:37:00",2100,-0.0150000000000006
"2019-01-15 13:38:00",1772,0.0200000000000031
"2019-01-15 13:39:00",11842,-0.0300000000000011
"2019-01-15 13:40:00",1795,0.0200000000000031
"2019-01-15 13:41:00",3279,0.0300000000000011
"2019-01-15 13:42:00",3354,0.0399999999999991
"2019-01-15 13:43:00",1044,-0.0100000000000051
"2019-01-15 13:44:00",4101,0
"2019-01-15 13:45:00",6153,-0.0150999999999968
"2019-01-15 13:46:00",3590,0.0300999999999974
"2019-01-15 13:47:00",2017,0
"2019-01-15 13:48:00",1600,-0.00499999999999545
"2019-01-15 13:49:00",1800,0.0150000000000006
"2019-01-15 13:50:00",3643,0.0649999999999977
"2019-01-15 13:51:00",3388,0.00999999999999801
"2019-01-15 13:52:00",1532,0.0099000000000018
"2019-01-15 13:53:00",791,9.99999999962142e-05
"2019-01-15 13:54:00",737,-0.0149999999999935
"2019-01-15 13:55:00",3716,0.00509999999999877
"2019-01-15 13:56:00",5341,0.0198999999999998
"2019-01-15 13:57:00",4686,0.019999999999996
"2019-01-15 13:58:00",9408,0.0300000000000011
"2019-01-15 13:59:00",6865,0.00500000000000256
"2019-01-15 14:00:00",9790,0.00999999999999801
"2019-01-15 14:01:00",17233,-0.000799999999998136
"2019-01-15 14:02:00",15271,-0.00420000000000442
"2019-01-15 14:03:00",5582,-0.00499999999999545
"2019-01-15 14:04:00",6287,0.00999999999999801
"2019-01-15 14:05:00",5790,-0.00500000000000256
"2019-01-15 14:06:00",15000,0.0400000000000063
"2019-01-15 14:07:00",5400,0.00999999999999801
"2019-01-15 14:08:00",6534,0.0349999999999966
"2019-01-15 14:09:00",2794,0.00500000000000256
"2019-01-15 14:10:00",4403,0.0200000000000031
"2019-01-15 14:11:00",4336,-0.0400000000000063
"2019-01-15 14:12:00",5140,-0.019999999999996
"2019-01-15 14:13:00",2782,0
"2019-01-15 14:14:00",2432,0.019999999999996
"2019-01-15 14:15:00",5034,0
"2019-01-15 14:16:00",8262,-0.0150000000000006
"2019-01-15 14:17:00",2034,-0.00499999999999545
"2019-01-15 14:18:00",2557,0
"2019-01-15 14:19:00",5927,0.0249999999999986
"2019-01-15 14:20:00",1216,-0.0349999999999966
"2019-01-15 14:21:00",2928,-0.0100000000000051
"2019-01-15 14:22:00",5732,0.0100000000000051
"2019-01-15 14:23:00",1650,0
"2019-01-15 14:24:00",4698,-0.0200000000000031
"2019-01-15 14:25:00",3517,0
"2019-01-15 14:26:00",6938,0.0187999999999988
"2019-01-15 14:27:00",3402,-0.00379999999999825
"2019-01-15 14:28:00",2172,0.0150000000000006
"2019-01-15 14:29:00",8453,0
"2019-01-15 14:30:00",12161,-0.0200000000000031
"2019-01-15 14:31:00",3155,0
"2019-01-15 14:32:00",3428,-0.019999999999996
"2019-01-15 14:33:00",1944,0.00499999999999545
"2019-01-15 14:34:00",1427,0.00500000000000256
"2019-01-15 14:35:00",3487,-0.0399999999999991
"2019-01-15 14:36:00",2990,0.00500000000000256
"2019-01-15 14:37:00",7980,-0.0350000000000037
"2019-01-15 14:38:00",2470,0.0200000000000031
"2019-01-15 14:39:00",3626,0.00999999999999801
"2019-01-15 14:40:00",3927,0.0150000000000006
"2019-01-15 14:41:00",8175,0.0150000000000006
"2019-01-15 14:42:00",6249,0.0167000000000002
"2019-01-15 14:43:00",7684,0.0182999999999964
"2019-01-15 14:44:00",11368,-0.0150000000000006
"2019-01-15 14:45:00",4643,0
"2019-01-15 14:46:00",2579,-0.0249999999999986
"2019-01-15 14:47:00",7295,0
"2019-01-15 14:48:00",11836,0.0150000000000006
"2019-01-15 14:49:00",4455,-0.0349999999999966
"2019-01-15 14:50:00",4773,-0.0100000000000051
"2019-01-15 14:51:00",16147,-0.00499999999999545
"2019-01-15 14:52:00",3985,-0.0100000000000051
"2019-01-15 14:53:00",11434,0.0150000000000006
"2019-01-15 14:54:00",5570,0.0150000000000006
"2019-01-15 14:55:00",3894,-0.019999999999996
"2019-01-15 14:56:00",5655,-0.0150000000000006
"2019-01-15 14:57:00",4140,0.00499999999999545
"2019-01-15 14:58:00",13157,0
"2019-01-15 14:59:00",54777,-0.0150000000000006
"2019-01-15 15:02:00",54046,-0.00499999999999545
"2019-01-15 15:15:00",0,0
"2019-01-16 08:30:00",69952,-0.413200000000003
"2019-01-16 08:31:00",15709,0.0932000000000031
"2019-01-16 08:32:00",13866,-0.0300000000000011
"2019-01-16 08:33:00",11147,-0.00500000000000256
"2019-01-16 08:34:00",10923,-0.0399999999999991
"2019-01-16 08:35:00",7651,0.00500000000000256
"2019-01-16 08:36:00",4761,0.00999999999999801
"2019-01-16 08:37:00",5863,0.0700000000000003
"2019-01-16 08:38:00",5807,0
"2019-01-16 08:39:00",1400,-0.00999999999999801
"2019-01-16 08:40:00",11273,-0.00500000000000256
"2019-01-16 08:41:00",10742,0.00999999999999801
"2019-01-16 08:42:00",9834,-0.0549999999999997
"2019-01-16 08:43:00",8646,0
"2019-01-16 08:44:00",8487,0.0265000000000057
"2019-01-16 08:45:00",6836,0.0634999999999977
"2019-01-16 08:46:00",6878,0
"2019-01-16 08:47:00",9948,-0.0249999999999986
"2019-01-16 08:48:00",6498,-0.0249999999999986
"2019-01-16 08:49:00",6922,-0.0400000000000063
"2019-01-16 08:50:00",11071,0
"2019-01-16 08:51:00",8785,-0.029999999999994
"2019-01-16 08:52:00",15672,-0.0200000000000031
"2019-01-16 08:53:00",7237,0.0101000000000013
"2019-01-16 08:54:00",21144,0.0174000000000021
"2019-01-16 08:55:00",13972,0.0274999999999963
"2019-01-16 08:56:00",21689,-0.0249999999999986
"2019-01-16 08:57:00",11569,0
"2019-01-16 08:58:00",9671,-0.0200000000000031
"2019-01-16 08:59:00",18447,-0.0300000000000011
"2019-01-16 09:00:00",19676,0.0600000000000023
"2019-01-16 09:01:00",24808,0.00999999999999801
"2019-01-16 09:02:00",40942,0
"2019-01-16 09:03:00",4637,-0.00999999999999801
"2019-01-16 09:04:00",4246,-0.0300000000000011
"2019-01-16 09:05:00",5307,0.0399999999999991
"2019-01-16 09:06:00",6890,0.0100000000000051
"2019-01-16 09:07:00",6158,-0.00500000000000256
"2019-01-16 09:08:00",5000,-0.0150000000000006
"2019-01-16 09:09:00",13203,0.0300000000000011
"2019-01-16 09:10:00",26811,-0.00999999999999801
"2019-01-16 09:11:00",23997,0
"2019-01-16 09:12:00",6792,0
"2019-01-16 09:13:00",4761,-0.0300000000000011
"2019-01-16 09:14:00",1956,-0.0200000000000031
"2019-01-16 09:15:00",5834,0.0399999999999991
"2019-01-16 09:16:00",7770,0.0258000000000038
"2019-01-16 09:17:00",12654,-0.0258000000000038
"2019-01-16 09:18:00",10661,-0.019999999999996
"2019-01-16 09:19:00",3309,0.00999999999999801
"2019-01-16 09:20:00",3930,0.0200000000000031
"2019-01-16 09:21:00",7866,0.0300000000000011
"2019-01-16 09:22:00",18300,0.0399999999999991
"2019-01-16 09:23:00",4400,0.00999999999999801
"2019-01-16 09:24:00",4762,0.019999999999996
"2019-01-16 09:25:00",6128,0.0200000000000031
"2019-01-16 09:26:00",3828,-0.0399999999999991
"2019-01-16 09:27:00",3919,-0.00999999999999801
"2019-01-16 09:28:00",9069,0.00999999999999801
"2019-01-16 09:29:00",12755,-0.0399999999999991
"2019-01-16 09:30:00",7517,0.0300000000000011
"2019-01-16 09:31:00",5017,0.00999999999999801
"2019-01-16 09:32:00",10009,-0.0200000000000031
"2019-01-16 09:33:00",10453,-0.0399999999999991
"2019-01-16 09:34:00",2325,-0.00999999999999801
"2019-01-16 09:35:00",3930,0.0101000000000013
"2019-01-16 09:36:00",1066,-0.0600999999999985
"2019-01-16 09:37:00",2233,0
"2019-01-16 09:38:00",6716,0
"2019-01-16 09:39:00",9914,-0.0400000000000063
"2019-01-16 09:40:00",8926,-0.0399999999999991
"2019-01-16 09:41:00",4717,-0.0300000000000011
"2019-01-16 09:42:00",11315,0.0200000000000031
"2019-01-16 09:43:00",3901,-0.0200000000000031
"2019-01-16 09:44:00",3139,-0.029999999999994
"2019-01-16 09:45:00",3846,-0.00810000000000599
"2019-01-16 09:46:00",2157,0.0322000000000031
"2019-01-16 09:47:00",1324,0.015900000000002
"2019-01-16 09:48:00",2795,0.0300000000000011
"2019-01-16 09:49:00",26400,0.019999999999996
"2019-01-16 09:50:00",2456,0
"2019-01-16 09:51:00",5850,0.0450000000000017
"2019-01-16 09:52:00",4972,-0.0350000000000037
"2019-01-16 09:53:00",1850,-0.0131999999999977
"2019-01-16 09:54:00",3175,-0.00670000000000215
"2019-01-16 09:55:00",12429,0.0499000000000009
"2019-01-16 09:56:00",7100,0.0399999999999991
"2019-01-16 09:57:00",5149,-0.00999999999999801
"2019-01-16 09:58:00",900,0
"2019-01-16 09:59:00",3416,-0.019999999999996
"2019-01-16 10:00:00",8084,-0.0456000000000003
"2019-01-16 10:01:00",6500,-0.00440000000000396
"2019-01-16 10:02:00",2153,0
"2019-01-16 10:03:00",10075,-0.0749999999999957
"2019-01-16 10:04:00",2794,-0.0250000000000057
"2019-01-16 10:05:00",5057,-0.019999999999996
"2019-01-16 10:06:00",21240,-0.0300000000000011
"2019-01-16 10:07:00",8563,0.0600000000000023
"2019-01-16 10:08:00",4246,0.0146999999999977
"2019-01-16 10:09:00",3800,-0.0146999999999977
"2019-01-16 10:10:00",4504,-0.0100000000000051
"2019-01-16 10:11:00",4583,-0.019999999999996
"2019-01-16 10:12:00",3218,0.0349999999999966
"2019-01-16 10:13:00",5311,0.00500000000000256
"2019-01-16 10:14:00",3700,0.0467999999999975
"2019-01-16 10:15:00",9303,-0.0467999999999975
"2019-01-16 10:16:00",1970,-0.0249999999999986
"2019-01-16 10:17:00",10215,0.0549999999999997
"2019-01-16 10:18:00",2076,-0.0100000000000051
"2019-01-16 10:19:00",4711,0.0300000000000011
"2019-01-16 10:20:00",7374,-0.00999999999999801
"2019-01-16 10:21:00",4072,0.0300000000000011
"2019-01-16 10:22:00",5929,-0.0300000000000011
"2019-01-16 10:23:00",4930,0.0300000000000011
"2019-01-16 10:24:00",2052,-0.00010000000000332
"2019-01-16 10:25:00",4925,-0.0248999999999953
"2019-01-16 10:26:00",5818,-0.0350000000000037
"2019-01-16 10:27:00",5835,-0.0499999999999972
"2019-01-16 10:28:00",9607,0
"2019-01-16 10:29:00",7506,0.00999999999999801
"2019-01-16 10:30:00",4773,-0.00999999999999801
"2019-01-16 10:31:00",7549,0
"2019-01-16 10:32:00",28359,-0.0399999999999991
"2019-01-16 10:33:00",21019,0.0799999999999983
"2019-01-16 10:34:00",23081,0.0600000000000023
"2019-01-16 10:35:00",6057,0.00999999999999801
"2019-01-16 10:36:00",15869,0.100000000000001
"2019-01-16 10:37:00",3499,0.00999999999999801
"2019-01-16 10:38:00",3300,-0.0499999999999972
"2019-01-16 10:39:00",8212,0.00999999999999801
"2019-01-16 10:40:00",14929,0.0105000000000004
"2019-01-16 10:41:00",5073,0.018499999999996
"2019-01-16 10:42:00",10552,-0.00900000000000034
"2019-01-16 10:43:00",7722,0.0300000000000011
"2019-01-16 10:44:00",3700,-0.00999999999999801
"2019-01-16 10:45:00",4000,0
"2019-01-16 10:46:00",4834,-0.0337000000000032
"2019-01-16 10:47:00",3334,-0.0362999999999971
"2019-01-16 10:48:00",5435,0.00999999999999801
"2019-01-16 10:49:00",9122,0.0100000000000051
"2019-01-16 10:50:00",2402,-0.0500000000000043
"2019-01-16 10:51:00",5245,0.0200000000000031
"2019-01-16 10:52:00",2546,-0.0100000000000051
"2019-01-16 10:53:00",2400,0
"2019-01-16 10:54:00",5199,0
"2019-01-16 10:55:00",3889,-0.0399999999999991
"2019-01-16 10:56:00",15943,0.0200000000000031
"2019-01-16 10:57:00",3131,-0.00359999999999872
"2019-01-16 10:58:00",2980,-0.0063999999999993
"2019-01-16 10:59:00",8106,0.019999999999996
"2019-01-16 11:00:00",3000,0.0200000000000031
"2019-01-16 11:01:00",2992,-0.0100000000000051
"2019-01-16 11:02:00",6561,-0.00999999999999801
"2019-01-16 11:03:00",8673,0
"2019-01-16 11:04:00",3556,-0.00999999999999801
"2019-01-16 11:05:00",3395,0.0300000000000011
"2019-01-16 11:06:00",1281,0.00999999999999801
"2019-01-16 11:07:00",1312,-0.0300000000000011
"2019-01-16 11:08:00",2100,-0.00999999999999801
"2019-01-16 11:09:00",818,0.019999999999996
"2019-01-16 11:10:00",943,0
"2019-01-16 11:11:00",2262,0.0200000000000031
"2019-01-16 11:12:00",6556,0.000999999999997669
"2019-01-16 11:13:00",2500,-0.000999999999997669
"2019-01-16 11:14:00",1231,-0.0399999999999991
"2019-01-16 11:15:00",2469,-0.0600000000000023
"2019-01-16 11:16:00",3516,0.0150000000000006
"2019-01-16 11:17:00",2130,0.00500000000000256
"2019-01-16 11:18:00",1400,0.0399999999999991
"2019-01-16 11:19:00",2500,-0.0300000000000011
"2019-01-16 11:20:00",1791,-0.0230000000000032
"2019-01-16 11:21:00",1525,-0.0269999999999939
"2019-01-16 11:22:00",3149,0
"2019-01-16 11:23:00",1000,-0.0100000000000051
"2019-01-16 11:24:00",3613,0.0399999999999991
"2019-01-16 11:25:00",13749,-0.00999999999999801
"2019-01-16 11:26:00",2819,0
"2019-01-16 11:27:00",2094,-0.0129999999999981
"2019-01-16 11:28:00",2786,-0.0069999999999979
"2019-01-16 11:29:00",2582,0.0150000000000006
"2019-01-16 11:30:00",2400,0.0149999999999935
"2019-01-16 11:31:00",2524,-0.019999999999996
"2019-01-16 11:32:00",1675,0
"2019-01-16 11:33:00",1100,0.00999999999999801
"2019-01-16 11:34:00",1880,-0.0167000000000002
"2019-01-16 11:35:00",1600,-0.013300000000001
"2019-01-16 11:36:00",1444,0.0100000000000051
"2019-01-16 11:37:00",3950,-0.0100000000000051
"2019-01-16 11:38:00",5827,-0.029999999999994
"2019-01-16 11:39:00",5070,0.019999999999996
"2019-01-16 11:40:00",2001,0.0200000000000031
"2019-01-16 11:41:00",3788,0.00289999999999679
"2019-01-16 11:42:00",3000,0.00710000000000122
"2019-01-16 11:43:00",1670,0.00339999999999918
"2019-01-16 11:44:00",600,-0.0133999999999972
"2019-01-16 11:45:00",4400,-0.0100000000000051
"2019-01-16 11:46:00",500,0.00600000000000023
"2019-01-16 11:47:00",1078,-0.00589999999999691
"2019-01-16 11:48:00",1196,-0.00010000000000332
"2019-01-16 11:49:00",3305,0.0200000000000031
"2019-01-16 11:50:00",1273,0.0142000000000024
"2019-01-16 11:51:00",331,0.00579999999999359
"2019-01-16 11:52:00",1400,0.00500000000000256
"2019-01-16 11:53:00",600,0.0150000000000006
"2019-01-16 11:54:00",524,-0.00999999999999801
"2019-01-16 11:55:00",663,-0.0100000000000051
"2019-01-16 11:56:00",566,-0.0153999999999996
"2019-01-16 11:57:00",1215,0.00120000000000431
"2019-01-16 11:58:00",2104,-0.00580000000000069
"2019-01-16 11:59:00",1000,-0.0150000000000006
"2019-01-16 12:00:00",1600,-0.00500000000000256
"2019-01-16 12:01:00",3099,0.0399999999999991
"2019-01-16 12:02:00",1756,0.00490000000000634
"2019-01-16 12:03:00",2563,0.0334999999999965
"2019-01-16 12:04:00",592,0.00160000000000338
"2019-01-16 12:05:00",2310,-0.0400000000000063
"2019-01-16 12:06:00",1244,-0.00999999999999801
"2019-01-16 12:07:00",2750,0.00999999999999801
"2019-01-16 12:08:00",2046,0.0199000000000069
"2019-01-16 12:09:00",1441,0.00509999999999877
"2019-01-16 12:10:00",3415,0.0249999999999986
"2019-01-16 12:11:00",1015,0.00999999999999801
"2019-01-16 12:12:00",900,-0.00999999999999801
"2019-01-16 12:13:00",650,-0.0150000000000006
"2019-01-16 12:14:00",2795,-0.0116999999999976
"2019-01-16 12:15:00",700,-0.00330000000000297
"2019-01-16 12:16:00",1340,-0.0200000000000031
"2019-01-16 12:17:00",3542,-0.00999999999999801
"2019-01-16 12:18:00",3100,0.00999999999999801
"2019-01-16 12:19:00",1100,0.0100000000000051
"2019-01-16 12:20:00",1419,-0.00500000000000256
"2019-01-16 12:21:00",3850,0.00999999999999801
"2019-01-16 12:22:00",5170,-0.00499999999999545
"2019-01-16 12:23:00",1000,0
"2019-01-16 12:24:00",7724,0
"2019-01-16 12:25:00",3100,0.0399999999999991
"2019-01-16 12:26:00",969,0
"2019-01-16 12:27:00",3325,-0.0200000000000031
"2019-01-16 12:28:00",1899,0.00240000000000151
"2019-01-16 12:29:00",3385,-0.0123999999999995
"2019-01-16 12:30:00",2059,0.0384000000000029
"2019-01-16 12:31:00",1044,0.0165999999999968
"2019-01-16 12:32:00",100,-0.00500000000000256
"2019-01-16 12:33:00",4441,0.0100000000000051
"2019-01-16 12:34:00",5449,-0.00390000000000157
"2019-01-16 12:35:00",1200,-0.00610000000000355
"2019-01-16 12:36:00",1050,-0.00989999999999469
"2019-01-16 12:37:00",2774,-0.0101000000000013
"2019-01-16 12:38:00",1468,0
"2019-01-16 12:39:00",743,0.00999999999999801
"2019-01-16 12:40:00",2281,0
"2019-01-16 12:41:00",8079,0.0200000000000031
"2019-01-16 12:42:00",2042,0.00999999999999801
"2019-01-16 12:43:00",1820,0.00500000000000256
"2019-01-16 12:44:00",2364,-0.00500000000000256
"2019-01-16 12:45:00",11020,0
"2019-01-16 12:46:00",800,-0.00999999999999801
"2019-01-16 12:48:00",1118,-0.0100000000000051
"2019-01-16 12:49:00",1657,0.0100000000000051
"2019-01-16 12:50:00",7852,-0.0200000000000031
"2019-01-16 12:51:00",575,-0.0139999999999958
"2019-01-16 12:52:00",1440,0.00399999999999778
"2019-01-16 12:53:00",1722,-0.0200000000000031
"2019-01-16 12:54:00",3457,0.0166000000000039
"2019-01-16 12:55:00",4432,0.0183999999999997
"2019-01-16 12:56:00",5085,-0.00500000000000256
"2019-01-16 12:57:00",994,-0.00499999999999545
"2019-01-16 12:58:00",2991,-0.0150000000000006
"2019-01-16 12:59:00",700,0
"2019-01-16 13:00:00",7877,0.0214999999999961
"2019-01-16 13:01:00",800,0.00849999999999795
"2019-01-16 13:02:00",1821,0.0100000000000051
"2019-01-16 13:03:00",1626,0
"2019-01-16 13:04:00",1581,0.019999999999996
"2019-01-16 13:05:00",3260,-0.0150000000000006
"2019-01-16 13:06:00",6801,-0.0150000000000006
"2019-01-16 13:07:00",1249,0.0100000000000051
"2019-01-16 13:08:00",10581,0.0150000000000006
"2019-01-16 13:09:00",1500,-0.00500000000000256
"2019-01-16 13:10:00",4588,0.00999999999999801
"2019-01-16 13:11:00",4516,-0.00260000000000105
"2019-01-16 13:12:00",2822,-0.00889999999999702
"2019-01-16 13:13:00",1131,-0.0185000000000031
"2019-01-16 13:14:00",1487,-0.00999999999999801
"2019-01-16 13:15:00",5690,-0.0099000000000018
"2019-01-16 13:16:00",3559,0.0299000000000049
"2019-01-16 13:17:00",3456,0.00499999999999545
"2019-01-16 13:18:00",5513,-0.00999999999999801
"2019-01-16 13:19:00",6486,0.00999999999999801
"2019-01-16 13:20:00",13495,0.0349000000000004
"2019-01-16 13:21:00",7989,0.00010000000000332
"2019-01-16 13:22:00",2700,-0.00999999999999801
"2019-01-16 13:23:00",3176,0.00499999999999545
"2019-01-16 13:24:00",5248,-0.0124999999999957
"2019-01-16 13:25:00",4635,0.00750000000000028
"2019-01-16 13:26:00",3983,-0.0100000000000051
"2019-01-16 13:27:00",19166,0.0100000000000051
"2019-01-16 13:28:00",11410,0.029999999999994
"2019-01-16 13:29:00",3894,0.0300000000000011
"2019-01-16 13:30:00",3885,0.0163000000000011
"2019-01-16 13:31:00",9618,0.0437000000000012
"2019-01-16 13:32:00",22598,0
"2019-01-16 13:33:00",3692,0.0249999999999986
"2019-01-16 13:34:00",3738,0
"2019-01-16 13:35:00",1600,-0.00500000000000256
"2019-01-16 13:36:00",2287,-0.00329999999999586
"2019-01-16 13:37:00",840,-0.0166000000000039
"2019-01-16 13:38:00",9100,-9.99999999962142e-05
"2019-01-16 13:39:00",4108,0.019999999999996
"2019-01-16 13:40:00",6646,0.0300000000000011
"2019-01-16 13:41:00",6646,0
"2019-01-16 13:42:00",6021,0.0100000000000051
"2019-01-16 13:43:00",8369,-0.0150000000000006
"2019-01-16 13:44:00",7545,-0.0150000000000006
"2019-01-16 13:45:00",2880,-0.0200000000000031
"2019-01-16 13:46:00",2163,-0.0161999999999978
"2019-01-16 13:47:00",7214,-0.00379999999999825
"2019-01-16 13:48:00",1440,0.00999999999999801
"2019-01-16 13:49:00",1812,0
"2019-01-16 13:50:00",700,-0.0140000000000029
"2019-01-16 13:51:00",1593,-0.0200999999999993
"2019-01-16 13:52:00",3883,-0.0559000000000012
"2019-01-16 13:53:00",12505,0.0132000000000048
"2019-01-16 13:54:00",2406,-0.0319000000000003
"2019-01-16 13:55:00",2489,0.0287000000000006
"2019-01-16 13:56:00",5507,0.00999999999999801
"2019-01-16 13:57:00",1095,-0.00999999999999801
"2019-01-16 13:58:00",3825,0.00999999999999801
"2019-01-16 13:59:00",3216,0.00999999999999801
"2019-01-16 14:00:00",6326,0.0300000000000011
"2019-01-16 14:01:00",4019,0
"2019-01-16 14:02:00",2992,-0.00999999999999801
"2019-01-16 14:03:00",3650,0.00999999999999801
"2019-01-16 14:04:00",5590,0.0300000000000011
"2019-01-16 14:05:00",4412,-0.0347999999999971
"2019-01-16 14:06:00",1423,-0.00400000000000489
"2019-01-16 14:07:00",12581,-0.0161999999999978
"2019-01-16 14:08:00",4920,-0.00500000000000256
"2019-01-16 14:09:00",1843,0.00460000000000349
"2019-01-16 14:10:00",4966,0.0153999999999996
"2019-01-16 14:11:00",1319,0.00999999999999801
"2019-01-16 14:12:00",3548,-0.00500000000000256
"2019-01-16 14:13:00",3284,0.00500000000000256
"2019-01-16 14:14:00",1147,-0.00500000000000256
"2019-01-16 14:15:00",3816,-0.0229999999999961
"2019-01-16 14:16:00",4952,0.0279999999999987
"2019-01-16 14:17:00",1765,0.0200000000000031
"2019-01-16 14:18:00",965,0
"2019-01-16 14:19:00",2166,-0.0100000000000051
"2019-01-16 14:20:00",400,0.0100000000000051
"2019-01-16 14:21:00",7600,-0.0200000000000031
"2019-01-16 14:22:00",6463,-0.00999999999999801
"2019-01-16 14:23:00",7861,0
"2019-01-16 14:24:00",3225,-0.00999999999999801
"2019-01-16 14:25:00",900,-0.0100000000000051
"2019-01-16 14:26:00",4995,0.00500000000000256
"2019-01-16 14:27:00",2100,0.0150000000000006
"2019-01-16 14:28:00",3757,-0.0350000000000037
"2019-01-16 14:29:00",6920,0.0350000000000037
"2019-01-16 14:30:00",5093,0
"2019-01-16 14:31:00",7393,-0.0200000000000031
"2019-01-16 14:32:00",9716,-0.0399999999999991
"2019-01-16 14:33:00",4261,0.0149000000000044
"2019-01-16 14:34:00",5186,0.00509999999999877
"2019-01-16 14:35:00",10678,0.0599999999999952
"2019-01-16 14:36:00",5322,-0.019999999999996
"2019-01-16 14:37:00",2454,0
"2019-01-16 14:38:00",1866,-0.00999999999999801
"2019-01-16 14:39:00",7848,0
"2019-01-16 14:40:00",10730,0.00999999999999801
"2019-01-16 14:41:00",5261,-0.00999999999999801
"2019-01-16 14:42:00",10788,0.00999999999999801
"2019-01-16 14:43:00",7776,0
"2019-01-16 14:44:00",6952,0.00999999999999801
"2019-01-16 14:45:00",20628,-0.0399999999999991
"2019-01-16 14:46:00",6413,-0.00999999999999801
"2019-01-16 14:47:00",7638,0
"2019-01-16 14:48:00",14130,0.00399999999999778
"2019-01-16 14:49:00",9839,0.000999999999997669
"2019-01-16 14:50:00",11164,0.0100000000000051
"2019-01-16 14:51:00",7913,0.00150000000000006
"2019-01-16 14:52:00",20114,-0.0165000000000006
"2019-01-16 14:53:00",8513,0
"2019-01-16 14:54:00",34078,0.019999999999996
"2019-01-16 14:55:00",26010,-0.0249999999999986
"2019-01-16 14:56:00",18757,-0.0300000000000011
"2019-01-16 14:57:00",32583,-0.0349999999999966
"2019-01-16 14:58:00",35949,0.00999999999999801
"2019-01-16 14:59:00",85832,0.0200000000000031
"2019-01-16 15:02:00",42213,0.00999999999999801
"2019-01-16 15:15:00",0,0
"2019-01-17 08:30:00",38131,-0.57
"2019-01-17 08:31:00",5470,-0.0200000000000031
"2019-01-17 08:32:00",11855,0.0900000000000034
"2019-01-17 08:33:00",11007,0.0349999999999966
"2019-01-17 08:34:00",4600,-0.0150000000000006
"2019-01-17 08:35:00",8469,0
"2019-01-17 08:36:00",3547,0.0450000000000017
"2019-01-17 08:37:00",3493,-0.00499999999999545
"2019-01-17 08:38:00",2325,-0.0157000000000025
"2019-01-17 08:39:00",3137,-0.0643000000000029
"2019-01-17 08:40:00",5624,0.0100000000000051
"2019-01-17 08:41:00",10696,-0.0300000000000011
"2019-01-17 08:42:00",7363,0.019999999999996
"2019-01-17 08:43:00",7603,-0.019999999999996
"2019-01-17 08:44:00",6182,0
"2019-01-17 08:45:00",6488,0
"2019-01-17 08:46:00",2400,0.00499999999999545
"2019-01-17 08:47:00",3784,-0.0249999999999986
"2019-01-17 08:48:00",4890,0.0600000000000023
"2019-01-17 08:49:00",3160,-0.0200000000000031
"2019-01-17 08:50:00",5542,0.0100000000000051
"2019-01-17 08:51:00",2523,-0.0500000000000043
"2019-01-17 08:52:00",2096,0.0799999999999983
"2019-01-17 08:53:00",5083,0
"2019-01-17 08:54:00",1500,-0.00999999999999801
"2019-01-17 08:55:00",2100,0.0399999999999991
"2019-01-17 08:56:00",10476,0.0100000000000051
"2019-01-17 08:57:00",1757,-0.0350000000000037
"2019-01-17 08:58:00",6469,0.0350000000000037
"2019-01-17 08:59:00",2291,-0.0400000000000063
"2019-01-17 09:00:00",7545,-0.0399999999999991
"2019-01-17 09:01:00",1670,0.0399999999999991
"2019-01-17 09:02:00",7552,-0.0399999999999991
"2019-01-17 09:03:00",13116,-0.0300000000000011
"2019-01-17 09:04:00",1800,0.0549999999999997
"2019-01-17 09:05:00",3462,-0.0249999999999986
"2019-01-17 09:06:00",1200,0
"2019-01-17 09:07:00",2511,-0.00999999999999801
"2019-01-17 09:08:00",1243,-0.00999999999999801
"2019-01-17 09:09:00",2900,-0.0100000000000051
"2019-01-17 09:10:00",2722,0.0400000000000063
"2019-01-17 09:11:00",2450,-0.0046999999999997
"2019-01-17 09:12:00",1384,0.0346999999999937
"2019-01-17 09:13:00",4330,0.0100000000000051
"2019-01-17 09:14:00",964,-0.00500000000000256
"2019-01-17 09:15:00",2764,0.0150000000000006
"2019-01-17 09:16:00",3400,0.00999999999999801
"2019-01-17 09:17:00",900,-0.019999999999996
"2019-01-17 09:18:00",5983,-0.0700000000000003
"2019-01-17 09:19:00",1051,0
"2019-01-17 09:20:00",5935,-0.0399999999999991
"2019-01-17 09:21:00",2821,0.0399999999999991
"2019-01-17 09:22:00",807,0.019999999999996
"2019-01-17 09:23:00",2421,0.0200000000000031
"2019-01-17 09:24:00",5297,0.019999999999996
"2019-01-17 09:25:00",2622,-0.00999999999999801
"2019-01-17 09:26:00",8492,0.0200000000000031
"2019-01-17 09:27:00",457,0.0300000000000011
"2019-01-17 09:28:00",666,-0.0100000000000051
"2019-01-17 09:29:00",4849,0.0500000000000043
"2019-01-17 09:30:00",1500,-0.0399999999999991
"2019-01-17 09:31:00",2526,0.0200999999999993
"2019-01-17 09:32:00",2800,0.0198999999999998
"2019-01-17 09:33:00",4545,0
"2019-01-17 09:34:00",1903,0.00219999999999487
"2019-01-17 09:35:00",3500,-0.0122
"2019-01-17 09:36:00",4024,-0.0399999999999991
"2019-01-17 09:37:00",4396,-0.019999999999996
"2019-01-17 09:38:00",5267,-0.0200000000000031
"2019-01-17 09:39:00",9100,-0.0399999999999991
"2019-01-17 09:40:00",1673,0.0300000000000011
"2019-01-17 09:41:00",6103,0.00999999999999801
"2019-01-17 09:42:00",3214,-0.0600000000000023
"2019-01-17 09:43:00",16522,0.00650000000000261
"2019-01-17 09:44:00",7239,-0.0114999999999981
"2019-01-17 09:45:00",4260,-0.00500000000000256
"2019-01-17 09:46:00",2162,-0.00999999999999801
"2019-01-17 09:47:00",10091,0.0300000000000011
"2019-01-17 09:48:00",1451,0.00999999999999801
"2019-01-17 09:49:00",2115,-0.00999999999999801
"2019-01-17 09:50:00",4243,0
"2019-01-17 09:51:00",4477,0.00999999999999801
"2019-01-17 09:52:00",10510,0.0150000000000006
"2019-01-17 09:53:00",9165,0.0150000000000006
"2019-01-17 09:54:00",6904,0.0300000000000011
"2019-01-17 09:55:00",5673,0.0399999999999991
"2019-01-17 09:56:00",1990,0.00999999999999801
"2019-01-17 09:57:00",2500,-0.0300000000000011
"2019-01-17 09:58:00",2830,0.0100000000000051
"2019-01-17 09:59:00",5669,-0.0100000000000051
"2019-01-17 10:00:00",21058,-0.00999999999999801
"2019-01-17 10:01:00",3994,0.00999999999999801
"2019-01-17 10:02:00",3210,-0.00999999999999801
"2019-01-17 10:03:00",2418,-0.0319000000000003
"2019-01-17 10:04:00",7008,-0.00809999999999889
"2019-01-17 10:05:00",58423,0.0700000000000003
"2019-01-17 10:06:00",2082,0.0300000000000011
"2019-01-17 10:07:00",3418,-0.0300000000000011
"2019-01-17 10:08:00",4370,0.00999999999999801
"2019-01-17 10:09:00",2934,0
"2019-01-17 10:10:00",8754,0.0099000000000018
"2019-01-17 10:11:00",3337,-0.0298999999999978
"2019-01-17 10:12:00",1454,-0.00500000000000256
"2019-01-17 10:13:00",2978,-0.00500000000000256
"2019-01-17 10:14:00",3259,0.0150000000000006
"2019-01-17 10:15:00",6185,0.0249999999999986
"2019-01-17 10:16:00",13327,0
"2019-01-17 10:17:00",4719,0.0100000000000051
"2019-01-17 10:18:00",9984,-0.0700000000000003
"2019-01-17 10:19:00",4200,0
"2019-01-17 10:20:00",4530,0.019999999999996
"2019-01-17 10:21:00",4354,0
"2019-01-17 10:22:00",2854,-0.000699999999994816
"2019-01-17 10:23:00",1318,-0.0193000000000012
"2019-01-17 10:24:00",4156,-0.00500000000000256
"2019-01-17 10:25:00",3300,-0.0150000000000006
"2019-01-17 10:26:00",3800,-0.00999999999999801
"2019-01-17 10:27:00",4090,0
"2019-01-17 10:28:00",3559,-0.00999999999999801
"2019-01-17 10:29:00",4964,0.029999999999994
"2019-01-17 10:30:00",2948,0.0100000000000051
"2019-01-17 10:31:00",2498,-0.00500000000000256
"2019-01-17 10:32:00",3777,0.0150000000000006
"2019-01-17 10:33:00",2402,0.0300000000000011
"2019-01-17 10:34:00",4129,0
"2019-01-17 10:35:00",5163,0.0150000000000006
"2019-01-17 10:36:00",1477,0.0150000000000006
"2019-01-17 10:37:00",2639,0.019999999999996
"2019-01-17 10:38:00",1717,-0.019999999999996
"2019-01-17 10:39:00",4286,0.0150000000000006
"2019-01-17 10:40:00",400,0.00999999999999801
"2019-01-17 10:41:00",1694,-0.00999999999999801
"2019-01-17 10:42:00",1464,-0.0131000000000014
"2019-01-17 10:43:00",700,-0.00189999999999912
"2019-01-17 10:44:00",1231,0.00999999999999801
"2019-01-17 10:45:00",6700,0.00999999999999801
"2019-01-17 10:46:00",1500,-0.0249999999999986
"2019-01-17 10:47:00",1750,-0.0150000000000006
"2019-01-17 10:48:00",300,-0.019999999999996
"2019-01-17 10:49:00",1130,0.00339999999999918
"2019-01-17 10:50:00",3525,-0.015900000000002
"2019-01-17 10:51:00",2414,0.024799999999999
"2019-01-17 10:52:00",400,-0.00730000000000075
"2019-01-17 10:53:00",400,-0.019999999999996
"2019-01-17 10:54:00",1881,0.00999999999999801
"2019-01-17 10:55:00",2000,0.0150000000000006
"2019-01-17 10:56:00",2700,0.0249999999999986
"2019-01-17 10:57:00",1700,-0.00999999999999801
"2019-01-17 10:58:00",920,0.0208999999999975
"2019-01-17 10:59:00",1080,-0.015900000000002
"2019-01-17 11:00:00",6106,-0.029999999999994
"2019-01-17 11:01:00",3100,-0.00500000000000256
"2019-01-17 11:02:00",1000,-0.00999999999999801
"2019-01-17 11:03:00",2775,0.0249999999999986
"2019-01-17 11:04:00",4636,-0.0249999999999986
"2019-01-17 11:05:00",4189,0.00999999999999801
"2019-01-17 11:06:00",200,-0.00500000000000256
"2019-01-17 11:07:00",600,-0.0208999999999975
"2019-01-17 11:08:00",916,0.015900000000002
"2019-01-17 11:09:00",2733,-0.00140000000000384
"2019-01-17 11:10:00",1500,0.0213999999999999
"2019-01-17 11:11:00",1200,0.00249999999999773
"2019-01-17 11:12:00",3430,0.0424000000000007
"2019-01-17 11:13:00",2600,0.0350999999999999
"2019-01-17 11:14:00",2253,-0.00999999999999801
"2019-01-17 11:15:00",1400,0.0249999999999986
"2019-01-17 11:16:00",2885,0
"2019-01-17 11:17:00",1872,-0.00869999999999749
"2019-01-17 11:18:00",1137,0.0187000000000026
"2019-01-17 11:19:00",1265,-0.0200999999999993
"2019-01-17 11:20:00",1865,0.0100999999999942
"2019-01-17 11:21:00",300,-0.0178999999999974
"2019-01-17 11:22:00",4238,0.00430000000000064
"2019-01-17 11:23:00",449,0.00359999999999872
"2019-01-17 11:24:00",2366,-0.0200000000000031
"2019-01-17 11:25:00",3000,0
"2019-01-17 11:26:00",1896,0.00500000000000256
"2019-01-17 11:27:00",448,-0.0123999999999995
"2019-01-17 11:28:00",1915,-0.0125999999999991
"2019-01-17 11:29:00",5150,0.0150000000000006
"2019-01-17 11:30:00",776,-0.00509999999999877
"2019-01-17 11:31:00",1200,-0.0099000000000018
"2019-01-17 11:32:00",900,0.019999999999996
"2019-01-17 11:33:00",1507,-0.0124999999999957
"2019-01-17 11:34:00",3579,0.00249999999999773
"2019-01-17 11:35:00",1207,0
"2019-01-17 11:36:00",1600,-0.00499999999999545
"2019-01-17 11:37:00",2733,0.00499999999999545
"2019-01-17 11:38:00",1162,0.00999999999999801
"2019-01-17 11:39:00",3580,0.0400000000000063
"2019-01-17 11:40:00",2492,-0.00340000000000629
"2019-01-17 11:41:00",386,-0.00659999999999883
"2019-01-17 11:42:00",300,-0.0300000000000011
"2019-01-17 11:43:00",200,0.0200000000000031
"2019-01-17 11:44:00",574,-9.99999999962142e-05
"2019-01-17 11:45:00",700,9.99999999962142e-05
"2019-01-17 11:46:00",1826,-0.0262999999999991
"2019-01-17 11:47:00",2816,-0.0236999999999981
"2019-01-17 11:48:00",1445,0.019999999999996
"2019-01-17 11:49:00",7178,0
"2019-01-17 11:50:00",500,0
"2019-01-17 11:51:00",1750,-0.00999999999999801
"2019-01-17 11:52:00",1350,-0.00659999999999883
"2019-01-17 11:53:00",3359,-0.0149000000000044
"2019-01-17 11:54:00",1550,0.0115000000000052
"2019-01-17 11:55:00",2100,0
"2019-01-17 11:56:00",2136,0.00130000000000052
"2019-01-17 11:57:00",1685,-0.0313000000000017
"2019-01-17 11:58:00",1300,-0.00999999999999801
"2019-01-17 11:59:00",368,0.0163999999999973
"2019-01-17 12:00:00",1666,0.0234999999999985
"2019-01-17 12:01:00",2733,0.0063999999999993
"2019-01-17 12:02:00",4995,0.0236999999999981
"2019-01-17 12:03:00",5072,0
"2019-01-17 12:04:00",1933,0.00400000000000489
"2019-01-17 12:05:00",2340,0.0159999999999982
"2019-01-17 12:06:00",1250,-0.00999999999999801
"2019-01-17 12:07:00",998,0.00999999999999801
"2019-01-17 12:08:00",3742,0
"2019-01-17 12:09:00",600,0.00999999999999801
"2019-01-17 12:10:00",1000,-0.00999999999999801
"2019-01-17 12:11:00",1646,0.0200000000000031
"2019-01-17 12:12:00",1390,-0.0100000000000051
"2019-01-17 12:13:00",1741,0.0100000000000051
"2019-01-17 12:14:00",2000,-0.0100000000000051
"2019-01-17 12:15:00",821,-0.00999999999999801
"2019-01-17 12:16:00",750,0.00999999999999801
"2019-01-17 12:17:00",2399,0.0399999999999991
"2019-01-17 12:18:00",1658,0
"2019-01-17 12:19:00",1100,0.0100000000000051
"2019-01-17 12:20:00",2297,0.0249999999999986
"2019-01-17 12:21:00",5791,0.0416999999999987
"2019-01-17 12:22:00",5433,-0.00670000000000215
"2019-01-17 12:23:00",100,0.00500000000000256
"2019-01-17 12:24:00",19347,0.0315000000000012
"2019-01-17 12:25:00",14162,0.0135000000000005
"2019-01-17 12:26:00",853,0
"2019-01-17 12:27:00",1745,-0.00999999999999801
"2019-01-17 12:28:00",2994,0.0182999999999964
"2019-01-17 12:29:00",5323,0.00160000000000338
"2019-01-17 12:30:00",1829,-0.00490000000000634
"2019-01-17 12:31:00",2102,-0.0149999999999935
"2019-01-17 12:32:00",2582,0
"2019-01-17 12:33:00",1865,0.0160999999999945
"2019-01-17 12:34:00",5880,-0.00110000000000099
"2019-01-17 12:35:00",932,-0.0192999999999941
"2019-01-17 12:36:00",100,-0.00270000000000437
"2019-01-17 12:37:00",2154,-0.0229999999999961
"2019-01-17 12:38:00",1800,0.00499999999999545
"2019-01-17 12:39:00",8665,-0.00389999999999446
"2019-01-17 12:40:00",3870,0.0238999999999976
"2019-01-17 12:41:00",4151,0.00690000000000168
"2019-01-17 12:42:00",949,-0.0120000000000005
"2019-01-17 12:43:00",4731,-0.00489999999999924
"2019-01-17 12:44:00",410,0
"2019-01-17 12:45:00",3582,0.00999999999999801
"2019-01-17 12:46:00",1847,0.0150000000000006
"2019-01-17 12:47:00",4209,0.0150000000000006
"2019-01-17 12:48:00",2770,0.0150000000000006
"2019-01-17 12:49:00",4296,0
"2019-01-17 12:50:00",1895,-0.0215999999999994
"2019-01-17 12:51:00",600,-0.0234000000000023
"2019-01-17 12:52:00",1554,-0.0150000000000006
"2019-01-17 12:53:00",100,0
"2019-01-17 12:54:00",2143,0.0167000000000002
"2019-01-17 12:55:00",800,-0.00169999999999959
"2019-01-17 12:56:00",930,0
"2019-01-17 12:57:00",100,-0.00500000000000256
"2019-01-17 12:58:00",2602,0.017000000000003
"2019-01-17 12:59:00",1985,0.0229999999999961
"2019-01-17 13:00:00",3536,-0.00999999999999801
"2019-01-17 13:01:00",2400,0
"2019-01-17 13:02:00",6337,0.00500000000000256
"2019-01-17 13:03:00",3816,0.019999999999996
"2019-01-17 13:04:00",5859,-0.00999999999999801
"2019-01-17 13:05:00",2124,-0.00500000000000256
"2019-01-17 13:06:00",2316,-0.0150000000000006
"2019-01-17 13:07:00",4001,0.00500000000000256
"2019-01-17 13:08:00",3295,0
"2019-01-17 13:09:00",1700,-0.00999999999999801
"2019-01-17 13:10:00",1545,0.019999999999996
"2019-01-17 13:11:00",2107,-0.019999999999996
"2019-01-17 13:12:00",1167,-0.000599999999998602
"2019-01-17 13:13:00",1948,0.00559999999999405
"2019-01-17 13:14:00",1113,0
"2019-01-17 13:15:00",2728,0.00500000000000256
"2019-01-17 13:16:00",2951,0.0300000000000011
"2019-01-17 13:17:00",968,-0.00999999999999801
"2019-01-17 13:18:00",425,-0.00500000000000256
"2019-01-17 13:19:00",415,0.00500000000000256
"2019-01-17 13:20:00",1511,-0.0100000000000051
"2019-01-17 13:21:00",6221,-0.00499999999999545
"2019-01-17 13:22:00",1392,-0.0100000000000051
"2019-01-17 13:23:00",1427,0.00500000000000256
"2019-01-17 13:24:00",1335,0.00999999999999801
"2019-01-17 13:25:00",2211,-0.029999999999994
"2019-01-17 13:26:00",8951,0.00999999999999801
"2019-01-17 13:27:00",1627,0.0248999999999953
"2019-01-17 13:28:00",854,-0.00799999999999557
"2019-01-17 13:29:00",1803,0.00979999999999848
"2019-01-17 13:30:00",3453,0.013300000000001
"2019-01-17 13:31:00",100,0.00999999999999801
"2019-01-17 13:32:00",6838,-0.0300000000000011
"2019-01-17 13:33:00",2050,-0.00999999999999801
"2019-01-17 13:34:00",700,0
"2019-01-17 13:35:00",635,0.0150000000000006
"2019-01-17 13:36:00",2921,-0.000900000000001455
"2019-01-17 13:37:00",4200,-0.0191000000000017
"2019-01-17 13:38:00",9577,0.0750000000000028
"2019-01-17 13:39:00",5937,0.0399999999999991
"2019-01-17 13:40:00",15135,0.0900000000000034
"2019-01-17 13:41:00",8768,0.0499999999999972
"2019-01-17 13:42:00",2433,0
"2019-01-17 13:43:00",2950,0.0300000000000011
"2019-01-17 13:44:00",10029,0.0499999999999972
"2019-01-17 13:45:00",15376,0.0549999999999997
"2019-01-17 13:46:00",8134,-0.00499999999999545
"2019-01-17 13:47:00",11466,0.00499999999999545
"2019-01-17 13:48:00",16608,-0.00499999999999545
"2019-01-17 13:49:00",19310,0.0300000000000011
"2019-01-17 13:50:00",4747,0.019999999999996
"2019-01-17 13:51:00",16284,-0.0799999999999983
"2019-01-17 13:52:00",2420,-0.0300000000000011
"2019-01-17 13:53:00",4892,0.0200000000000031
"2019-01-17 13:54:00",1489,-0.0600000000000023
"2019-01-17 13:55:00",12199,-0.054000000000002
"2019-01-17 13:56:00",3940,-0.0360000000000014
"2019-01-17 13:57:00",4769,0
"2019-01-17 13:58:00",1900,0.0300000000000011
"2019-01-17 13:59:00",550,-0.013300000000001
"2019-01-17 14:00:00",3933,-0.0366999999999962
"2019-01-17 14:01:00",1783,0
"2019-01-17 14:02:00",2880,0
"2019-01-17 14:03:00",4074,-0.0500000000000043
"2019-01-17 14:04:00",4803,0
"2019-01-17 14:05:00",2808,0.0100000000000051
"2019-01-17 14:06:00",4388,0.019999999999996
"2019-01-17 14:07:00",1575,0.0300000000000011
"2019-01-17 14:08:00",853,0.00319999999999965
"2019-01-17 14:09:00",3840,-0.0131999999999977
"2019-01-17 14:10:00",7002,-0.0300000000000011
"2019-01-17 14:11:00",4610,0.0600000000000023
"2019-01-17 14:12:00",4328,-0.0399999999999991
"2019-01-17 14:13:00",1435,0
"2019-01-17 14:14:00",3145,0
"2019-01-17 14:15:00",3700,-0.0100000000000051
"2019-01-17 14:16:00",2165,0
"2019-01-17 14:17:00",1565,0.0100000000000051
"2019-01-17 14:18:00",2722,-0.0100000000000051
"2019-01-17 14:19:00",3515,0.0300000000000011
"2019-01-17 14:20:00",4329,0.00999999999999801
"2019-01-17 14:21:00",3523,0
"2019-01-17 14:22:00",2409,0
"2019-01-17 14:23:00",4308,0
"2019-01-17 14:24:00",1931,-0.019999999999996
"2019-01-17 14:25:00",10301,-0.0300000000000011
"2019-01-17 14:26:00",4100,0.0399999999999991
"2019-01-17 14:27:00",4521,0.0399999999999991
"2019-01-17 14:28:00",2649,0.0300000000000011
"2019-01-17 14:29:00",3000,0.0300000000000011
"2019-01-17 14:30:00",6100,0.0300000000000011
"2019-01-17 14:31:00",1879,0.00999999999999801
"2019-01-17 14:32:00",3721,0.00999999999999801
"2019-01-17 14:33:00",4605,0.0100000000000051
"2019-01-17 14:34:00",3366,0.0150000000000006
"2019-01-17 14:35:00",6286,-0.00500000000000256
"2019-01-17 14:36:00",1526,-0.0200000000000031
"2019-01-17 14:37:00",2306,0
"2019-01-17 14:38:00",2243,-0.0145999999999944
"2019-01-17 14:39:00",2776,-0.0104000000000042
"2019-01-17 14:40:00",3935,0.0150000000000006
"2019-01-17 14:41:00",3184,0.0035000000000025
"2019-01-17 14:42:00",2855,-0.0285000000000011
"2019-01-17 14:43:00",2515,-0.0200000000000031
"2019-01-17 14:44:00",7866,-0.00499999999999545
"2019-01-17 14:45:00",18789,-0.0200000000000031
"2019-01-17 14:46:00",6553,0
"2019-01-17 14:47:00",5344,0.00500000000000256
"2019-01-17 14:48:00",9439,0.00999999999999801
"2019-01-17 14:49:00",3644,-0.00500000000000256
"2019-01-17 14:50:00",6215,-0.0449999999999946
"2019-01-17 14:51:00",3621,-0.00500000000000256
"2019-01-17 14:52:00",7936,0.0249999999999986
"2019-01-17 14:53:00",9865,0.0249999999999986
"2019-01-17 14:54:00",11222,0.0200000000000031
"2019-01-17 14:55:00",11853,-0.00500000000000256
"2019-01-17 14:56:00",10514,0
"2019-01-17 14:57:00",12923,-0.00130000000000052
"2019-01-17 14:58:00",22107,0.00130000000000052
"2019-01-17 14:59:00",38274,-0.00499999999999545
"2019-01-17 15:02:00",15667,0.0499999999999972
"2019-01-17 15:15:00",0,0
"2019-01-18 08:30:00",56357,0.789999999999999
"2019-01-18 08:31:00",13486,0.00999999999999801
"2019-01-18 08:32:00",12242,-0.00999999999999801
"2019-01-18 08:33:00",13234,-0.019999999999996
"2019-01-18 08:34:00",17252,-0.0350000000000037
"2019-01-18 08:35:00",17269,0.0450000000000017
"2019-01-18 08:36:00",6300,0.0499999999999972
"2019-01-18 08:37:00",10504,-0.00499999999999545
"2019-01-18 08:38:00",5618,-0.0150000000000006
"2019-01-18 08:39:00",7333,0.00999999999999801
"2019-01-18 08:40:00",12155,0.0700000000000003
"2019-01-18 08:41:00",10892,-0.0300000000000011
"2019-01-18 08:42:00",9495,-0.0499999999999972
"2019-01-18 08:43:00",6483,-0.0300000000000011
"2019-01-18 08:44:00",22434,-0.0200000000000031
"2019-01-18 08:45:00",11623,0.00500000000000256
"2019-01-18 08:46:00",15366,-0.00500000000000256
"2019-01-18 08:47:00",13459,0.0500000000000043
"2019-01-18 08:48:00",18104,0.00999999999999801
"2019-01-18 08:49:00",19163,-0.00999999999999801
"2019-01-18 08:50:00",13341,-0.0300000000000011
"2019-01-18 08:51:00",12304,-0.00999999999999801
"2019-01-18 08:52:00",14287,0.019999999999996
"2019-01-18 08:53:00",13641,0.0200000000000031
"2019-01-18 08:54:00",9500,-0.0300000000000011
"2019-01-18 08:55:00",13542,-0.0500000000000043
"2019-01-18 08:56:00",16450,0.0100000000000051
"2019-01-18 08:57:00",16817,-0.0450000000000017
"2019-01-18 08:58:00",9534,0.0150000000000006
"2019-01-18 08:59:00",18440,0.00999999999999801
"2019-01-18 09:00:00",4456,0.00999999999999801
"2019-01-18 09:01:00",4827,-0.019999999999996
"2019-01-18 09:02:00",6625,-0.00999999999999801
"2019-01-18 09:03:00",11057,-0.0300000000000011
"2019-01-18 09:04:00",3289,0.019999999999996
"2019-01-18 09:05:00",6428,-0.00999999999999801
"2019-01-18 09:06:00",15765,0.0499999999999972
"2019-01-18 09:07:00",11298,-0.0899999999999963
"2019-01-18 09:08:00",7165,0.0600000000000023
"2019-01-18 09:09:00",5344,-0.0200000000000031
"2019-01-18 09:10:00",7715,0.0900000000000034
"2019-01-18 09:11:00",3600,-0.0100000000000051
"2019-01-18 09:12:00",5000,-0.019999999999996
"2019-01-18 09:13:00",3150,0
"2019-01-18 09:14:00",2630,0.0499999999999972
"2019-01-18 09:15:00",9688,0
"2019-01-18 09:16:00",7370,0.0200000000000031
"2019-01-18 09:17:00",13488,-0.00110000000000099
"2019-01-18 09:18:00",4870,0.00110000000000099
"2019-01-18 09:19:00",56341,0.219999999999999
"2019-01-18 09:20:00",20198,0
"2019-01-18 09:21:00",9441,-0.100000000000001
"2019-01-18 09:22:00",14307,0.100000000000001
"2019-01-18 09:23:00",8113,-0.0300000000000011
"2019-01-18 09:24:00",9836,-0.0200000000000031
"2019-01-18 09:25:00",9325,-0.019999999999996
"2019-01-18 09:26:00",5214,-0.0350000000000037
"2019-01-18 09:27:00",14902,-0.0249999999999986
"2019-01-18 09:28:00",9100,-0.0499999999999972
"2019-01-18 09:29:00",15150,-0.0200000000000031
"2019-01-18 09:30:00",15686,0.0200000000000031
"2019-01-18 09:31:00",5100,0.0300000000000011
"2019-01-18 09:32:00",8761,-0.0300000000000011
"2019-01-18 09:33:00",4720,0.0499999999999972
"2019-01-18 09:34:00",2968,0.0300000000000011
"2019-01-18 09:35:00",4296,0.00999999999999801
"2019-01-18 09:36:00",5027,-0.029999999999994
"2019-01-18 09:37:00",1809,-0.0200000000000031
"2019-01-18 09:38:00",11930,-0.0450000000000017
"2019-01-18 09:39:00",8838,-0.0450000000000017
"2019-01-18 09:40:00",3937,0
"2019-01-18 09:41:00",5015,0.0700000000000003
"2019-01-18 09:42:00",3404,0.0400000000000063
"2019-01-18 09:43:00",16445,0.0399999999999991
"2019-01-18 09:44:00",14403,-0.0200000000000031
"2019-01-18 09:45:00",4700,0.0300000000000011
"2019-01-18 09:46:00",6558,0.00999999999999801
"2019-01-18 09:47:00",2974,0.0300000000000011
"2019-01-18 09:48:00",8886,-0.0200000000000031
"2019-01-18 09:49:00",5698,0.0100000000000051
"2019-01-18 09:50:00",5200,0.0233999999999952
"2019-01-18 09:51:00",3700,0.00660000000000593
"2019-01-18 09:52:00",9265,0.00999999999999801
"2019-01-18 09:53:00",8086,0.0300000000000011
"2019-01-18 09:54:00",5749,-0.0200000000000031
"2019-01-18 09:55:00",6448,0.0399999999999991
"2019-01-18 09:56:00",3763,-0.00999999999999801
"2019-01-18 09:57:00",3096,-0.0600000000000023
"2019-01-18 09:58:00",6264,-0.00999999999999801
"2019-01-18 09:59:00",2335,0.0399999999999991
"2019-01-18 10:00:00",3009,-0.00329999999999586
"2019-01-18 10:01:00",3471,0.0132999999999939
"2019-01-18 10:02:00",6543,0.0200000000000031
"2019-01-18 10:03:00",2303,0
"2019-01-18 10:04:00",6000,-0.00999999999999801
"2019-01-18 10:05:00",8844,0.00999999999999801
"2019-01-18 10:06:00",3810,-0.00900000000000034
"2019-01-18 10:07:00",6090,-0.070999999999998
"2019-01-18 10:08:00",2850,-0.0138000000000034
"2019-01-18 10:09:00",4305,-0.0161999999999978
"2019-01-18 10:10:00",2908,-0.0200000000000031
"2019-01-18 10:11:00",2419,-0.00589999999999691
"2019-01-18 10:12:00",4682,-0.0041000000000011
"2019-01-18 10:13:00",22115,-0.019999999999996
"2019-01-18 10:14:00",9244,-0.0250000000000057
"2019-01-18 10:15:00",25932,0.0150000000000006
"2019-01-18 10:16:00",4039,0.0300000000000011
"2019-01-18 10:17:00",4380,-0.0499999999999972
"2019-01-18 10:18:00",9270,-0.0500000000000043
"2019-01-18 10:19:00",15427,-0.00999999999999801
"2019-01-18 10:20:00",2565,0.0450000000000017
"2019-01-18 10:21:00",7444,-0.0650000000000048
"2019-01-18 10:22:00",9963,-0.0139999999999958
"2019-01-18 10:23:00",6065,0.0640000000000001
"2019-01-18 10:24:00",8590,-0.0200000000000031
"2019-01-18 10:25:00",19547,0.0300000000000011
"2019-01-18 10:26:00",3643,-0.00999999999999801
"2019-01-18 10:27:00",4331,0.00499999999999545
"2019-01-18 10:28:00",10001,-0.0349999999999966
"2019-01-18 10:29:00",11231,0.0300000000000011
"2019-01-18 10:30:00",14892,0
"2019-01-18 10:31:00",3603,-0.00999999999999801
"2019-01-18 10:32:00",16962,-0.0900000000000034
"2019-01-18 10:33:00",30145,-0.00679999999999836
"2019-01-18 10:34:00",27669,0.0105999999999966
"2019-01-18 10:35:00",22929,-0.00379999999999825
"2019-01-18 10:36:00",18555,0.0399000000000029
"2019-01-18 10:37:00",3350,-0.00489999999999924
"2019-01-18 10:38:00",1614,-0.0150000000000006
"2019-01-18 10:39:00",3147,-0.00450000000000017
"2019-01-18 10:40:00",3608,0.0144999999999982
"2019-01-18 10:41:00",1666,0
"2019-01-18 10:42:00",3397,0.00999999999999801
"2019-01-18 10:43:00",3560,-0.0150000000000006
"2019-01-18 10:44:00",2200,0.00500000000000256
"2019-01-18 10:45:00",4973,0.0300000000000011
"2019-01-18 10:46:00",1819,0.019999999999996
"2019-01-18 10:47:00",3362,0.0200000000000031
"2019-01-18 10:48:00",2700,-0.0200000000000031
"2019-01-18 10:49:00",4481,0.00500000000000256
"2019-01-18 10:50:00",600,0.00999999999999801
"2019-01-18 10:51:00",2121,0.00500000000000256
"2019-01-18 10:52:00",6526,0
"2019-01-18 10:53:00",3324,0.00499999999999545
"2019-01-18 10:54:00",6117,0.0150000000000006
"2019-01-18 10:55:00",26141,-0.0499999999999972
"2019-01-18 10:56:00",7736,0.0549999999999997
"2019-01-18 10:57:00",6432,-0.0450000000000017
"2019-01-18 10:58:00",2184,0.0549999999999997
"2019-01-18 10:59:00",6830,-0.00499999999999545
"2019-01-18 11:00:00",4319,0.0399999999999991
"2019-01-18 11:01:00",5884,-0.0249999999999986
"2019-01-18 11:02:00",3898,-0.00500000000000256
"2019-01-18 11:03:00",4913,-0.00999999999999801
"2019-01-18 11:04:00",3996,-0.0399999999999991
"2019-01-18 11:05:00",2855,0.00999999999999801
"2019-01-18 11:06:00",3368,-0.0700000000000003
"2019-01-18 11:07:00",1482,0.00999999999999801
"2019-01-18 11:08:00",6605,-0.00499999999999545
"2019-01-18 11:09:00",1000,0.0249999999999986
"2019-01-18 11:10:00",1181,0.0300000000000011
"2019-01-18 11:11:00",6592,0.00999999999999801
"2019-01-18 11:12:00",2991,-0.0200000000000031
"2019-01-18 11:13:00",8000,0.0150000000000006
"2019-01-18 11:14:00",1919,0.0249999999999986
"2019-01-18 11:15:00",3944,0.00500000000000256
"2019-01-18 11:16:00",5176,0.0350000000000037
"2019-01-18 11:17:00",1996,-0.0301000000000045
"2019-01-18 11:18:00",2735,-0.0099000000000018
"2019-01-18 11:19:00",700,0.00500000000000256
"2019-01-18 11:20:00",3152,0.00500000000000256
"2019-01-18 11:21:00",660,-0.0100000000000051
"2019-01-18 11:22:00",4100,0
"2019-01-18 11:23:00",2200,-0.00999999999999801
"2019-01-18 11:24:00",5731,0.0200000000000031
"2019-01-18 11:25:00",1768,0.00999999999999801
"2019-01-18 11:26:00",2264,0.0200000000000031
"2019-01-18 11:27:00",6091,0
"2019-01-18 11:28:00",300,-0.00500000000000256
"2019-01-18 11:29:00",1477,-0.00500000000000256
"2019-01-18 11:30:00",540,-0.0300000000000011
"2019-01-18 11:31:00",1700,0.0200000000000031
"2019-01-18 11:32:00",2025,0.00999999999999801
"2019-01-18 11:33:00",905,-0.0366
"2019-01-18 11:34:00",1100,0.026600000000002
"2019-01-18 11:35:00",1852,0
"2019-01-18 11:36:00",300,-0.00999999999999801
"2019-01-18 11:37:00",500,-0.0099000000000018
"2019-01-18 11:38:00",600,0.0298999999999978
"2019-01-18 11:39:00",711,-0.019999999999996
"2019-01-18 11:40:00",1726,0.0300000000000011
"2019-01-18 11:41:00",2000,0.00499999999999545
"2019-01-18 11:42:00",4933,-0.00999999999999801
"2019-01-18 11:43:00",2174,-0.0516000000000005
"2019-01-18 11:44:00",2500,-0.00339999999999918
"2019-01-18 11:45:00",1550,-0.0200000000000031
"2019-01-18 11:46:00",1965,-0.019999999999996
"2019-01-18 11:47:00",1826,-0.0100000000000051
"2019-01-18 11:48:00",3933,0.00450000000000017
"2019-01-18 11:49:00",1305,-0.0194999999999936
"2019-01-18 11:50:00",3492,0.0549999999999997
"2019-01-18 11:51:00",2617,-0.0200000000000031
"2019-01-18 11:52:00",1559,-0.0300000000000011
"2019-01-18 11:53:00",1058,-0.00999999999999801
"2019-01-18 11:54:00",1674,0.0300000000000011
"2019-01-18 11:55:00",1775,-0.00500000000000256
"2019-01-18 11:56:00",1620,0.0150000000000006
"2019-01-18 11:57:00",1301,0.0300000000000011
"2019-01-18 11:58:00",812,0
"2019-01-18 11:59:00",1303,0
"2019-01-18 12:00:00",1598,-0.00999999999999801
"2019-01-18 12:01:00",525,0.0481999999999942
"2019-01-18 12:02:00",4515,0.00180000000000291
"2019-01-18 12:03:00",1100,0
"2019-01-18 12:04:00",2540,0
"2019-01-18 12:05:00",1068,-0.00999999999999801
"2019-01-18 12:06:00",528,0
"2019-01-18 12:07:00",2244,0.0150000000000006
"2019-01-18 12:08:00",2183,-0.00500000000000256
"2019-01-18 12:09:00",3075,0
"2019-01-18 12:10:00",1100,-0.014800000000001
"2019-01-18 12:11:00",1327,-0.00520000000000209
"2019-01-18 12:12:00",1750,-0.00999999999999801
"2019-01-18 12:13:00",4100,0.0182000000000002
"2019-01-18 12:14:00",950,0.00180000000000291
"2019-01-18 12:15:00",1500,-0.0399999999999991
"2019-01-18 12:16:00",168,-0.00660000000000593
"2019-01-18 12:17:00",1740,-0.0334000000000003
"2019-01-18 12:18:00",5180,-0.00999999999999801
"2019-01-18 12:19:00",5763,0
"2019-01-18 12:20:00",3551,0.00999999999999801
"2019-01-18 12:21:00",2469,0.0150000000000006
"2019-01-18 12:22:00",6169,0.0350000000000037
"2019-01-18 12:23:00",2471,0.0300000000000011
"2019-01-18 12:24:00",3233,0.00999999999999801
"2019-01-18 12:25:00",496,-0.00999999999999801
"2019-01-18 12:26:00",2499,0
"2019-01-18 12:27:00",3241,-0.00500000000000256
"2019-01-18 12:28:00",1402,0.00169999999999959
"2019-01-18 12:29:00",3552,-0.0167000000000002
"2019-01-18 12:30:00",5472,-0.00999999999999801
"2019-01-18 12:31:00",11273,0.00999999999999801
"2019-01-18 12:32:00",2500,-0.019999999999996
"2019-01-18 12:33:00",400,0
"2019-01-18 12:34:00",1748,0.019999999999996
"2019-01-18 12:35:00",3827,-0.00999999999999801
"2019-01-18 12:36:00",2454,0.019999999999996
"2019-01-18 12:37:00",5843,0.0300000000000011
"2019-01-18 12:38:00",4284,0.0200000000000031
"2019-01-18 12:39:00",2200,0
"2019-01-18 12:40:00",2823,0.0169999999999959
"2019-01-18 12:41:00",1630,-0.0169999999999959
"2019-01-18 12:42:00",2081,0.019999999999996
"2019-01-18 12:43:00",15949,0.0150000000000006
"2019-01-18 12:44:00",9122,0
"2019-01-18 12:45:00",632,0.00100000000000477
"2019-01-18 12:46:00",5545,-0.0160000000000053
"2019-01-18 12:47:00",1527,0
"2019-01-18 12:48:00",4467,-0.00459999999999638
"2019-01-18 12:49:00",9479,0.0245999999999995
"2019-01-18 12:50:00",11872,0.019999999999996
"2019-01-18 12:51:00",2612,-0.00999999999999801
"2019-01-18 12:52:00",1940,0.00999999999999801
"2019-01-18 12:53:00",2012,0
"2019-01-18 12:54:00",2460,0.0150000000000006
"2019-01-18 12:55:00",1100,0
"2019-01-18 12:56:00",400,0.00500000000000256
"2019-01-18 12:57:00",2600,0.0200000000000031
"2019-01-18 12:58:00",2141,0
"2019-01-18 12:59:00",950,0
"2019-01-18 13:00:00",8844,0.029999999999994
"2019-01-18 13:01:00",650,0
"2019-01-18 13:02:00",3021,0
"2019-01-18 13:03:00",4509,0.0100000000000051
"2019-01-18 13:04:00",5565,0.0300000000000011
"2019-01-18 13:05:00",2588,0
"2019-01-18 13:06:00",4575,-0.0100000000000051
"2019-01-18 13:07:00",13728,0
"2019-01-18 13:08:00",3785,0
"2019-01-18 13:09:00",1659,-0.00999999999999801
"2019-01-18 13:10:00",5511,0.0399999999999991
"2019-01-18 13:11:00",1320,-0.00999999999999801
"2019-01-18 13:12:00",2964,-0.0200000000000031
"2019-01-18 13:13:00",1418,-0.019999999999996
"2019-01-18 13:14:00",3985,0.019999999999996
"2019-01-18 13:15:00",2685,-0.00999999999999801
"2019-01-18 13:16:00",3988,-0.0176999999999978
"2019-01-18 13:17:00",2043,0.00769999999999982
"2019-01-18 13:18:00",1739,-0.0100000000000051
"2019-01-18 13:19:00",3078,-0.029999999999994
"2019-01-18 13:20:00",1218,0
"2019-01-18 13:21:00",4284,0.00999999999999801
"2019-01-18 13:22:00",4025,0.0368999999999957
"2019-01-18 13:23:00",5600,0.00310000000000343
"2019-01-18 13:24:00",8703,0.0499999999999972
"2019-01-18 13:25:00",6965,-0.0335999999999999
"2019-01-18 13:26:00",1519,0.00360000000000582
"2019-01-18 13:27:00",5750,-0.0400000000000063
"2019-01-18 13:28:00",3891,0.0137
"2019-01-18 13:29:00",6505,-0.0137
"2019-01-18 13:30:00",3101,0
"2019-01-18 13:31:00",3100,0.013300000000001
"2019-01-18 13:32:00",4645,-0.00329999999999586
"2019-01-18 13:33:00",1003,-0.0200000000000031
"2019-01-18 13:34:00",1401,-0.00999999999999801
"2019-01-18 13:35:00",800,0
"2019-01-18 13:36:00",3435,0.0499999999999972
"2019-01-18 13:37:00",3068,-0.00999999999999801
"2019-01-18 13:38:00",2214,0
"2019-01-18 13:39:00",800,-0.00500000000000256
"2019-01-18 13:40:00",7208,0.00500000000000256
"2019-01-18 13:41:00",2298,-0.00999999999999801
"2019-01-18 13:42:00",5988,-0.0103000000000009
"2019-01-18 13:43:00",3250,-0.0227000000000004
"2019-01-18 13:44:00",1958,0.0129999999999981
"2019-01-18 13:45:00",3336,-0.019999999999996
"2019-01-18 13:46:00",1900,0.00999999999999801
"2019-01-18 13:47:00",886,0.00999999999999801
"2019-01-18 13:48:00",7152,-0.0131999999999977
"2019-01-18 13:49:00",29872,0.00319999999999965
"2019-01-18 13:50:00",963,0.00999999999999801
"2019-01-18 13:51:00",1155,-0.00710000000000122
"2019-01-18 13:52:00",2110,0.00820000000000221
"2019-01-18 13:53:00",100,0.00390000000000157
"2019-01-18 13:54:00",3431,-0.00130000000000052
"2019-01-18 13:55:00",685,0.00130000000000052
"2019-01-18 13:56:00",4345,0
"2019-01-18 13:57:00",2168,-0.00500000000000256
"2019-01-18 13:58:00",3065,-0.00999999999999801
"2019-01-18 13:59:00",1861,-0.0200000000000031
"2019-01-18 14:00:00",2991,-0.0372999999999948
"2019-01-18 14:01:00",4693,0.00729999999999364
"2019-01-18 14:02:00",1965,-0.019999999999996
"2019-01-18 14:03:00",2595,0.0150000000000006
"2019-01-18 14:04:00",4741,0.00499999999999545
"2019-01-18 14:05:00",3322,0.0200000000000031
"2019-01-18 14:06:00",3230,0.00999999999999801
"2019-01-18 14:07:00",975,0
"2019-01-18 14:08:00",1676,-0.0075999999999965
"2019-01-18 14:09:00",3218,-0.0125000000000028
"2019-01-18 14:10:00",644,-0.00249999999999773
"2019-01-18 14:11:00",3424,0.00800000000000267
"2019-01-18 14:12:00",1800,0.00459999999999638
"2019-01-18 14:13:00",400,-0.00999999999999801
"2019-01-18 14:14:00",925,0.00499999999999545
"2019-01-18 14:15:00",1035,-0.00139999999999674
"2019-01-18 14:16:00",1963,-0.00359999999999872
"2019-01-18 14:17:00",2466,0
"2019-01-18 14:18:00",3416,0.019999999999996
"2019-01-18 14:19:00",1808,0.00010000000000332
"2019-01-18 14:20:00",5621,0.0099000000000018
"2019-01-18 14:21:00",2688,-0.0250000000000057
"2019-01-18 14:22:00",1993,0.0149000000000044
"2019-01-18 14:23:00",2066,-0.0198999999999998
"2019-01-18 14:24:00",1633,-0.0100000000000051
"2019-01-18 14:25:00",5010,0.0100000000000051
"2019-01-18 14:26:00",1238,-0.00690000000000168
"2019-01-18 14:27:00",3271,0.00690000000000168
"2019-01-18 14:28:00",2374,0.00999999999999801
"2019-01-18 14:29:00",1000,0.00500000000000256
"2019-01-18 14:30:00",5985,-0.00500000000000256
"2019-01-18 14:31:00",1286,-0.00999999999999801
"2019-01-18 14:32:00",2540,-0.0100000000000051
"2019-01-18 14:33:00",5132,0.0100000000000051
"2019-01-18 14:34:00",6196,0.00499999999999545
"2019-01-18 14:35:00",3499,0.00500000000000256
"2019-01-18 14:36:00",9779,0.0150000000000006
"2019-01-18 14:37:00",7350,-0.0150000000000006
"2019-01-18 14:38:00",9875,-0.0259999999999962
"2019-01-18 14:39:00",13714,-0.00400000000000489
"2019-01-18 14:40:00",12896,0.00630000000000308
"2019-01-18 14:41:00",10804,-0.0262999999999991
"2019-01-18 14:42:00",8587,-0.0100000000000051
"2019-01-18 14:43:00",4514,0.0100000000000051
"2019-01-18 14:44:00",8650,0.00999999999999801
"2019-01-18 14:45:00",36539,-0.0150000000000006
"2019-01-18 14:46:00",4295,0
"2019-01-18 14:47:00",4633,-0.00509999999999877
"2019-01-18 14:48:00",8272,-0.0298999999999978
"2019-01-18 14:49:00",11011,-0.0100000000000051
"2019-01-18 14:50:00",14027,0.0100000000000051
"2019-01-18 14:51:00",4823,0
"2019-01-18 14:52:00",10180,-0.0100000000000051
"2019-01-18 14:53:00",8653,-0.019999999999996
"2019-01-18 14:54:00",16331,0.019999999999996
"2019-01-18 14:55:00",25544,-0.00999999999999801
"2019-01-18 14:56:00",35162,-0.0249999999999986
"2019-01-18 14:57:00",25439,0.0118000000000009
"2019-01-18 14:58:00",46895,-0.0118000000000009
"2019-01-18 14:59:00",55033,0.0249999999999986
"2019-01-18 15:02:00",29844,0
"2019-01-18 15:15:00",0,0
"2019-01-22 08:30:00",78611,-0.984999999999999
"2019-01-22 08:31:00",23022,-0.0249999999999986
"2019-01-22 08:32:00",20057,0
"2019-01-22 08:33:00",22724,-0.0150000000000006
"2019-01-22 08:34:00",19842,0.0349999999999966
"2019-01-22 08:35:00",5858,0.0100000000000051
"2019-01-22 08:36:00",8439,0.00999999999999801
"2019-01-22 08:37:00",3016,-0.0399999999999991
"2019-01-22 08:38:00",11798,0.0700000000000003
"2019-01-22 08:39:00",3090,-0.00500000000000256
"2019-01-22 08:40:00",8298,-0.048099999999998
"2019-01-22 08:41:00",17049,-0.0168999999999997
"2019-01-22 08:42:00",9390,-0.0200000000000031
"2019-01-22 08:43:00",4080,0.0200000000000031
"2019-01-22 08:44:00",11931,-0.0300000000000011
"2019-01-22 08:45:00",17058,-0.00999999999999801
"2019-01-22 08:46:00",5760,-0.0600000000000023
"2019-01-22 08:47:00",6169,-0.00999999999999801
"2019-01-22 08:48:00",11823,-0.0500000000000043
"2019-01-22 08:49:00",9854,-0.0150000000000006
"2019-01-22 08:50:00",20645,0.0249999999999986
"2019-01-22 08:51:00",4259,0.0500000000000043
"2019-01-22 08:52:00",3670,-0.0300000000000011
"2019-01-22 08:53:00",7457,-0.0114999999999981
"2019-01-22 08:54:00",3719,0.0414999999999992
"2019-01-22 08:55:00",11547,-0.00719999999999743
"2019-01-22 08:56:00",2429,-0.0128000000000057
"2019-01-22 08:57:00",5047,0.0100000000000051
"2019-01-22 08:58:00",10792,0.0599999999999952
"2019-01-22 08:59:00",8971,-0.0499999999999972
"2019-01-22 09:00:00",4733,-0.0150000000000006
"2019-01-22 09:01:00",3868,0.0200000000000031
"2019-01-22 09:02:00",5400,-0.0200000000000031
"2019-01-22 09:03:00",11143,0.0200000000000031
"2019-01-22 09:04:00",3900,-0.0500000000000043
"2019-01-22 09:05:00",8600,-0.0249999999999986
"2019-01-22 09:06:00",7596,-0.0600000000000023
"2019-01-22 09:07:00",5241,-0.00999999999999801
"2019-01-22 09:08:00",2628,0
"2019-01-22 09:09:00",4103,0
"2019-01-22 09:10:00",11615,0.0245999999999995
"2019-01-22 09:11:00",4943,-0.0495999999999981
"2019-01-22 09:12:00",4464,-0.0251000000000019
"2019-01-22 09:13:00",2965,0.0200999999999993
"2019-01-22 09:14:00",4424,0.0499000000000009
"2019-01-22 09:15:00",6270,-0.0198999999999998
"2019-01-22 09:16:00",4799,0.0399999999999991
"2019-01-22 09:17:00",12853,-0.0300000000000011
"2019-01-22 09:18:00",12202,0.0100000000000051
"2019-01-22 09:19:00",11591,-0.0200000000000031
"2019-01-22 09:20:00",3000,0.0200000000000031
"2019-01-22 09:21:00",4283,0.019999999999996
"2019-01-22 09:22:00",11410,0.0300000000000011
"2019-01-22 09:23:00",4922,0.0300000000000011
"2019-01-22 09:24:00",8740,-0.0799999999999983
"2019-01-22 09:25:00",23988,-0.0250000000000057
"2019-01-22 09:26:00",22062,0.0100000000000051
"2019-01-22 09:27:00",4844,-0.0350000000000037
"2019-01-22 09:28:00",9135,-0.019999999999996
"2019-01-22 09:29:00",1316,0.019999999999996
"2019-01-22 09:30:00",7295,0.00999999999999801
"2019-01-22 09:31:00",7551,-0.029999999999994
"2019-01-22 09:32:00",14390,0.0548000000000002
"2019-01-22 09:33:00",4197,-0.0448000000000022
"2019-01-22 09:34:00",2318,0.0300000000000011
"2019-01-22 09:35:00",6400,-0.0100000000000051
"2019-01-22 09:36:00",5648,0.0200000000000031
"2019-01-22 09:37:00",2590,0.00999999999999801
"2019-01-22 09:38:00",12683,0
"2019-01-22 09:39:00",3483,-0.0249999999999986
"2019-01-22 09:40:00",10350,-0.0499999999999972
"2019-01-22 09:41:00",5564,0.0249999999999986
"2019-01-22 09:42:00",27813,0.00999999999999801
"2019-01-22 09:43:00",3000,0.00999999999999801
"2019-01-22 09:44:00",10032,-0.0449999999999946
"2019-01-22 09:45:00",3177,0.0150000000000006
"2019-01-22 09:46:00",2454,-0.0200000000000031
"2019-01-22 09:47:00",3176,-0.00200000000000244
"2019-01-22 09:48:00",4512,-0.00799999999999557
"2019-01-22 09:49:00",8188,-0.0350000000000037
"2019-01-22 09:50:00",8998,0.0150000000000006
"2019-01-22 09:51:00",22257,0.0200000000000031
"2019-01-22 09:52:00",8412,0.019999999999996
"2019-01-22 09:53:00",3050,-0.0198999999999998
"2019-01-22 09:54:00",4800,0.0249000000000024
"2019-01-22 09:55:00",53136,0.00500000000000256
"2019-01-22 09:56:00",12367,-0.0201000000000064
"2019-01-22 09:57:00",14531,-0.0198999999999998
"2019-01-22 09:58:00",6031,-0.0499999999999972
"2019-01-22 09:59:00",2781,-0.00999999999999801
"2019-01-22 10:00:00",13064,0.00999999999999801
"2019-01-22 10:01:00",3386,0
"2019-01-22 10:02:00",7463,0.0300000000000011
"2019-01-22 10:03:00",9230,0
"2019-01-22 10:04:00",23291,-0.00999999999999801
"2019-01-22 10:05:00",11900,-0.0200000000000031
"2019-01-22 10:06:00",6032,0.00999999999999801
"2019-01-22 10:07:00",7990,-0.0300000000000011
"2019-01-22 10:08:00",8061,-0.029999999999994
"2019-01-22 10:09:00",4521,0.029999999999994
"2019-01-22 10:10:00",2627,0.0100000000000051
"2019-01-22 10:11:00",4222,0.0300000000000011
"2019-01-22 10:12:00",41261,0.0399999999999991
"2019-01-22 10:13:00",13391,0
"2019-01-22 10:14:00",8733,0.0150000000000006
"2019-01-22 10:15:00",13735,0.0349999999999966
"2019-01-22 10:16:00",2795,0.0300000000000011
"2019-01-22 10:17:00",12195,-0.0099000000000018
"2019-01-22 10:18:00",3562,-0.0169999999999959
"2019-01-22 10:19:00",9615,0.00189999999999912
"2019-01-22 10:20:00",56347,-0.00500000000000256
"2019-01-22 10:21:00",23939,0.0300000000000011
"2019-01-22 10:22:00",22424,-0.0300000000000011
"2019-01-22 10:23:00",10331,0.00999999999999801
"2019-01-22 10:24:00",4984,0.0300000000000011
"2019-01-22 10:25:00",2004,-0.00999999999999801
"2019-01-22 10:26:00",6711,0
"2019-01-22 10:27:00",3400,-0.00999999999999801
"2019-01-22 10:28:00",7220,0
"2019-01-22 10:29:00",11535,-0.0100000000000051
"2019-01-22 10:30:00",16468,0.0100000000000051
"2019-01-22 10:31:00",7628,0.0300000000000011
"2019-01-22 10:32:00",5289,0.019999999999996
"2019-01-22 10:33:00",17151,0.00500000000000256
"2019-01-22 10:34:00",18117,0.0249999999999986
"2019-01-22 10:35:00",14395,-0.0499999999999972
"2019-01-22 10:36:00",6803,-0.0200000000000031
"2019-01-22 10:37:00",11861,-0.00999999999999801
"2019-01-22 10:38:00",8213,-0.0200000000000031
"2019-01-22 10:39:00",14185,0
"2019-01-22 10:40:00",5657,-0.0499999999999972
"2019-01-22 10:41:00",4209,-0.0300000000000011
"2019-01-22 10:42:00",1945,-0.0500000000000043
"2019-01-22 10:43:00",9437,0.0200000000000031
"2019-01-22 10:44:00",1610,-0.0300000000000011
"2019-01-22 10:45:00",2774,-0.00999999999999801
"2019-01-22 10:46:00",2269,0.00999999999999801
"2019-01-22 10:47:00",4930,0.0399999999999991
"2019-01-22 10:48:00",9626,-0.0157999999999987
"2019-01-22 10:49:00",1230,-0.00419999999999732
"2019-01-22 10:50:00",2400,-0.0100000000000051
"2019-01-22 10:51:00",2435,-9.99999999962142e-05
"2019-01-22 10:52:00",900,-0.0099000000000018
"2019-01-22 10:53:00",1720,0.00999999999999801
"2019-01-22 10:54:00",2767,-0.019999999999996
"2019-01-22 10:55:00",2273,0.00999999999999801
"2019-01-22 10:56:00",51500,0.0399999999999991
"2019-01-22 10:57:00",5818,-0.0249999999999986
"2019-01-22 10:58:00",1365,-0.0150000000000006
"2019-01-22 10:59:00",3207,-0.0150000000000006
"2019-01-22 11:00:00",3035,0.0249999999999986
"2019-01-22 11:01:00",2259,0
"2019-01-22 11:02:00",10169,-0.00999999999999801
"2019-01-22 11:03:00",5100,0.0200000000000031
"2019-01-22 11:04:00",6508,0
"2019-01-22 11:05:00",36253,0.00999999999999801
"2019-01-22 11:06:00",22879,0.0146999999999977
"2019-01-22 11:07:00",13163,0.020300000000006
"2019-01-22 11:08:00",3986,-0.0250000000000057
"2019-01-22 11:09:00",9815,0.0100000000000051
"2019-01-22 11:10:00",7285,0.0249999999999986
"2019-01-22 11:11:00",18518,0.00499999999999545
"2019-01-22 11:12:00",10803,-0.0249999999999986
"2019-01-22 11:13:00",7539,0.00160000000000338
"2019-01-22 11:14:00",8115,-0.0166000000000039
"2019-01-22 11:15:00",16764,0.00390000000000157
"2019-01-22 11:16:00",21401,0.00610000000000355
"2019-01-22 11:17:00",12518,0.019999999999996
"2019-01-22 11:18:00",8930,-0.0300000000000011
"2019-01-22 11:19:00",6370,0.00160000000000338
"2019-01-22 11:20:00",5000,-0.00160000000000338
"2019-01-22 11:21:00",4868,-0.00499999999999545
"2019-01-22 11:22:00",990,-0.00189999999999912
"2019-01-22 11:23:00",6104,0.00979999999999848
"2019-01-22 11:24:00",27277,0.00710000000000122
"2019-01-22 11:25:00",4191,-0.0250000000000057
"2019-01-22 11:26:00",6697,-0.00499999999999545
"2019-01-22 11:27:00",4551,-0.0249999999999986
"2019-01-22 11:28:00",1400,0
"2019-01-22 11:29:00",5466,0.0499999999999972
"2019-01-22 11:30:00",925,-0.00500000000000256
"2019-01-22 11:31:00",5132,-0.00789999999999935
"2019-01-22 11:32:00",6437,-0.0120999999999967
"2019-01-22 11:33:00",2341,-0.00900000000000034
"2019-01-22 11:34:00",2260,0.00209999999999866
"2019-01-22 11:35:00",3826,-0.0230999999999995
"2019-01-22 11:36:00",9550,0.0450000000000017
"2019-01-22 11:37:00",1600,-0.0200000000000031
"2019-01-22 11:38:00",930,0.0150000000000006
"2019-01-22 11:39:00",2984,-0.0200000000000031
"2019-01-22 11:40:00",2565,0.00500000000000256
"2019-01-22 11:41:00",2113,-0.00500000000000256
"2019-01-22 11:42:00",3000,-0.00499999999999545
"2019-01-22 11:43:00",1881,0
"2019-01-22 11:44:00",1590,0.00999999999999801
"2019-01-22 11:45:00",5332,0.0150000000000006
"2019-01-22 11:46:00",4000,0.00390000000000157
"2019-01-22 11:47:00",1993,0.011099999999999
"2019-01-22 11:48:00",1657,-0.00500000000000256
"2019-01-22 11:49:00",3782,0.0100000000000051
"2019-01-22 11:50:00",6024,0
"2019-01-22 11:51:00",6433,0
"2019-01-22 11:52:00",7466,-0.00800000000000267
"2019-01-22 11:53:00",1427,0.00800000000000267
"2019-01-22 11:54:00",512,-0.00500000000000256
"2019-01-22 11:55:00",14612,-0.00500000000000256
"2019-01-22 11:56:00",1722,0.00500000000000256
"2019-01-22 11:57:00",4059,-0.00010000000000332
"2019-01-22 11:58:00",13650,-0.00489999999999924
"2019-01-22 11:59:00",750,0.00500000000000256
"2019-01-22 12:00:00",14921,-0.0750000000000028
"2019-01-22 12:01:00",2634,0.0100000000000051
"2019-01-22 12:02:00",4090,-0.0100000000000051
"2019-01-22 12:03:00",1529,-0.00999999999999801
"2019-01-22 12:04:00",1686,0.0200000000000031
"2019-01-22 12:05:00",4958,-0.00500000000000256
"2019-01-22 12:06:00",4024,0.00600000000000023
"2019-01-22 12:07:00",2544,-0.00600000000000023
"2019-01-22 12:08:00",2700,-0.00500000000000256
"2019-01-22 12:09:00",3054,-0.00999999999999801
"2019-01-22 12:10:00",11089,-0.00500000000000256
"2019-01-22 12:11:00",2313,-0.00999999999999801
"2019-01-22 12:12:00",2400,0.0150000000000006
"2019-01-22 12:13:00",3518,-0.00999999999999801
"2019-01-22 12:14:00",3750,0.0124999999999957
"2019-01-22 12:15:00",2163,-0.00719999999999743
"2019-01-22 12:16:00",2901,-0.00529999999999831
"2019-01-22 12:17:00",2252,-0.0200000000000031
"2019-01-22 12:18:00",2487,0
"2019-01-22 12:19:00",2306,-0.0198999999999998
"2019-01-22 12:20:00",5070,0.0299000000000049
"2019-01-22 12:21:00",2426,0.0149999999999935
"2019-01-22 12:22:00",1412,0.00500000000000256
"2019-01-22 12:23:00",5903,0.00500000000000256
"2019-01-22 12:24:00",2151,-0.0150000000000006
"2019-01-22 12:25:00",3318,0.0300000000000011
"2019-01-22 12:26:00",2213,-0.0399999999999991
"2019-01-22 12:27:00",1200,0.019999999999996
"2019-01-22 12:28:00",1645,-0.0150000000000006
"2019-01-22 12:29:00",4019,0.0150000000000006
"2019-01-22 12:30:00",3900,0
"2019-01-22 12:31:00",8380,0.00979999999999848
"2019-01-22 12:32:00",4817,0.0152000000000001
"2019-01-22 12:33:00",9538,0.00489999999999924
"2019-01-22 12:34:00",4744,0.0286000000000044
"2019-01-22 12:35:00",6704,-0.00850000000000506
"2019-01-22 12:36:00",3000,0
"2019-01-22 12:37:00",2691,-0.019999999999996
"2019-01-22 12:38:00",800,0.00500000000000256
"2019-01-22 12:39:00",3780,-0.00500000000000256
"2019-01-22 12:40:00",4527,0.00500000000000256
"2019-01-22 12:41:00",2750,-0.0450000000000017
"2019-01-22 12:42:00",1400,-0.00999999999999801
"2019-01-22 12:43:00",3410,0.00999999999999801
"2019-01-22 12:44:00",1531,-0.0200000000000031
"2019-01-22 12:45:00",8301,0.0200000000000031
"2019-01-22 12:46:00",2817,0.00999999999999801
"2019-01-22 12:47:00",2734,0.0200000000000031
"2019-01-22 12:48:00",1900,0.0150000000000006
"2019-01-22 12:49:00",1733,0.00999999999999801
"2019-01-22 12:50:00",4811,0.0150000000000006
"2019-01-22 12:51:00",10327,0.00209999999999866
"2019-01-22 12:52:00",3953,-0.0121000000000038
"2019-01-22 12:53:00",6900,-0.0399999999999991
"2019-01-22 12:54:00",3234,0.0100000000000051
"2019-01-22 12:55:00",4633,0.0253999999999976
"2019-01-22 12:56:00",3523,-0.000399999999999068
"2019-01-22 12:57:00",900,-0.0150000000000006
"2019-01-22 12:58:00",2323,0.0300000000000011
"2019-01-22 12:59:00",9030,-0.0100000000000051
"2019-01-22 13:00:00",5800,-0.00999999999999801
"2019-01-22 13:01:00",4820,-0.0198999999999998
"2019-01-22 13:02:00",1766,-9.99999999962142e-05
"2019-01-22 13:03:00",3492,0.00499999999999545
"2019-01-22 13:04:00",2400,0
"2019-01-22 13:05:00",3477,0.0549999999999997
"2019-01-22 13:06:00",2972,-0.00999999999999801
"2019-01-22 13:07:00",10277,-0.0150000000000006
"2019-01-22 13:08:00",2600,0
"2019-01-22 13:09:00",5384,0.00999999999999801
"2019-01-22 13:10:00",6022,0.0150000000000006
"2019-01-22 13:11:00",3179,0
"2019-01-22 13:12:00",2900,0.00500000000000256
"2019-01-22 13:13:00",24051,0
"2019-01-22 13:14:00",7656,0.00500000000000256
"2019-01-22 13:15:00",41824,-0.0150000000000006
"2019-01-22 13:16:00",6603,0.00499999999999545
"2019-01-22 13:17:00",3923,0
"2019-01-22 13:18:00",7091,0
"2019-01-22 13:19:00",3835,-0.019999999999996
"2019-01-22 13:20:00",2547,-0.00500000000000256
"2019-01-22 13:21:00",6006,-0.0150000000000006
"2019-01-22 13:22:00",3676,-0.019999999999996
"2019-01-22 13:23:00",4913,0.00999999999999801
"2019-01-22 13:24:00",1956,-0.0200000000000031
"2019-01-22 13:25:00",3640,0
"2019-01-22 13:26:00",2378,0.00740000000000407
"2019-01-22 13:27:00",4082,0.0180000000000007
"2019-01-22 13:28:00",4289,-0.000399999999999068
"2019-01-22 13:29:00",40952,-0.0100000000000051
"2019-01-22 13:30:00",7004,0.00500000000000256
"2019-01-22 13:31:00",3062,-0.0200000000000031
"2019-01-22 13:32:00",3044,0.0100000000000051
"2019-01-22 13:33:00",1907,0.00999999999999801
"2019-01-22 13:34:00",7137,0.00999999999999801
"2019-01-22 13:35:00",3615,-0.0249999999999986
"2019-01-22 13:36:00",3571,-0.0135000000000005
"2019-01-22 13:37:00",2256,-0.0114999999999981
"2019-01-22 13:38:00",5691,-0.0300000000000011
"2019-01-22 13:39:00",3780,-0.00999999999999801
"2019-01-22 13:40:00",8527,0.0300000000000011
"2019-01-22 13:41:00",1466,-0.0200000000000031
"2019-01-22 13:42:00",2353,-0.00999999999999801
"2019-01-22 13:43:00",4308,-0.0200000000000031
"2019-01-22 13:44:00",6797,-0.0300000000000011
"2019-01-22 13:45:00",8312,0.0200000000000031
"2019-01-22 13:46:00",5254,0.00999999999999801
"2019-01-22 13:47:00",7158,-0.0300000000000011
"2019-01-22 13:48:00",2934,-0.0150000000000006
"2019-01-22 13:49:00",7464,0.0250000000000057
"2019-01-22 13:50:00",9915,0.019999999999996
"2019-01-22 13:51:00",2957,-0.00999999999999801
"2019-01-22 13:52:00",4776,0.00499999999999545
"2019-01-22 13:53:00",3704,-0.0149999999999935
"2019-01-22 13:54:00",11819,0.019999999999996
"2019-01-22 13:55:00",4194,0.0350000000000037
"2019-01-22 13:56:00",5204,0
"2019-01-22 13:57:00",2583,0
"2019-01-22 13:58:00",8565,-0.00300000000000011
"2019-01-22 13:59:00",5626,-0.00200000000000244
"2019-01-22 14:00:00",19640,0.0200000000000031
"2019-01-22 14:01:00",5270,-0.0100000000000051
"2019-01-22 14:02:00",10870,-0.0300000000000011
"2019-01-22 14:03:00",12016,0.0500000000000043
"2019-01-22 14:04:00",32091,-0.0700000000000003
"2019-01-22 14:05:00",36770,-0.0335999999999999
"2019-01-22 14:06:00",13865,0.00359999999999872
"2019-01-22 14:07:00",3490,-0.0168999999999997
"2019-01-22 14:08:00",4188,0.0168999999999997
"2019-01-22 14:09:00",8350,-0.00999999999999801
"2019-01-22 14:10:00",16247,-0.0100000000000051
"2019-01-22 14:11:00",12337,0.0250000000000057
"2019-01-22 14:12:00",8904,-0.00500000000000256
"2019-01-22 14:13:00",6642,-0.00999999999999801
"2019-01-22 14:14:00",8047,-0.0100000000000051
"2019-01-22 14:15:00",13426,0.0264000000000024
"2019-01-22 14:16:00",16698,-0.00139999999999674
"2019-01-22 14:17:00",27498,-0.00500000000000256
"2019-01-22 14:18:00",1043,0
"2019-01-22 14:19:00",31972,0.00999999999999801
"2019-01-22 14:20:00",34448,0.0100000000000051
"2019-01-22 14:21:00",14546,0.019999999999996
"2019-01-22 14:22:00",6550,-0.00500000000000256
"2019-01-22 14:23:00",35661,-0.00499999999999545
"2019-01-22 14:24:00",29191,0.0349999999999966
"2019-01-22 14:25:00",8507,-0.019999999999996
"2019-01-22 14:26:00",11646,-0.0300000000000011
"2019-01-22 14:27:00",625,-0.00500000000000256
"2019-01-22 14:28:00",19574,0.0149000000000044
"2019-01-22 14:29:00",4344,-0.00489999999999924
"2019-01-22 14:30:00",15647,-0.0200000000000031
"2019-01-22 14:31:00",10785,-0.00999999999999801
"2019-01-22 14:32:00",5427,0.019999999999996
"2019-01-22 14:33:00",12742,-0.0399999999999991
"2019-01-22 14:34:00",6666,-0.0300000000000011
"2019-01-22 14:35:00",8732,0.0100000000000051
"2019-01-22 14:36:00",16747,-0.0350000000000037
"2019-01-22 14:37:00",5072,0.00500000000000256
"2019-01-22 14:38:00",7669,0.0399999999999991
"2019-01-22 14:39:00",12456,0.159999999999997
"2019-01-22 14:40:00",10515,0.0200000000000031
"2019-01-22 14:41:00",12567,0.019999999999996
"2019-01-22 14:42:00",13733,-0.0349999999999966
"2019-01-22 14:43:00",8545,-0.0549999999999997
"2019-01-22 14:44:00",11700,-0.0300000000000011
"2019-01-22 14:45:00",31855,-0.0499999999999972
"2019-01-22 14:46:00",7694,0.00999999999999801
"2019-01-22 14:47:00",10483,0.0300000000000011
"2019-01-22 14:48:00",11720,0.0249999999999986
"2019-01-22 14:49:00",16728,-0.00999999999999801
"2019-01-22 14:50:00",33537,0.0150000000000006
"2019-01-22 14:51:00",10107,0.0150000000000006
"2019-01-22 14:52:00",24852,-0.0400000000000063
"2019-01-22 14:53:00",15584,0.0150000000000006
"2019-01-22 14:54:00",17444,0.00500000000000256
"2019-01-22 14:55:00",15725,0.0450000000000017
"2019-01-22 14:56:00",24897,-0.00999999999999801
"2019-01-22 14:57:00",23605,0.00999999999999801
"2019-01-22 14:58:00",28304,-0.00390000000000157
"2019-01-22 14:59:00",63725,0.0238999999999976
"2019-01-22 15:02:00",42475,0
"2019-01-22 15:15:00",0,0
"2019-01-23 08:30:00",74906,-0.189999999999998
"2019-01-23 08:31:00",24300,-0.00999999999999801
"2019-01-23 08:32:00",19645,0.00999999999999801
"2019-01-23 08:33:00",15616,-0.0249999999999986
"2019-01-23 08:34:00",12404,0.0249999999999986
"2019-01-23 08:35:00",3754,-0.00999999999999801
"2019-01-23 08:36:00",17774,-0.0399999999999991
"2019-01-23 08:37:00",17770,0.00499999999999545
"2019-01-23 08:38:00",5096,-0.0249999999999986
"2019-01-23 08:39:00",4253,-0.0499999999999972
"2019-01-23 08:40:00",6634,-0.0165000000000006
"2019-01-23 08:41:00",8095,-0.0135000000000005
"2019-01-23 08:42:00",6859,-0.0300000000000011
"2019-01-23 08:43:00",3712,0.0300999999999974
"2019-01-23 08:44:00",2299,-0.0300999999999974
"2019-01-23 08:45:00",6330,0.00999999999999801
"2019-01-23 08:46:00",2100,0
"2019-01-23 08:47:00",4680,-0.0150000000000006
"2019-01-23 08:48:00",4420,0.0150000000000006
"2019-01-23 08:49:00",6807,-0.019999999999996
"2019-01-23 08:50:00",5517,-0.0200000000000031
"2019-01-23 08:51:00",4017,-0.0129999999999981
"2019-01-23 08:52:00",9932,-0.106999999999999
"2019-01-23 08:53:00",5580,-0.00999999999999801
"2019-01-23 08:54:00",2800,0.00499999999999545
"2019-01-23 08:55:00",2935,0.0309999999999988
"2019-01-23 08:56:00",3005,0.0140000000000029
"2019-01-23 08:57:00",4145,-0.0300000000000011
"2019-01-23 08:58:00",24419,0.00999999999999801
"2019-01-23 08:59:00",8100,-0.019999999999996
"2019-01-23 09:00:00",26038,-0.0399999999999991
"2019-01-23 09:01:00",6456,0.019999999999996
"2019-01-23 09:02:00",11613,-0.0300000000000011
"2019-01-23 09:03:00",6216,-0.0150000000000006
"2019-01-23 09:04:00",7114,0.0600000000000023
"2019-01-23 09:05:00",5430,0.0230999999999995
"2019-01-23 09:06:00",7827,0.0219000000000023
"2019-01-23 09:07:00",20521,-0.0399999999999991
"2019-01-23 09:08:00",28974,0
"2019-01-23 09:09:00",34976,0.00999999999999801
"2019-01-23 09:10:00",45682,0.00999999999999801
"2019-01-23 09:11:00",21739,0.0499000000000009
"2019-01-23 09:12:00",8865,-0.0499000000000009
"2019-01-23 09:13:00",4078,0
"2019-01-23 09:14:00",9622,0.0300000000000011
"2019-01-23 09:15:00",3200,0.0399999999999991
"2019-01-23 09:16:00",5286,-0.0599999999999952
"2019-01-23 09:17:00",2788,0.0499999999999972
"2019-01-23 09:18:00",3100,-0.0499999999999972
"2019-01-23 09:19:00",14776,0
"2019-01-23 09:20:00",2421,0.00999999999999801
"2019-01-23 09:21:00",3748,-0.0200000000000031
"2019-01-23 09:22:00",2576,-0.019999999999996
"2019-01-23 09:23:00",4594,-0.00999999999999801
"2019-01-23 09:24:00",10070,-0.0100000000000051
"2019-01-23 09:25:00",6665,-0.00999999999999801
"2019-01-23 09:26:00",6984,-0.0300000000000011
"2019-01-23 09:27:00",7106,0.0101000000000013
"2019-01-23 09:28:00",4400,-0.0200999999999993
"2019-01-23 09:29:00",10685,-0.0200000000000031
"2019-01-23 09:30:00",25410,0.0100000000000051
"2019-01-23 09:31:00",13797,-0.0300000000000011
"2019-01-23 09:32:00",3877,0.0349999999999966
"2019-01-23 09:33:00",9091,0.0150000000000006
"2019-01-23 09:34:00",5845,-0.019999999999996
"2019-01-23 09:35:00",6010,0.0399999999999991
"2019-01-23 09:36:00",19140,0.0399999999999991
"2019-01-23 09:37:00",6601,0.0799999999999983
"2019-01-23 09:38:00",4520,0.0150000000000006
"2019-01-23 09:39:00",12795,-0.0549999999999997
"2019-01-23 09:40:00",10975,-0.0499999999999972
"2019-01-23 09:41:00",19714,-0.0350000000000037
"2019-01-23 09:42:00",46401,-0.0150000000000006
"2019-01-23 09:43:00",7173,-0.019999999999996
"2019-01-23 09:44:00",36657,-0.0300000000000011
"2019-01-23 09:45:00",14296,0.019999999999996
"2019-01-23 09:46:00",11050,-0.019999999999996
"2019-01-23 09:47:00",10448,-0.0200000000000031
"2019-01-23 09:48:00",8404,0.0350000000000037
"2019-01-23 09:49:00",13149,-0.0250000000000057
"2019-01-23 09:50:00",8950,0.0100000000000051
"2019-01-23 09:51:00",4764,0
"2019-01-23 09:52:00",5921,-0.0500000000000043
"2019-01-23 09:53:00",3200,0.0100000000000051
"2019-01-23 09:54:00",4384,0.00999999999999801
"2019-01-23 09:55:00",10466,0.019999999999996
"2019-01-23 09:56:00",5199,-0.00999999999999801
"2019-01-23 09:57:00",5365,-0.019999999999996
"2019-01-23 09:58:00",10560,0.029999999999994
"2019-01-23 09:59:00",2285,0.0100000000000051
"2019-01-23 10:00:00",30396,0.00499999999999545
"2019-01-23 10:01:00",28638,0.00500000000000256
"2019-01-23 10:02:00",18541,-0.0399999999999991
"2019-01-23 10:03:00",13845,0.0300000000000011
"2019-01-23 10:04:00",11251,0.019999999999996
"2019-01-23 10:05:00",15193,0
"2019-01-23 10:06:00",50641,0.00500000000000256
"2019-01-23 10:07:00",25735,0.0300000000000011
"2019-01-23 10:08:00",4500,-0.00500000000000256
"2019-01-23 10:09:00",22539,-0.0349999999999966
"2019-01-23 10:10:00",71438,0.0349999999999966
"2019-01-23 10:11:00",12533,0.0533000000000001
"2019-01-23 10:12:00",19935,-0.00329999999999586
"2019-01-23 10:13:00",12631,-0.0450000000000017
"2019-01-23 10:14:00",7439,0.0249999999999986
"2019-01-23 10:15:00",35766,-0.00999999999999801
"2019-01-23 10:16:00",40405,-0.0100000000000051
"2019-01-23 10:17:00",5142,-0.0399999999999991
"2019-01-23 10:18:00",11169,-0.0249999999999986
"2019-01-23 10:19:00",5520,0.0649999999999977
"2019-01-23 10:20:00",11330,-0.0147999999999939
"2019-01-23 10:21:00",3900,0.00479999999999592
"2019-01-23 10:22:00",3725,0.0399999999999991
"2019-01-23 10:23:00",20137,-0.0300000000000011
"2019-01-23 10:24:00",5629,-0.019999999999996
"2019-01-23 10:25:00",15876,-0.0200000000000031
"2019-01-23 10:26:00",20908,-0.119999999999997
"2019-01-23 10:27:00",11249,0.0249999999999986
"2019-01-23 10:28:00",8921,0.0549999999999997
"2019-01-23 10:29:00",26811,0.00999999999999801
"2019-01-23 10:30:00",4794,0.0113000000000056
"2019-01-23 10:31:00",22536,0.0137
"2019-01-23 10:32:00",66868,-0.0251000000000019
"2019-01-23 10:33:00",83732,0.0450999999999979
"2019-01-23 10:34:00",20580,-0.0249999999999986
"2019-01-23 10:35:00",29488,0
"2019-01-23 10:36:00",11636,-0.00999999999999801
"2019-01-23 10:37:00",6200,0
"2019-01-23 10:38:00",18220,0
"2019-01-23 10:39:00",12746,0.0139999999999958
"2019-01-23 10:40:00",3844,-0.0240000000000009
"2019-01-23 10:41:00",13175,-0.019999999999996
"2019-01-23 10:42:00",7699,-0.0200000000000031
"2019-01-23 10:43:00",4483,0.0200000000000031
"2019-01-23 10:44:00",4449,-0.0200999999999993
"2019-01-23 10:45:00",24887,-0.059899999999999
"2019-01-23 10:46:00",31832,-0.0800000000000054
"2019-01-23 10:47:00",4663,0.0101000000000013
"2019-01-23 10:48:00",8520,0.0249000000000024
"2019-01-23 10:49:00",2482,0.0150000000000006
"2019-01-23 10:50:00",4563,-0.0300000000000011
"2019-01-23 10:51:00",7070,-0.023299999999999
"2019-01-23 10:52:00",5704,-0.00670000000000215
"2019-01-23 10:53:00",5615,-0.00999999999999801
"2019-01-23 10:54:00",4330,-0.00529999999999831
"2019-01-23 10:55:00",25886,-0.054700000000004
"2019-01-23 10:56:00",13850,0.0399999999999991
"2019-01-23 10:57:00",2388,-0.0300000000000011
"2019-01-23 10:58:00",6149,-0.0599999999999952
"2019-01-23 10:59:00",4419,0.0399999999999991
"2019-01-23 11:00:00",4100,0
"2019-01-23 11:01:00",5142,0.019999999999996
"2019-01-23 11:02:00",7587,0.0100000000000051
"2019-01-23 11:03:00",2044,0.00999999999999801
"2019-01-23 11:04:00",1858,0.0200000000000031
"2019-01-23 11:05:00",3249,-0.0500000000000043
"2019-01-23 11:06:00",2331,0.0399999999999991
"2019-01-23 11:07:00",1917,-0.0146000000000015
"2019-01-23 11:08:00",8800,-0.125399999999999
"2019-01-23 11:09:00",14598,0.0350000000000037
"2019-01-23 11:10:00",15987,0.0139999999999958
"2019-01-23 11:11:00",9837,-0.0289999999999964
"2019-01-23 11:12:00",8385,-0.00999999999999801
"2019-01-23 11:13:00",10512,-0.00010000000000332
"2019-01-23 11:14:00",26684,-0.0035000000000025
"2019-01-23 11:15:00",12709,-0.0063999999999993
"2019-01-23 11:16:00",3103,0.0100000000000051
"2019-01-23 11:17:00",2700,0.0499999999999972
"2019-01-23 11:18:00",2636,0
"2019-01-23 11:19:00",2918,0
"2019-01-23 11:20:00",4017,-0.00999999999999801
"2019-01-23 11:21:00",2914,0.0499999999999972
"2019-01-23 11:22:00",5514,-0.019999999999996
"2019-01-23 11:23:00",11765,0.00999999999999801
"2019-01-23 11:24:00",2271,0.019999999999996
"2019-01-23 11:25:00",1168,-0.00999999999999801
"2019-01-23 11:26:00",5150,0.0600000000000023
"2019-01-23 11:27:00",1600,-0.0200000000000031
"2019-01-23 11:28:00",3567,-0.00999999999999801
"2019-01-23 11:29:00",3882,0.00999999999999801
"2019-01-23 11:30:00",4730,0.0200000000000031
"2019-01-23 11:31:00",400,0.00999999999999801
"2019-01-23 11:32:00",6294,0.00999999999999801
"2019-01-23 11:33:00",2514,-0.029999999999994
"2019-01-23 11:34:00",10051,-0.0300000000000011
"2019-01-23 11:35:00",2986,0.0523999999999987
"2019-01-23 11:36:00",6919,-0.00240000000000151
"2019-01-23 11:37:00",8122,-0.00999999999999801
"2019-01-23 11:38:00",5193,0.00499999999999545
"2019-01-23 11:39:00",3759,0.0250000000000057
"2019-01-23 11:40:00",1661,-0.0500000000000043
"2019-01-23 11:41:00",1408,0.0100000000000051
"2019-01-23 11:42:00",6344,0.029999999999994
"2019-01-23 11:43:00",20200,0.0100000000000051
"2019-01-23 11:44:00",4037,0.019999999999996
"2019-01-23 11:45:00",3400,0.0200000000000031
"2019-01-23 11:46:00",716,-0.00500000000000256
"2019-01-23 11:47:00",2300,0.0150000000000006
"2019-01-23 11:48:00",2700,0.0300000000000011
"2019-01-23 11:49:00",4629,0
"2019-01-23 11:50:00",3566,-0.0200000000000031
"2019-01-23 11:51:00",5321,0.0300000000000011
"2019-01-23 11:52:00",6164,0
"2019-01-23 11:53:00",3724,-0.00999999999999801
"2019-01-23 11:54:00",5350,-0.0300000000000011
"2019-01-23 11:55:00",5983,-0.0399999999999991
"2019-01-23 11:56:00",3185,0.00999999999999801
"2019-01-23 11:57:00",7004,0.0500000000000043
"2019-01-23 11:58:00",1576,-0.0100000000000051
"2019-01-23 11:59:00",7211,0.0269000000000048
"2019-01-23 12:00:00",3022,-0.0210000000000008
"2019-01-23 12:01:00",1031,0.0041000000000011
"2019-01-23 12:02:00",4313,-0.0200000000000031
"2019-01-23 12:03:00",9258,-0.0399999999999991
"2019-01-23 12:04:00",3668,0.0200000000000031
"2019-01-23 12:05:00",3026,0
"2019-01-23 12:06:00",1866,-0.0151000000000039
"2019-01-23 12:07:00",3425,-0.0148999999999972
"2019-01-23 12:08:00",2636,0.0499999999999972
"2019-01-23 12:09:00",13350,0.0399999999999991
"2019-01-23 12:10:00",18796,-0.0399999999999991
"2019-01-23 12:11:00",8049,-0.019999999999996
"2019-01-23 12:12:00",2108,-0.0100000000000051
"2019-01-23 12:13:00",5776,0.0200000000000031
"2019-01-23 12:14:00",2598,-0.00500000000000256
"2019-01-23 12:15:00",5496,0.0249999999999986
"2019-01-23 12:16:00",2097,0.0100000000000051
"2019-01-23 12:17:00",13907,0.0249999999999986
"2019-01-23 12:18:00",2646,-0.0350000000000037
"2019-01-23 12:19:00",2503,0.0200000000000031
"2019-01-23 12:20:00",1580,0
"2019-01-23 12:21:00",2681,0
"2019-01-23 12:22:00",2007,-0.00999999999999801
"2019-01-23 12:23:00",6042,0.00999999999999801
"2019-01-23 12:24:00",4770,0.0150000000000006
"2019-01-23 12:25:00",2964,-0.0150000000000006
"2019-01-23 12:26:00",3528,-0.0300000000000011
"2019-01-23 12:27:00",2000,-0.00110000000000099
"2019-01-23 12:28:00",4624,-0.0388999999999982
"2019-01-23 12:29:00",1600,0.0200000000000031
"2019-01-23 12:30:00",2534,0.029999999999994
"2019-01-23 12:31:00",3383,0.0100000000000051
"2019-01-23 12:32:00",1400,0.00999999999999801
"2019-01-23 12:33:00",2800,-0.0200000000000031
"2019-01-23 12:34:00",2063,-0.019999999999996
"2019-01-23 12:35:00",2800,0.0300000000000011
"2019-01-23 12:36:00",1950,-0.0100000000000051
"2019-01-23 12:37:00",4217,0.0100000000000051
"2019-01-23 12:38:00",1400,-0.0100000000000051
"2019-01-23 12:39:00",3150,-0.0230999999999995
"2019-01-23 12:40:00",5049,-0.0168999999999997
"2019-01-23 12:41:00",1177,0
"2019-01-23 12:42:00",3777,-0.00999999999999801
"2019-01-23 12:43:00",1707,0.0200000000000031
"2019-01-23 12:44:00",2856,0.029999999999994
"2019-01-23 12:45:00",762,-0.0011999999999972
"2019-01-23 12:46:00",2360,-0.00880000000000081
"2019-01-23 12:47:00",3099,0.00999999999999801
"2019-01-23 12:48:00",2620,0.0100000000000051
"2019-01-23 12:49:00",1467,0.00999999999999801
"2019-01-23 12:50:00",3906,-0.0367999999999995
"2019-01-23 12:51:00",1872,0.00110000000000099
"2019-01-23 12:52:00",3115,-0.0142999999999986
"2019-01-23 12:53:00",2556,0.019999999999996
"2019-01-23 12:54:00",1700,0.00999999999999801
"2019-01-23 12:55:00",5283,0.0101000000000013
"2019-01-23 12:56:00",5954,-0.0200999999999993
"2019-01-23 12:57:00",5283,-0.00999999999999801
"2019-01-23 12:58:00",5708,0
"2019-01-23 12:59:00",3267,0.00999999999999801
"2019-01-23 13:00:00",1800,-0.00500000000000256
"2019-01-23 13:01:00",2800,0.0450000000000017
"2019-01-23 13:02:00",1639,-0.0300000000000011
"2019-01-23 13:03:00",5153,0.0200000000000031
"2019-01-23 13:04:00",2049,0
"2019-01-23 13:05:00",3461,-0.0127000000000024
"2019-01-23 13:06:00",2086,0.00270000000000437
"2019-01-23 13:07:00",2049,-0.0300000000000011
"2019-01-23 13:08:00",1421,0
"2019-01-23 13:09:00",1200,0.00999999999999801
"2019-01-23 13:10:00",6655,0.0300000000000011
"2019-01-23 13:11:00",5793,-0.00999999999999801
"2019-01-23 13:12:00",2882,-0.00510000000000588
"2019-01-23 13:13:00",800,-0.0148999999999972
"2019-01-23 13:14:00",1000,-0.019999999999996
"2019-01-23 13:15:00",4612,-0.0200000000000031
"2019-01-23 13:16:00",2900,-0.00999999999999801
"2019-01-23 13:17:00",3871,0.00999999999999801
"2019-01-23 13:18:00",3157,-0.0349000000000004
"2019-01-23 13:19:00",1920,-0.0150999999999968
"2019-01-23 13:20:00",2519,0.00999999999999801
"2019-01-23 13:21:00",1666,0.00999999999999801
"2019-01-23 13:22:00",1548,0.0035000000000025
"2019-01-23 13:23:00",6138,0.0465000000000018
"2019-01-23 13:24:00",4780,-0.0300000000000011
"2019-01-23 13:25:00",2306,-0.0100000000000051
"2019-01-23 13:26:00",1445,0.013300000000001
"2019-01-23 13:27:00",3355,0.0467000000000013
"2019-01-23 13:28:00",5263,-0.00999999999999801
"2019-01-23 13:29:00",11061,-0.0300000000000011
"2019-01-23 13:30:00",8208,-0.00999999999999801
"2019-01-23 13:31:00",2062,0.00499999999999545
"2019-01-23 13:32:00",4912,0.0150000000000006
"2019-01-23 13:33:00",8520,-0.00999999999999801
"2019-01-23 13:34:00",5211,0.0499999999999972
"2019-01-23 13:35:00",39792,0
"2019-01-23 13:36:00",8481,-0.019999999999996
"2019-01-23 13:37:00",25560,-0.0500000000000043
"2019-01-23 13:38:00",16189,-0.00649999999999551
"2019-01-23 13:39:00",1200,-0.0035000000000025
"2019-01-23 13:40:00",9322,-0.0300000000000011
"2019-01-23 13:41:00",7004,-0.0300000000000011
"2019-01-23 13:42:00",4311,0
"2019-01-23 13:43:00",3233,-0.00999999999999801
"2019-01-23 13:44:00",4049,-0.0399999999999991
"2019-01-23 13:45:00",3892,0
"2019-01-23 13:46:00",1000,-0.00999999999999801
"2019-01-23 13:47:00",5819,0.00999999999999801
"2019-01-23 13:48:00",3799,0.00999999999999801
"2019-01-23 13:49:00",2793,0.0100000000000051
"2019-01-23 13:50:00",5787,0.0399999999999991
"2019-01-23 13:51:00",8540,0
"2019-01-23 13:52:00",1850,0
"2019-01-23 13:53:00",3035,-0.0100000000000051
"2019-01-23 13:54:00",3411,0.0100000000000051
"2019-01-23 13:55:00",4004,-0.0100000000000051
"2019-01-23 13:56:00",3553,-0.0169999999999959
"2019-01-23 13:57:00",5884,0.0219999999999985
"2019-01-23 13:58:00",1855,0.0198000000000036
"2019-01-23 13:59:00",6827,-0.014800000000001
"2019-01-23 14:00:00",4250,0.00999999999999801
"2019-01-23 14:01:00",3598,0
"2019-01-23 14:02:00",3487,0.0300000000000011
"2019-01-23 14:03:00",2053,0.019999999999996
"2019-01-23 14:04:00",1450,0.0100000000000051
"2019-01-23 14:05:00",4010,0.0235999999999947
"2019-01-23 14:06:00",10001,-0.045499999999997
"2019-01-23 14:07:00",1935,0.00189999999999912
"2019-01-23 14:08:00",5197,-0.019999999999996
"2019-01-23 14:09:00",4933,0.019999999999996
"2019-01-23 14:10:00",3218,-0.00999999999999801
"2019-01-23 14:11:00",2844,0.00999999999999801
"2019-01-23 14:12:00",984,0.0110000000000028
"2019-01-23 14:13:00",2787,-0.00600000000000023
"2019-01-23 14:14:00",2300,0.00499999999999545
"2019-01-23 14:15:00",4145,0.0300000000000011
"2019-01-23 14:16:00",3103,0.0200000000000031
"2019-01-23 14:17:00",1605,0
"2019-01-23 14:18:00",6400,0.019999999999996
"2019-01-23 14:19:00",1350,0.0350000000000037
"2019-01-23 14:20:00",3446,-0.0150000000000006
"2019-01-23 14:21:00",1868,0.00999999999999801
"2019-01-23 14:22:00",6701,0.0200000000000031
"2019-01-23 14:23:00",4600,0
"2019-01-23 14:24:00",2448,-0.0100000000000051
"2019-01-23 14:25:00",3337,-0.00999999999999801
"2019-01-23 14:26:00",4639,0.00489999999999924
"2019-01-23 14:27:00",1763,-0.0138999999999996
"2019-01-23 14:28:00",1295,0.0138999999999996
"2019-01-23 14:29:00",6610,0.0151000000000039
"2019-01-23 14:30:00",4537,-0.0300000000000011
"2019-01-23 14:31:00",4094,-0.0150000000000006
"2019-01-23 14:32:00",2970,-0.00500000000000256
"2019-01-23 14:33:00",6474,-0.0150000000000006
"2019-01-23 14:34:00",3262,0
"2019-01-23 14:35:00",3864,0.00200000000000244
"2019-01-23 14:36:00",6625,-0.0069999999999979
"2019-01-23 14:37:00",10383,-0.0150000000000006
"2019-01-23 14:38:00",6720,0.00500000000000256
"2019-01-23 14:39:00",9827,0.00999999999999801
"2019-01-23 14:40:00",5085,0.00999999999999801
"2019-01-23 14:41:00",1989,-0.00999999999999801
"2019-01-23 14:42:00",7495,0.00240000000000151
"2019-01-23 14:43:00",8828,0.0075999999999965
"2019-01-23 14:44:00",8112,-0.00999999999999801
"2019-01-23 14:45:00",17085,0
"2019-01-23 14:46:00",4677,-0.00010000000000332
"2019-01-23 14:47:00",8137,0.00010000000000332
"2019-01-23 14:48:00",22479,0.019999999999996
"2019-01-23 14:49:00",20146,0.0300000000000011
"2019-01-23 14:50:00",15952,-9.99999999962142e-05
"2019-01-23 14:51:00",32071,9.99999999962142e-05
"2019-01-23 14:52:00",38006,0.00999999999999801
"2019-01-23 14:53:00",30562,0
"2019-01-23 14:54:00",21741,0.0100000000000051
"2019-01-23 14:55:00",34495,0.0399999999999991
"2019-01-23 14:56:00",38744,0.019999999999996
"2019-01-23 14:57:00",66308,-0.00999999999999801
"2019-01-23 14:58:00",59220,-0.019999999999996
"2019-01-23 14:59:00",45026,-0.0500000000000043
"2019-01-23 15:02:00",32423,0.00999999999999801
"2019-01-23 15:15:00",0,0
"2019-01-24 08:30:00",53503,-0.0899999999999963
"2019-01-24 08:31:00",4910,-0.0499999999999972
"2019-01-24 08:32:00",4421,-0.0500000000000043
"2019-01-24 08:33:00",6316,0.0399999999999991
"2019-01-24 08:34:00",8308,0.0279999999999987
"2019-01-24 08:35:00",12340,0.0220000000000056
"2019-01-24 08:36:00",6938,-0.0399999999999991
"2019-01-24 08:37:00",3749,0
"2019-01-24 08:38:00",8166,-0.0500000000000043
"2019-01-24 08:39:00",9115,0.0300000000000011
"2019-01-24 08:40:00",13325,-0.0600000000000023
"2019-01-24 08:41:00",16532,0.0399999999999991
"2019-01-24 08:42:00",10170,-0.0399999999999991
"2019-01-24 08:43:00",10510,0.0500000000000043
"2019-01-24 08:44:00",4704,-0.0399999999999991
"2019-01-24 08:45:00",4800,0.0700000000000003
"2019-01-24 08:46:00",5908,-0.0700000000000003
"2019-01-24 08:47:00",4624,0.0700000000000003
"2019-01-24 08:48:00",3655,-0.0600000000000023
"2019-01-24 08:49:00",3700,-0.0300000000000011
"2019-01-24 08:50:00",3276,0.0300000000000011
"2019-01-24 08:51:00",4777,0
"2019-01-24 08:52:00",7690,-0.00999999999999801
"2019-01-24 08:53:00",6226,-0.0100000000000051
"2019-01-24 08:54:00",3758,0.0300000000000011
"2019-01-24 08:55:00",4890,-0.0300000000000011
"2019-01-24 08:56:00",4145,0.0450000000000017
"2019-01-24 08:57:00",4985,0.0150000000000006
"2019-01-24 08:58:00",2378,-0.00999999999999801
"2019-01-24 08:59:00",2000,0
"2019-01-24 09:00:00",2527,-0.0200000000000031
"2019-01-24 09:01:00",2582,0.0399999999999991
"2019-01-24 09:02:00",4000,-0.019999999999996
"2019-01-24 09:03:00",4980,-0.0100000000000051
"2019-01-24 09:04:00",3383,-0.00999999999999801
"2019-01-24 09:05:00",4473,0.0200000000000031
"2019-01-24 09:06:00",5058,0.00999999999999801
"2019-01-24 09:07:00",11028,0.0300000000000011
"2019-01-24 09:08:00",1705,0.00999999999999801
"2019-01-24 09:09:00",11547,0.0500000000000043
"2019-01-24 09:10:00",1934,-0.0100000000000051
"2019-01-24 09:11:00",12805,0.0500000000000043
"2019-01-24 09:12:00",3399,-0.0300000000000011
"2019-01-24 09:13:00",1505,0
"2019-01-24 09:14:00",4271,0.0499999999999972
"2019-01-24 09:15:00",8383,0.0500000000000043
"2019-01-24 09:16:00",3700,0
"2019-01-24 09:17:00",3962,0
"2019-01-24 09:18:00",5163,-0.0300000000000011
"2019-01-24 09:19:00",2469,0.019999999999996
"2019-01-24 09:20:00",800,0
"2019-01-24 09:21:00",2169,0.0300000000000011
"2019-01-24 09:22:00",4000,-0.00999999999999801
"2019-01-24 09:23:00",15469,0.0300000000000011
"2019-01-24 09:24:00",4950,0.00999999999999801
"2019-01-24 09:25:00",5600,0
"2019-01-24 09:26:00",2089,0.0298999999999978
"2019-01-24 09:27:00",3411,0.0101000000000013
"2019-01-24 09:28:00",3361,0.0300000000000011
"2019-01-24 09:29:00",1740,-0.0290000000000035
"2019-01-24 09:30:00",1270,-0.0109999999999957
"2019-01-24 09:31:00",1315,0
"2019-01-24 09:32:00",5619,0.019999999999996
"2019-01-24 09:33:00",16088,0.0200000000000031
"2019-01-24 09:34:00",5478,-0.0300999999999974
"2019-01-24 09:35:00",4875,-0.0099000000000018
"2019-01-24 09:36:00",6935,0
"2019-01-24 09:37:00",11500,-0.00999999999999801
"2019-01-24 09:38:00",2131,0
"2019-01-24 09:39:00",3793,0.029999999999994
"2019-01-24 09:40:00",3558,0.00520000000000209
"2019-01-24 09:41:00",4469,-0.00520000000000209
"2019-01-24 09:42:00",3279,0.0549999999999997
"2019-01-24 09:43:00",5336,0.00500000000000256
"2019-01-24 09:44:00",7960,0
"2019-01-24 09:45:00",800,0
"2019-01-24 09:46:00",7659,-0.00999999999999801
"2019-01-24 09:47:00",9215,0.019999999999996
"2019-01-24 09:48:00",5279,-0.0449999999999946
"2019-01-24 09:49:00",14253,-0.0549999999999997
"2019-01-24 09:50:00",7793,0.019999999999996
"2019-01-24 09:51:00",4293,-0.0300000000000011
"2019-01-24 09:52:00",2257,0.0300000000000011
"2019-01-24 09:53:00",2338,-0.00999999999999801
"2019-01-24 09:54:00",2300,-0.00740000000000407
"2019-01-24 09:55:00",2059,0.0374000000000052
"2019-01-24 09:56:00",1168,-0.0200000000000031
"2019-01-24 09:57:00",3073,0.0600000000000023
"2019-01-24 09:58:00",11339,-0.035899999999998
"2019-01-24 09:59:00",5675,-0.0141000000000062
"2019-01-24 10:00:00",8576,-0.029999999999994
"2019-01-24 10:01:00",8097,0.0799999999999983
"2019-01-24 10:02:00",14099,0
"2019-01-24 10:03:00",21007,0.00999999999999801
"2019-01-24 10:04:00",5700,0
"2019-01-24 10:05:00",9949,0.0399999999999991
"2019-01-24 10:06:00",26493,0.0900000000000034
"2019-01-24 10:07:00",9351,-0.0450000000000017
"2019-01-24 10:08:00",1984,-0.0200000000000031
"2019-01-24 10:09:00",10680,-0.0249999999999986
"2019-01-24 10:10:00",6739,0.0200000000000031
"2019-01-24 10:11:00",6820,-0.0399999999999991
"2019-01-24 10:12:00",5981,-0.0200000000000031
"2019-01-24 10:13:00",5065,-0.00999999999999801
"2019-01-24 10:14:00",4400,-0.00999999999999801
"2019-01-24 10:15:00",2838,0.0399999999999991
"2019-01-24 10:16:00",3279,0.00359999999999872
"2019-01-24 10:17:00",5170,0.0263999999999953
"2019-01-24 10:18:00",13572,0.0400000000000063
"2019-01-24 10:19:00",2750,-0.0300000000000011
"2019-01-24 10:20:00",2300,0
"2019-01-24 10:21:00",5898,-0.0100000000000051
"2019-01-24 10:22:00",7819,0.0400000000000063
"2019-01-24 10:23:00",4100,0.029999999999994
"2019-01-24 10:24:00",4158,0.0200000000000031
"2019-01-24 10:25:00",5100,-0.00999999999999801
"2019-01-24 10:26:00",3200,0.00999999999999801
"2019-01-24 10:27:00",3664,0.0200000000000031
"2019-01-24 10:28:00",4326,0.0233999999999952
"2019-01-24 10:29:00",6048,-0.0634000000000015
"2019-01-24 10:30:00",7350,-0.00999999999999801
"2019-01-24 10:31:00",1143,0
"2019-01-24 10:32:00",11025,-0.019999999999996
"2019-01-24 10:33:00",9860,-0.0300000000000011
"2019-01-24 10:34:00",3003,-0.0399999999999991
"2019-01-24 10:35:00",16028,-0.0100000000000051
"2019-01-24 10:36:00",2161,-0.00999999999999801
"2019-01-24 10:37:00",7928,0.109999999999999
"2019-01-24 10:38:00",1539,0.0549999999999997
"2019-01-24 10:39:00",3470,0.00500000000000256
"2019-01-24 10:40:00",9302,-0.0123000000000033
"2019-01-24 10:41:00",48989,0.0223000000000013
"2019-01-24 10:42:00",2143,0.0150000000000006
"2019-01-24 10:43:00",2600,-0.00500000000000256
"2019-01-24 10:44:00",2100,0.0200000000000031
"2019-01-24 10:45:00",2133,9.99999999962142e-05
"2019-01-24 10:46:00",7931,-0.0159999999999982
"2019-01-24 10:47:00",6463,0.015900000000002
"2019-01-24 10:48:00",6237,0.0349999999999966
"2019-01-24 10:49:00",7644,0.0450000000000017
"2019-01-24 10:50:00",1600,-0.0300000000000011
"2019-01-24 10:51:00",5113,-0.029999999999994
"2019-01-24 10:52:00",22600,-0.0150000000000006
"2019-01-24 10:53:00",3014,0.0248999999999953
"2019-01-24 10:54:00",2036,-0.00989999999999469
"2019-01-24 10:55:00",1600,0
"2019-01-24 10:56:00",5251,-0.0150000000000006
"2019-01-24 10:57:00",4356,-0.0300000000000011
"2019-01-24 10:58:00",8100,0.0249999999999986
"2019-01-24 10:59:00",5031,-0.0360000000000014
"2019-01-24 11:00:00",2752,0.00600000000000023
"2019-01-24 11:01:00",1675,-0.019999999999996
"2019-01-24 11:02:00",2992,0.00499999999999545
"2019-01-24 11:03:00",1780,0.00500000000000256
"2019-01-24 11:04:00",3836,-0.00999999999999801
"2019-01-24 11:05:00",1100,-0.0400000000000063
"2019-01-24 11:06:00",650,0.00630000000000308
"2019-01-24 11:07:00",3417,0.0187000000000026
"2019-01-24 11:08:00",1700,0.0249999999999986
"2019-01-24 11:09:00",3454,-0.0300000000000011
"2019-01-24 11:10:00",6264,-0.0300000000000011
"2019-01-24 11:11:00",1452,0.0350000000000037
"2019-01-24 11:12:00",2522,0.0317000000000007
"2019-01-24 11:13:00",1054,-0.00670000000000215
"2019-01-24 11:14:00",2114,-0.00999999999999801
"2019-01-24 11:15:00",8485,-0.0100000000000051
"2019-01-24 11:16:00",3552,-0.022199999999998
"2019-01-24 11:17:00",4060,-0.0187999999999988
"2019-01-24 11:18:00",1772,-0.00240000000000151
"2019-01-24 11:19:00",1229,-0.0165999999999968
"2019-01-24 11:20:00",2228,-0.0300000000000011
"2019-01-24 11:21:00",800,-0.0300000000000011
"2019-01-24 11:22:00",1172,-0.00500000000000256
"2019-01-24 11:23:00",3264,-0.019999999999996
"2019-01-24 11:24:00",2170,-0.00900000000000034
"2019-01-24 11:25:00",1789,0.00399999999999778
"2019-01-24 11:26:00",956,0
"2019-01-24 11:27:00",412,-0.00999999999999801
"2019-01-24 11:28:00",100,-0.0200000000000031
"2019-01-24 11:29:00",3891,0.0200000000000031
"2019-01-24 11:30:00",300,0.00999999999999801
"2019-01-24 11:31:00",1173,0
"2019-01-24 11:32:00",4600,0
"2019-01-24 11:33:00",1754,-0.0105000000000004
"2019-01-24 11:34:00",2194,-0.00949999999999562
"2019-01-24 11:35:00",2360,-0.0100000000000051
"2019-01-24 11:36:00",3893,-0.019999999999996
"2019-01-24 11:37:00",2418,0.00999999999999801
"2019-01-24 11:38:00",700,0
"2019-01-24 11:39:00",2500,0.00500000000000256
"2019-01-24 11:40:00",3004,-0.00500000000000256
"2019-01-24 11:41:00",2100,-0.0150000000000006
"2019-01-24 11:42:00",1460,0.0148999999999972
"2019-01-24 11:43:00",2238,-0.00489999999999924
"2019-01-24 11:44:00",1200,0
"2019-01-24 11:45:00",1000,0
"2019-01-24 11:46:00",4770,0
"2019-01-24 11:47:00",7309,0
"2019-01-24 11:48:00",4097,-0.0349999999999966
"2019-01-24 11:49:00",1125,0
"2019-01-24 11:50:00",5000,-0.00500000000000256
"2019-01-24 11:51:00",4000,-0.00499999999999545
"2019-01-24 11:52:00",13350,-0.0500000000000043
"2019-01-24 11:53:00",6478,-0.00999999999999801
"2019-01-24 11:54:00",1901,0.00500000000000256
"2019-01-24 11:55:00",4936,0
"2019-01-24 11:56:00",5474,-0.00500000000000256
"2019-01-24 11:57:00",5009,-0.0200000000000031
"2019-01-24 11:58:00",1072,0.0100000000000051
"2019-01-24 11:59:00",2000,-0.00500000000000256
"2019-01-24 12:00:00",22959,-0.00500000000000256
"2019-01-24 12:01:00",574,0.0100000000000051
"2019-01-24 12:02:00",6999,-0.0100000000000051
"2019-01-24 12:03:00",9734,-0.00999999999999801
"2019-01-24 12:04:00",1492,-0.00609999999999644
"2019-01-24 12:05:00",1215,0.011099999999999
"2019-01-24 12:06:00",5441,0.00999999999999801
"2019-01-24 12:07:00",2714,0
"2019-01-24 12:08:00",2901,-0.00500000000000256
"2019-01-24 12:09:00",4650,0.0100000000000051
"2019-01-24 12:10:00",13711,-0.0400000000000063
"2019-01-24 12:11:00",3763,0
"2019-01-24 12:12:00",3800,-0.019999999999996
"2019-01-24 12:13:00",6567,0
"2019-01-24 12:14:00",4595,0
"2019-01-24 12:15:00",3200,-0.00999999999999801
"2019-01-24 12:16:00",500,-0.0200000000000031
"2019-01-24 12:17:00",1025,0
"2019-01-24 12:18:00",7676,-0.00500000000000256
"2019-01-24 12:19:00",3859,-0.00499999999999545
"2019-01-24 12:20:00",4219,0.00499999999999545
"2019-01-24 12:21:00",1608,0.0100000000000051
"2019-01-24 12:22:00",300,0
"2019-01-24 12:23:00",2463,0.00499999999999545
"2019-01-24 12:24:00",2192,0
"2019-01-24 12:25:00",1751,-0.0249999999999986
"2019-01-24 12:26:00",1208,-0.00499999999999545
"2019-01-24 12:27:00",2010,0.0349999999999966
"2019-01-24 12:28:00",3329,0
"2019-01-24 12:29:00",2159,0
"2019-01-24 12:30:00",3448,0.00999999999999801
"2019-01-24 12:31:00",2284,-0.00280000000000058
"2019-01-24 12:32:00",6025,0.0242000000000004
"2019-01-24 12:33:00",7192,-0.00139999999999674
"2019-01-24 12:34:00",1808,0.0150000000000006
"2019-01-24 12:35:00",3101,0.00999999999999801
"2019-01-24 12:36:00",2306,0.0129999999999981
"2019-01-24 12:37:00",2791,-0.00300000000000011
"2019-01-24 12:38:00",1611,0.0100000000000051
"2019-01-24 12:39:00",6767,0
"2019-01-24 12:40:00",3424,0
"2019-01-24 12:41:00",1763,-0.0250000000000057
"2019-01-24 12:42:00",1381,0.0150000000000006
"2019-01-24 12:43:00",4175,-0.0300000000000011
"2019-01-24 12:44:00",5255,0.00500000000000256
"2019-01-24 12:45:00",2015,-0.0150000000000006
"2019-01-24 12:46:00",500,0.00500000000000256
"2019-01-24 12:47:00",4650,0
"2019-01-24 12:48:00",6595,-0.00500000000000256
"2019-01-24 12:49:00",8664,0
"2019-01-24 12:50:00",4712,0.00999999999999801
"2019-01-24 12:51:00",1566,0.0100000000000051
"2019-01-24 12:52:00",11862,0.0150000000000006
"2019-01-24 12:53:00",2328,0
"2019-01-24 12:54:00",2454,-0.00860000000000127
"2019-01-24 12:55:00",7799,-0.0063999999999993
"2019-01-24 12:56:00",4482,0.00499999999999545
"2019-01-24 12:57:00",2628,0
"2019-01-24 12:58:00",1452,-0.0150000000000006
"2019-01-24 12:59:00",6224,-0.0149999999999935
"2019-01-24 13:00:00",4819,0.00499999999999545
"2019-01-24 13:01:00",7412,-0.00499999999999545
"2019-01-24 13:02:00",4509,-0.00500000000000256
"2019-01-24 13:03:00",2181,-0.00310000000000343
"2019-01-24 13:04:00",2657,0.018100000000004
"2019-01-24 13:05:00",1800,0.00999999999999801
"2019-01-24 13:06:00",6649,-0.0202999999999989
"2019-01-24 13:07:00",10499,0.0103000000000009
"2019-01-24 13:08:00",10102,0.00499999999999545
"2019-01-24 13:09:00",2591,-0.00999999999999801
"2019-01-24 13:10:00",7420,0.0249999999999986
"2019-01-24 13:11:00",9321,-0.0349999999999966
"2019-01-24 13:12:00",5712,-0.0350000000000037
"2019-01-24 13:13:00",2934,-0.00499999999999545
"2019-01-24 13:14:00",15390,-0.00999999999999801
"2019-01-24 13:15:00",14847,-0.0200000000000031
"2019-01-24 13:16:00",1289,0
"2019-01-24 13:17:00",9224,0.00500000000000256
"2019-01-24 13:18:00",20791,0.00249999999999773
"2019-01-24 13:19:00",1300,-0.00249999999999773
"2019-01-24 13:20:00",8773,0
"2019-01-24 13:21:00",8649,0
"2019-01-24 13:22:00",3046,-0.00500000000000256
"2019-01-24 13:23:00",2940,0.00500000000000256
"2019-01-24 13:24:00",18493,-0.0200000000000031
"2019-01-24 13:25:00",2233,-0.00289999999999679
"2019-01-24 13:26:00",4000,0.0128999999999948
"2019-01-24 13:27:00",2113,-0.0150000000000006
"2019-01-24 13:28:00",4775,0.0350000000000037
"2019-01-24 13:29:00",650,0.019999999999996
"2019-01-24 13:30:00",9570,0.00500000000000256
"2019-01-24 13:31:00",3927,-0.00999999999999801
"2019-01-24 13:32:00",96775,-0.00999999999999801
"2019-01-24 13:33:00",7037,0.00499999999999545
"2019-01-24 13:34:00",2784,0
"2019-01-24 13:35:00",1294,-0.00499999999999545
"2019-01-24 13:36:00",1358,0.00499999999999545
"2019-01-24 13:37:00",25152,0.0350000000000037
"2019-01-24 13:38:00",21705,-0.0150000000000006
"2019-01-24 13:39:00",2479,0.00999999999999801
"2019-01-24 13:40:00",8925,-0.0150000000000006
"2019-01-24 13:41:00",6113,-0.00999999999999801
"2019-01-24 13:42:00",3508,0
"2019-01-24 13:43:00",7648,0.0150000000000006
"2019-01-24 13:44:00",1612,-0.00500000000000256
"2019-01-24 13:45:00",6134,0.00999999999999801
"2019-01-24 13:46:00",5121,-0.00999999999999801
"2019-01-24 13:47:00",5838,-0.00500000000000256
"2019-01-24 13:48:00",3330,-0.0149999999999935
"2019-01-24 13:49:00",1500,0
"2019-01-24 13:50:00",7196,-0.0100000000000051
"2019-01-24 13:51:00",3366,0.0100000000000051
"2019-01-24 13:52:00",4850,-0.0100000000000051
"2019-01-24 13:53:00",3122,-0.00999999999999801
"2019-01-24 13:54:00",36175,0.0200000000000031
"2019-01-24 13:55:00",8355,0.00499999999999545
"2019-01-24 13:56:00",3844,-0.00499999999999545
"2019-01-24 13:57:00",14048,0
"2019-01-24 13:58:00",2308,0
"2019-01-24 13:59:00",3137,0
"2019-01-24 14:00:00",10276,-0.0150000000000006
"2019-01-24 14:01:00",3456,-0.00500000000000256
"2019-01-24 14:02:00",8824,0.00500000000000256
"2019-01-24 14:03:00",3840,-0.0150000000000006
"2019-01-24 14:04:00",2943,0
"2019-01-24 14:05:00",35118,0.0150000000000006
"2019-01-24 14:06:00",3508,-0.00500000000000256
"2019-01-24 14:07:00",18187,0.0249999999999986
"2019-01-24 14:08:00",1986,0
"2019-01-24 14:09:00",4596,0
"2019-01-24 14:10:00",5226,-0.00499999999999545
"2019-01-24 14:11:00",17355,0.0499999999999972
"2019-01-24 14:12:00",2564,0.019999999999996
"2019-01-24 14:13:00",3053,0.0400000000000063
"2019-01-24 14:14:00",6031,-0.0200000000000031
"2019-01-24 14:15:00",3557,0.0350000000000037
"2019-01-24 14:16:00",2900,0.00999999999999801
"2019-01-24 14:17:00",4152,-0.0249999999999986
"2019-01-24 14:18:00",6930,-0.0150000000000006
"2019-01-24 14:19:00",10512,-0.00500000000000256
"2019-01-24 14:20:00",5196,-0.0450000000000017
"2019-01-24 14:21:00",4587,0.00500000000000256
"2019-01-24 14:22:00",3843,0
"2019-01-24 14:23:00",3354,0.0249999999999986
"2019-01-24 14:24:00",2811,-0.0249999999999986
"2019-01-24 14:25:00",4966,0
"2019-01-24 14:26:00",2139,0.0399999999999991
"2019-01-24 14:27:00",3849,0
"2019-01-24 14:28:00",2436,-0.0150000000000006
"2019-01-24 14:29:00",2550,0.0149000000000044
"2019-01-24 14:30:00",7726,-0.0399000000000029
"2019-01-24 14:31:00",2400,-0.0150000000000006
"2019-01-24 14:32:00",2500,0
"2019-01-24 14:33:00",3101,-0.00999999999999801
"2019-01-24 14:34:00",3499,0.00999999999999801
"2019-01-24 14:35:00",5632,0.00500000000000256
"2019-01-24 14:36:00",5932,0.00499999999999545
"2019-01-24 14:37:00",2630,0.0100000000000051
"2019-01-24 14:38:00",6811,-0.0150000000000006
"2019-01-24 14:39:00",4407,-0.0100000000000051
"2019-01-24 14:40:00",22705,-0.0150000000000006
"2019-01-24 14:41:00",8779,-0.0149999999999935
"2019-01-24 14:42:00",8347,-0.00500000000000256
"2019-01-24 14:43:00",6879,-0.00489999999999924
"2019-01-24 14:44:00",8633,0.0135000000000005
"2019-01-24 14:45:00",8684,-0.00359999999999872
"2019-01-24 14:46:00",5869,0.00999999999999801
"2019-01-24 14:47:00",3801,0.00499999999999545
"2019-01-24 14:48:00",3686,0
"2019-01-24 14:49:00",12749,0.00500000000000256
"2019-01-24 14:50:00",4011,-0.00309999999999633
"2019-01-24 14:51:00",12629,0.00309999999999633
"2019-01-24 14:52:00",4206,0.00999999999999801
"2019-01-24 14:53:00",7152,-0.00499999999999545
"2019-01-24 14:54:00",16392,-0.0100000000000051
"2019-01-24 14:55:00",17669,0.0150000000000006
"2019-01-24 14:56:00",10577,0.0100000000000051
"2019-01-24 14:57:00",9189,-0.00500000000000256
"2019-01-24 14:58:00",24876,0
"2019-01-24 14:59:00",46334,0.255000000000003
"2019-01-24 15:02:00",19920,-0.289999999999999
"2019-01-24 15:15:00",0,0
"2019-01-25 08:30:00",48047,0.539999999999999
"2019-01-25 08:31:00",8282,-0.0500000000000043
"2019-01-25 08:32:00",6922,-0.0300000000000011
"2019-01-25 08:33:00",17086,0.0100000000000051
"2019-01-25 08:34:00",6400,-0.0100000000000051
"2019-01-25 08:35:00",19098,-0.0549999999999997
"2019-01-25 08:36:00",5206,0.0521999999999991
"2019-01-25 08:37:00",11883,-0.0571999999999946
"2019-01-25 08:38:00",5438,0.0599999999999952
"2019-01-25 08:39:00",12545,-0.00999999999999801
"2019-01-25 08:40:00",7800,0.0399999999999991
"2019-01-25 08:41:00",3700,-0.0399999999999991
"2019-01-25 08:42:00",10806,-0.0399999999999991
"2019-01-25 08:43:00",4843,0.0499999999999972
"2019-01-25 08:44:00",7249,0
"2019-01-25 08:45:00",8932,0.0200000000000031
"2019-01-25 08:46:00",6876,0
"2019-01-25 08:47:00",9534,0.0499999999999972
"2019-01-25 08:48:00",5530,-0.029999999999994
"2019-01-25 08:49:00",12610,0.00999999999999801
"2019-01-25 08:50:00",27719,0.0300000000000011
"2019-01-25 08:51:00",14764,0.00999999999999801
"2019-01-25 08:52:00",3625,0.019999999999996
"2019-01-25 08:53:00",9298,-0.029999999999994
"2019-01-25 08:54:00",3665,-0.0300000000000011
"2019-01-25 08:55:00",7708,0.0249999999999986
"2019-01-25 08:56:00",8761,-0.0150000000000006
"2019-01-25 08:57:00",5266,0.00999999999999801
"2019-01-25 08:58:00",3456,0.0100000000000051
"2019-01-25 08:59:00",4076,-0.0150000000000006
"2019-01-25 09:00:00",40507,-0.0750000000000028
"2019-01-25 09:01:00",25118,-0.00999999999999801
"2019-01-25 09:02:00",4286,0.00999999999999801
"2019-01-25 09:03:00",16180,-0.019999999999996
"2019-01-25 09:04:00",6518,-0.0400000000000063
"2019-01-25 09:05:00",14153,0.0300000000000011
"2019-01-25 09:06:00",5505,-0.00999999999999801
"2019-01-25 09:07:00",13698,0.0399999999999991
"2019-01-25 09:08:00",12268,0.0200000000000031
"2019-01-25 09:09:00",8379,0.0399999999999991
"2019-01-25 09:10:00",8084,-0.00999999999999801
"2019-01-25 09:11:00",14324,-0.0150000000000006
"2019-01-25 09:12:00",10889,0.0549999999999997
"2019-01-25 09:13:00",3524,0.0399999999999991
"2019-01-25 09:14:00",5567,-0.0300000000000011
"2019-01-25 09:15:00",3659,-0.0300000000000011
"2019-01-25 09:16:00",1845,-0.019999999999996
"2019-01-25 09:17:00",4864,-0.0100000000000051
"2019-01-25 09:18:00",5579,0.0399999999999991
"2019-01-25 09:19:00",4787,-0.0300999999999974
"2019-01-25 09:20:00",4451,-0.0300000000000011
"2019-01-25 09:21:00",16980,-0.0298999999999978
"2019-01-25 09:22:00",1653,0.0300000000000011
"2019-01-25 09:23:00",3689,-0.0200000000000031
"2019-01-25 09:24:00",5559,0.0399999999999991
"2019-01-25 09:25:00",2860,-0.019999999999996
"2019-01-25 09:26:00",6534,0.0549999999999997
"2019-01-25 09:27:00",3853,-0.0619000000000014
"2019-01-25 09:28:00",4747,0.0168999999999997
"2019-01-25 09:29:00",2217,0
"2019-01-25 09:30:00",1984,-0.00999999999999801
"2019-01-25 09:31:00",5966,0
"2019-01-25 09:32:00",7234,-0.0150000000000006
"2019-01-25 09:33:00",15073,-0.0350000000000037
"2019-01-25 09:34:00",3296,0.0245999999999995
"2019-01-25 09:35:00",2666,0.0354000000000028
"2019-01-25 09:36:00",2529,-0.0200000000000031
"2019-01-25 09:37:00",2900,0.0400000000000063
"2019-01-25 09:38:00",1615,0.019999999999996
"2019-01-25 09:39:00",19193,-0.0399999999999991
"2019-01-25 09:40:00",5134,0.00999999999999801
"2019-01-25 09:41:00",3582,-0.0249999999999986
"2019-01-25 09:42:00",8380,-0.00500000000000256
"2019-01-25 09:43:00",8913,0
"2019-01-25 09:44:00",2513,0.0500000000000043
"2019-01-25 09:45:00",1159,0
"2019-01-25 09:46:00",7218,-0.00240000000000151
"2019-01-25 09:47:00",4552,0.0223999999999975
"2019-01-25 09:48:00",3003,0.0100000000000051
"2019-01-25 09:49:00",2800,-0.0300000000000011
"2019-01-25 09:50:00",3800,-0.00999999999999801
"2019-01-25 09:51:00",7495,-0.0300000000000011
"2019-01-25 09:52:00",2641,0
"2019-01-25 09:53:00",8721,-0.0100000000000051
"2019-01-25 09:54:00",8317,0.0100000000000051
"2019-01-25 09:55:00",3407,0.019999999999996
"2019-01-25 09:56:00",12623,-0.00999999999999801
"2019-01-25 09:57:00",7793,0.0272000000000006
"2019-01-25 09:58:00",1453,-0.00719999999999743
"2019-01-25 09:59:00",3047,0.00499999999999545
"2019-01-25 10:00:00",5413,0
"2019-01-25 10:01:00",6943,-0.0399999999999991
"2019-01-25 10:02:00",17507,0.0150000000000006
"2019-01-25 10:03:00",13761,0.00999999999999801
"2019-01-25 10:04:00",1970,-0.00280000000000058
"2019-01-25 10:05:00",5375,0.0128000000000057
"2019-01-25 10:06:00",4040,0.0399999999999991
"2019-01-25 10:07:00",3131,-0.0100000000000051
"2019-01-25 10:08:00",5356,0
"2019-01-25 10:09:00",2258,-0.0046999999999997
"2019-01-25 10:10:00",24953,-0.0452999999999975
"2019-01-25 10:11:00",3573,-0.0150000000000006
"2019-01-25 10:12:00",2757,0.00999999999999801
"2019-01-25 10:13:00",4827,0.015500000000003
"2019-01-25 10:14:00",2478,0.00950000000000273
"2019-01-25 10:15:00",3102,-0.0100000000000051
"2019-01-25 10:16:00",4095,0.00520000000000209
"2019-01-25 10:17:00",2379,-0.000199999999999534
"2019-01-25 10:18:00",2401,0.0150000000000006
"2019-01-25 10:19:00",1850,-0.0249999999999986
"2019-01-25 10:20:00",2506,-0.00500000000000256
"2019-01-25 10:21:00",3886,-0.00999999999999801
"2019-01-25 10:22:00",799,0.00999999999999801
"2019-01-25 10:23:00",2510,-0.0300000000000011
"2019-01-25 10:24:00",2623,0.00500000000000256
"2019-01-25 10:25:00",2739,0.019999999999996
"2019-01-25 10:26:00",4477,-0.0399999999999991
"2019-01-25 10:27:00",6235,-0.0249999999999986
"2019-01-25 10:28:00",7264,0.0399999999999991
"2019-01-25 10:29:00",2500,-0.00500000000000256
"2019-01-25 10:30:00",6576,-0.00499999999999545
"2019-01-25 10:31:00",4110,0.0150000000000006
"2019-01-25 10:32:00",6292,-0.0150000000000006
"2019-01-25 10:33:00",2713,-0.00999999999999801
"2019-01-25 10:34:00",5605,0.00999999999999801
"2019-01-25 10:35:00",11193,0
"2019-01-25 10:36:00",3196,0
"2019-01-25 10:37:00",3507,-0.0300000000000011
"2019-01-25 10:38:00",6046,-0.00999999999999801
"2019-01-25 10:39:00",1871,0.00999999999999801
"2019-01-25 10:40:00",5000,-0.00999999999999801
"2019-01-25 10:41:00",1055,0.019999999999996
"2019-01-25 10:42:00",717,0.0100000000000051
"2019-01-25 10:43:00",3147,0.0200999999999993
"2019-01-25 10:44:00",300,0.0198999999999998
"2019-01-25 10:45:00",1597,-0.0200000000000031
"2019-01-25 10:46:00",1200,0.0167000000000002
"2019-01-25 10:47:00",906,0.00769999999999982
"2019-01-25 10:48:00",1759,-0.0244
"2019-01-25 10:49:00",1554,-0.019999999999996
"2019-01-25 10:50:00",10503,0.0200999999999993
"2019-01-25 10:51:00",7162,0.00989999999999469
"2019-01-25 10:52:00",4539,0.0200000000000031
"2019-01-25 10:53:00",4346,-0.0461000000000027
"2019-01-25 10:54:00",1616,0.00260000000000105
"2019-01-25 10:55:00",2300,-0.00919999999999987
"2019-01-25 10:56:00",2500,0.00769999999999982
"2019-01-25 10:57:00",3501,-0.0150000000000006
"2019-01-25 10:58:00",10303,0.0300000000000011
"2019-01-25 10:59:00",3213,-0.0300000000000011
"2019-01-25 11:00:00",6763,-0.019999999999996
"2019-01-25 11:01:00",5798,0.019999999999996
"2019-01-25 11:02:00",2040,0.0100000000000051
"2019-01-25 11:03:00",5232,0.029999999999994
"2019-01-25 11:04:00",2128,-0.019999999999996
"2019-01-25 11:05:00",2182,0.0249999999999986
"2019-01-25 11:06:00",2832,-0.0150000000000006
"2019-01-25 11:07:00",954,0.0167000000000002
"2019-01-25 11:08:00",6415,0.0180000000000007
"2019-01-25 11:09:00",1684,-0.0279000000000025
"2019-01-25 11:10:00",3634,-0.0167999999999964
"2019-01-25 11:11:00",3465,0.00999999999999801
"2019-01-25 11:12:00",1816,0
"2019-01-25 11:13:00",1538,-0.0300000000000011
"2019-01-25 11:14:00",10852,0.0150000000000006
"2019-01-25 11:15:00",1739,-0.00499999999999545
"2019-01-25 11:16:00",1101,0.00999999999999801
"2019-01-25 11:17:00",1685,0
"2019-01-25 11:18:00",2700,0.00999999999999801
"2019-01-25 11:19:00",7524,0.00999999999999801
"2019-01-25 11:20:00",1600,-0.00999999999999801
"2019-01-25 11:21:00",1398,0
"2019-01-25 11:22:00",1790,-0.00500000000000256
"2019-01-25 11:23:00",1590,-0.00499999999999545
"2019-01-25 11:24:00",2825,0.0300999999999974
"2019-01-25 11:25:00",2985,0.0498000000000047
"2019-01-25 11:26:00",1400,-0.0145000000000053
"2019-01-25 11:27:00",2407,0.00460000000000349
"2019-01-25 11:28:00",4494,-0.00999999999999801
"2019-01-25 11:29:00",3948,0.029999999999994
"2019-01-25 11:30:00",2564,-0.029999999999994
"2019-01-25 11:31:00",1481,-0.0530000000000044
"2019-01-25 11:32:00",2517,0.0029000000000039
"2019-01-25 11:33:00",1200,0.0200999999999993
"2019-01-25 11:34:00",1626,0
"2019-01-25 11:35:00",2299,0
"2019-01-25 11:36:00",100,-0.0100000000000051
"2019-01-25 11:37:00",1200,0.0150000000000006
"2019-01-25 11:38:00",1914,0.0128000000000057
"2019-01-25 11:39:00",600,0.022199999999998
"2019-01-25 11:40:00",923,-0.0300000000000011
"2019-01-25 11:41:00",3503,0.00999999999999801
"2019-01-25 11:42:00",773,-0.0176999999999978
"2019-01-25 11:43:00",2500,-0.0123000000000033
"2019-01-25 11:44:00",4514,-0.019999999999996
"2019-01-25 11:45:00",4249,-0.0300000000000011
"2019-01-25 11:46:00",12250,-0.0499999999999972
"2019-01-25 11:47:00",3171,0.0150000000000006
"2019-01-25 11:48:00",800,0.00499999999999545
"2019-01-25 11:49:00",2293,-0.00999999999999801
"2019-01-25 11:50:00",4171,0
"2019-01-25 11:51:00",9149,-0.0700000000000003
"2019-01-25 11:52:00",4944,0.0300000000000011
"2019-01-25 11:53:00",3400,0.0300000000000011
"2019-01-25 11:54:00",2634,-0.0100000000000051
"2019-01-25 11:55:00",7164,0.0300000000000011
"2019-01-25 11:56:00",2200,0.00999999999999801
"2019-01-25 11:57:00",600,0
"2019-01-25 11:58:00",1159,0.00460000000000349
"2019-01-25 11:59:00",1390,0.0354000000000028
"2019-01-25 12:00:00",3218,0.0267999999999944
"2019-01-25 12:01:00",3408,-0.00679999999999836
"2019-01-25 12:02:00",3461,0.00999999999999801
"2019-01-25 12:03:00",764,-0.019999999999996
"2019-01-25 12:04:00",2143,0
"2019-01-25 12:05:00",2416,0
"2019-01-25 12:06:00",2000,0.00999999999999801
"2019-01-25 12:07:00",2413,0.00999999999999801
"2019-01-25 12:08:00",1500,0.0200000000000031
"2019-01-25 12:09:00",1300,0.00999999999999801
"2019-01-25 12:10:00",2728,-0.0236000000000018
"2019-01-25 12:11:00",2600,0.00860000000000127
"2019-01-25 12:12:00",1803,0.0150000000000006
"2019-01-25 12:13:00",1315,0.00630000000000308
"2019-01-25 12:14:00",4335,0.0137
"2019-01-25 12:15:00",2789,0.00889999999999702
"2019-01-25 12:16:00",8450,0.00460000000000349
"2019-01-25 12:17:00",2900,-0.0035000000000025
"2019-01-25 12:18:00",3065,0.00999999999999801
"2019-01-25 12:19:00",1200,-0.00499999999999545
"2019-01-25 12:20:00",5008,-0.0100000000000051
"2019-01-25 12:21:00",1885,0.00510000000000588
"2019-01-25 12:22:00",6048,0.00989999999999469
"2019-01-25 12:23:00",4538,0
"2019-01-25 12:24:00",8023,0.0200000000000031
"2019-01-25 12:25:00",1132,-0.00999999999999801
"2019-01-25 12:26:00",2575,-0.00500000000000256
"2019-01-25 12:27:00",4776,-0.0200000000000031
"2019-01-25 12:28:00",6706,0.0100000000000051
"2019-01-25 12:29:00",3379,-0.00500000000000256
"2019-01-25 12:30:00",6158,-0.0150000000000006
"2019-01-25 12:31:00",4207,0.0350000000000037
"2019-01-25 12:32:00",4691,-0.0100000000000051
"2019-01-25 12:33:00",4712,0
"2019-01-25 12:34:00",5643,0.00660000000000593
"2019-01-25 12:35:00",1908,-0.00660000000000593
"2019-01-25 12:36:00",3231,0
"2019-01-25 12:37:00",1739,0
"2019-01-25 12:38:00",1307,0.00500000000000256
"2019-01-25 12:39:00",1118,0.0150000000000006
"2019-01-25 12:40:00",1653,0.00540000000000163
"2019-01-25 12:41:00",4113,0.00459999999999638
"2019-01-25 12:42:00",4906,-0.019999999999996
"2019-01-25 12:43:00",600,0.019999999999996
"2019-01-25 12:44:00",2649,0.0200000000000031
"2019-01-25 12:45:00",2268,0.0063999999999993
"2019-01-25 12:46:00",2200,0.0135999999999967
"2019-01-25 12:47:00",2036,0.00260000000000105
"2019-01-25 12:48:00",4833,-0.0275999999999996
"2019-01-25 12:49:00",1768,-0.00500000000000256
"2019-01-25 12:50:00",1664,-0.00999999999999801
"2019-01-25 12:51:00",2275,0.00999999999999801
"2019-01-25 12:52:00",5649,-0.00869999999999749
"2019-01-25 12:53:00",2864,-0.0114000000000019
"2019-01-25 12:54:00",2220,0.0137
"2019-01-25 12:55:00",3250,0.0164000000000044
"2019-01-25 12:56:00",3059,-0.0200000000000031
"2019-01-25 12:57:00",920,0.0041000000000011
"2019-01-25 12:58:00",1013,-0.0041000000000011
"2019-01-25 12:59:00",1100,0
"2019-01-25 13:00:00",3244,0.0150000000000006
"2019-01-25 13:01:00",2251,-0.0142000000000024
"2019-01-25 13:02:00",1517,-0.000799999999998136
"2019-01-25 13:03:00",1200,-0.00499999999999545
"2019-01-25 13:04:00",1352,-0.00169999999999959
"2019-01-25 13:05:00",733,0.00669999999999504
"2019-01-25 13:06:00",1300,0
"2019-01-25 13:07:00",1349,-0.0155999999999992
"2019-01-25 13:08:00",1260,0.00240000000000151
"2019-01-25 13:09:00",1000,-0.0268000000000015
"2019-01-25 13:10:00",11683,-0.00999999999999801
"2019-01-25 13:11:00",3784,-0.00999999999999801
"2019-01-25 13:12:00",2445,-0.0100000000000051
"2019-01-25 13:13:00",1342,0
"2019-01-25 13:14:00",1762,-0.00499999999999545
"2019-01-25 13:15:00",4028,0.0150000000000006
"2019-01-25 13:16:00",5309,0
"2019-01-25 13:17:00",5168,-0.0250000000000057
"2019-01-25 13:18:00",3834,0.00830000000000553
"2019-01-25 13:19:00",3930,0.0167000000000002
"2019-01-25 13:20:00",1633,-0.0100000000000051
"2019-01-25 13:21:00",2900,-0.00999999999999801
"2019-01-25 13:22:00",2700,-0.00999999999999801
"2019-01-25 13:23:00",2943,0.0300000000000011
"2019-01-25 13:24:00",1890,0.019999999999996
"2019-01-25 13:25:00",5953,-0.00999999999999801
"2019-01-25 13:26:00",3281,0.00999999999999801
"2019-01-25 13:27:00",5342,-0.0399999999999991
"2019-01-25 13:28:00",6350,-0.0260999999999996
"2019-01-25 13:29:00",1347,0.00609999999999644
"2019-01-25 13:30:00",3864,0.0391000000000048
"2019-01-25 13:31:00",2100,0.000900000000001455
"2019-01-25 13:32:00",2985,-0.017000000000003
"2019-01-25 13:33:00",5031,-0.0180000000000007
"2019-01-25 13:34:00",1782,0.00999999999999801
"2019-01-25 13:35:00",5254,0
"2019-01-25 13:36:00",2559,0.0150000000000006
"2019-01-25 13:37:00",6090,-0.019999999999996
"2019-01-25 13:38:00",5105,-0.0200000000000031
"2019-01-25 13:39:00",3160,0.0155999999999992
"2019-01-25 13:40:00",7110,-0.0155999999999992
"2019-01-25 13:41:00",3008,-0.00500000000000256
"2019-01-25 13:42:00",7672,-0.0249999999999986
"2019-01-25 13:43:00",3943,0.0150000000000006
"2019-01-25 13:44:00",6562,0.0150000000000006
"2019-01-25 13:45:00",2706,-0.0150000000000006
"2019-01-25 13:46:00",3000,-0.0150000000000006
"2019-01-25 13:47:00",6316,-0.00999999999999801
"2019-01-25 13:48:00",4966,-0.0150000000000006
"2019-01-25 13:49:00",7040,-0.00509999999999877
"2019-01-25 13:50:00",3206,-0.0198999999999998
"2019-01-25 13:51:00",3418,-0.0200000000000031
"2019-01-25 13:52:00",5377,0.0300000000000011
"2019-01-25 13:53:00",3445,-0.0399999999999991
"2019-01-25 13:54:00",7409,0
"2019-01-25 13:55:00",5358,0.0350000000000037
"2019-01-25 13:56:00",2435,0
"2019-01-25 13:57:00",2027,0.0249999999999986
"2019-01-25 13:58:00",1751,-0.0200000000000031
"2019-01-25 13:59:00",1675,0.00999999999999801
"2019-01-25 14:00:00",5199,-0.00999999999999801
"2019-01-25 14:01:00",547,0.00999999999999801
"2019-01-25 14:02:00",1600,0.0200000000000031
"2019-01-25 14:03:00",2113,-0.0200000000000031
"2019-01-25 14:04:00",3076,0
"2019-01-25 14:05:00",3147,0
"2019-01-25 14:06:00",1254,0.00500000000000256
"2019-01-25 14:07:00",2423,-0.00500000000000256
"2019-01-25 14:08:00",12395,0
"2019-01-25 14:09:00",3050,-0.00999999999999801
"2019-01-25 14:10:00",8567,0.00999999999999801
"2019-01-25 14:11:00",800,0.00590000000000401
"2019-01-25 14:12:00",1431,0.0041000000000011
"2019-01-25 14:13:00",1773,-0.0200000000000031
"2019-01-25 14:14:00",900,0.00999999999999801
"2019-01-25 14:15:00",1625,0.0166000000000039
"2019-01-25 14:16:00",4398,-0.00270000000000437
"2019-01-25 14:17:00",1611,0.00610000000000355
"2019-01-25 14:18:00",909,-0.0099000000000018
"2019-01-25 14:19:00",3227,0.0099000000000018
"2019-01-25 14:20:00",1879,-0.00999999999999801
"2019-01-25 14:21:00",1100,-0.0046999999999997
"2019-01-25 14:22:00",2321,0.0146999999999977
"2019-01-25 14:23:00",3113,0.00500000000000256
"2019-01-25 14:24:00",1954,-0.00500000000000256
"2019-01-25 14:25:00",552,0.00500000000000256
"2019-01-25 14:26:00",2012,0
"2019-01-25 14:27:00",5811,-0.0150000000000006
"2019-01-25 14:28:00",5704,0.00999999999999801
"2019-01-25 14:29:00",3937,0
"2019-01-25 14:30:00",14668,-0.0600000000000023
"2019-01-25 14:31:00",4441,0.00500000000000256
"2019-01-25 14:32:00",2633,-0.00999999999999801
"2019-01-25 14:33:00",2709,0.019999999999996
"2019-01-25 14:34:00",3350,0.0150000000000006
"2019-01-25 14:35:00",5001,-0.00999999999999801
"2019-01-25 14:36:00",4586,0.0249999999999986
"2019-01-25 14:37:00",3168,0.00500000000000256
"2019-01-25 14:38:00",3834,-0.0100000000000051
"2019-01-25 14:39:00",2443,0
"2019-01-25 14:40:00",7530,0
"2019-01-25 14:41:00",4141,0.0200000000000031
"2019-01-25 14:42:00",5329,0.0249999999999986
"2019-01-25 14:43:00",6233,0.00500000000000256
"2019-01-25 14:44:00",4668,0
"2019-01-25 14:45:00",6184,-0.0200000000000031
"2019-01-25 14:46:00",4057,-0.019999999999996
"2019-01-25 14:47:00",3644,-0.00800000000000267
"2019-01-25 14:48:00",6799,0.0279999999999987
"2019-01-25 14:49:00",4562,-0.019999999999996
"2019-01-25 14:50:00",7460,-0.0249999999999986
"2019-01-25 14:51:00",6402,-0.00500000000000256
"2019-01-25 14:52:00",5004,-0.0300000000000011
"2019-01-25 14:53:00",6559,-0.0150000000000006
"2019-01-25 14:54:00",13420,0.0350000000000037
"2019-01-25 14:55:00",8807,-0.0200000000000031
"2019-01-25 14:56:00",9437,-0.0150000000000006
"2019-01-25 14:57:00",4516,-0.00500000000000256
"2019-01-25 14:58:00",18945,0.0200000000000031
"2019-01-25 14:59:00",36204,0.0300000000000011
"2019-01-25 15:02:00",19678,-0.0399999999999991
"2019-01-25 15:15:00",0,0
"2019-01-28 08:30:00",49044,-0.774500000000003
"2019-01-28 08:31:00",5910,0.00450000000000017
"2019-01-28 08:32:00",11275,-0.00999999999999801
"2019-01-28 08:33:00",10684,-0.0200000000000031
"2019-01-28 08:34:00",3100,0.0399999999999991
"2019-01-28 08:35:00",9632,-0.019999999999996
"2019-01-28 08:36:00",2816,0.0197000000000003
"2019-01-28 08:37:00",2450,0.0103000000000009
"2019-01-28 08:38:00",4050,0.0300000000000011
"2019-01-28 08:39:00",11480,-0.0549999999999997
"2019-01-28 08:40:00",8627,-0.0250000000000057
"2019-01-28 08:41:00",11488,-0.00999999999999801
"2019-01-28 08:42:00",3795,0
"2019-01-28 08:43:00",6779,-0.0300000000000011
"2019-01-28 08:44:00",2648,0
"2019-01-28 08:45:00",10229,0.0500000000000043
"2019-01-28 08:46:00",4888,-0.0200000000000031
"2019-01-28 08:47:00",4584,-0.0300000000000011
"2019-01-28 08:48:00",3357,-0.00999999999999801
"2019-01-28 08:49:00",8484,-0.0549999999999997
"2019-01-28 08:50:00",18898,-0.0350000000000037
"2019-01-28 08:51:00",4321,0.0500000000000043
"2019-01-28 08:52:00",7200,-0.00999999999999801
"2019-01-28 08:53:00",10072,0.019999999999996
"2019-01-28 08:54:00",2150,-0.0182000000000002
"2019-01-28 08:55:00",9657,-0.0418000000000021
"2019-01-28 08:56:00",4734,-0.0599999999999952
"2019-01-28 08:57:00",9322,0.0399999999999991
"2019-01-28 08:58:00",4143,0.019999999999996
"2019-01-28 08:59:00",30361,0.0600000000000023
"2019-01-28 09:00:00",16882,-0.0799999999999983
"2019-01-28 09:01:00",8247,0
"2019-01-28 09:02:00",8166,0.0399999999999991
"2019-01-28 09:03:00",16046,0.00500000000000256
"2019-01-28 09:04:00",3678,-0.0450000000000017
"2019-01-28 09:05:00",11161,0.0399999999999991
"2019-01-28 09:06:00",3930,0
"2019-01-28 09:07:00",17927,0.0799999999999983
"2019-01-28 09:08:00",7237,0
"2019-01-28 09:09:00",3923,0.0200000000000031
"2019-01-28 09:10:00",4674,-0.0150000000000006
"2019-01-28 09:11:00",3300,-0.00500000000000256
"2019-01-28 09:12:00",5463,0.00480000000000302
"2019-01-28 09:13:00",2927,-0.00679999999999836
"2019-01-28 09:14:00",5229,-0.0280000000000058
"2019-01-28 09:15:00",3059,0.0700000000000003
"2019-01-28 09:16:00",2210,0.0100000000000051
"2019-01-28 09:17:00",7116,0
"2019-01-28 09:18:00",5523,0.00499999999999545
"2019-01-28 09:19:00",9923,0.0450000000000017
"2019-01-28 09:20:00",4005,0.0339000000000027
"2019-01-28 09:21:00",3495,-0.00390000000000157
"2019-01-28 09:22:00",8491,0.019999999999996
"2019-01-28 09:23:00",14502,-0.029999999999994
"2019-01-28 09:24:00",4368,0.0249999999999986
"2019-01-28 09:25:00",8370,0.00499999999999545
"2019-01-28 09:26:00",2966,-0.029999999999994
"2019-01-28 09:27:00",3405,-0.0400000000000063
"2019-01-28 09:28:00",5064,0.0250000000000057
"2019-01-28 09:29:00",6320,-0.0150000000000006
"2019-01-28 09:30:00",11897,-0.0500000000000043
"2019-01-28 09:31:00",2168,0.0500000000000043
"2019-01-28 09:32:00",5750,0
"2019-01-28 09:33:00",8089,0
"2019-01-28 09:34:00",4194,0.00669999999999504
"2019-01-28 09:35:00",2331,0.0171000000000063
"2019-01-28 09:36:00",6500,-0.0338000000000065
"2019-01-28 09:37:00",8077,-0.029999999999994
"2019-01-28 09:38:00",5857,0.0384999999999991
"2019-01-28 09:39:00",3500,-0.0384999999999991
"2019-01-28 09:40:00",6101,0.0700000000000003
"2019-01-28 09:41:00",3300,-0.0100000000000051
"2019-01-28 09:42:00",4950,0.0300000000000011
"2019-01-28 09:43:00",4157,0.00999999999999801
"2019-01-28 09:44:00",1605,-0.029999999999994
"2019-01-28 09:45:00",14895,-0.0600000000000023
"2019-01-28 09:46:00",9488,0.00999999999999801
"2019-01-28 09:47:00",4760,-0.019999999999996
"2019-01-28 09:48:00",5235,0.019999999999996
"2019-01-28 09:49:00",3657,-0.0499999999999972
"2019-01-28 09:50:00",4797,-0.0200000000000031
"2019-01-28 09:51:00",3630,-0.0150000000000006
"2019-01-28 09:52:00",9247,0.0150000000000006
"2019-01-28 09:53:00",41558,0.0900999999999996
"2019-01-28 09:54:00",81482,0.0399000000000029
"2019-01-28 09:55:00",71095,-0.00999999999999801
"2019-01-28 09:56:00",6645,-0.0300000000000011
"2019-01-28 09:57:00",6149,-0.0600000000000023
"2019-01-28 09:58:00",2639,0.0300000000000011
"2019-01-28 09:59:00",4890,-0.0499999999999972
"2019-01-28 10:00:00",6442,0.0499999999999972
"2019-01-28 10:01:00",2800,-0.0799999999999983
"2019-01-28 10:02:00",6100,-0.00500000000000256
"2019-01-28 10:03:00",1797,-0.00500000000000256
"2019-01-28 10:04:00",2840,-0.0390999999999977
"2019-01-28 10:05:00",2757,0.0290999999999997
"2019-01-28 10:06:00",1795,0.00999999999999801
"2019-01-28 10:07:00",4988,-0.023299999999999
"2019-01-28 10:08:00",5446,0.023299999999999
"2019-01-28 10:09:00",2520,0.0200000000000031
"2019-01-28 10:10:00",1309,-0.0200000000000031
"2019-01-28 10:11:00",1867,0.0300000000000011
"2019-01-28 10:12:00",3738,-0.019999999999996
"2019-01-28 10:13:00",2305,0.0599999999999952
"2019-01-28 10:14:00",4462,-0.00999999999999801
"2019-01-28 10:15:00",2497,0.0200000000000031
"2019-01-28 10:16:00",1050,-0.0399999999999991
"2019-01-28 10:17:00",1200,-0.0100000000000051
"2019-01-28 10:18:00",4269,0
"2019-01-28 10:19:00",3598,0
"2019-01-28 10:20:00",4203,0
"2019-01-28 10:21:00",1798,0.0300000000000011
"2019-01-28 10:22:00",10540,0
"2019-01-28 10:23:00",3700,-0.019999999999996
"2019-01-28 10:24:00",3234,-0.0200000000000031
"2019-01-28 10:25:00",6307,0.0300000000000011
"2019-01-28 10:26:00",5535,-0.0300000000000011
"2019-01-28 10:27:00",5064,0
"2019-01-28 10:28:00",6985,-0.0300000000000011
"2019-01-28 10:29:00",14947,-0.019999999999996
"2019-01-28 10:30:00",3016,0.00999999999999801
"2019-01-28 10:31:00",5127,-0.0200000000000031
"2019-01-28 10:32:00",1748,0.0100000000000051
"2019-01-28 10:33:00",4585,-0.0200000000000031
"2019-01-28 10:34:00",30500,0.00999999999999801
"2019-01-28 10:35:00",4285,-0.0467999999999975
"2019-01-28 10:36:00",1269,0.0167999999999964
"2019-01-28 10:37:00",2110,-0.029999999999994
"2019-01-28 10:38:00",4400,-0.00380000000000535
"2019-01-28 10:39:00",2182,0.00380000000000535
"2019-01-28 10:40:00",5499,-0.0100000000000051
"2019-01-28 10:41:00",3164,0.0100000000000051
"2019-01-28 10:42:00",1899,0.00999999999999801
"2019-01-28 10:43:00",1328,0.00999999999999801
"2019-01-28 10:44:00",1203,0
"2019-01-28 10:45:00",3950,0
"2019-01-28 10:46:00",1100,-0.0069999999999979
"2019-01-28 10:47:00",5313,-0.0429999999999993
"2019-01-28 10:48:00",5700,0.019999999999996
"2019-01-28 10:49:00",2341,0.0300000000000011
"2019-01-28 10:50:00",1000,0.00999999999999801
"2019-01-28 10:51:00",2200,0.0200000000000031
"2019-01-28 10:52:00",1300,0.00999999999999801
"2019-01-28 10:53:00",1400,-0.0399999999999991
"2019-01-28 10:54:00",1000,-0.0300000000000011
"2019-01-28 10:55:00",16477,0.0300000000000011
"2019-01-28 10:56:00",7359,0.0121000000000038
"2019-01-28 10:57:00",2140,-0.00919999999999987
"2019-01-28 10:58:00",3074,-0.0129000000000019
"2019-01-28 10:59:00",4171,0.00549999999999784
"2019-01-28 11:00:00",2600,-0.00549999999999784
"2019-01-28 11:01:00",1073,-0.0300000000000011
"2019-01-28 11:02:00",2755,-0.0399999999999991
"2019-01-28 11:03:00",3012,-0.00999999999999801
"2019-01-28 11:04:00",2547,0.029999999999994
"2019-01-28 11:05:00",600,0.0100000000000051
"2019-01-28 11:06:00",868,-0.0100000000000051
"2019-01-28 11:07:00",2192,-0.00999999999999801
"2019-01-28 11:08:00",1314,-0.00359999999999872
"2019-01-28 11:09:00",1430,0.0135999999999967
"2019-01-28 11:10:00",650,0.0200000000000031
"2019-01-28 11:11:00",3734,0
"2019-01-28 11:12:00",812,0
"2019-01-28 11:13:00",700,0.00999999999999801
"2019-01-28 11:14:00",300,-0.00389999999999446
"2019-01-28 11:15:00",1307,0.0138999999999996
"2019-01-28 11:16:00",800,0.000999999999997669
"2019-01-28 11:17:00",1352,0.00900000000000034
"2019-01-28 11:18:00",2095,-0.0260999999999996
"2019-01-28 11:19:00",1100,0.0161000000000016
"2019-01-28 11:20:00",700,0.00999999999999801
"2019-01-28 11:21:00",1210,0.019999999999996
"2019-01-28 11:22:00",1813,0
"2019-01-28 11:23:00",612,0
"2019-01-28 11:24:00",3206,0.0499000000000009
"2019-01-28 11:25:00",3033,0.0300000000000011
"2019-01-28 11:26:00",2856,-0.0198999999999998
"2019-01-28 11:27:00",2135,0.00659999999999883
"2019-01-28 11:28:00",991,0.0234000000000023
"2019-01-28 11:29:00",2474,-0.00999999999999801
"2019-01-28 11:30:00",3016,0
"2019-01-28 11:31:00",916,-0.0200000000000031
"2019-01-28 11:32:00",3309,-0.019999999999996
"2019-01-28 11:33:00",1600,0.029999999999994
"2019-01-28 11:34:00",1134,-0.00999999999999801
"2019-01-28 11:35:00",2600,-0.00999999999999801
"2019-01-28 11:36:00",1600,-0.0300000000000011
"2019-01-28 11:37:00",1300,-0.00999999999999801
"2019-01-28 11:38:00",1644,0.0300000000000011
"2019-01-28 11:39:00",4086,-0.00210000000000576
"2019-01-28 11:40:00",803,-0.00799999999999557
"2019-01-28 11:41:00",1353,-0.0399000000000029
"2019-01-28 11:42:00",1460,0.0200000000000031
"2019-01-28 11:43:00",2250,0.00999999999999801
"2019-01-28 11:44:00",1696,-0.0300000000000011
"2019-01-28 11:45:00",3693,0
"2019-01-28 11:46:00",1100,-0.0133999999999972
"2019-01-28 11:47:00",2705,-0.0046999999999997
"2019-01-28 11:48:00",600,0.00809999999999889
"2019-01-28 11:49:00",1075,0.019999999999996
"2019-01-28 11:50:00",1160,0.0200000000000031
"2019-01-28 11:51:00",2904,-0.0200000000000031
"2019-01-28 11:52:00",1300,-0.019999999999996
"2019-01-28 11:53:00",800,0.0172999999999988
"2019-01-28 11:54:00",425,-0.0135999999999967
"2019-01-28 11:55:00",3289,-0.00370000000000203
"2019-01-28 11:56:00",400,0
"2019-01-28 11:57:00",2097,0.00999999999999801
"2019-01-28 11:58:00",7892,-0.00260000000000105
"2019-01-28 11:59:00",5444,-0.00739999999999696
"2019-01-28 12:00:00",1715,0.00999999999999801
"2019-01-28 12:01:00",1264,0.0200000000000031
"2019-01-28 12:02:00",2879,-0.0100000000000051
"2019-01-28 12:03:00",1055,0
"2019-01-28 12:04:00",2393,0.0100000000000051
"2019-01-28 12:05:00",303,-0.00330000000000297
"2019-01-28 12:06:00",2101,0.023299999999999
"2019-01-28 12:07:00",560,-0.00999999999999801
"2019-01-28 12:08:00",2110,0.00999999999999801
"2019-01-28 12:09:00",1850,0.0200000000000031
"2019-01-28 12:10:00",3025,-0.0146000000000015
"2019-01-28 12:11:00",2450,-0.00540000000000163
"2019-01-28 12:12:00",1321,0.0100000000000051
"2019-01-28 12:13:00",1171,0.00499999999999545
"2019-01-28 12:14:00",5514,-0.0150000000000006
"2019-01-28 12:15:00",1606,-9.99999999962142e-05
"2019-01-28 12:16:00",2568,9.99999999962142e-05
"2019-01-28 12:17:00",1100,-0.019999999999996
"2019-01-28 12:18:00",1359,0.0499999999999972
"2019-01-28 12:19:00",7216,-0.00529999999999831
"2019-01-28 12:20:00",3701,0.0152999999999963
"2019-01-28 12:21:00",5036,0.013300000000001
"2019-01-28 12:22:00",4297,0.0267000000000053
"2019-01-28 12:23:00",2344,-0.0200000000000031
"2019-01-28 12:24:00",6034,0.00999999999999801
"2019-01-28 12:25:00",2591,-0.00999999999999801
"2019-01-28 12:26:00",1986,-0.00999999999999801
"2019-01-28 12:27:00",800,-0.00500000000000256
"2019-01-28 12:28:00",2400,0.0249999999999986
"2019-01-28 12:29:00",2670,0.0100000000000051
"2019-01-28 12:30:00",1442,0.00999999999999801
"2019-01-28 12:31:00",4868,0.019999999999996
"2019-01-28 12:32:00",3743,0.013300000000001
"2019-01-28 12:33:00",5085,0.0367000000000033
"2019-01-28 12:34:00",5853,0.00999999999999801
"2019-01-28 12:35:00",5025,-0.0300000000000011
"2019-01-28 12:36:00",3610,-0.0165000000000006
"2019-01-28 12:37:00",695,-0.00659999999999883
"2019-01-28 12:38:00",9973,0.0230999999999995
"2019-01-28 12:39:00",8548,-0.019999999999996
"2019-01-28 12:40:00",2099,0
"2019-01-28 12:41:00",2285,0.029999999999994
"2019-01-28 12:42:00",2450,0
"2019-01-28 12:43:00",4410,-0.00319999999999965
"2019-01-28 12:44:00",1029,0.0132000000000048
"2019-01-28 12:45:00",3010,0
"2019-01-28 12:46:00",1855,0.019999999999996
"2019-01-28 12:47:00",7200,-0.00999999999999801
"2019-01-28 12:48:00",2520,-0.00999999999999801
"2019-01-28 12:49:00",1800,-0.00500000000000256
"2019-01-28 12:50:00",8378,0.0159999999999982
"2019-01-28 12:51:00",200,-0.000999999999997669
"2019-01-28 12:52:00",1480,0.00999999999999801
"2019-01-28 12:53:00",3022,-0.00999999999999801
"2019-01-28 12:54:00",1524,0.0399999999999991
"2019-01-28 12:55:00",220,0.00319999999999965
"2019-01-28 12:56:00",3069,0.0266999999999982
"2019-01-28 12:57:00",2607,0.0101000000000013
"2019-01-28 12:58:00",5625,0.0150000000000006
"2019-01-28 12:59:00",3165,-0.00499999999999545
"2019-01-28 13:00:00",4703,0.019999999999996
"2019-01-28 13:01:00",1709,-0.019999999999996
"2019-01-28 13:02:00",4039,-0.0200000000000031
"2019-01-28 13:03:00",1100,0.00999999999999801
"2019-01-28 13:04:00",2870,-0.0300000000000011
"2019-01-28 13:05:00",4913,0.0100000000000051
"2019-01-28 13:06:00",4276,-0.0100000000000051
"2019-01-28 13:07:00",500,0.0100000000000051
"2019-01-28 13:08:00",1592,-0.0099000000000018
"2019-01-28 13:09:00",2370,0.0198999999999998
"2019-01-28 13:10:00",2766,0.00500000000000256
"2019-01-28 13:11:00",3732,-0.0150000000000006
"2019-01-28 13:12:00",1400,-0.0100000000000051
"2019-01-28 13:13:00",6506,0
"2019-01-28 13:14:00",2000,0
"2019-01-28 13:15:00",2566,0
"2019-01-28 13:16:00",1598,0.0064000000000064
"2019-01-28 13:17:00",1432,-0.00140000000000384
"2019-01-28 13:18:00",9618,-0.00500000000000256
"2019-01-28 13:19:00",400,0.00500000000000256
"2019-01-28 13:20:00",1700,-0.00500000000000256
"2019-01-28 13:21:00",4584,0.00500000000000256
"2019-01-28 13:22:00",11454,-0.0399999999999991
"2019-01-28 13:23:00",1064,-0.00500000000000256
"2019-01-28 13:24:00",2600,0.0100000000000051
"2019-01-28 13:25:00",786,0.00999999999999801
"2019-01-28 13:26:00",6829,-0.00339999999999918
"2019-01-28 13:27:00",6189,0.00339999999999918
"2019-01-28 13:28:00",4147,0.0101000000000013
"2019-01-28 13:29:00",4700,0.0198999999999998
"2019-01-28 13:30:00",14713,0.0249999999999986
"2019-01-28 13:31:00",8436,0.00679999999999836
"2019-01-28 13:32:00",1293,-0.00679999999999836
"2019-01-28 13:33:00",2599,-0.000500000000002387
"2019-01-28 13:34:00",2861,0.015500000000003
"2019-01-28 13:35:00",776,-0.00390000000000157
"2019-01-28 13:36:00",1100,-0.00609999999999644
"2019-01-28 13:38:00",1801,0
"2019-01-28 13:39:00",800,0.0178999999999974
"2019-01-28 13:40:00",2165,-0.0142999999999986
"2019-01-28 13:41:00",3532,0.0163999999999973
"2019-01-28 13:42:00",100,-0.00500000000000256
"2019-01-28 13:43:00",8968,0.0250000000000057
"2019-01-28 13:44:00",3956,0.0191999999999979
"2019-01-28 13:45:00",1591,0.0307999999999993
"2019-01-28 13:46:00",3144,0.0200000000000031
"2019-01-28 13:47:00",487,-0.00270000000000437
"2019-01-28 13:48:00",4099,0.0127000000000024
"2019-01-28 13:49:00",4264,-0.00999999999999801
"2019-01-28 13:50:00",9710,0.00499999999999545
"2019-01-28 13:51:00",1422,0.00500000000000256
"2019-01-28 13:52:00",5618,-0.0435000000000016
"2019-01-28 13:53:00",725,-0.0165000000000006
"2019-01-28 13:54:00",1483,-0.0150000000000006
"2019-01-28 13:55:00",4683,0.0250000000000057
"2019-01-28 13:56:00",2458,0.0149999999999935
"2019-01-28 13:57:00",8004,-0.0149999999999935
"2019-01-28 13:58:00",4339,-0.0150000000000006
"2019-01-28 13:59:00",4194,-0.0150000000000006
"2019-01-28 14:00:00",1732,-0.0168000000000035
"2019-01-28 14:01:00",2853,0.0178000000000011
"2019-01-28 14:02:00",1700,-0.000999999999997669
"2019-01-28 14:03:00",1166,0
"2019-01-28 14:04:00",1277,0.00989999999999469
"2019-01-28 14:05:00",7698,-0.0448999999999984
"2019-01-28 14:06:00",800,-0.00999999999999801
"2019-01-28 14:07:00",600,0.0150000000000006
"2019-01-28 14:08:00",1900,0.019999999999996
"2019-01-28 14:09:00",2505,-0.00189999999999912
"2019-01-28 14:10:00",7729,-0.00809999999999889
"2019-01-28 14:11:00",1279,0.00999999999999801
"2019-01-28 14:12:00",9065,0.0300000000000011
"2019-01-28 14:13:00",2470,-0.00499999999999545
"2019-01-28 14:14:00",2383,0.031099999999995
"2019-01-28 14:15:00",1500,-0.00600000000000023
"2019-01-28 14:16:00",4053,0.00740000000000407
"2019-01-28 14:17:00",2500,-0.0225000000000009
"2019-01-28 14:18:00",1600,-0.00500000000000256
"2019-01-28 14:19:00",7128,0.0450000000000017
"2019-01-28 14:20:00",10585,0.00500000000000256
"2019-01-28 14:21:00",3069,-0.0200000000000031
"2019-01-28 14:22:00",2400,-0.00500000000000256
"2019-01-28 14:23:00",3931,0.0101000000000013
"2019-01-28 14:24:00",2513,-0.0107999999999961
"2019-01-28 14:25:00",3162,-0.00930000000000319
"2019-01-28 14:26:00",4549,-0.00499999999999545
"2019-01-28 14:27:00",1100,-0.0100000000000051
"2019-01-28 14:28:00",3194,-0.00999999999999801
"2019-01-28 14:29:00",11814,0
"2019-01-28 14:30:00",4538,0.00900000000000034
"2019-01-28 14:31:00",3782,-0.0140000000000029
"2019-01-28 14:32:00",10032,0.0100000000000051
"2019-01-28 14:33:00",3037,0.00499999999999545
"2019-01-28 14:34:00",968,-0.00499999999999545
"2019-01-28 14:35:00",2407,0
"2019-01-28 14:36:00",23239,0.0349999999999966
"2019-01-28 14:37:00",20192,-0.019999999999996
"2019-01-28 14:38:00",6159,0.00499999999999545
"2019-01-28 14:39:00",5799,0.0249999999999986
"2019-01-28 14:40:00",7587,0
"2019-01-28 14:41:00",7332,-0.00499999999999545
"2019-01-28 14:42:00",6315,0.0249999999999986
"2019-01-28 14:43:00",4778,0
"2019-01-28 14:44:00",6917,-0.0300000000000011
"2019-01-28 14:45:00",7040,-0.00500000000000256
"2019-01-28 14:46:00",16573,-0.0149999999999935
"2019-01-28 14:47:00",4053,0.00499999999999545
"2019-01-28 14:48:00",10067,0.00999999999999801
"2019-01-28 14:49:00",19552,0.0100000000000051
"2019-01-28 14:50:00",11268,-0.0150000000000006
"2019-01-28 14:51:00",8076,-0.0150000000000006
"2019-01-28 14:52:00",10837,0.00500000000000256
"2019-01-28 14:53:00",55049,0.00499999999999545
"2019-01-28 14:54:00",14159,0.00500000000000256
"2019-01-28 14:55:00",24139,0.019999999999996
"2019-01-28 14:56:00",14747,0.0200000000000031
"2019-01-28 14:57:00",11251,0.00500000000000256
"2019-01-28 14:58:00",16670,0.029999999999994
"2019-01-28 14:59:00",36558,-0.0649999999999977
"2019-01-28 15:02:00",80631,0
"2019-01-28 15:15:00",0,0
"2019-01-29 08:30:00",48234,0.340000000000003
"2019-01-29 08:31:00",11218,-0.0200000000000031
"2019-01-29 08:32:00",28538,0.140000000000001
"2019-01-29 08:33:00",14881,-0.0750000000000028
"2019-01-29 08:34:00",7693,0.0650000000000048
"2019-01-29 08:35:00",15855,-0.00659999999999883
"2019-01-29 08:36:00",10895,-0.0334000000000003
"2019-01-29 08:37:00",14158,0.019999999999996
"2019-01-29 08:38:00",27871,0.0174999999999983
"2019-01-29 08:39:00",4531,0.0125000000000028
"2019-01-29 08:40:00",4414,-0.0200000000000031
"2019-01-29 08:41:00",10737,-0.00999999999999801
"2019-01-29 08:42:00",10183,0.0399999999999991
"2019-01-29 08:43:00",14791,0.0500000000000043
"2019-01-29 08:44:00",5658,-0.0200000000000031
"2019-01-29 08:45:00",6653,0
"2019-01-29 08:46:00",13538,0.0399999999999991
"2019-01-29 08:47:00",11335,0.0350000000000037
"2019-01-29 08:48:00",7717,0.0349999999999966
"2019-01-29 08:49:00",12501,0.0200000000000031
"2019-01-29 08:50:00",5027,0.019999999999996
"2019-01-29 08:51:00",11683,-0.0349999999999966
"2019-01-29 08:52:00",15585,-0.0150000000000006
"2019-01-29 08:53:00",17212,0.00500000000000256
"2019-01-29 08:54:00",8901,-0.0550000000000068
"2019-01-29 08:55:00",13620,0
"2019-01-29 08:56:00",3007,-0.019999999999996
"2019-01-29 08:57:00",5359,0.0349999999999966
"2019-01-29 08:58:00",4983,-0.00499999999999545
"2019-01-29 08:59:00",3842,-0.0300000000000011
"2019-01-29 09:00:00",12904,0.00999999999999801
"2019-01-29 09:01:00",5400,-0.019999999999996
"2019-01-29 09:02:00",6777,0.019999999999996
"2019-01-29 09:03:00",6305,0.0200000000000031
"2019-01-29 09:04:00",6719,0.0300000000000011
"2019-01-29 09:05:00",6627,0.00999999999999801
"2019-01-29 09:06:00",4315,-0.0399999999999991
"2019-01-29 09:07:00",9402,-0.0100000000000051
"2019-01-29 09:08:00",8894,0.0100000000000051
"2019-01-29 09:09:00",5616,0.019999999999996
"2019-01-29 09:10:00",7709,-0.0449999999999946
"2019-01-29 09:11:00",3119,-0.0150000000000006
"2019-01-29 09:12:00",3681,0.00999999999999801
"2019-01-29 09:13:00",3436,-0.0200000000000031
"2019-01-29 09:14:00",16371,-0.0499999999999972
"2019-01-29 09:15:00",5585,-0.00999999999999801
"2019-01-29 09:16:00",4519,-0.0350000000000037
"2019-01-29 09:17:00",5049,0.00500000000000256
"2019-01-29 09:18:00",9810,0.0300000000000011
"2019-01-29 09:19:00",14645,0.059899999999999
"2019-01-29 09:20:00",2300,-0.0298999999999978
"2019-01-29 09:21:00",4650,-0.0200000000000031
"2019-01-29 09:22:00",2583,-0.0399999999999991
"2019-01-29 09:23:00",3209,0.00999999999999801
"2019-01-29 09:24:00",3470,0.00999999999999801
"2019-01-29 09:25:00",2199,0.0200000000000031
"2019-01-29 09:26:00",4838,0.0150000000000006
"2019-01-29 09:27:00",4409,0.0150000000000006
"2019-01-29 09:28:00",20283,0
"2019-01-29 09:29:00",22305,0.0700000000000003
"2019-01-29 09:30:00",4512,-0.0249999999999986
"2019-01-29 09:31:00",9320,-0.0350000000000037
"2019-01-29 09:32:00",14985,-0.019999999999996
"2019-01-29 09:33:00",14917,0.00999999999999801
"2019-01-29 09:34:00",2383,0.00999999999999801
"2019-01-29 09:35:00",4162,0.0200000000000031
"2019-01-29 09:36:00",2026,0.00999999999999801
"2019-01-29 09:37:00",1607,-0.00710000000000122
"2019-01-29 09:38:00",3200,-0.00289999999999679
"2019-01-29 09:39:00",3166,-0.0301000000000045
"2019-01-29 09:40:00",3630,0.0101000000000013
"2019-01-29 09:41:00",5960,0.00999999999999801
"2019-01-29 09:42:00",5085,-0.0150000000000006
"2019-01-29 09:43:00",9647,-0.00499999999999545
"2019-01-29 09:44:00",25914,-0.0200000000000031
"2019-01-29 09:45:00",10520,0.00500000000000256
"2019-01-29 09:46:00",9651,0.00999999999999801
"2019-01-29 09:47:00",9859,-0.00499999999999545
"2019-01-29 09:48:00",5933,-0.0343000000000018
"2019-01-29 09:49:00",11467,-0.0157000000000025
"2019-01-29 09:50:00",6650,-0.0499999999999972
"2019-01-29 09:51:00",8041,-0.0200000000000031
"2019-01-29 09:52:00",14008,-0.0664999999999978
"2019-01-29 09:53:00",24086,-0.0234999999999985
"2019-01-29 09:54:00",14243,-0.0399999999999991
"2019-01-29 09:55:00",8451,0.029999999999994
"2019-01-29 09:56:00",13634,-0.029999999999994
"2019-01-29 09:57:00",8827,-0.0500000000000043
"2019-01-29 09:58:00",41200,-0.0300000000000011
"2019-01-29 09:59:00",15170,0
"2019-01-29 10:00:00",18234,0
"2019-01-29 10:01:00",17999,0.00500000000000256
"2019-01-29 10:02:00",12059,0.0450000000000017
"2019-01-29 10:03:00",10030,-0.0200000000000031
"2019-01-29 10:04:00",14032,-0.0499999999999972
"2019-01-29 10:05:00",17848,-0.0331000000000046
"2019-01-29 10:06:00",4928,0.0667000000000044
"2019-01-29 10:07:00",1821,0.0364000000000004
"2019-01-29 10:08:00",17261,0
"2019-01-29 10:09:00",12370,-0.00500000000000256
"2019-01-29 10:10:00",7966,0.0150000000000006
"2019-01-29 10:11:00",7015,-0.0399999999999991
"2019-01-29 10:12:00",12475,-0.00999999999999801
"2019-01-29 10:13:00",5976,9.99999999962142e-05
"2019-01-29 10:14:00",3865,0.0198999999999998
"2019-01-29 10:15:00",8144,0.0399999999999991
"2019-01-29 10:16:00",7483,-0.0499999999999972
"2019-01-29 10:17:00",7909,0
"2019-01-29 10:18:00",12161,-0.0236000000000018
"2019-01-29 10:19:00",5550,0.0136000000000038
"2019-01-29 10:20:00",2553,-0.0300000000000011
"2019-01-29 10:21:00",5035,0.00999999999999801
"2019-01-29 10:22:00",5140,0
"2019-01-29 10:23:00",8539,-0.0499999999999972
"2019-01-29 10:24:00",21771,-0.00500000000000256
"2019-01-29 10:25:00",10711,0.0377999999999972
"2019-01-29 10:26:00",15265,0.0122
"2019-01-29 10:27:00",20661,0.0250000000000057
"2019-01-29 10:28:00",34846,0.029999999999994
"2019-01-29 10:29:00",30812,0.0300000000000011
"2019-01-29 10:30:00",8649,0.0399999999999991
"2019-01-29 10:31:00",1700,-0.0150000000000006
"2019-01-29 10:32:00",6082,-0.0249999999999986
"2019-01-29 10:33:00",12565,-0.019999999999996
"2019-01-29 10:34:00",4200,0.0499999999999972
"2019-01-29 10:35:00",1283,0.0200000000000031
"2019-01-29 10:36:00",4372,0.019999999999996
"2019-01-29 10:37:00",3300,0
"2019-01-29 10:38:00",6736,0.00999999999999801
"2019-01-29 10:39:00",4888,0.0100000000000051
"2019-01-29 10:40:00",1939,0.0150000000000006
"2019-01-29 10:41:00",3517,0.0204999999999984
"2019-01-29 10:42:00",2080,-0.00549999999999784
"2019-01-29 10:43:00",1195,0.00499999999999545
"2019-01-29 10:44:00",2327,0.0150000000000006
"2019-01-29 10:45:00",723,0.0200999999999993
"2019-01-29 10:46:00",1000,-9.99999999962142e-05
"2019-01-29 10:47:00",8895,0.00999999999999801
"2019-01-29 10:48:00",4015,-0.0399999999999991
"2019-01-29 10:49:00",3159,0.0198999999999998
"2019-01-29 10:50:00",8608,-0.0198999999999998
"2019-01-29 10:51:00",1575,0
"2019-01-29 10:52:00",5426,0.00500000000000256
"2019-01-29 10:53:00",6579,-0.0150000000000006
"2019-01-29 10:54:00",3800,0
"2019-01-29 10:55:00",2613,0.00499999999999545
"2019-01-29 10:56:00",4651,0.00500000000000256
"2019-01-29 10:57:00",1795,0
"2019-01-29 10:58:00",900,0
"2019-01-29 10:59:00",500,-0.00999999999999801
"2019-01-29 11:00:00",2350,0.019999999999996
"2019-01-29 11:01:00",2122,-0.00999999999999801
"2019-01-29 11:02:00",900,-0.0200000000000031
"2019-01-29 11:03:00",1600,-0.00999999999999801
"2019-01-29 11:04:00",2185,0.0101000000000013
"2019-01-29 11:05:00",865,0.00489999999999924
"2019-01-29 11:06:00",5577,-0.00500000000000256
"2019-01-29 11:07:00",1763,-0.00999999999999801
"2019-01-29 11:08:00",4396,0.0234999999999985
"2019-01-29 11:09:00",1460,-0.0034999999999954
"2019-01-29 11:10:00",5357,0
"2019-01-29 11:11:00",134,-0.00670000000000215
"2019-01-29 11:12:00",4600,0.0127000000000024
"2019-01-29 11:13:00",7407,0.0539999999999949
"2019-01-29 11:14:00",900,-0.00499999999999545
"2019-01-29 11:15:00",1840,-0.0150000000000006
"2019-01-29 11:16:00",3036,-0.00500000000000256
"2019-01-29 11:17:00",4016,0.0200000000000031
"2019-01-29 11:18:00",2952,-0.0150000000000006
"2019-01-29 11:19:00",2969,-0.00010000000000332
"2019-01-29 11:20:00",2155,-0.00999999999999801
"2019-01-29 11:21:00",1100,9.99999999962142e-05
"2019-01-29 11:22:00",2008,-0.0168999999999997
"2019-01-29 11:23:00",1050,-0.00309999999999633
"2019-01-29 11:24:00",2072,0.00500000000000256
"2019-01-29 11:25:00",2647,0
"2019-01-29 11:26:00",1666,-0.0250000000000057
"2019-01-29 11:27:00",4220,-0.0300000000000011
"2019-01-29 11:28:00",2200,0.0152000000000001
"2019-01-29 11:29:00",1000,-0.00519999999999499
"2019-01-29 11:30:00",6483,-0.0200000000000031
"2019-01-29 11:31:00",2085,0
"2019-01-29 11:32:00",2055,-0.00999999999999801
"2019-01-29 11:33:00",1209,0.0300000000000011
"2019-01-29 11:34:00",747,-0.0150000000000006
"2019-01-29 11:35:00",2131,-0.00500000000000256
"2019-01-29 11:36:00",2523,0.0245999999999995
"2019-01-29 11:37:00",1330,-0.00459999999999638
"2019-01-29 11:38:00",3900,0
"2019-01-29 11:39:00",1000,0.019999999999996
"2019-01-29 11:40:00",1286,-0.019999999999996
"2019-01-29 11:41:00",6365,0.019999999999996
"2019-01-29 11:42:00",3161,-0.019999999999996
"2019-01-29 11:43:00",2211,0.0300000000000011
"2019-01-29 11:44:00",1975,0.00499999999999545
"2019-01-29 11:45:00",5448,-0.0349999999999966
"2019-01-29 11:46:00",10207,0.0140999999999991
"2019-01-29 11:47:00",700,-0.0041000000000011
"2019-01-29 11:48:00",1250,0.0069999999999979
"2019-01-29 11:49:00",2062,-0.0169999999999959
"2019-01-29 11:50:00",1610,0.019999999999996
"2019-01-29 11:51:00",2401,0.0200000000000031
"2019-01-29 11:52:00",2131,0
"2019-01-29 11:53:00",4159,0.00999999999999801
"2019-01-29 11:54:00",1350,0
"2019-01-29 11:55:00",2070,0.0200000000000031
"2019-01-29 11:56:00",2725,-0.0100000000000051
"2019-01-29 11:57:00",1588,-0.00259999999999394
"2019-01-29 11:58:00",48452,0.0225999999999971
"2019-01-29 11:59:00",24468,0.00999999999999801
"2019-01-29 12:00:00",9282,-0.00499999999999545
"2019-01-29 12:01:00",10526,0.00999999999999801
"2019-01-29 12:02:00",2179,-0.00500000000000256
"2019-01-29 12:03:00",1670,0.0200000000000031
"2019-01-29 12:04:00",1400,0.00999999999999801
"2019-01-29 12:05:00",5889,0
"2019-01-29 12:06:00",10204,0.00500000000000256
"2019-01-29 12:07:00",2441,0.00499999999999545
"2019-01-29 12:08:00",5674,-0.00999999999999801
"2019-01-29 12:09:00",732,0.00999999999999801
"2019-01-29 12:10:00",1192,0.0150000000000006
"2019-01-29 12:11:00",1130,-0.019999999999996
"2019-01-29 12:12:00",600,0.0116999999999976
"2019-01-29 12:13:00",729,-0.00169999999999959
"2019-01-29 12:14:00",3695,-0.00500000000000256
"2019-01-29 12:15:00",15532,-0.00989999999999469
"2019-01-29 12:16:00",4384,0.00489999999999924
"2019-01-29 12:17:00",955,0.00999999999999801
"2019-01-29 12:18:00",776,0.00509999999999877
"2019-01-29 12:19:00",804,-0.0150999999999968
"2019-01-29 12:20:00",5606,-0.00500000000000256
"2019-01-29 12:21:00",5923,0
"2019-01-29 12:22:00",1850,-0.00999999999999801
"2019-01-29 12:23:00",1100,-0.00450000000000017
"2019-01-29 12:24:00",592,0.00900000000000034
"2019-01-29 12:25:00",1600,0.00549999999999784
"2019-01-29 12:26:00",3014,0.0249999999999986
"2019-01-29 12:27:00",400,0.00500000000000256
"2019-01-29 12:28:00",3535,0.00500000000000256
"2019-01-29 12:29:00",2098,-0.0100000000000051
"2019-01-29 12:30:00",1783,0.00500000000000256
"2019-01-29 12:31:00",2815,0
"2019-01-29 12:32:00",2100,0.00999999999999801
"2019-01-29 12:33:00",4979,0.0249999999999986
"2019-01-29 12:34:00",7846,0
"2019-01-29 12:35:00",2253,-0.00499999999999545
"2019-01-29 12:36:00",1100,-0.0300000000000011
"2019-01-29 12:37:00",2405,-0.00500000000000256
"2019-01-29 12:38:00",1296,-0.00999999999999801
"2019-01-29 12:39:00",2371,0
"2019-01-29 12:40:00",998,-0.00500000000000256
"2019-01-29 12:41:00",889,0.0150000000000006
"2019-01-29 12:42:00",4710,-0.00499999999999545
"2019-01-29 12:43:00",6019,0.0280999999999949
"2019-01-29 12:44:00",520,-0.00799999999999557
"2019-01-29 12:45:00",1693,-0.00509999999999877
"2019-01-29 12:46:00",2723,0.00999999999999801
"2019-01-29 12:47:00",700,0.00500000000000256
"2019-01-29 12:48:00",1855,0.00499999999999545
"2019-01-29 12:49:00",575,-0.00750000000000028
"2019-01-29 12:50:00",700,0.00750000000000028
"2019-01-29 12:51:00",1400,0.00999999999999801
"2019-01-29 12:52:00",2006,-0.0312999999999946
"2019-01-29 12:53:00",700,-0.00370000000000203
"2019-01-29 12:54:00",400,-0.00999999999999801
"2019-01-29 12:55:00",1017,0.00399999999999778
"2019-01-29 12:56:00",1200,-0.0108000000000033
"2019-01-29 12:57:00",4675,-0.0281999999999982
"2019-01-29 12:58:00",3350,0
"2019-01-29 12:59:00",3223,0.00100000000000477
"2019-01-29 13:00:00",7799,-0.0110000000000028
"2019-01-29 13:01:00",3042,0
"2019-01-29 13:02:00",4450,-0.0200000000000031
"2019-01-29 13:03:00",3576,-0.0118000000000009
"2019-01-29 13:04:00",100,-0.0081999999999951
"2019-01-29 13:05:00",2917,0.00499999999999545
"2019-01-29 13:06:00",5195,0.0198999999999998
"2019-01-29 13:07:00",2253,0.00510000000000588
"2019-01-29 13:08:00",500,0
"2019-01-29 13:09:00",1800,-0.00500000000000256
"2019-01-29 13:10:00",21561,-0.00999999999999801
"2019-01-29 13:11:00",1097,0
"2019-01-29 13:12:00",3815,-0.00500000000000256
"2019-01-29 13:13:00",19000,-0.0150000000000006
"2019-01-29 13:14:00",3090,-0.00900000000000034
"2019-01-29 13:15:00",3608,-0.0109999999999957
"2019-01-29 13:16:00",8466,-0.014400000000002
"2019-01-29 13:17:00",3200,0.00439999999999685
"2019-01-29 13:18:00",1858,0.0100000000000051
"2019-01-29 13:19:00",3852,0.00999999999999801
"2019-01-29 13:20:00",1045,0.00999999999999801
"2019-01-29 13:21:00",3102,0
"2019-01-29 13:22:00",839,-0.00499999999999545
"2019-01-29 13:23:00",1111,0.0149999999999935
"2019-01-29 13:24:00",5858,-0.0131999999999977
"2019-01-29 13:25:00",3223,-0.0167999999999964
"2019-01-29 13:26:00",6149,-0.0100000000000051
"2019-01-29 13:27:00",17457,-0.00499999999999545
"2019-01-29 13:28:00",6154,0
"2019-01-29 13:29:00",1985,0.019999999999996
"2019-01-29 13:30:00",3571,-0.00499999999999545
"2019-01-29 13:31:00",4453,-0.00500000000000256
"2019-01-29 13:32:00",3157,0.00999999999999801
"2019-01-29 13:33:00",1120,-0.00159999999999627
"2019-01-29 13:34:00",5825,-0.00840000000000174
"2019-01-29 13:35:00",1837,0.0150000000000006
"2019-01-29 13:36:00",7762,0.0150000000000006
"2019-01-29 13:37:00",2231,-0.0150000000000006
"2019-01-29 13:38:00",1538,0.00489999999999924
"2019-01-29 13:39:00",1750,-0.00489999999999924
"2019-01-29 13:40:00",6137,0.0120000000000005
"2019-01-29 13:41:00",785,-0.00200000000000244
"2019-01-29 13:42:00",3488,-0.0150000000000006
"2019-01-29 13:43:00",1600,-0.00999999999999801
"2019-01-29 13:44:00",338,-0.000799999999998136
"2019-01-29 13:45:00",6299,-0.00919999999999987
"2019-01-29 13:46:00",8413,-0.0250000000000057
"2019-01-29 13:47:00",2620,0
"2019-01-29 13:48:00",4000,-0.0249999999999986
"2019-01-29 13:49:00",4975,0.00500000000000256
"2019-01-29 13:50:00",3592,0.0300000000000011
"2019-01-29 13:51:00",1108,0.00999999999999801
"2019-01-29 13:52:00",4455,-0.00999999999999801
"2019-01-29 13:53:00",3982,0.00999999999999801
"2019-01-29 13:54:00",1600,0
"2019-01-29 13:55:00",5746,0
"2019-01-29 13:56:00",10836,-0.0300000000000011
"2019-01-29 13:57:00",8383,-0.0300000000000011
"2019-01-29 13:58:00",8119,-0.00999999999999801
"2019-01-29 13:59:00",1214,0
"2019-01-29 14:00:00",1501,0.00500000000000256
"2019-01-29 14:01:00",5550,-0.00220000000000198
"2019-01-29 14:02:00",8572,0.0122
"2019-01-29 14:03:00",3342,-0.0150000000000006
"2019-01-29 14:04:00",2603,-0.019999999999996
"2019-01-29 14:05:00",6743,0.00999999999999801
"2019-01-29 14:06:00",1247,0.0300000000000011
"2019-01-29 14:07:00",863,0.00999999999999801
"2019-01-29 14:08:00",2167,0
"2019-01-29 14:09:00",2698,-0.0150000000000006
"2019-01-29 14:10:00",6105,0.00500000000000256
"2019-01-29 14:11:00",1856,-0.0200000000000031
"2019-01-29 14:12:00",14642,-0.00500000000000256
"2019-01-29 14:13:00",3393,0.0150000000000006
"2019-01-29 14:14:00",8111,0
"2019-01-29 14:15:00",3575,0.0230000000000032
"2019-01-29 14:16:00",1900,0.0069999999999979
"2019-01-29 14:17:00",8019,0.0200000000000031
"2019-01-29 14:18:00",944,0.00999999999999801
"2019-01-29 14:19:00",1412,0.00010000000000332
"2019-01-29 14:20:00",1368,0.00999999999999801
"2019-01-29 14:21:00",4065,0.0099000000000018
"2019-01-29 14:22:00",10078,-0.0230999999999995
"2019-01-29 14:23:00",2943,0.0280999999999949
"2019-01-29 14:24:00",3970,0
"2019-01-29 14:25:00",2530,0
"2019-01-29 14:26:00",13997,-0.0150000000000006
"2019-01-29 14:27:00",5199,-0.0249999999999986
"2019-01-29 14:28:00",2548,0.0204000000000022
"2019-01-29 14:29:00",900,0.00959999999999894
"2019-01-29 14:30:00",12897,0.0150000000000006
"2019-01-29 14:31:00",2310,-0.0200000000000031
"2019-01-29 14:32:00",863,0.00500000000000256
"2019-01-29 14:33:00",4995,-0.00999999999999801
"2019-01-29 14:34:00",2575,0.00499999999999545
"2019-01-29 14:35:00",5299,-0.0041000000000011
"2019-01-29 14:36:00",3459,-0.0408999999999935
"2019-01-29 14:37:00",1850,0.0182999999999964
"2019-01-29 14:38:00",6500,-0.00829999999999842
"2019-01-29 14:39:00",6341,0
"2019-01-29 14:40:00",4403,0.00999999999999801
"2019-01-29 14:41:00",8292,-0.0399999999999991
"2019-01-29 14:42:00",3529,-0.00500000000000256
"2019-01-29 14:43:00",2945,-0.00999999999999801
"2019-01-29 14:44:00",4354,0.00999999999999801
"2019-01-29 14:45:00",9240,0.0100000000000051
"2019-01-29 14:46:00",8778,-0.0399999999999991
"2019-01-29 14:47:00",1656,-0.0150000000000006
"2019-01-29 14:48:00",6318,0.0150000000000006
"2019-01-29 14:49:00",8687,-0.00500000000000256
"2019-01-29 14:50:00",8340,-0.00500000000000256
"2019-01-29 14:51:00",11487,0
"2019-01-29 14:52:00",13817,-0.00499999999999545
"2019-01-29 14:53:00",7134,0.0150000000000006
"2019-01-29 14:54:00",10967,0.00499999999999545
"2019-01-29 14:55:00",9991,-0.0349999999999966
"2019-01-29 14:56:00",28155,-0.00500000000000256
"2019-01-29 14:57:00",9733,0
"2019-01-29 14:58:00",26073,0.0350000000000037
"2019-01-29 14:59:00",31918,0.00999999999999801
"2019-01-29 15:02:00",19536,-0.00999999999999801
"2019-01-29 15:15:00",0,0
"2019-01-30 08:30:00",70385,0.822699999999998
"2019-01-30 08:31:00",9196,-0.0326999999999984
"2019-01-30 08:32:00",11698,-0.0250000000000057
"2019-01-30 08:33:00",9512,-0.0249999999999986
"2019-01-30 08:34:00",8709,-0.019999999999996
"2019-01-30 08:35:00",23769,-0.0300000000000011
"2019-01-30 08:36:00",11831,0.00999999999999801
"2019-01-30 08:37:00",8739,0
"2019-01-30 08:38:00",17995,0.0200000000000031
"2019-01-30 08:39:00",54463,-0.0200000000000031
"2019-01-30 08:40:00",13884,-0.00999999999999801
"2019-01-30 08:41:00",5701,-0.0600000000000023
"2019-01-30 08:42:00",7800,0.0200000000000031
"2019-01-30 08:43:00",14112,0.019999999999996
"2019-01-30 08:44:00",6192,-0.0300000000000011
"2019-01-30 08:45:00",12810,0.0500000000000043
"2019-01-30 08:46:00",7865,-0.0399999999999991
"2019-01-30 08:47:00",6596,-0.0700000000000003
"2019-01-30 08:48:00",6183,0.019999999999996
"2019-01-30 08:49:00",15852,0.0700000000000003
"2019-01-30 08:50:00",13963,0.0300000000000011
"2019-01-30 08:51:00",7228,0.0399999999999991
"2019-01-30 08:52:00",3935,-0.0300000000000011
"2019-01-30 08:53:00",8500,-0.029999999999994
"2019-01-30 08:54:00",1401,0.0135999999999967
"2019-01-30 08:55:00",9286,-0.0435999999999979
"2019-01-30 08:56:00",7527,0.00999999999999801
"2019-01-30 08:57:00",8078,0.00650000000000261
"2019-01-30 08:58:00",7300,-0.0407000000000011
"2019-01-30 08:59:00",4000,-0.000799999999998136
"2019-01-30 09:00:00",17143,-0.0600000000000023
"2019-01-30 09:01:00",2900,0.00999999999999801
"2019-01-30 09:02:00",5266,-0.0251000000000019
"2019-01-30 09:03:00",3300,-0.00989999999999469
"2019-01-30 09:04:00",5400,-0.0100000000000051
"2019-01-30 09:05:00",4728,-0.029999999999994
"2019-01-30 09:06:00",4686,-0.0200000000000031
"2019-01-30 09:07:00",9201,-0.0200000000000031
"2019-01-30 09:08:00",5900,0.0400000000000063
"2019-01-30 09:09:00",2469,0
"2019-01-30 09:10:00",6863,-0.0200000000000031
"2019-01-30 09:11:00",19462,0.0200000000000031
"2019-01-30 09:12:00",8400,0.019999999999996
"2019-01-30 09:13:00",8005,0.00999999999999801
"2019-01-30 09:14:00",5674,0
"2019-01-30 09:15:00",4890,-0.00999999999999801
"2019-01-30 09:16:00",14966,-0.0300000000000011
"2019-01-30 09:17:00",1300,-0.019999999999996
"2019-01-30 09:18:00",7478,-0.0300000000000011
"2019-01-30 09:19:00",4927,0.0428999999999959
"2019-01-30 09:20:00",7368,0.0371000000000024
"2019-01-30 09:21:00",10415,-0.023299999999999
"2019-01-30 09:22:00",6492,0.00330000000000297
"2019-01-30 09:23:00",8307,0.019999999999996
"2019-01-30 09:24:00",7416,-0.0249999999999986
"2019-01-30 09:25:00",5900,0.0349999999999966
"2019-01-30 09:26:00",6559,-0.019999999999996
"2019-01-30 09:27:00",20467,0.00999999999999801
"2019-01-30 09:28:00",3500,0.00999999999999801
"2019-01-30 09:29:00",11841,0.0300000000000011
"2019-01-30 09:30:00",10493,0.0200000000000031
"2019-01-30 09:31:00",3500,0.019999999999996
"2019-01-30 09:32:00",39026,-0.019999999999996
"2019-01-30 09:33:00",13307,0.0499999999999972
"2019-01-30 09:34:00",9852,-0.0600000000000023
"2019-01-30 09:35:00",4700,-0.019999999999996
"2019-01-30 09:36:00",2600,0.019999999999996
"2019-01-30 09:37:00",5726,-0.029999999999994
"2019-01-30 09:38:00",3500,0.00999999999999801
"2019-01-30 09:39:00",8168,0.0600000000000023
"2019-01-30 09:40:00",6671,0.00999999999999801
"2019-01-30 09:41:00",5802,0
"2019-01-30 09:42:00",7000,-0.00999999999999801
"2019-01-30 09:43:00",21114,-0.0200000000000031
"2019-01-30 09:44:00",14796,0.0200000000000031
"2019-01-30 09:45:00",9496,0.019999999999996
"2019-01-30 09:46:00",5191,-0.00999999999999801
"2019-01-30 09:47:00",11294,-0.0500000000000043
"2019-01-30 09:48:00",9295,0.00500000000000256
"2019-01-30 09:49:00",5709,-0.0150000000000006
"2019-01-30 09:50:00",3356,-0.019999999999996
"2019-01-30 09:51:00",19032,-0.0100000000000051
"2019-01-30 09:52:00",9344,-0.028499999999994
"2019-01-30 09:53:00",6488,-0.0615000000000023
"2019-01-30 09:54:00",18017,0.00499999999999545
"2019-01-30 09:55:00",5193,0.00500000000000256
"2019-01-30 09:56:00",2600,0.0300000000000011
"2019-01-30 09:57:00",9043,-0.0099000000000018
"2019-01-30 09:58:00",3400,0.0399000000000029
"2019-01-30 09:59:00",4929,0.0183999999999997
"2019-01-30 10:00:00",10428,-0.0183999999999997
"2019-01-30 10:01:00",14890,0.019999999999996
"2019-01-30 10:02:00",4948,0.0250000000000057
"2019-01-30 10:03:00",4352,-0.0251000000000019
"2019-01-30 10:04:00",4078,0.0364000000000004
"2019-01-30 10:05:00",10242,0.0137
"2019-01-30 10:06:00",2436,-0.0100000000000051
"2019-01-30 10:07:00",3925,0.0100000000000051
"2019-01-30 10:08:00",3690,-0.0200000000000031
"2019-01-30 10:09:00",5854,-0.0300000000000011
"2019-01-30 10:10:00",6616,0.0200000000000031
"2019-01-30 10:11:00",1627,0.019999999999996
"2019-01-30 10:12:00",3979,-0.00999999999999801
"2019-01-30 10:13:00",1677,0.0200000000000031
"2019-01-30 10:14:00",3966,-0.0100000000000051
"2019-01-30 10:15:00",5786,0.0273000000000039
"2019-01-30 10:16:00",3118,0.00269999999999726
"2019-01-30 10:17:00",2544,0.0250000000000057
"2019-01-30 10:18:00",9401,0.00499999999999545
"2019-01-30 10:19:00",8168,0.00500000000000256
"2019-01-30 10:20:00",17953,-0.00500000000000256
"2019-01-30 10:21:00",5349,-0.019999999999996
"2019-01-30 10:22:00",14682,-0.0500000000000043
"2019-01-30 10:23:00",7224,0.00999999999999801
"2019-01-30 10:24:00",1568,0.0450000000000017
"2019-01-30 10:25:00",4793,-0.0549999999999997
"2019-01-30 10:26:00",2941,-0.0150000000000006
"2019-01-30 10:27:00",3513,-0.00499999999999545
"2019-01-30 10:28:00",3278,-0.0150000000000006
"2019-01-30 10:29:00",7144,0.0349999999999966
"2019-01-30 10:30:00",3162,0.00999999999999801
"2019-01-30 10:31:00",4981,0.0100000000000051
"2019-01-30 10:32:00",13557,-0.0185000000000031
"2019-01-30 10:33:00",6429,-0.00150000000000006
"2019-01-30 10:34:00",11088,0.0399999999999991
"2019-01-30 10:35:00",17107,0.0450000000000017
"2019-01-30 10:36:00",15971,-0.00500000000000256
"2019-01-30 10:37:00",2200,0.0400000000000063
"2019-01-30 10:38:00",6608,-0.0400000000000063
"2019-01-30 10:39:00",2600,0.0100000000000051
"2019-01-30 10:40:00",3820,0.00669999999999504
"2019-01-30 10:41:00",2375,-0.0266999999999982
"2019-01-30 10:42:00",2452,-0.019999999999996
"2019-01-30 10:43:00",5300,0.029999999999994
"2019-01-30 10:44:00",3149,-0.019999999999996
"2019-01-30 10:45:00",4869,-0.0300000000000011
"2019-01-30 10:46:00",3513,0.0350000000000037
"2019-01-30 10:47:00",3815,0.00999999999999801
"2019-01-30 10:48:00",5445,0.0150000000000006
"2019-01-30 10:49:00",4175,0.00999999999999801
"2019-01-30 10:50:00",4365,-0.0300000000000011
"2019-01-30 10:51:00",8155,0
"2019-01-30 10:52:00",2120,-0.00499999999999545
"2019-01-30 10:53:00",2700,-0.00140000000000384
"2019-01-30 10:54:00",3363,0.000900000000001455
"2019-01-30 10:55:00",2500,0.00540000000000163
"2019-01-30 10:56:00",4349,0.00669999999999504
"2019-01-30 10:57:00",17901,0.00339999999999918
"2019-01-30 10:58:00",7309,0
"2019-01-30 10:59:00",856,0.00500000000000256
"2019-01-30 11:00:00",2226,-0.00500000000000256
"2019-01-30 11:01:00",5399,-0.00999999999999801
"2019-01-30 11:02:00",2668,0.0150000000000006
"2019-01-30 11:03:00",1225,-0.00500000000000256
"2019-01-30 11:04:00",1227,-0.00999999999999801
"2019-01-30 11:05:00",700,0
"2019-01-30 11:06:00",300,0.00999999999999801
"2019-01-30 11:07:00",500,-0.019999999999996
"2019-01-30 11:08:00",980,0.00500000000000256
"2019-01-30 11:09:00",2523,-0.0150000000000006
"2019-01-30 11:10:00",1092,0.00999999999999801
"2019-01-30 11:11:00",2400,-0.00500000000000256
"2019-01-30 11:12:00",1300,-0.0150000000000006
"2019-01-30 11:13:00",5161,0.0145000000000053
"2019-01-30 11:14:00",2400,-0.00450000000000017
"2019-01-30 11:15:00",3302,0.00999999999999801
"2019-01-30 11:16:00",300,0
"2019-01-30 11:17:00",700,0
"2019-01-30 11:18:00",3041,-0.0150000000000006
"2019-01-30 11:19:00",1695,0.00500000000000256
"2019-01-30 11:20:00",2115,0.00539999999999452
"2019-01-30 11:21:00",3978,0.0146000000000015
"2019-01-30 11:22:00",3525,-0.0399999999999991
"2019-01-30 11:23:00",1789,-0.00999999999999801
"2019-01-30 11:24:00",3814,-0.0100000000000051
"2019-01-30 11:25:00",1411,-0.00319999999999965
"2019-01-30 11:26:00",1400,0.0132000000000048
"2019-01-30 11:27:00",3042,0.00999999999999801
"2019-01-30 11:28:00",3175,-0.0161999999999978
"2019-01-30 11:29:00",1592,-0.00380000000000535
"2019-01-30 11:30:00",7737,-0.00499999999999545
"2019-01-30 11:31:00",1396,-0.00999999999999801
"2019-01-30 11:32:00",1901,-0.031800000000004
"2019-01-30 11:33:00",4198,-0.00820000000000221
"2019-01-30 11:34:00",2702,0.00500000000000256
"2019-01-30 11:35:00",33963,0.0200000000000031
"2019-01-30 11:36:00",2588,-0.0100000000000051
"2019-01-30 11:37:00",1612,0.0100000000000051
"2019-01-30 11:38:00",1709,0.00499999999999545
"2019-01-30 11:39:00",2704,0.0200000000000031
"2019-01-30 11:40:00",1513,-0.00500000000000256
"2019-01-30 11:41:00",2280,-0.0349999999999966
"2019-01-30 11:42:00",2780,0.0213999999999999
"2019-01-30 11:43:00",693,-0.0164000000000044
"2019-01-30 11:44:00",5660,0.0350000000000037
"2019-01-30 11:45:00",3530,0.00999999999999801
"2019-01-30 11:46:00",8164,-0.00500000000000256
"2019-01-30 11:47:00",3513,-0.0063999999999993
"2019-01-30 11:48:00",4600,0.0114000000000019
"2019-01-30 11:49:00",1112,0.00500000000000256
"2019-01-30 11:50:00",3850,0.00999999999999801
"2019-01-30 11:51:00",963,0.00999999999999801
"2019-01-30 11:52:00",1280,0
"2019-01-30 11:53:00",6419,0
"2019-01-30 11:54:00",1148,0
"2019-01-30 11:55:00",5817,-0.019999999999996
"2019-01-30 11:56:00",1346,0.0251999999999981
"2019-01-30 11:57:00",500,-0.000199999999999534
"2019-01-30 11:58:00",1852,-0.00509999999999877
"2019-01-30 11:59:00",18057,9.99999999962142e-05
"2019-01-30 12:00:00",6708,-0.00499999999999545
"2019-01-30 12:01:00",3920,-0.0250000000000057
"2019-01-30 12:02:00",6800,0.0139000000000067
"2019-01-30 12:03:00",9400,0.00609999999999644
"2019-01-30 12:04:00",2600,0
"2019-01-30 12:05:00",6801,0.0200000000000031
"2019-01-30 12:06:00",400,0.00999999999999801
"2019-01-30 12:07:00",1499,-0.00999999999999801
"2019-01-30 12:08:00",4155,0.00499999999999545
"2019-01-30 12:09:00",503,0
"2019-01-30 12:10:00",1225,-0.0150000000000006
"2019-01-30 12:11:00",1850,-0.019999999999996
"2019-01-30 12:12:00",900,0.014800000000001
"2019-01-30 12:13:00",3000,-0.0202000000000027
"2019-01-30 12:14:00",2042,0.000399999999999068
"2019-01-30 12:15:00",15936,-0.0249999999999986
"2019-01-30 12:16:00",3961,0.019999999999996
"2019-01-30 12:17:00",1807,0
"2019-01-30 12:18:00",200,0
"2019-01-30 12:19:00",3319,0
"2019-01-30 12:20:00",2734,-0.00999999999999801
"2019-01-30 12:21:00",829,0
"2019-01-30 12:22:00",1000,0
"2019-01-30 12:23:00",592,0.00820000000000221
"2019-01-30 12:24:00",3398,-0.0131999999999977
"2019-01-30 12:25:00",933,-0.00490000000000634
"2019-01-30 12:26:00",4344,0.0149000000000044
"2019-01-30 12:27:00",1381,-0.00500000000000256
"2019-01-30 12:28:00",1478,0
"2019-01-30 12:29:00",4201,0.00999999999999801
"2019-01-30 12:30:00",2365,0
"2019-01-30 12:31:00",11585,0.0400000000000063
"2019-01-30 12:32:00",770,-0.0150000000000006
"2019-01-30 12:33:00",2775,-0.00500000000000256
"2019-01-30 12:34:00",3800,-0.00999999999999801
"2019-01-30 12:35:00",1600,0.00999999999999801
"2019-01-30 12:36:00",500,0
"2019-01-30 12:37:00",2100,-0.00500000000000256
"2019-01-30 12:38:00",800,0.00500000000000256
"2019-01-30 12:39:00",4669,0
"2019-01-30 12:40:00",3394,-0.0198999999999998
"2019-01-30 12:41:00",3022,-0.017000000000003
"2019-01-30 12:42:00",2962,-0.0230999999999995
"2019-01-30 12:43:00",9825,0.00660000000000593
"2019-01-30 12:44:00",7395,-0.00660000000000593
"2019-01-30 12:45:00",1800,-0.00999999999999801
"2019-01-30 12:46:00",1519,-0.00999999999999801
"2019-01-30 12:47:00",2118,0
"2019-01-30 12:48:00",3554,0.0300000000000011
"2019-01-30 12:49:00",2441,0
"2019-01-30 12:50:00",4444,0.00450000000000017
"2019-01-30 12:51:00",1000,-0.0145000000000053
"2019-01-30 12:52:00",2209,-0.00679999999999836
"2019-01-30 12:53:00",1300,-0.00319999999999965
"2019-01-30 12:54:00",2944,0
"2019-01-30 12:55:00",7231,-0.0399999999999991
"2019-01-30 12:56:00",2444,0.0200000000000031
"2019-01-30 12:57:00",2798,0.00999999999999801
"2019-01-30 12:58:00",4490,-0.0200000000000031
"2019-01-30 12:59:00",3009,0.0200000000000031
"2019-01-30 13:00:00",24336,0.140000000000001
"2019-01-30 13:01:00",16360,0.019999999999996
"2019-01-30 13:02:00",5001,-0.0198999999999998
"2019-01-30 13:03:00",4214,0.0198999999999998
"2019-01-30 13:04:00",8466,0.0900000000000034
"2019-01-30 13:05:00",12947,0
"2019-01-30 13:06:00",5315,-0.00500000000000256
"2019-01-30 13:07:00",10103,0.0150000000000006
"2019-01-30 13:08:00",2797,0.0700000000000003
"2019-01-30 13:09:00",3580,-0.0499999999999972
"2019-01-30 13:10:00",7200,0.0399999999999991
"2019-01-30 13:11:00",3721,0.00999999999999801
"2019-01-30 13:12:00",800,-0.00999999999999801
"2019-01-30 13:13:00",1700,0
"2019-01-30 13:14:00",14024,-0.0300000000000011
"2019-01-30 13:15:00",10056,0.019999999999996
"2019-01-30 13:16:00",7466,0
"2019-01-30 13:17:00",7559,0.0400000000000063
"2019-01-30 13:18:00",8922,0
"2019-01-30 13:19:00",4810,0.0399999999999991
"2019-01-30 13:20:00",13186,-0.0275000000000034
"2019-01-30 13:21:00",8739,0.0474999999999994
"2019-01-30 13:22:00",7762,0.0100000000000051
"2019-01-30 13:23:00",6631,-0.0100000000000051
"2019-01-30 13:24:00",2019,-0.0300000000000011
"2019-01-30 13:25:00",2881,-0.00999999999999801
"2019-01-30 13:26:00",13926,-0.0499999999999972
"2019-01-30 13:27:00",4096,-0.0300000000000011
"2019-01-30 13:28:00",1808,-0.0200000000000031
"2019-01-30 13:29:00",2568,0.0100000000000051
"2019-01-30 13:30:00",2808,0.00609999999999644
"2019-01-30 13:31:00",2650,0.011099999999999
"2019-01-30 13:32:00",1400,0.0127999999999986
"2019-01-30 13:33:00",5300,0.00500000000000256
"2019-01-30 13:34:00",4853,0.00999999999999801
"2019-01-30 13:35:00",2021,-0.0150000000000006
"2019-01-30 13:36:00",23821,-0.00999999999999801
"2019-01-30 13:37:00",1950,0.0500000000000043
"2019-01-30 13:38:00",8750,0
"2019-01-30 13:39:00",4158,-0.00500000000000256
"2019-01-30 13:40:00",2604,-0.0249999999999986
"2019-01-30 13:41:00",6783,0.00249999999999773
"2019-01-30 13:42:00",12785,-0.00249999999999773
"2019-01-30 13:43:00",9425,0.019999999999996
"2019-01-30 13:44:00",1500,0
"2019-01-30 13:45:00",3400,-0.019999999999996
"2019-01-30 13:46:00",18180,0.00999999999999801
"2019-01-30 13:47:00",11728,0
"2019-01-30 13:48:00",5203,0
"2019-01-30 13:49:00",4954,0.00999999999999801
"2019-01-30 13:50:00",4586,-0.0300000000000011
"2019-01-30 13:51:00",9640,-0.029999999999994
"2019-01-30 13:52:00",16248,0.0599999999999952
"2019-01-30 13:53:00",4150,0.0200000000000031
"2019-01-30 13:54:00",3675,0
"2019-01-30 13:55:00",2623,0.00500000000000256
"2019-01-30 13:56:00",9607,0.00499999999999545
"2019-01-30 13:57:00",13040,-0.0399999999999991
"2019-01-30 13:58:00",25207,0.0300000000000011
"2019-01-30 13:59:00",3542,0.019999999999996
"2019-01-30 14:00:00",3790,0.0400000000000063
"2019-01-30 14:01:00",8185,-0.0100000000000051
"2019-01-30 14:02:00",2019,0
"2019-01-30 14:03:00",5423,-0.0399999999999991
"2019-01-30 14:04:00",2600,-0.019999999999996
"2019-01-30 14:05:00",8048,-0.0600000000000023
"2019-01-30 14:06:00",4244,-0.0249999999999986
"2019-01-30 14:07:00",3932,0.00499999999999545
"2019-01-30 14:08:00",1302,0
"2019-01-30 14:09:00",2894,-0.00999999999999801
"2019-01-30 14:10:00",5790,-0.0300000000000011
"2019-01-30 14:11:00",10567,-0.019999999999996
"2019-01-30 14:12:00",5865,0
"2019-01-30 14:13:00",3200,-0.0100000000000051
"2019-01-30 14:14:00",3241,-0.019999999999996
"2019-01-30 14:15:00",3166,0.0300000000000011
"2019-01-30 14:16:00",3396,-0.0100000000000051
"2019-01-30 14:17:00",7398,0
"2019-01-30 14:18:00",5867,0.0100000000000051
"2019-01-30 14:19:00",6148,0.019999999999996
"2019-01-30 14:20:00",6815,0.0150000000000006
"2019-01-30 14:21:00",7444,-0.00499999999999545
"2019-01-30 14:22:00",6588,0
"2019-01-30 14:23:00",2544,-0.0400000000000063
"2019-01-30 14:24:00",4300,-0.00499999999999545
"2019-01-30 14:25:00",2300,-0.0249999999999986
"2019-01-30 14:26:00",2455,0.019999999999996
"2019-01-30 14:27:00",3778,0.0300000000000011
"2019-01-30 14:28:00",2182,-0.00999999999999801
"2019-01-30 14:29:00",6240,-0.0200000000000031
"2019-01-30 14:30:00",8788,0
"2019-01-30 14:31:00",3985,0.0564999999999998
"2019-01-30 14:32:00",2375,-0.0264999999999986
"2019-01-30 14:33:00",1006,-0.00999999999999801
"2019-01-30 14:34:00",19645,-0.0100000000000051
"2019-01-30 14:35:00",23557,0.0459000000000032
"2019-01-30 14:36:00",6255,-0.0108999999999995
"2019-01-30 14:37:00",4600,0.019999999999996
"2019-01-30 14:38:00",22822,0.0250000000000057
"2019-01-30 14:39:00",10523,0.00999999999999801
"2019-01-30 14:40:00",1688,-0.00500000000000256
"2019-01-30 14:41:00",21497,-0.0349999999999966
"2019-01-30 14:42:00",7732,0.0300000000000011
"2019-01-30 14:43:00",4090,0.019999999999996
"2019-01-30 14:44:00",3724,-0.00999999999999801
"2019-01-30 14:45:00",27442,0.019999999999996
"2019-01-30 14:46:00",12639,-0.0149999999999935
"2019-01-30 14:47:00",2924,0
"2019-01-30 14:48:00",8347,-0.0100000000000051
"2019-01-30 14:49:00",11959,0.0150000000000006
"2019-01-30 14:50:00",17779,-0.0300000000000011
"2019-01-30 14:51:00",11124,0.0100000000000051
"2019-01-30 14:52:00",10943,-0.0500000000000043
"2019-01-30 14:53:00",14372,0.0100000000000051
"2019-01-30 14:54:00",15013,0.029999999999994
"2019-01-30 14:55:00",19423,0.0450000000000017
"2019-01-30 14:56:00",13775,-0.00500000000000256
"2019-01-30 14:57:00",19903,-0.0649999999999977
"2019-01-30 14:58:00",19765,0.00999999999999801
"2019-01-30 14:59:00",44950,-0.0449999999999946
"2019-01-30 15:02:00",32201,0
"2019-01-30 15:15:00",0,0
"2019-01-31 08:30:00",111158,2.26
"2019-01-31 08:31:00",39902,0.0600000000000023
"2019-01-31 08:32:00",26170,-0.0200000000000031
"2019-01-31 08:33:00",25514,0.00999999999999801
"2019-01-31 08:34:00",19302,-0.029999999999994
"2019-01-31 08:35:00",28343,0.0399999999999991
"2019-01-31 08:36:00",16349,-0.0399999999999991
"2019-01-31 08:37:00",12898,0.00979999999999848
"2019-01-31 08:38:00",25433,-0.0198000000000036
"2019-01-31 08:39:00",26044,0.0549999999999997
"2019-01-31 08:40:00",16270,-0.00499999999999545
"2019-01-31 08:41:00",9436,0.019999999999996
"2019-01-31 08:42:00",25855,-0.0499999999999972
"2019-01-31 08:43:00",12922,0.0599999999999952
"2019-01-31 08:44:00",13033,-0.0271999999999935
"2019-01-31 08:45:00",31763,-0.00280000000000058
"2019-01-31 08:46:00",9185,-0.0200000000000031
"2019-01-31 08:47:00",37996,0.0499999999999972
"2019-01-31 08:48:00",9620,-0.029999999999994
"2019-01-31 08:49:00",12098,0.0249999999999986
"2019-01-31 08:50:00",13055,-0.00260000000000105
"2019-01-31 08:51:00",19758,0.0275999999999996
"2019-01-31 08:52:00",23693,-0.00500000000000256
"2019-01-31 08:53:00",29189,0.0549999999999997
"2019-01-31 08:54:00",64887,0
"2019-01-31 08:55:00",44789,-0.00999999999999801
"2019-01-31 08:56:00",58340,0.0500000000000043
"2019-01-31 08:57:00",38198,-0.0200000000000031
"2019-01-31 08:58:00",20570,-0.0499999999999972
"2019-01-31 08:59:00",14869,-0.0200000000000031
"2019-01-31 09:00:00",15380,0.0700000000000003
"2019-01-31 09:01:00",15735,0
"2019-01-31 09:02:00",24348,-0.0200000000000031
"2019-01-31 09:03:00",45861,0.0450000000000017
"2019-01-31 09:04:00",11496,0.00500000000000256
"2019-01-31 09:05:00",54298,-0.0300000000000011
"2019-01-31 09:06:00",12217,0.0399999999999991
"2019-01-31 09:07:00",20869,0.00999999999999801
"2019-01-31 09:08:00",12136,0
"2019-01-31 09:09:00",3266,-0.0269999999999939
"2019-01-31 09:10:00",24133,0.106999999999999
"2019-01-31 09:11:00",22111,0
"2019-01-31 09:12:00",12305,-0.0100000000000051
"2019-01-31 09:13:00",8609,0.0399999999999991
"2019-01-31 09:14:00",2973,0.0350000000000037
"2019-01-31 09:15:00",4300,-0.0450000000000017
"2019-01-31 09:16:00",3400,0.0530000000000044
"2019-01-31 09:17:00",5116,0.0169999999999959
"2019-01-31 09:18:00",2100,0.0200000000000031
"2019-01-31 09:19:00",2776,-0.0100000000000051
"2019-01-31 09:20:00",5286,0.0250000000000057
"2019-01-31 09:21:00",19346,-0.0399999999999991
"2019-01-31 09:22:00",11071,-0.0150000000000006
"2019-01-31 09:23:00",9864,-0.0100000000000051
"2019-01-31 09:24:00",6588,-0.00999999999999801
"2019-01-31 09:25:00",8838,0.0300000000000011
"2019-01-31 09:26:00",4556,-0.0200000000000031
"2019-01-31 09:27:00",5703,0.0250000000000057
"2019-01-31 09:28:00",2967,0.029999999999994
"2019-01-31 09:29:00",6194,0
"2019-01-31 09:30:00",7526,-0.00499999999999545
"2019-01-31 09:31:00",5270,0.00999999999999801
"2019-01-31 09:32:00",6609,0.0114000000000019
"2019-01-31 09:33:00",9887,0.0319999999999965
"2019-01-31 09:34:00",5815,-0.0169999999999959
"2019-01-31 09:35:00",17984,0.0185999999999993
"2019-01-31 09:36:00",17503,0.0249999999999986
"2019-01-31 09:37:00",9222,-0.0200000000000031
"2019-01-31 09:38:00",6324,0
"2019-01-31 09:39:00",18732,-0.019999999999996
"2019-01-31 09:40:00",16733,0
"2019-01-31 09:41:00",17749,0.0150000000000006
"2019-01-31 09:42:00",60717,0.0150000000000006
"2019-01-31 09:43:00",32206,0
"2019-01-31 09:44:00",20187,0.019999999999996
"2019-01-31 09:45:00",10391,-0.0399999999999991
"2019-01-31 09:46:00",15484,-0.019999999999996
"2019-01-31 09:47:00",9298,-0.0400000000000063
"2019-01-31 09:48:00",10161,-0.0272999999999968
"2019-01-31 09:49:00",9114,-0.0427000000000035
"2019-01-31 09:50:00",13404,-0.00999999999999801
"2019-01-31 09:51:00",14815,-0.019999999999996
"2019-01-31 09:52:00",10342,-0.0900000000000034
"2019-01-31 09:53:00",11036,0.0200000000000031
"2019-01-31 09:54:00",15273,0
"2019-01-31 09:55:00",13799,-0.0100000000000051
"2019-01-31 09:56:00",20275,0
"2019-01-31 09:57:00",27498,0.026600000000002
"2019-01-31 09:58:00",8017,-0.056599999999996
"2019-01-31 09:59:00",25775,0.0578999999999965
"2019-01-31 10:00:00",22859,-0.00289999999999679
"2019-01-31 10:01:00",31957,0.00499999999999545
"2019-01-31 10:02:00",8933,0.0100000000000051
"2019-01-31 10:03:00",17136,0.0249999999999986
"2019-01-31 10:04:00",17563,0
"2019-01-31 10:05:00",9007,-0.0300000000000011
"2019-01-31 10:06:00",5068,-0.00500000000000256
"2019-01-31 10:07:00",16137,-0.00999999999999801
"2019-01-31 10:08:00",14920,-0.0200000000000031
"2019-01-31 10:09:00",22383,0.0100000000000051
"2019-01-31 10:10:00",21087,0.019999999999996
"2019-01-31 10:11:00",19168,-0.00999999999999801
"2019-01-31 10:12:00",40848,-0.00500000000000256
"2019-01-31 10:13:00",20901,0.0150000000000006
"2019-01-31 10:14:00",15137,0
"2019-01-31 10:15:00",9955,-0.00999999999999801
"2019-01-31 10:16:00",21940,-0.00999999999999801
"2019-01-31 10:17:00",17470,0.00989999999999469
"2019-01-31 10:18:00",8941,-0.00989999999999469
"2019-01-31 10:19:00",15693,-0.0166000000000039
"2019-01-31 10:20:00",9453,0.0116000000000014
"2019-01-31 10:21:00",6609,-0.0150000000000006
"2019-01-31 10:22:00",14020,0
"2019-01-31 10:23:00",5556,-0.019999999999996
"2019-01-31 10:24:00",7432,0.019999999999996
"2019-01-31 10:25:00",13649,-0.00500000000000256
"2019-01-31 10:26:00",12343,0.00500000000000256
"2019-01-31 10:27:00",8643,-0.0399999999999991
"2019-01-31 10:28:00",30867,0.0264000000000024
"2019-01-31 10:29:00",63114,-0.051400000000001
"2019-01-31 10:30:00",9510,-0.0150000000000006
"2019-01-31 10:31:00",7000,-0.0300000000000011
"2019-01-31 10:32:00",8785,-0.0450000000000017
"2019-01-31 10:33:00",14719,0.0399999999999991
"2019-01-31 10:34:00",97452,0.0650000000000048
"2019-01-31 10:35:00",13800,0.0300000000000011
"2019-01-31 10:36:00",10926,-0.0549999999999997
"2019-01-31 10:37:00",7172,0.00999999999999801
"2019-01-31 10:38:00",3220,0
"2019-01-31 10:39:00",7720,-0.0150000000000006
"2019-01-31 10:40:00",4319,-0.00999999999999801
"2019-01-31 10:41:00",4909,-0.0350000000000037
"2019-01-31 10:42:00",5831,0.0290999999999997
"2019-01-31 10:43:00",2800,-0.0041000000000011
"2019-01-31 10:44:00",1861,0
"2019-01-31 10:45:00",5286,0.0200000000000031
"2019-01-31 10:46:00",12820,-0.0350000000000037
"2019-01-31 10:47:00",5177,0.0150000000000006
"2019-01-31 10:48:00",37331,0.00500000000000256
"2019-01-31 10:49:00",10319,-0.00500000000000256
"2019-01-31 10:50:00",6283,0
"2019-01-31 10:51:00",1805,0
"2019-01-31 10:52:00",2798,-0.00999999999999801
"2019-01-31 10:53:00",6849,0.00999999999999801
"2019-01-31 10:54:00",14581,0.0250000000000057
"2019-01-31 10:55:00",4503,0.019999999999996
"2019-01-31 10:56:00",10957,-0.00999999999999801
"2019-01-31 10:57:00",1861,-0.00509999999999877
"2019-01-31 10:58:00",3267,-0.0099000000000018
"2019-01-31 10:59:00",4240,0.0371999999999986
"2019-01-31 11:00:00",3700,-0.0471999999999966
"2019-01-31 11:01:00",15375,0.0370999999999952
"2019-01-31 11:02:00",3939,-0.0142999999999986
"2019-01-31 11:03:00",19366,-0.00280000000000058
"2019-01-31 11:04:00",2014,0
"2019-01-31 11:05:00",3283,0.0200000000000031
"2019-01-31 11:06:00",5598,0.0046999999999997
"2019-01-31 11:07:00",3622,-0.0247000000000028
"2019-01-31 11:08:00",13675,0.0200000000000031
"2019-01-31 11:09:00",6316,-0.0221000000000018
"2019-01-31 11:10:00",2101,-0.0178999999999974
"2019-01-31 11:11:00",4670,0.00499999999999545
"2019-01-31 11:12:00",2926,-0.00499999999999545
"2019-01-31 11:13:00",3155,0.00999999999999801
"2019-01-31 11:14:00",3424,0
"2019-01-31 11:15:00",5866,0
"2019-01-31 11:16:00",6004,-0.0200000000000031
"2019-01-31 11:17:00",4533,-0.00999999999999801
"2019-01-31 11:18:00",3030,0.00999999999999801
"2019-01-31 11:19:00",2200,0.00500000000000256
"2019-01-31 11:20:00",2345,-0.0450000000000017
"2019-01-31 11:21:00",6486,0.0249999999999986
"2019-01-31 11:22:00",9155,0.0300000000000011
"2019-01-31 11:23:00",11422,0.0200000000000031
"2019-01-31 11:24:00",3110,0.00499999999999545
"2019-01-31 11:25:00",5186,-0.0649999999999977
"2019-01-31 11:26:00",4189,-0.0150000000000006
"2019-01-31 11:27:00",8262,-0.00999999999999801
"2019-01-31 11:28:00",4113,0.00500000000000256
"2019-01-31 11:29:00",11793,-0.0150000000000006
"2019-01-31 11:30:00",3868,-0.0200000000000031
"2019-01-31 11:31:00",5011,-0.0150000000000006
"2019-01-31 11:32:00",8657,0.00500000000000256
"2019-01-31 11:33:00",4671,0.0300000000000011
"2019-01-31 11:34:00",5700,-0.0100000000000051
"2019-01-31 11:35:00",3201,-0.00999999999999801
"2019-01-31 11:36:00",1822,-0.0150000000000006
"2019-01-31 11:37:00",3509,0.0249999999999986
"2019-01-31 11:38:00",1935,-0.00999999999999801
"2019-01-31 11:39:00",3145,-0.00999999999999801
"2019-01-31 11:40:00",3400,0.019999999999996
"2019-01-31 11:41:00",7543,0
"2019-01-31 11:42:00",700,-0.00999999999999801
"2019-01-31 11:43:00",4752,-0.019999999999996
"2019-01-31 11:44:00",5260,-0.0650000000000048
"2019-01-31 11:45:00",16200,0.00500000000000256
"2019-01-31 11:46:00",9904,0.0486000000000004
"2019-01-31 11:47:00",1604,0.0263999999999953
"2019-01-31 11:48:00",3367,-0.0183999999999997
"2019-01-31 11:49:00",2581,-0.0115999999999943
"2019-01-31 11:50:00",2000,0.00499999999999545
"2019-01-31 11:51:00",6377,0.0150000000000006
"2019-01-31 11:52:00",4967,0.00500000000000256
"2019-01-31 11:53:00",2200,0.00499999999999545
"2019-01-31 11:54:00",10126,-0.0249999999999986
"2019-01-31 11:55:00",9001,0.0100000000000051
"2019-01-31 11:56:00",4691,0.00499999999999545
"2019-01-31 11:57:00",7739,-0.0349999999999966
"2019-01-31 11:58:00",10393,-0.0185000000000031
"2019-01-31 11:59:00",2646,-0.0214999999999961
"2019-01-31 12:00:00",7337,-0.0200000000000031
"2019-01-31 12:01:00",7170,-0.000300000000002854
"2019-01-31 12:02:00",9340,0.0253000000000014
"2019-01-31 12:03:00",11122,-0.00499999999999545
"2019-01-31 12:04:00",2325,-0.0100000000000051
"2019-01-31 12:05:00",5234,0.0800000000000054
"2019-01-31 12:06:00",6209,-0.0100000000000051
"2019-01-31 12:07:00",3144,0.00500000000000256
"2019-01-31 12:08:00",1923,0.019999999999996
"2019-01-31 12:09:00",13919,0.0100000000000051
"2019-01-31 12:10:00",2768,-0.032900000000005
"2019-01-31 12:11:00",5709,-0.0170999999999992
"2019-01-31 12:12:00",5748,0
"2019-01-31 12:13:00",3033,0
"2019-01-31 12:14:00",3441,0.0361000000000047
"2019-01-31 12:15:00",8093,0.0131999999999977
"2019-01-31 12:16:00",4061,-0.0442999999999998
"2019-01-31 12:17:00",7100,0.00999999999999801
"2019-01-31 12:18:00",3000,-0.00999999999999801
"2019-01-31 12:19:00",2191,0.0150000000000006
"2019-01-31 12:20:00",3224,0.019999999999996
"2019-01-31 12:21:00",3556,-0.00999999999999801
"2019-01-31 12:22:00",5384,0.00999999999999801
"2019-01-31 12:23:00",4107,-0.00499999999999545
"2019-01-31 12:24:00",8149,-0.0500000000000043
"2019-01-31 12:25:00",4400,-0.00999999999999801
"2019-01-31 12:26:00",3000,0.0150000000000006
"2019-01-31 12:27:00",5741,-0.0200000000000031
"2019-01-31 12:28:00",7943,0.0150000000000006
"2019-01-31 12:29:00",5442,-0.059899999999999
"2019-01-31 12:30:00",14721,-0.0600999999999985
"2019-01-31 12:31:00",58348,-0.00569999999999737
"2019-01-31 12:32:00",5091,0.0156999999999954
"2019-01-31 12:33:00",5213,-0.00499999999999545
"2019-01-31 12:34:00",2925,-0.0300000000000011
"2019-01-31 12:35:00",7769,-0.00500000000000256
"2019-01-31 12:36:00",5700,0.00500000000000256
"2019-01-31 12:37:00",7793,-0.00509999999999877
"2019-01-31 12:38:00",8830,-0.0198999999999998
"2019-01-31 12:39:00",1500,0
"2019-01-31 12:40:00",3212,0.0399999999999991
"2019-01-31 12:41:00",6914,-0.00339999999999918
"2019-01-31 12:42:00",5385,-0.0116000000000014
"2019-01-31 12:43:00",4917,0.0150000000000006
"2019-01-31 12:44:00",4150,-0.0100000000000051
"2019-01-31 12:45:00",2515,0
"2019-01-31 12:46:00",2639,0.00500000000000256
"2019-01-31 12:47:00",20283,-0.00999999999999801
"2019-01-31 12:48:00",16182,0.0150000000000006
"2019-01-31 12:49:00",1464,-0.00500000000000256
"2019-01-31 12:50:00",8180,0.00500000000000256
"2019-01-31 12:51:00",4034,0
"2019-01-31 12:52:00",2643,0
"2019-01-31 12:53:00",8217,0
"2019-01-31 12:54:00",6808,0
"2019-01-31 12:55:00",3597,-0.00500000000000256
"2019-01-31 12:56:00",2197,-0.00999999999999801
"2019-01-31 12:57:00",2311,0.00499999999999545
"2019-01-31 12:58:00",4743,0
"2019-01-31 12:59:00",4926,-0.00999999999999801
"2019-01-31 13:00:00",12352,-0.0266999999999982
"2019-01-31 13:01:00",5190,-0.00330000000000297
"2019-01-31 13:02:00",9258,0
"2019-01-31 13:03:00",6394,0.0500000000000043
"2019-01-31 13:04:00",3300,-0.0350000000000037
"2019-01-31 13:05:00",10512,0.0150000000000006
"2019-01-31 13:06:00",8185,0.0150000000000006
"2019-01-31 13:07:00",9652,-0.00500000000000256
"2019-01-31 13:08:00",16143,0.0200000000000031
"2019-01-31 13:09:00",7234,-0.0150000000000006
"2019-01-31 13:10:00",11909,0.00500000000000256
"2019-01-31 13:11:00",5835,0
"2019-01-31 13:12:00",9036,-0.0100000000000051
"2019-01-31 13:13:00",6938,0.00500000000000256
"2019-01-31 13:14:00",3417,-0.0150000000000006
"2019-01-31 13:15:00",3981,0.00500000000000256
"2019-01-31 13:16:00",7771,-0.00110000000000099
"2019-01-31 13:17:00",11831,0.0161000000000016
"2019-01-31 13:18:00",9874,-0.0100000000000051
"2019-01-31 13:19:00",7276,-0.019999999999996
"2019-01-31 13:20:00",4738,-0.00500000000000256
"2019-01-31 13:21:00",1850,-0.0150000000000006
"2019-01-31 13:22:00",8218,0.00500000000000256
"2019-01-31 13:23:00",9782,0.0150000000000006
"2019-01-31 13:24:00",2618,-0.0200000000000031
"2019-01-31 13:25:00",4446,-0.00499999999999545
"2019-01-31 13:26:00",8400,0.00999999999999801
"2019-01-31 13:27:00",4480,0.00500000000000256
"2019-01-31 13:28:00",4509,-0.00500000000000256
"2019-01-31 13:29:00",1000,0
"2019-01-31 13:30:00",11600,0
"2019-01-31 13:31:00",9054,0.00289999999999679
"2019-01-31 13:32:00",4210,0.0171000000000063
"2019-01-31 13:33:00",3773,-0.0200000000000031
"2019-01-31 13:34:00",2226,-0.0125000000000028
"2019-01-31 13:35:00",3825,-0.00249999999999773
"2019-01-31 13:36:00",3030,0.0249999999999986
"2019-01-31 13:37:00",2171,0.00500000000000256
"2019-01-31 13:38:00",8546,0.019999999999996
"2019-01-31 13:39:00",2614,0.00520000000000209
"2019-01-31 13:40:00",14822,-0.0452000000000012
"2019-01-31 13:41:00",6567,0.0198999999999998
"2019-01-31 13:42:00",3104,-0.0198999999999998
"2019-01-31 13:43:00",2609,0.0100000000000051
"2019-01-31 13:44:00",3054,0.00499999999999545
"2019-01-31 13:45:00",3995,0.00500000000000256
"2019-01-31 13:46:00",5473,0.00500000000000256
"2019-01-31 13:47:00",4744,0.0249999999999986
"2019-01-31 13:48:00",6860,0.0249999999999986
"2019-01-31 13:49:00",1773,-0.00399999999999778
"2019-01-31 13:50:00",6359,-0.007000000000005
"2019-01-31 13:51:00",3541,-0.0138999999999996
"2019-01-31 13:52:00",5005,0.00489999999999924
"2019-01-31 13:53:00",4560,0.0149000000000044
"2019-01-31 13:54:00",4864,0.00860000000000127
"2019-01-31 13:55:00",6585,0.0165000000000006
"2019-01-31 13:56:00",15191,0.0349999999999966
"2019-01-31 13:57:00",3277,0.00549999999999784
"2019-01-31 13:58:00",7385,-0.0105000000000004
"2019-01-31 13:59:00",5500,-0.00999999999999801
"2019-01-31 14:00:00",5940,-0.0349999999999966
"2019-01-31 14:01:00",1696,0
"2019-01-31 14:02:00",6669,0.0150000000000006
"2019-01-31 14:03:00",5200,-0.0350000000000037
"2019-01-31 14:04:00",4674,0
"2019-01-31 14:05:00",4047,-0.0399999999999991
"2019-01-31 14:06:00",6853,0.0223999999999975
"2019-01-31 14:07:00",12403,0.0376000000000047
"2019-01-31 14:08:00",4578,0.00499999999999545
"2019-01-31 14:09:00",6879,0.0249999999999986
"2019-01-31 14:10:00",6063,-0.00499999999999545
"2019-01-31 14:11:00",4159,-0.0150000000000006
"2019-01-31 14:12:00",15221,-0.0150000000000006
"2019-01-31 14:13:00",5051,0.00500000000000256
"2019-01-31 14:14:00",6513,-0.00500000000000256
"2019-01-31 14:15:00",3925,-0.0215999999999994
"2019-01-31 14:16:00",7890,-0.00339999999999918
"2019-01-31 14:17:00",19392,0.0300000000000011
"2019-01-31 14:18:00",11844,-0.00500000000000256
"2019-01-31 14:19:00",2321,0.00500000000000256
"2019-01-31 14:20:00",11077,0.0449999999999946
"2019-01-31 14:21:00",8319,0.0200000000000031
"2019-01-31 14:22:00",13098,0.0193000000000012
"2019-01-31 14:23:00",4269,0.00569999999999737
"2019-01-31 14:24:00",5112,-0.0499999999999972
"2019-01-31 14:25:00",4776,0.0150000000000006
"2019-01-31 14:26:00",6500,0.019999999999996
"2019-01-31 14:27:00",900,-0.00999999999999801
"2019-01-31 14:28:00",6765,-0.0150000000000006
"2019-01-31 14:29:00",2354,-0.00500000000000256
"2019-01-31 14:30:00",8536,-0.0249999999999986
"2019-01-31 14:31:00",15379,0.0850000000000009
"2019-01-31 14:32:00",8532,-0.00500000000000256
"2019-01-31 14:33:00",5442,0
"2019-01-31 14:34:00",9326,0.0100000000000051
"2019-01-31 14:35:00",10922,-0.0350000000000037
"2019-01-31 14:36:00",8423,0.00999999999999801
"2019-01-31 14:37:00",7799,0.0100000000000051
"2019-01-31 14:38:00",11475,0
"2019-01-31 14:39:00",10473,0.00499999999999545
"2019-01-31 14:40:00",9635,-0.0249999999999986
"2019-01-31 14:41:00",11631,-0.0499999999999972
"2019-01-31 14:42:00",15168,0.00489999999999924
"2019-01-31 14:43:00",10346,9.99999999962142e-05
"2019-01-31 14:44:00",18242,-0.029999999999994
"2019-01-31 14:45:00",15245,0.0349999999999966
"2019-01-31 14:46:00",15751,-0.0150000000000006
"2019-01-31 14:47:00",9990,0.0300000000000011
"2019-01-31 14:48:00",10740,-0.00999999999999801
"2019-01-31 14:49:00",15468,-0.0249999999999986
"2019-01-31 14:50:00",16682,0.0249999999999986
"2019-01-31 14:51:00",16360,-0.00500000000000256
"2019-01-31 14:52:00",25725,0.00500000000000256
"2019-01-31 14:53:00",20113,0.0499999999999972
"2019-01-31 14:54:00",39267,0.00999999999999801
"2019-01-31 14:55:00",37769,-0.019999999999996
"2019-01-31 14:56:00",59118,-0.0200000000000031
"2019-01-31 14:57:00",91198,0.0350000000000037
"2019-01-31 14:58:00",64132,-0.0100000000000051
"2019-01-31 14:59:00",130662,-0.0449999999999946
"2019-02-01 08:30:00",74352,0.548499999999997
"2019-02-01 08:31:00",7383,-0.0484999999999971
"2019-02-01 08:32:00",15996,-0.0300000000000011
"2019-02-01 08:33:00",15430,0.0600000000000023
"2019-02-01 08:34:00",9273,0.019999999999996
"2019-02-01 08:35:00",12861,0
"2019-02-01 08:36:00",16163,0.0099000000000018
"2019-02-01 08:37:00",6582,-0.0099000000000018
"2019-02-01 08:38:00",13382,0.0150000000000006
"2019-02-01 08:39:00",6847,0.0150000000000006
"2019-02-01 08:40:00",9624,0.00999999999999801
"2019-02-01 08:41:00",31689,-0.0700000000000003
"2019-02-01 08:42:00",8733,-0.019999999999996
"2019-02-01 08:43:00",8101,-0.0200000000000031
"2019-02-01 08:44:00",8881,0.00500000000000256
"2019-02-01 08:45:00",36062,0.00499999999999545
"2019-02-01 08:46:00",12832,0
"2019-02-01 08:47:00",22988,0.0500000000000043
"2019-02-01 08:48:00",17722,0
"2019-02-01 08:49:00",8453,-0.0775000000000006
"2019-02-01 08:50:00",4175,-0.0125000000000028
"2019-02-01 08:51:00",4202,-0.019999999999996
"2019-02-01 08:52:00",9922,0.00169999999999959
"2019-02-01 08:53:00",13244,-0.0167000000000002
"2019-02-01 08:54:00",4260,0.0349999999999966
"2019-02-01 08:55:00",5501,0.0300000000000011
"2019-02-01 08:56:00",16927,-0.0399999999999991
"2019-02-01 08:57:00",5229,-0.00999999999999801
"2019-02-01 08:58:00",3000,-0.0100000000000051
"2019-02-01 08:59:00",13570,0
"2019-02-01 09:00:00",10450,-0.0339999999999989
"2019-02-01 09:01:00",11095,-0.0659999999999954
"2019-02-01 09:02:00",16972,-0.0700000000000003
"2019-02-01 09:03:00",7850,0.0700000000000003
"2019-02-01 09:04:00",17476,0.0399999999999991
"2019-02-01 09:05:00",17860,0.019999999999996
"2019-02-01 09:06:00",16842,0.0500000000000043
"2019-02-01 09:07:00",9256,0.019999999999996
"2019-02-01 09:08:00",9828,0.0200000000000031
"2019-02-01 09:09:00",12271,-0.0200000000000031
"2019-02-01 09:10:00",12055,0.0100000000000051
"2019-02-01 09:11:00",10787,0.0198999999999998
"2019-02-01 09:12:00",9028,0.0200999999999993
"2019-02-01 09:13:00",14701,0.00499999999999545
"2019-02-01 09:14:00",11409,0.00500000000000256
"2019-02-01 09:15:00",8406,-0.0300000000000011
"2019-02-01 09:16:00",7416,-0.00999999999999801
"2019-02-01 09:17:00",6258,0.00999999999999801
"2019-02-01 09:18:00",3831,0
"2019-02-01 09:19:00",7517,-0.0300000000000011
"2019-02-01 09:20:00",7753,0.0300000000000011
"2019-02-01 09:21:00",9681,0.00999999999999801
"2019-02-01 09:22:00",15977,0
"2019-02-01 09:23:00",18429,0.0500000000000043
"2019-02-01 09:24:00",10387,0.0249999999999986
"2019-02-01 09:25:00",14098,-0.0649999999999977
"2019-02-01 09:26:00",7753,-0.0459000000000032
"2019-02-01 09:27:00",20776,-0.0540999999999983
"2019-02-01 09:28:00",6494,0.00249999999999773
"2019-02-01 09:29:00",6190,-0.00249999999999773
"2019-02-01 09:30:00",11265,0
"2019-02-01 09:31:00",4226,-0.00999999999999801
"2019-02-01 09:32:00",12143,-0.0300000000000011
"2019-02-01 09:33:00",6514,-0.00999999999999801
"2019-02-01 09:34:00",11922,0.00999999999999801
"2019-02-01 09:35:00",6135,0.0700000000000003
"2019-02-01 09:36:00",7352,0.00999999999999801
"2019-02-01 09:37:00",5258,-0.0499999999999972
"2019-02-01 09:38:00",5650,0.00499999999999545
"2019-02-01 09:39:00",12479,0.00500000000000256
"2019-02-01 09:40:00",3431,0.00999999999999801
"2019-02-01 09:41:00",3603,0
"2019-02-01 09:42:00",4617,-0.00499999999999545
"2019-02-01 09:43:00",3742,-0.00500000000000256
"2019-02-01 09:44:00",4006,0
"2019-02-01 09:45:00",7026,0.0450000000000017
"2019-02-01 09:46:00",11703,-0.0150000000000006
"2019-02-01 09:47:00",4829,0.0499999999999972
"2019-02-01 09:48:00",6751,-0.019999999999996
"2019-02-01 09:49:00",6156,-0.0100000000000051
"2019-02-01 09:50:00",4309,0
"2019-02-01 09:51:00",8491,-0.00499999999999545
"2019-02-01 09:52:00",5276,0.0249999999999986
"2019-02-01 09:53:00",1650,0.0300000000000011
"2019-02-01 09:54:00",6932,-0.0337000000000032
"2019-02-01 09:55:00",7889,0.0137
"2019-02-01 09:56:00",2151,0.00999999999999801
"2019-02-01 09:57:00",3832,0
"2019-02-01 09:58:00",6307,0.0300000000000011
"2019-02-01 09:59:00",7480,-0.00999999999999801
"2019-02-01 10:00:00",3441,-0.0200000000000031
"2019-02-01 10:01:00",10202,-0.0499999999999972
"2019-02-01 10:02:00",9848,0.0499999999999972
"2019-02-01 10:03:00",6600,0.0200000000000031
"2019-02-01 10:04:00",3917,0.00999999999999801
"2019-02-01 10:05:00",8162,0.0300000000000011
"2019-02-01 10:06:00",17938,0.00999999999999801
"2019-02-01 10:07:00",5547,0
"2019-02-01 10:08:00",7212,0.0200000000000031
"2019-02-01 10:09:00",3645,0
"2019-02-01 10:10:00",3275,-0.0300000000000011
"2019-02-01 10:11:00",4222,-0.0300000000000011
"2019-02-01 10:12:00",3497,0.0249999999999986
"2019-02-01 10:13:00",3715,-0.00499999999999545
"2019-02-01 10:14:00",5028,0.0399999999999991
"2019-02-01 10:15:00",13372,0
"2019-02-01 10:16:00",5269,-0.00999999999999801
"2019-02-01 10:17:00",4893,-0.0250000000000057
"2019-02-01 10:18:00",3567,0.0100000000000051
"2019-02-01 10:19:00",3028,-0.0150000000000006
"2019-02-01 10:20:00",8821,0.019999999999996
"2019-02-01 10:21:00",4000,-0.019999999999996
"2019-02-01 10:22:00",6348,0.0300000000000011
"2019-02-01 10:23:00",6833,0.0249999999999986
"2019-02-01 10:24:00",17202,-0.00500000000000256
"2019-02-01 10:25:00",23896,0.0399999999999991
"2019-02-01 10:26:00",12289,-0.00999999999999801
"2019-02-01 10:27:00",14132,0.00999999999999801
"2019-02-01 10:28:00",8833,0
"2019-02-01 10:29:00",9131,-0.054399999999994
"2019-02-01 10:30:00",6416,0.0143999999999949
"2019-02-01 10:31:00",16785,0.0350000000000037
"2019-02-01 10:32:00",9958,-0.0249999999999986
"2019-02-01 10:33:00",9407,-0.0100000000000051
"2019-02-01 10:34:00",74719,0.0700000000000003
"2019-02-01 10:35:00",9465,-0.019999999999996
"2019-02-01 10:36:00",2700,-0.0100000000000051
"2019-02-01 10:37:00",26187,0
"2019-02-01 10:38:00",6711,0.0300000000000011
"2019-02-01 10:39:00",6901,-0.00999999999999801
"2019-02-01 10:40:00",9676,0.019999999999996
"2019-02-01 10:41:00",4368,-0.00499999999999545
"2019-02-01 10:42:00",5499,0.00199999999999534
"2019-02-01 10:43:00",4594,-0.0200999999999993
"2019-02-01 10:44:00",9225,0.0131000000000014
"2019-02-01 10:45:00",2200,-0.00999999999999801
"2019-02-01 10:46:00",1320,-0.00999999999999801
"2019-02-01 10:47:00",1756,-0.0100000000000051
"2019-02-01 10:48:00",2460,0.0300000000000011
"2019-02-01 10:49:00",1500,0
"2019-02-01 10:50:00",2500,0
"2019-02-01 10:51:00",1913,0
"2019-02-01 10:52:00",2500,-0.019999999999996
"2019-02-01 10:53:00",3112,0.019999999999996
"2019-02-01 10:54:00",2623,-0.019999999999996
"2019-02-01 10:55:00",9389,0.00999999999999801
"2019-02-01 10:56:00",3689,0.019999999999996
"2019-02-01 10:57:00",4400,0
"2019-02-01 10:58:00",4371,0
"2019-02-01 10:59:00",1500,0.0100000000000051
"2019-02-01 11:00:00",3120,0.00999999999999801
"2019-02-01 11:01:00",4700,-0.0300000000000011
"2019-02-01 11:02:00",2438,0.0300000000000011
"2019-02-01 11:03:00",3782,0
"2019-02-01 11:04:00",6008,0
"2019-02-01 11:05:00",2907,0.0200000000000031
"2019-02-01 11:06:00",19127,0.00999999999999801
"2019-02-01 11:07:00",3341,0
"2019-02-01 11:08:00",3470,-0.0200000000000031
"2019-02-01 11:09:00",5330,0.0138000000000034
"2019-02-01 11:10:00",5076,-0.00379999999999825
"2019-02-01 11:11:00",2423,-0.0250000000000057
"2019-02-01 11:12:00",3917,0.00500000000000256
"2019-02-01 11:13:00",4370,0.0150000000000006
"2019-02-01 11:14:00",9339,0.00500000000000256
"2019-02-01 11:15:00",5756,0.00499999999999545
"2019-02-01 11:16:00",7354,-0.0150000000000006
"2019-02-01 11:17:00",4096,-0.00999999999999801
"2019-02-01 11:18:00",30299,0.0200000000000031
"2019-02-01 11:19:00",6751,-0.0100000000000051
"2019-02-01 11:20:00",2887,0
"2019-02-01 11:21:00",4904,-0.0249999999999986
"2019-02-01 11:22:00",11258,-0.0150000000000006
"2019-02-01 11:23:00",5945,0.0200000000000031
"2019-02-01 11:24:00",5091,0.0150000000000006
"2019-02-01 11:25:00",3643,0.0339999999999989
"2019-02-01 11:26:00",3550,0.0034999999999954
"2019-02-01 11:27:00",2100,-0.00249999999999773
"2019-02-01 11:28:00",7053,0.0150000000000006
"2019-02-01 11:29:00",3700,0.00999999999999801
"2019-02-01 11:30:00",4300,0
"2019-02-01 11:31:00",10090,0
"2019-02-01 11:32:00",5036,0.0350000000000037
"2019-02-01 11:33:00",8123,0.019999999999996
"2019-02-01 11:34:00",9536,0
"2019-02-01 11:35:00",11568,0.0500000000000043
"2019-02-01 11:36:00",3344,-0.0200000000000031
"2019-02-01 11:37:00",3993,0.0100000000000051
"2019-02-01 11:38:00",4600,-0.0200000000000031
"2019-02-01 11:39:00",7603,-0.00999999999999801
"2019-02-01 11:40:00",4487,0.0249999999999986
"2019-02-01 11:41:00",9584,-0.00999999999999801
"2019-02-01 11:42:00",6150,0.0249999999999986
"2019-02-01 11:43:00",6222,-0.0249999999999986
"2019-02-01 11:44:00",7040,0.00499999999999545
"2019-02-01 11:45:00",8215,0
"2019-02-01 11:46:00",3650,-0.0399999999999991
"2019-02-01 11:47:00",2800,0.0200000000000031
"2019-02-01 11:48:00",3748,0.00999999999999801
"2019-02-01 11:49:00",5768,-0.0200000000000031
"2019-02-01 11:50:00",4755,-0.019999999999996
"2019-02-01 11:51:00",3986,0.0300000000000011
"2019-02-01 11:52:00",5160,-0.0100000000000051
"2019-02-01 11:53:00",1931,-0.00999999999999801
"2019-02-01 11:54:00",5347,0
"2019-02-01 11:55:00",3200,0
"2019-02-01 11:56:00",6152,-0.0101000000000013
"2019-02-01 11:57:00",4973,0.00010000000000332
"2019-02-01 11:58:00",4347,-0.0249999999999986
"2019-02-01 11:59:00",3914,0.0230999999999995
"2019-02-01 12:00:00",5251,-0.0131000000000014
"2019-02-01 12:01:00",9451,0.0349999999999966
"2019-02-01 12:02:00",5264,0
"2019-02-01 12:03:00",5927,0.0150000000000006
"2019-02-01 12:04:00",3900,0.0200000000000031
"2019-02-01 12:05:00",3544,0.00289999999999679
"2019-02-01 12:06:00",15473,0.0170999999999992
"2019-02-01 12:07:00",20155,0.0300000000000011
"2019-02-01 12:08:00",11703,0.0404000000000053
"2019-02-01 12:09:00",4350,-0.00540000000000163
"2019-02-01 12:10:00",7614,-0.0249999999999986
"2019-02-01 12:11:00",4824,-0.0201000000000064
"2019-02-01 12:12:00",10078,0.0204000000000022
"2019-02-01 12:13:00",14238,-0.00529999999999831
"2019-02-01 12:14:00",3300,0
"2019-02-01 12:15:00",5450,0.019999999999996
"2019-02-01 12:16:00",5887,-0.019999999999996
"2019-02-01 12:17:00",4444,-0.00500000000000256
"2019-02-01 12:18:00",3575,-0.0300000000000011
"2019-02-01 12:19:00",9626,0.0400000000000063
"2019-02-01 12:20:00",6700,-0.0100000000000051
"2019-02-01 12:21:00",6407,-0.00499999999999545
"2019-02-01 12:22:00",12314,0.0150000000000006
"2019-02-01 12:23:00",3500,0
"2019-02-01 12:24:00",6013,0.00499999999999545
"2019-02-01 12:25:00",7492,0.0200000000000031
"2019-02-01 12:26:00",8109,-0.0100000000000051
"2019-02-01 12:27:00",2800,0.0200000000000031
"2019-02-01 12:28:00",1751,0.00500000000000256
"2019-02-01 12:29:00",4074,0.00499999999999545
"2019-02-01 12:30:00",6628,-0.0300000000000011
"2019-02-01 12:31:00",3500,-0.00559999999999405
"2019-02-01 12:32:00",10524,0.00559999999999405
"2019-02-01 12:33:00",4527,0.00500000000000256
"2019-02-01 12:34:00",1771,-0.00999999999999801
"2019-02-01 12:35:00",3456,0
"2019-02-01 12:36:00",5942,0.019999999999996
"2019-02-01 12:37:00",5557,0.0150000000000006
"2019-02-01 12:38:00",8897,0.0150000000000006
"2019-02-01 12:39:00",8292,0.0100000000000051
"2019-02-01 12:40:00",15250,0.029999999999994
"2019-02-01 12:41:00",10133,0.000199999999999534
"2019-02-01 12:42:00",11513,0.0237000000000052
"2019-02-01 12:43:00",10534,-0.0239000000000047
"2019-02-01 12:44:00",7099,-0.0349999999999966
"2019-02-01 12:45:00",8668,-0.0549999999999997
"2019-02-01 12:46:00",10787,-0.00999999999999801
"2019-02-01 12:47:00",18748,0.019999999999996
"2019-02-01 12:48:00",5609,0
"2019-02-01 12:49:00",4671,0.0350000000000037
"2019-02-01 12:50:00",6801,0.019999999999996
"2019-02-01 12:51:00",5775,0.00500000000000256
"2019-02-01 12:52:00",4600,-0.0350000000000037
"2019-02-01 12:53:00",7195,0.0200000000000031
"2019-02-01 12:54:00",9500,-0.0350000000000037
"2019-02-01 12:55:00",3800,-0.00499999999999545
"2019-02-01 12:56:00",900,0.00999999999999801
"2019-02-01 12:57:00",8615,0.00999999999999801
"2019-02-01 12:58:00",10323,-0.0165000000000006
"2019-02-01 12:59:00",6082,-0.0135000000000005
"2019-02-01 13:00:00",9000,-0.029999999999994
"2019-02-01 13:01:00",8334,-0.0100000000000051
"2019-02-01 13:02:00",8880,-0.00999999999999801
"2019-02-01 13:03:00",7671,0.00500000000000256
"2019-02-01 13:04:00",6879,-0.0249999999999986
"2019-02-01 13:05:00",13299,0.0449999999999946
"2019-02-01 13:06:00",6632,-0.00499999999999545
"2019-02-01 13:07:00",6127,-0.00500000000000256
"2019-02-01 13:08:00",5958,-0.00500000000000256
"2019-02-01 13:09:00",8790,-0.00999999999999801
"2019-02-01 13:10:00",4203,-0.00999999999999801
"2019-02-01 13:11:00",6787,-0.00500000000000256
"2019-02-01 13:12:00",3294,-0.00499999999999545
"2019-02-01 13:13:00",4167,0.00499999999999545
"2019-02-01 13:14:00",4271,0.00999999999999801
"2019-02-01 13:15:00",3784,-0.00499999999999545
"2019-02-01 13:16:00",1466,0.00999999999999801
"2019-02-01 13:17:00",5500,-0.00999999999999801
"2019-02-01 13:18:00",3684,-0.0150000000000006
"2019-02-01 13:19:00",3050,-0.00500000000000256
"2019-02-01 13:20:00",4263,0.00500000000000256
"2019-02-01 13:21:00",9087,0.0300000000000011
"2019-02-01 13:22:00",6331,-0.00500000000000256
"2019-02-01 13:23:00",4696,0.0300000000000011
"2019-02-01 13:24:00",6180,-0.0399999999999991
"2019-02-01 13:25:00",5810,0.00999999999999801
"2019-02-01 13:26:00",3504,0
"2019-02-01 13:27:00",3844,0.00999999999999801
"2019-02-01 13:28:00",4473,0.0100000000000051
"2019-02-01 13:29:00",2912,0
"2019-02-01 13:30:00",5315,0.00430000000000064
"2019-02-01 13:31:00",3125,-0.00430000000000064
"2019-02-01 13:32:00",5521,-0.0200000000000031
"2019-02-01 13:33:00",3574,0.00999999999999801
"2019-02-01 13:34:00",8773,0.0200000000000031
"2019-02-01 13:35:00",2219,-0.00500000000000256
"2019-02-01 13:36:00",2575,0
"2019-02-01 13:37:00",4435,0.00500000000000256
"2019-02-01 13:38:00",3795,-0.00869999999999749
"2019-02-01 13:39:00",9414,0.0286999999999935
"2019-02-01 13:40:00",6380,-0.00999999999999801
"2019-02-01 13:41:00",3156,0.00999999999999801
"2019-02-01 13:42:00",7253,0.0100000000000051
"2019-02-01 13:43:00",4786,0
"2019-02-01 13:44:00",5057,0
"2019-02-01 13:45:00",5240,-0.00500000000000256
"2019-02-01 13:46:00",7356,0.00999999999999801
"2019-02-01 13:47:00",4200,0.00500000000000256
"2019-02-01 13:48:00",5765,0
"2019-02-01 13:49:00",9215,0
"2019-02-01 13:50:00",10784,-0.00500000000000256
"2019-02-01 13:51:00",8682,-0.0549999999999997
"2019-02-01 13:52:00",7950,-0.0249999999999986
"2019-02-01 13:53:00",3095,0
"2019-02-01 13:54:00",2565,-0.0150000000000006
"2019-02-01 13:55:00",5525,-0.0349999999999966
"2019-02-01 13:56:00",6700,0.00999999999999801
"2019-02-01 13:57:00",5628,0.0150000000000006
"2019-02-01 13:58:00",4440,0
"2019-02-01 13:59:00",3534,0.00999999999999801
"2019-02-01 14:00:00",5602,-0.00499999999999545
"2019-02-01 14:01:00",4903,-0.0150000000000006
"2019-02-01 14:02:00",4825,-0.0150000000000006
"2019-02-01 14:03:00",6862,-0.0150000000000006
"2019-02-01 14:04:00",6229,0.0300000000000011
"2019-02-01 14:05:00",2500,-0.0300000000000011
"2019-02-01 14:06:00",7606,-0.0150000000000006
"2019-02-01 14:07:00",4855,0.0150000000000006
"2019-02-01 14:08:00",9577,-0.0350000000000037
"2019-02-01 14:09:00",4411,-0.0150000000000006
"2019-02-01 14:10:00",4572,0.0100000000000051
"2019-02-01 14:11:00",3798,0.0150000000000006
"2019-02-01 14:12:00",6400,-0.0200000000000031
"2019-02-01 14:13:00",10327,-0.0300000000000011
"2019-02-01 14:14:00",3789,0
"2019-02-01 14:15:00",7210,0.00500000000000256
"2019-02-01 14:16:00",7723,0.00500000000000256
"2019-02-01 14:17:00",5450,-0.00500000000000256
"2019-02-01 14:18:00",8147,0
"2019-02-01 14:19:00",4514,0.00999999999999801
"2019-02-01 14:20:00",9628,0.00999999999999801
"2019-02-01 14:21:00",9226,0.0106000000000037
"2019-02-01 14:22:00",7814,0.0294000000000025
"2019-02-01 14:23:00",7671,-0.0076000000000036
"2019-02-01 14:24:00",3193,0.0176000000000016
"2019-02-01 14:25:00",9616,-0.00500000000000256
"2019-02-01 14:26:00",11899,-0.0150000000000006
"2019-02-01 14:27:00",8707,-0.00499999999999545
"2019-02-01 14:28:00",3900,0.00499999999999545
"2019-02-01 14:29:00",10403,0.0399999999999991
"2019-02-01 14:30:00",13066,0.0400000000000063
"2019-02-01 14:31:00",5720,-0.0100000000000051
"2019-02-01 14:32:00",11988,0.0150000000000006
"2019-02-01 14:33:00",7510,0.00500000000000256
"2019-02-01 14:34:00",6996,0.00999999999999801
"2019-02-01 14:35:00",12147,-0.013300000000001
"2019-02-01 14:36:00",6405,-0.0116999999999976
"2019-02-01 14:37:00",15992,0.0399999999999991
"2019-02-01 14:38:00",10254,-0.00500000000000256
"2019-02-01 14:39:00",11503,0.0150000000000006
"2019-02-01 14:40:00",9966,0.0200000000000031
"2019-02-01 14:41:00",8405,0.00499999999999545
"2019-02-01 14:42:00",10285,0.0100000000000051
"2019-02-01 14:43:00",10619,0.0249999999999986
"2019-02-01 14:44:00",13258,0.0150000000000006
"2019-02-01 14:45:00",21822,0
"2019-02-01 14:46:00",12668,0
"2019-02-01 14:47:00",4534,-0.0200000000000031
"2019-02-01 14:48:00",10425,0.0200000000000031
"2019-02-01 14:49:00",16356,-0.0200000000000031
"2019-02-01 14:50:00",21231,0.0150000000000006
"2019-02-01 14:51:00",32179,0.0249999999999986
"2019-02-01 14:52:00",40527,-0.00499999999999545
"2019-02-01 14:53:00",26707,-0.0150000000000006
"2019-02-01 14:54:00",36444,-0.0350000000000037
"2019-02-01 14:55:00",23953,0.0549999999999997
"2019-02-01 14:56:00",28160,0.00500000000000256
"2019-02-01 14:57:00",22318,0.0200000000000031
"2019-02-01 14:58:00",69708,0.029999999999994
"2019-02-01 14:59:00",92366,0.0500000000000043
"2019-02-01 15:02:00",44651,0.00500000000000256
"2019-02-01 15:15:00",0,0
"2019-02-04 08:30:00",44910,0.00999999999999801
"2019-02-04 08:31:00",24481,-0.0300000000000011
"2019-02-04 08:32:00",58753,0.109999999999999
"2019-02-04 08:33:00",15146,-0.0249999999999986
"2019-02-04 08:34:00",9853,-0.0350000000000037
"2019-02-04 08:35:00",20960,0.0300000000000011
"2019-02-04 08:36:00",5887,0.00999999999999801
"2019-02-04 08:37:00",13924,-0.0399999999999991
"2019-02-04 08:38:00",2949,0.0300000000000011
"2019-02-04 08:39:00",13188,0.0157000000000025
"2019-02-04 08:40:00",4618,-0.0307000000000031
"2019-02-04 08:41:00",12986,0.0150000000000006
"2019-02-04 08:42:00",4449,0.00999999999999801
"2019-02-04 08:43:00",9490,0.00500000000000256
"2019-02-04 08:44:00",5246,-0.0300000000000011
"2019-02-04 08:45:00",12144,-0.0150000000000006
"2019-02-04 08:46:00",3442,0.0100000000000051
"2019-02-04 08:47:00",4014,0.0349999999999966
"2019-02-04 08:48:00",20717,0.0249999999999986
"2019-02-04 08:49:00",4745,0.0399999999999991
"2019-02-04 08:50:00",5909,-0.029999999999994
"2019-02-04 08:51:00",7743,-0.0100000000000051
"2019-02-04 08:52:00",11247,-0.00989999999999469
"2019-02-04 08:53:00",8414,0.00989999999999469
"2019-02-04 08:54:00",15590,0.0200000000000031
"2019-02-04 08:55:00",18547,-0.0300000000000011
"2019-02-04 08:56:00",15658,-0.0600000000000023
"2019-02-04 08:57:00",6763,0.0450000000000017
"2019-02-04 08:58:00",7130,0.0249999999999986
"2019-02-04 08:59:00",17221,-0.0999999999999943
"2019-02-04 09:00:00",31648,-0.0800000000000054
"2019-02-04 09:01:00",29485,-0.0300000000000011
"2019-02-04 09:02:00",10898,0.0300000000000011
"2019-02-04 09:03:00",10894,0.0300000000000011
"2019-02-04 09:04:00",13122,-0.019999999999996
"2019-02-04 09:05:00",3111,-0.0400000000000063
"2019-02-04 09:06:00",10148,0.0200000000000031
"2019-02-04 09:07:00",18785,-0.0399999999999991
"2019-02-04 09:08:00",12078,0
"2019-02-04 09:09:00",11675,0.00999999999999801
"2019-02-04 09:10:00",10004,0.0249999999999986
"2019-02-04 09:11:00",5381,0.0549999999999997
"2019-02-04 09:12:00",14058,0.0600000000000023
"2019-02-04 09:13:00",2981,0.0300000000000011
"2019-02-04 09:14:00",3183,-0.00999999999999801
"2019-02-04 09:15:00",4616,-0.0300000000000011
"2019-02-04 09:16:00",10690,-0.0549999999999997
"2019-02-04 09:17:00",17801,0.0249999999999986
"2019-02-04 09:18:00",2307,0.00999999999999801
"2019-02-04 09:19:00",12998,0
"2019-02-04 09:20:00",8671,-0.019999999999996
"2019-02-04 09:21:00",12085,-0.0200000000000031
"2019-02-04 09:22:00",8081,0.0101000000000013
"2019-02-04 09:23:00",5917,-0.0365000000000038
"2019-02-04 09:24:00",8449,0.0564000000000036
"2019-02-04 09:25:00",9651,0.00999999999999801
"2019-02-04 09:26:00",2975,0.0300000000000011
"2019-02-04 09:27:00",2500,-0.00500000000000256
"2019-02-04 09:28:00",2800,-0.0149999999999935
"2019-02-04 09:29:00",2775,-0.0100000000000051
"2019-02-04 09:30:00",7078,-0.00999999999999801
"2019-02-04 09:31:00",3375,0.0399999999999991
"2019-02-04 09:32:00",907,-0.00999999999999801
"2019-02-04 09:33:00",2865,0.0300000000000011
"2019-02-04 09:34:00",5388,0.00999999999999801
"2019-02-04 09:35:00",3710,0
"2019-02-04 09:36:00",3404,-0.00999999999999801
"2019-02-04 09:37:00",4928,-0.0350000000000037
"2019-02-04 09:38:00",9552,0.00999999999999801
"2019-02-04 09:39:00",10653,0.0200000000000031
"2019-02-04 09:40:00",11310,0.0150000000000006
"2019-02-04 09:41:00",8898,0
"2019-02-04 09:42:00",3887,0
"2019-02-04 09:43:00",3800,0
"2019-02-04 09:44:00",2684,-0.00999999999999801
"2019-02-04 09:45:00",3094,0.00999999999999801
"2019-02-04 09:46:00",2577,0.00999999999999801
"2019-02-04 09:47:00",4740,0.00999999999999801
"2019-02-04 09:48:00",3868,-0.00499999999999545
"2019-02-04 09:49:00",3650,-0.00500000000000256
"2019-02-04 09:50:00",6690,-0.00999999999999801
"2019-02-04 09:51:00",10337,-0.0200000000000031
"2019-02-04 09:52:00",7933,-0.029999999999994
"2019-02-04 09:53:00",7350,0.0249999999999986
"2019-02-04 09:54:00",3600,-0.00500000000000256
"2019-02-04 09:55:00",2720,0
"2019-02-04 09:56:00",5514,-0.019999999999996
"2019-02-04 09:57:00",7148,-0.0350000000000037
"2019-02-04 09:58:00",10021,0.0150000000000006
"2019-02-04 09:59:00",4206,0.0399999999999991
"2019-02-04 10:00:00",5202,0.00999999999999801
"2019-02-04 10:01:00",8962,0
"2019-02-04 10:02:00",1901,0.0100000000000051
"2019-02-04 10:03:00",8451,0.0349999999999966
"2019-02-04 10:04:00",7367,-0.00999999999999801
"2019-02-04 10:05:00",10059,0.0249999999999986
"2019-02-04 10:06:00",12715,-0.0249999999999986
"2019-02-04 10:07:00",13258,0.0349999999999966
"2019-02-04 10:08:00",4620,0.0399999999999991
"2019-02-04 10:09:00",3784,-0.00999999999999801
"2019-02-04 10:10:00",5310,-0.0150000000000006
"2019-02-04 10:11:00",9562,0.0399999999999991
"2019-02-04 10:12:00",17168,0.0150000000000006
"2019-02-04 10:13:00",16909,0.0200000000000031
"2019-02-04 10:14:00",8322,0.0300000000000011
"2019-02-04 10:15:00",6292,0
"2019-02-04 10:16:00",4937,0.0150000000000006
"2019-02-04 10:17:00",5955,-0.0300000000000011
"2019-02-04 10:18:00",5786,-0.0249999999999986
"2019-02-04 10:19:00",5501,0.00999999999999801
"2019-02-04 10:20:00",5985,-0.0150000000000006
"2019-02-04 10:21:00",3751,0
"2019-02-04 10:22:00",4302,-0.0249999999999986
"2019-02-04 10:23:00",2452,0
"2019-02-04 10:24:00",5066,0.0349999999999966
"2019-02-04 10:25:00",6073,-0.019999999999996
"2019-02-04 10:26:00",3853,0.0150000000000006
"2019-02-04 10:27:00",4124,-0.0100000000000051
"2019-02-04 10:28:00",2922,0.0100000000000051
"2019-02-04 10:29:00",5710,-0.0200000000000031
"2019-02-04 10:30:00",28288,-0.0200000000000031
"2019-02-04 10:31:00",27328,0
"2019-02-04 10:32:00",39683,0
"2019-02-04 10:33:00",11700,-0.029999999999994
"2019-02-04 10:34:00",3157,0.019999999999996
"2019-02-04 10:35:00",13180,0.0300000000000011
"2019-02-04 10:36:00",4378,-0.00999999999999801
"2019-02-04 10:37:00",11220,-0.0200000000000031
"2019-02-04 10:38:00",10213,0.0600000000000023
"2019-02-04 10:39:00",9336,0.0349999999999966
"2019-02-04 10:40:00",9328,0.0200000000000031
"2019-02-04 10:41:00",2523,0.00500000000000256
"2019-02-04 10:42:00",14801,0.00999999999999801
"2019-02-04 10:43:00",9379,-0.0200000000000031
"2019-02-04 10:44:00",5310,0.0399999999999991
"2019-02-04 10:45:00",7420,0.0150000000000006
"2019-02-04 10:46:00",11619,0.0249999999999986
"2019-02-04 10:47:00",12240,-0.00999999999999801
"2019-02-04 10:48:00",20553,0.0399999999999991
"2019-02-04 10:49:00",2617,-0.00999999999999801
"2019-02-04 10:50:00",4400,-0.0300000000000011
"2019-02-04 10:51:00",4970,0.00010000000000332
"2019-02-04 10:52:00",1931,0.0398999999999958
"2019-02-04 10:53:00",7655,-0.0150000000000006
"2019-02-04 10:54:00",9041,-0.0249999999999986
"2019-02-04 10:55:00",6555,0.0399999999999991
"2019-02-04 10:56:00",4519,0
"2019-02-04 10:57:00",4646,0.00500000000000256
"2019-02-04 10:58:00",5700,0.0213999999999999
"2019-02-04 10:59:00",1222,0.0135999999999967
"2019-02-04 11:00:00",11627,-0.0249999999999986
"2019-02-04 11:01:00",4976,-0.0108999999999995
"2019-02-04 11:02:00",1800,0.015900000000002
"2019-02-04 11:03:00",3827,-0.0150000000000006
"2019-02-04 11:04:00",5889,0.0200000000000031
"2019-02-04 11:05:00",5153,-0.0100000000000051
"2019-02-04 11:06:00",14717,0.0300000000000011
"2019-02-04 11:07:00",12630,-0.0150000000000006
"2019-02-04 11:08:00",9500,-0.0249999999999986
"2019-02-04 11:09:00",1201,-0.00999999999999801
"2019-02-04 11:10:00",2001,0
"2019-02-04 11:11:00",4400,0.00499999999999545
"2019-02-04 11:12:00",2400,-0.0300000000000011
"2019-02-04 11:13:00",1400,-0.019999999999996
"2019-02-04 11:14:00",4021,0
"2019-02-04 11:15:00",2500,-0.0200000000000031
"2019-02-04 11:16:00",2411,-0.00499999999999545
"2019-02-04 11:17:00",1200,-0.0100000000000051
"2019-02-04 11:18:00",3330,-0.019999999999996
"2019-02-04 11:19:00",6145,0
"2019-02-04 11:20:00",2225,-0.00500000000000256
"2019-02-04 11:21:00",3261,0.00500000000000256
"2019-02-04 11:22:00",2118,-0.0150000000000006
"2019-02-04 11:23:00",8069,0.00999999999999801
"2019-02-04 11:24:00",2200,-0.00499999999999545
"2019-02-04 11:25:00",2400,0.0249999999999986
"2019-02-04 11:26:00",3600,-0.00500000000000256
"2019-02-04 11:27:00",3780,0
"2019-02-04 11:28:00",3022,-0.0150000000000006
"2019-02-04 11:29:00",3151,0.0150000000000006
"2019-02-04 11:30:00",4859,-0.00999999999999801
"2019-02-04 11:31:00",3937,-0.0200000000000031
"2019-02-04 11:32:00",5584,0.0300000000000011
"2019-02-04 11:33:00",2500,0.0150000000000006
"2019-02-04 11:34:00",1798,0.00999999999999801
"2019-02-04 11:35:00",2275,0
"2019-02-04 11:36:00",1570,-0.0150000000000006
"2019-02-04 11:37:00",6392,0.0100000000000051
"2019-02-04 11:38:00",1600,-0.0100000000000051
"2019-02-04 11:39:00",1729,-0.0149999999999935
"2019-02-04 11:40:00",1985,0.00999999999999801
"2019-02-04 11:41:00",2500,-0.00999999999999801
"2019-02-04 11:42:00",2500,0.029999999999994
"2019-02-04 11:43:00",3784,-0.029999999999994
"2019-02-04 11:44:00",3100,0.00999999999999801
"2019-02-04 11:45:00",1324,-0.00500000000000256
"2019-02-04 11:46:00",2722,-0.00499999999999545
"2019-02-04 11:47:00",2191,-0.0150000000000006
"2019-02-04 11:48:00",3815,-0.0150000000000006
"2019-02-04 11:49:00",4317,0.00999999999999801
"2019-02-04 11:50:00",1870,0.00999999999999801
"2019-02-04 11:51:00",1700,-0.00499999999999545
"2019-02-04 11:52:00",2235,-0.00500000000000256
"2019-02-04 11:53:00",1714,0.00500000000000256
"2019-02-04 11:54:00",6497,0.029999999999994
"2019-02-04 11:55:00",2600,0.00500000000000256
"2019-02-04 11:56:00",3100,-0.00999999999999801
"2019-02-04 11:57:00",11204,0.00499999999999545
"2019-02-04 11:58:00",3145,-0.00499999999999545
"2019-02-04 11:59:00",1500,-0.0150000000000006
"2019-02-04 12:00:00",6469,-0.0249999999999986
"2019-02-04 12:01:00",2040,0.00499999999999545
"2019-02-04 12:02:00",2000,0.0100000000000051
"2019-02-04 12:03:00",4850,0.029999999999994
"2019-02-04 12:04:00",1700,-0.0149999999999935
"2019-02-04 12:05:00",1748,0.028499999999994
"2019-02-04 12:06:00",2642,0.0215000000000032
"2019-02-04 12:07:00",3813,0.00999999999999801
"2019-02-04 12:08:00",1300,-0.00499999999999545
"2019-02-04 12:09:00",2013,0.00499999999999545
"2019-02-04 12:10:00",1900,-0.0249999999999986
"2019-02-04 12:11:00",6355,-0.0249999999999986
"2019-02-04 12:12:00",11409,-0.00500000000000256
"2019-02-04 12:13:00",4506,-0.019999999999996
"2019-02-04 12:14:00",3109,-0.00500000000000256
"2019-02-04 12:15:00",4599,0.0200000000000031
"2019-02-04 12:16:00",5067,0
"2019-02-04 12:17:00",5282,0.019999999999996
"2019-02-04 12:18:00",1859,0
"2019-02-04 12:19:00",1300,-0.0249999999999986
"2019-02-04 12:20:00",1600,0.00500000000000256
"2019-02-04 12:21:00",798,0
"2019-02-04 12:22:00",5482,-0.00500000000000256
"2019-02-04 12:23:00",2434,-0.00999999999999801
"2019-02-04 12:24:00",3100,0.00999999999999801
"2019-02-04 12:25:00",2000,0.00999999999999801
"2019-02-04 12:26:00",6105,0.0300000000000011
"2019-02-04 12:27:00",3400,0.0150000000000006
"2019-02-04 12:28:00",1907,-0.00500000000000256
"2019-02-04 12:29:00",5774,-0.0150000000000006
"2019-02-04 12:30:00",2700,0.00500000000000256
"2019-02-04 12:31:00",4977,-0.0150000000000006
"2019-02-04 12:32:00",1562,-0.0152999999999963
"2019-02-04 12:33:00",4051,-0.0337000000000032
"2019-02-04 12:34:00",3475,0.0140000000000029
"2019-02-04 12:35:00",1620,-0.0100000000000051
"2019-02-04 12:36:00",2000,0.0135000000000005
"2019-02-04 12:37:00",4000,0.0165000000000006
"2019-02-04 12:38:00",2291,0
"2019-02-04 12:39:00",2136,0.0300000000000011
"2019-02-04 12:40:00",2660,-0.00500000000000256
"2019-02-04 12:41:00",1800,0.0150000000000006
"2019-02-04 12:42:00",4850,-0.0300000000000011
"2019-02-04 12:43:00",1100,0.0100000000000051
"2019-02-04 12:44:00",4050,-0.0249999999999986
"2019-02-04 12:45:00",5833,0.0149999999999935
"2019-02-04 12:46:00",7100,0.00500000000000256
"2019-02-04 12:47:00",4125,-0.00500000000000256
"2019-02-04 12:48:00",3502,0.0150000000000006
"2019-02-04 12:49:00",1100,0
"2019-02-04 12:50:00",3412,0.0450000000000017
"2019-02-04 12:51:00",7120,-0.0349999999999966
"2019-02-04 12:52:00",11249,-0.00500000000000256
"2019-02-04 12:53:00",9800,0.0249999999999986
"2019-02-04 12:54:00",5293,0
"2019-02-04 12:55:00",4100,-0.00999999999999801
"2019-02-04 12:56:00",2497,0.019999999999996
"2019-02-04 12:57:00",7109,-0.00499999999999545
"2019-02-04 12:58:00",2875,-0.00500000000000256
"2019-02-04 12:59:00",7071,0.0200000000000031
"2019-02-04 13:00:00",2500,0
"2019-02-04 13:01:00",4792,0.00999999999999801
"2019-02-04 13:02:00",3051,0.0165999999999968
"2019-02-04 13:03:00",6854,-0.00659999999999883
"2019-02-04 13:04:00",4793,0.0100000000000051
"2019-02-04 13:05:00",2251,-0.0100000000000051
"2019-02-04 13:06:00",8195,-0.0249999999999986
"2019-02-04 13:07:00",3500,0.00500000000000256
"2019-02-04 13:08:00",3510,0.00669999999999504
"2019-02-04 13:09:00",1414,-0.00169999999999959
"2019-02-04 13:10:00",8077,0.00500000000000256
"2019-02-04 13:11:00",5015,-0.00999999999999801
"2019-02-04 13:12:00",3549,0.00499999999999545
"2019-02-04 13:13:00",3804,0
"2019-02-04 13:14:00",3543,-0.0150000000000006
"2019-02-04 13:15:00",8362,0.0100000000000051
"2019-02-04 13:16:00",6506,-0.00500000000000256
"2019-02-04 13:17:00",2500,0.0150000000000006
"2019-02-04 13:18:00",5548,-0.000199999999999534
"2019-02-04 13:19:00",4854,-0.014800000000001
"2019-02-04 13:20:00",10599,-0.00999999999999801
"2019-02-04 13:21:00",7142,0.00499999999999545
"2019-02-04 13:22:00",10955,0.00370000000000203
"2019-02-04 13:23:00",18966,-0.0186999999999955
"2019-02-04 13:24:00",3057,0.000499999999995282
"2019-02-04 13:25:00",4900,-0.00549999999999784
"2019-02-04 13:26:00",4415,0
"2019-02-04 13:27:00",2700,-0.0249999999999986
"2019-02-04 13:28:00",3601,0.00499999999999545
"2019-02-04 13:29:00",5922,-0.00999999999999801
"2019-02-04 13:30:00",7503,0.0300000000000011
"2019-02-04 13:31:00",3615,-0.0150000000000006
"2019-02-04 13:32:00",4411,0.0349999999999966
"2019-02-04 13:33:00",600,0.0100000000000051
"2019-02-04 13:34:00",7003,0.0150000000000006
"2019-02-04 13:35:00",3325,0.00499999999999545
"2019-02-04 13:36:00",1900,-0.00999999999999801
"2019-02-04 13:37:00",3830,-0.0150000000000006
"2019-02-04 13:38:00",1983,0.00500000000000256
"2019-02-04 13:39:00",4578,0
"2019-02-04 13:40:00",4417,0.0150000000000006
"2019-02-04 13:41:00",5227,0.0249999999999986
"2019-02-04 13:42:00",3956,0
"2019-02-04 13:43:00",2376,-0.00330000000000297
"2019-02-04 13:44:00",4447,-0.00169999999999959
"2019-02-04 13:45:00",4226,-0.00499999999999545
"2019-02-04 13:46:00",2060,-0.00500000000000256
"2019-02-04 13:47:00",5802,0
"2019-02-04 13:48:00",6513,-0.00999999999999801
"2019-02-04 13:49:00",2156,0.0150000000000006
"2019-02-04 13:50:00",21342,0.0499999999999972
"2019-02-04 13:51:00",3832,0.00999999999999801
"2019-02-04 13:52:00",1700,-0.00999999999999801
"2019-02-04 13:53:00",4327,-0.00500000000000256
"2019-02-04 13:54:00",3888,0.0300000000000011
"2019-02-04 13:55:00",4069,-0.0150000000000006
"2019-02-04 13:56:00",2750,0.0300000000000011
"2019-02-04 13:57:00",3792,0.00500000000000256
"2019-02-04 13:58:00",3025,-0.0150000000000006
"2019-02-04 13:59:00",14575,0.0150000000000006
"2019-02-04 14:00:00",10336,-0.0100000000000051
"2019-02-04 14:01:00",7656,0.0100000000000051
"2019-02-04 14:02:00",4626,0.00499999999999545
"2019-02-04 14:03:00",3320,-0.00499999999999545
"2019-02-04 14:04:00",5019,0.00999999999999801
"2019-02-04 14:05:00",6016,-0.0105000000000004
"2019-02-04 14:06:00",1900,0.000500000000002387
"2019-02-04 14:07:00",3600,0.0300000000000011
"2019-02-04 14:08:00",12648,0.0150000000000006
"2019-02-04 14:09:00",2100,-0.0150000000000006
"2019-02-04 14:10:00",2919,-0.00500000000000256
"2019-02-04 14:11:00",4684,-0.0123000000000033
"2019-02-04 14:12:00",6394,0.0023000000000053
"2019-02-04 14:13:00",3366,-0.0100000000000051
"2019-02-04 14:14:00",2233,0.00500000000000256
"2019-02-04 14:15:00",2020,0
"2019-02-04 14:16:00",2606,0.0350000000000037
"2019-02-04 14:17:00",5311,-0.0150000000000006
"2019-02-04 14:18:00",1841,-0.00500000000000256
"2019-02-04 14:19:00",3498,0
"2019-02-04 14:20:00",5530,-0.00500000000000256
"2019-02-04 14:21:00",4655,0.00270000000000437
"2019-02-04 14:22:00",4791,-0.00270000000000437
"2019-02-04 14:23:00",2662,0.0150000000000006
"2019-02-04 14:24:00",4597,-0.00499999999999545
"2019-02-04 14:25:00",4044,0
"2019-02-04 14:26:00",3638,-0.0200000000000031
"2019-02-04 14:27:00",7705,-0.00999999999999801
"2019-02-04 14:28:00",5218,0.00999999999999801
"2019-02-04 14:29:00",2803,0.00500000000000256
"2019-02-04 14:30:00",9516,-0.0250000000000057
"2019-02-04 14:31:00",4829,0.0300000000000011
"2019-02-04 14:32:00",4387,-0.019999999999996
"2019-02-04 14:33:00",4368,-0.00500000000000256
"2019-02-04 14:34:00",6743,-0.00500000000000256
"2019-02-04 14:35:00",3662,0
"2019-02-04 14:36:00",4468,-0.00999999999999801
"2019-02-04 14:37:00",11580,0.0150000000000006
"2019-02-04 14:38:00",2803,0.00500000000000256
"2019-02-04 14:39:00",3755,-0.0117000000000047
"2019-02-04 14:40:00",5721,0.0217000000000027
"2019-02-04 14:41:00",4788,0.0300000000000011
"2019-02-04 14:42:00",5069,-0.00999999999999801
"2019-02-04 14:43:00",16928,-0.0200000000000031
"2019-02-04 14:44:00",7324,0.0150000000000006
"2019-02-04 14:45:00",2866,0.0200000000000031
"2019-02-04 14:46:00",7751,-0.0250000000000057
"2019-02-04 14:47:00",4455,-0.0249999999999986
"2019-02-04 14:48:00",5984,-0.00999999999999801
"2019-02-04 14:49:00",9599,0.00499999999999545
"2019-02-04 14:50:00",13296,-0.00499999999999545
"2019-02-04 14:51:00",6400,0.0150000000000006
"2019-02-04 14:52:00",14167,0.00999999999999801
"2019-02-04 14:53:00",11124,0.00999999999999801
"2019-02-04 14:54:00",15883,0.0150000000000006
"2019-02-04 14:55:00",15322,-0.0150000000000006
"2019-02-04 14:56:00",21667,0.0150000000000006
"2019-02-04 14:57:00",19261,-0.0150000000000006
"2019-02-04 14:58:00",35077,0.0250000000000057
"2019-02-04 14:59:00",40174,0.0499999999999972
"2019-02-04 15:02:00",57876,0.019999999999996
"2019-02-04 15:15:00",0,0
"2019-02-05 08:30:00",119342,0.220000000000006
"2019-02-05 08:31:00",5729,0.0599999999999952
"2019-02-05 08:32:00",17108,-0.0399999999999991
"2019-02-05 08:33:00",4338,-0.00999999999999801
"2019-02-05 08:34:00",10502,-0.00999999999999801
"2019-02-05 08:35:00",6391,0.019999999999996
"2019-02-05 08:36:00",9792,-0.0300000000000011
"2019-02-05 08:37:00",9082,-0.0499999999999972
"2019-02-05 08:38:00",9250,-0.0300000000000011
"2019-02-05 08:39:00",14256,-0.00500000000000256
"2019-02-05 08:40:00",12791,0.00400000000000489
"2019-02-05 08:41:00",16070,0.0109999999999957
"2019-02-05 08:42:00",10527,-0.00999999999999801
"2019-02-05 08:43:00",6658,0.0600000000000023
"2019-02-05 08:44:00",2858,-0.0254000000000048
"2019-02-05 08:45:00",5374,-0.0245999999999995
"2019-02-05 08:46:00",18263,-0.019999999999996
"2019-02-05 08:47:00",6496,-0.0600000000000023
"2019-02-05 08:48:00",4373,0
"2019-02-05 08:49:00",9339,0.0300000000000011
"2019-02-05 08:50:00",6412,0.0300000000000011
"2019-02-05 08:51:00",6090,0
"2019-02-05 08:52:00",2399,0.0300000000000011
"2019-02-05 08:53:00",9886,0
"2019-02-05 08:54:00",5418,0.00999999999999801
"2019-02-05 08:55:00",6335,0.00999999999999801
"2019-02-05 08:56:00",8639,0.0200000000000031
"2019-02-05 08:57:00",14561,0.00750000000000028
"2019-02-05 08:58:00",8412,0.00750000000000028
"2019-02-05 08:59:00",12819,0.00499999999999545
"2019-02-05 09:00:00",8611,0
"2019-02-05 09:01:00",2200,0.0200000000000031
"2019-02-05 09:02:00",8648,-0.0300000000000011
"2019-02-05 09:03:00",9437,-0.019999999999996
"2019-02-05 09:04:00",4417,-0.0200000000000031
"2019-02-05 09:05:00",1889,-0.026600000000002
"2019-02-05 09:06:00",3966,0.0466000000000051
"2019-02-05 09:07:00",4163,0.019999999999996
"2019-02-05 09:08:00",3050,0.0300000000000011
"2019-02-05 09:09:00",2910,-0.0300000000000011
"2019-02-05 09:10:00",3692,0.00999999999999801
"2019-02-05 09:11:00",19046,-0.019999999999996
"2019-02-05 09:12:00",19113,-0.0350000000000037
"2019-02-05 09:13:00",2644,0.0150000000000006
"2019-02-05 09:14:00",6015,0
"2019-02-05 09:15:00",2800,0.0100000000000051
"2019-02-05 09:16:00",3911,-0.00500000000000256
"2019-02-05 09:17:00",7561,0.0450000000000017
"2019-02-05 09:18:00",5830,0.00999999999999801
"2019-02-05 09:19:00",9864,-0.00999999999999801
"2019-02-05 09:20:00",4033,0.00499999999999545
"2019-02-05 09:21:00",5292,-0.0449999999999946
"2019-02-05 09:22:00",5679,0.00499999999999545
"2019-02-05 09:23:00",5672,-0.00499999999999545
"2019-02-05 09:24:00",9737,-0.0500000000000043
"2019-02-05 09:25:00",3274,0.0300000000000011
"2019-02-05 09:26:00",5067,-0.00999999999999801
"2019-02-05 09:27:00",2182,0
"2019-02-05 09:28:00",3555,-0.0100000000000051
"2019-02-05 09:29:00",17499,0.000199999999999534
"2019-02-05 09:30:00",5046,0.0298000000000016
"2019-02-05 09:31:00",3492,0.0500000000000043
"2019-02-05 09:32:00",5290,0.0449999999999946
"2019-02-05 09:33:00",6147,-0.0249999999999986
"2019-02-05 09:34:00",4577,0.00140000000000384
"2019-02-05 09:35:00",6594,0.0385999999999953
"2019-02-05 09:36:00",3323,0.0399999999999991
"2019-02-05 09:37:00",2943,-0.029999999999994
"2019-02-05 09:38:00",4917,-0.0450000000000017
"2019-02-05 09:39:00",2633,0.0249999999999986
"2019-02-05 09:40:00",2220,0.00999999999999801
"2019-02-05 09:41:00",6727,-0.00499999999999545
"2019-02-05 09:42:00",4041,0.0249999999999986
"2019-02-05 09:43:00",7053,0.0349999999999966
"2019-02-05 09:44:00",9900,-0.00499999999999545
"2019-02-05 09:45:00",22386,0
"2019-02-05 09:46:00",3944,-0.0150000000000006
"2019-02-05 09:47:00",2544,0.00999999999999801
"2019-02-05 09:48:00",9467,-0.019999999999996
"2019-02-05 09:49:00",2088,0.0149999999999935
"2019-02-05 09:50:00",9733,0.00500000000000256
"2019-02-05 09:51:00",5239,-0.00500000000000256
"2019-02-05 09:52:00",5135,0.0150000000000006
"2019-02-05 09:53:00",7238,0.0128000000000057
"2019-02-05 09:54:00",5041,-0.0178000000000011
"2019-02-05 09:55:00",2765,0.019999999999996
"2019-02-05 09:56:00",5825,0.0200000000000031
"2019-02-05 09:57:00",7933,0
"2019-02-05 09:58:00",7037,-0.00999999999999801
"2019-02-05 09:59:00",12059,-0.0200000000000031
"2019-02-05 10:00:00",10222,-0.0150000000000006
"2019-02-05 10:01:00",10317,-0.0150000000000006
"2019-02-05 10:02:00",13246,-0.0349999999999966
"2019-02-05 10:03:00",19963,0.00499999999999545
"2019-02-05 10:04:00",5855,0.0250000000000057
"2019-02-05 10:05:00",3335,0.029999999999994
"2019-02-05 10:06:00",4625,-0.0249999999999986
"2019-02-05 10:07:00",5167,0
"2019-02-05 10:08:00",4025,-0.00499999999999545
"2019-02-05 10:09:00",10116,-0.0650000000000048
"2019-02-05 10:10:00",5932,-0.0198999999999998
"2019-02-05 10:11:00",6707,-0.0300999999999974
"2019-02-05 10:12:00",6841,-0.0200000000000031
"2019-02-05 10:13:00",4406,-0.0249999999999986
"2019-02-05 10:14:00",4566,-0.00999999999999801
"2019-02-05 10:15:00",11685,0.0249999999999986
"2019-02-05 10:16:00",9127,0.0300000000000011
"2019-02-05 10:17:00",13714,0.0399999999999991
"2019-02-05 10:18:00",4969,-0.0200000000000031
"2019-02-05 10:19:00",21095,0.0549999999999997
"2019-02-05 10:20:00",14635,-0.0482999999999976
"2019-02-05 10:21:00",13166,0.00330000000000297
"2019-02-05 10:22:00",7120,0.0150000000000006
"2019-02-05 10:23:00",7301,-0.00500000000000256
"2019-02-05 10:24:00",17944,0
"2019-02-05 10:25:00",16980,-0.00999999999999801
"2019-02-05 10:26:00",15376,-0.0300000000000011
"2019-02-05 10:27:00",9324,0.019999999999996
"2019-02-05 10:28:00",33344,0.0300000000000011
"2019-02-05 10:29:00",8273,-0.0399999999999991
"2019-02-05 10:30:00",8973,0
"2019-02-05 10:31:00",47897,-0.00500000000000256
"2019-02-05 10:32:00",35481,-0.0149999999999935
"2019-02-05 10:33:00",13424,0.0249999999999986
"2019-02-05 10:34:00",29662,-0.00500000000000256
"2019-02-05 10:35:00",12204,0.0300000000000011
"2019-02-05 10:36:00",13350,0.0330000000000013
"2019-02-05 10:37:00",2800,0.00199999999999534
"2019-02-05 10:38:00",5482,-0.00499999999999545
"2019-02-05 10:39:00",4688,-0.0249999999999986
"2019-02-05 10:40:00",8530,-0.00500000000000256
"2019-02-05 10:41:00",3048,0.00999999999999801
"2019-02-05 10:42:00",3298,-0.00499999999999545
"2019-02-05 10:43:00",5046,0.0149999999999935
"2019-02-05 10:44:00",3186,-0.0249999999999986
"2019-02-05 10:45:00",2465,-0.00999999999999801
"2019-02-05 10:46:00",2958,-0.0150000000000006
"2019-02-05 10:47:00",6544,-0.00500000000000256
"2019-02-05 10:48:00",3589,-0.00499999999999545
"2019-02-05 10:49:00",4298,0.00999999999999801
"2019-02-05 10:50:00",15119,0.0200000000000031
"2019-02-05 10:51:00",3674,0
"2019-02-05 10:52:00",3021,0.00499999999999545
"2019-02-05 10:53:00",5223,-0.0150000000000006
"2019-02-05 10:54:00",8400,0.0100000000000051
"2019-02-05 10:55:00",3990,-0.00500000000000256
"2019-02-05 10:56:00",5945,0
"2019-02-05 10:57:00",4790,0.00999999999999801
"2019-02-05 10:58:00",8702,0.0249999999999986
"2019-02-05 10:59:00",3053,0.0100000000000051
"2019-02-05 11:00:00",23274,-0.0298000000000016
"2019-02-05 11:01:00",3100,-0.00520000000000209
"2019-02-05 11:02:00",5020,0.0150000000000006
"2019-02-05 11:03:00",2961,-0.00999999999999801
"2019-02-05 11:04:00",15200,0.00999999999999801
"2019-02-05 11:05:00",2416,-0.00999999999999801
"2019-02-05 11:06:00",2200,0.0150000000000006
"2019-02-05 11:07:00",2129,-0.0150000000000006
"2019-02-05 11:08:00",2924,0.0150000000000006
"2019-02-05 11:09:00",1212,-0.0150000000000006
"2019-02-05 11:10:00",2433,-0.0399999999999991
"2019-02-05 11:11:00",8175,0
"2019-02-05 11:12:00",1070,0
"2019-02-05 11:13:00",2400,0.00499999999999545
"2019-02-05 11:14:00",4974,0.0210000000000008
"2019-02-05 11:15:00",1674,-0.000999999999997669
"2019-02-05 11:16:00",2810,-0.0150000000000006
"2019-02-05 11:17:00",2266,0
"2019-02-05 11:18:00",4819,0
"2019-02-05 11:19:00",3964,-0.019999999999996
"2019-02-05 11:20:00",3094,-0.0200000000000031
"2019-02-05 11:21:00",1981,0.00809999999999889
"2019-02-05 11:22:00",698,0.0119000000000042
"2019-02-05 11:23:00",2953,0
"2019-02-05 11:24:00",1826,-0.0200000000000031
"2019-02-05 11:25:00",4800,0.00659999999999883
"2019-02-05 11:26:00",2744,-0.00159999999999627
"2019-02-05 11:27:00",9937,0.00499999999999545
"2019-02-05 11:28:00",3063,0.0500000000000043
"2019-02-05 11:29:00",2413,0
"2019-02-05 11:30:00",2664,-0.0350000000000037
"2019-02-05 11:31:00",4219,-0.019999999999996
"2019-02-05 11:32:00",3520,0.0249999999999986
"2019-02-05 11:33:00",2812,0
"2019-02-05 11:34:00",2603,0.00999999999999801
"2019-02-05 11:35:00",1478,0.00500000000000256
"2019-02-05 11:36:00",2659,0.00499999999999545
"2019-02-05 11:37:00",1715,0
"2019-02-05 11:38:00",2700,-0.0399999999999991
"2019-02-05 11:39:00",2031,0.0100000000000051
"2019-02-05 11:40:00",2100,0.00999999999999801
"2019-02-05 11:41:00",4074,0
"2019-02-05 11:42:00",4496,-0.00999999999999801
"2019-02-05 11:43:00",4359,0.019999999999996
"2019-02-05 11:44:00",6984,-0.0300000000000011
"2019-02-05 11:45:00",6115,-0.00999999999999801
"2019-02-05 11:46:00",2543,0.0200000000000031
"2019-02-05 11:47:00",2453,0
"2019-02-05 11:48:00",1292,-0.0200000000000031
"2019-02-05 11:49:00",5025,0.00999999999999801
"2019-02-05 11:50:00",1600,0.0100000000000051
"2019-02-05 11:51:00",1300,0.00499999999999545
"2019-02-05 11:52:00",2610,-0.00499999999999545
"2019-02-05 11:53:00",5700,0.019999999999996
"2019-02-05 11:54:00",3900,-0.0300000000000011
"2019-02-05 11:55:00",2409,-0.0011999999999972
"2019-02-05 11:56:00",3247,-0.00880000000000081
"2019-02-05 11:57:00",3299,0
"2019-02-05 11:58:00",4590,-0.00999999999999801
"2019-02-05 11:59:00",11355,0.019999999999996
"2019-02-05 12:00:00",3502,0.0272000000000006
"2019-02-05 12:01:00",4907,-0.0272000000000006
"2019-02-05 12:02:00",3074,0.0200000000000031
"2019-02-05 12:03:00",3244,-0.00999999999999801
"2019-02-05 12:04:00",7215,-0.0150000000000006
"2019-02-05 12:05:00",2720,-0.0100000000000051
"2019-02-05 12:06:00",3760,-0.0150000000000006
"2019-02-05 12:07:00",4399,-0.00999999999999801
"2019-02-05 12:08:00",3995,0.00500000000000256
"2019-02-05 12:09:00",2062,-0.00500000000000256
"2019-02-05 12:10:00",3500,0.00500000000000256
"2019-02-05 12:11:00",4226,0.0150000000000006
"2019-02-05 12:12:00",6967,0.019999999999996
"2019-02-05 12:13:00",2798,0
"2019-02-05 12:14:00",4540,-0.00999999999999801
"2019-02-05 12:15:00",9204,0
"2019-02-05 12:16:00",2133,-0.0200999999999993
"2019-02-05 12:17:00",2510,-0.0249000000000024
"2019-02-05 12:18:00",3200,0.0150000000000006
"2019-02-05 12:19:00",2437,0.00500000000000256
"2019-02-05 12:20:00",3612,0.00999999999999801
"2019-02-05 12:21:00",25317,0.0399999999999991
"2019-02-05 12:22:00",2018,0.00999999999999801
"2019-02-05 12:23:00",1400,0.00340000000000629
"2019-02-05 12:24:00",1809,0.00159999999999627
"2019-02-05 12:25:00",1200,0.00500000000000256
"2019-02-05 12:26:00",1608,-0.0100000000000051
"2019-02-05 12:27:00",2736,0.00500000000000256
"2019-02-05 12:28:00",1720,0.0249999999999986
"2019-02-05 12:29:00",7207,0.0249999999999986
"2019-02-05 12:30:00",1833,-0.029999999999994
"2019-02-05 12:31:00",2199,-0.0200000000000031
"2019-02-05 12:32:00",1982,0.0285000000000011
"2019-02-05 12:33:00",3000,-0.00849999999999795
"2019-02-05 12:34:00",1193,-0.00500000000000256
"2019-02-05 12:35:00",1838,-0.00999999999999801
"2019-02-05 12:36:00",2028,-0.00500000000000256
"2019-02-05 12:37:00",674,0.00500000000000256
"2019-02-05 12:38:00",3393,-0.00500000000000256
"2019-02-05 12:39:00",7311,0.0178999999999974
"2019-02-05 12:40:00",2333,0.00210000000000576
"2019-02-05 12:41:00",5000,0
"2019-02-05 12:42:00",1937,0
"2019-02-05 12:43:00",5110,-0.0100000000000051
"2019-02-05 12:44:00",1350,-0.00999999999999801
"2019-02-05 12:45:00",1428,0
"2019-02-05 12:46:00",3326,0
"2019-02-05 12:47:00",1222,0.00500000000000256
"2019-02-05 12:48:00",2400,0.00999999999999801
"2019-02-05 12:49:00",3200,0.0150000000000006
"2019-02-05 12:50:00",11217,0.00999999999999801
"2019-02-05 12:51:00",5788,0.00999999999999801
"2019-02-05 12:52:00",4316,0
"2019-02-05 12:53:00",4774,-0.019999999999996
"2019-02-05 12:54:00",500,-0.000999999999997669
"2019-02-05 12:55:00",2100,-0.00900000000000034
"2019-02-05 12:56:00",3433,0.00999999999999801
"2019-02-05 12:57:00",3152,0.0161999999999978
"2019-02-05 12:58:00",8007,0.00379999999999825
"2019-02-05 12:59:00",3345,0.00500000000000256
"2019-02-05 13:00:00",3880,0.0150000000000006
"2019-02-05 13:01:00",3212,0.0150000000000006
"2019-02-05 13:02:00",5530,0.0300000000000011
"2019-02-05 13:03:00",4844,0.00999999999999801
"2019-02-05 13:04:00",6190,-0.0150000000000006
"2019-02-05 13:05:00",7801,-0.00679999999999836
"2019-02-05 13:06:00",4131,-0.00319999999999965
"2019-02-05 13:07:00",7128,0.019999999999996
"2019-02-05 13:08:00",2500,0
"2019-02-05 13:09:00",13962,0.0150000000000006
"2019-02-05 13:10:00",4024,-0.019999999999996
"2019-02-05 13:11:00",5731,-0.0200000000000031
"2019-02-05 13:12:00",6080,0.0249999999999986
"2019-02-05 13:13:00",2101,0.0200000000000031
"2019-02-05 13:14:00",5358,0.0200000000000031
"2019-02-05 13:15:00",4445,-0.0100000000000051
"2019-02-05 13:16:00",3303,-0.019999999999996
"2019-02-05 13:17:00",1779,-0.0100000000000051
"2019-02-05 13:18:00",2298,0.0100000000000051
"2019-02-05 13:19:00",1300,-0.00500000000000256
"2019-02-05 13:20:00",600,0
"2019-02-05 13:21:00",3978,-0.00999999999999801
"2019-02-05 13:22:00",5763,0.019999999999996
"2019-02-05 13:23:00",2179,-0.0150000000000006
"2019-02-05 13:24:00",5456,-0.029999999999994
"2019-02-05 13:25:00",7139,0
"2019-02-05 13:26:00",894,-0.00500000000000256
"2019-02-05 13:27:00",5091,0.00500000000000256
"2019-02-05 13:28:00",3588,-0.025500000000001
"2019-02-05 13:29:00",2188,0.000499999999995282
"2019-02-05 13:30:00",3131,0.0150000000000006
"2019-02-05 13:31:00",5389,0
"2019-02-05 13:32:00",2820,-0.019999999999996
"2019-02-05 13:33:00",1995,0
"2019-02-05 13:34:00",3788,-0.0100000000000051
"2019-02-05 13:35:00",2931,0.00500000000000256
"2019-02-05 13:36:00",684,0
"2019-02-05 13:37:00",1100,0.00500000000000256
"2019-02-05 13:38:00",3394,0.0150000000000006
"2019-02-05 13:39:00",4109,0.00499999999999545
"2019-02-05 13:40:00",6119,-0.0249999999999986
"2019-02-05 13:41:00",3118,0.0249999999999986
"2019-02-05 13:42:00",8675,-0.019999999999996
"2019-02-05 13:43:00",2476,0.00499999999999545
"2019-02-05 13:44:00",2382,0.0200000000000031
"2019-02-05 13:45:00",4989,0.0150000000000006
"2019-02-05 13:46:00",1200,0.00500000000000256
"2019-02-05 13:47:00",3810,0.00999999999999801
"2019-02-05 13:48:00",4340,-0.0200000000000031
"2019-02-05 13:49:00",3983,-0.00499999999999545
"2019-02-05 13:50:00",4650,-0.0290000000000035
"2019-02-05 13:51:00",4172,-0.0309999999999988
"2019-02-05 13:52:00",6176,0.019999999999996
"2019-02-05 13:53:00",2689,-0.00499999999999545
"2019-02-05 13:54:00",1474,0.00499999999999545
"2019-02-05 13:55:00",2547,0
"2019-02-05 13:56:00",6722,0.0134000000000043
"2019-02-05 13:57:00",6072,-0.00670000000000215
"2019-02-05 13:58:00",3100,-0.00999999999999801
"2019-02-05 13:59:00",8215,-0.0317000000000007
"2019-02-05 14:00:00",2271,-0.00500000000000256
"2019-02-05 14:01:00",4440,0
"2019-02-05 14:02:00",3751,-0.00499999999999545
"2019-02-05 14:03:00",3351,-0.0100000000000051
"2019-02-05 14:04:00",4258,-0.00499999999999545
"2019-02-05 14:05:00",11240,0
"2019-02-05 14:06:00",6485,0
"2019-02-05 14:07:00",1700,-0.0200000000000031
"2019-02-05 14:08:00",4575,0.0100000000000051
"2019-02-05 14:09:00",10000,0.0141999999999953
"2019-02-05 14:10:00",2314,-0.00919999999999987
"2019-02-05 14:11:00",1669,0
"2019-02-05 14:12:00",10146,0.00440000000000396
"2019-02-05 14:13:00",5222,-0.00440000000000396
"2019-02-05 14:14:00",800,-0.00829999999999842
"2019-02-05 14:15:00",5965,-0.0367000000000033
"2019-02-05 14:16:00",9087,0.0200000000000031
"2019-02-05 14:17:00",3602,0.0262000000000029
"2019-02-05 14:18:00",2492,0.0087999999999937
"2019-02-05 14:19:00",4336,0.0250000000000057
"2019-02-05 14:20:00",31969,-0.0273000000000039
"2019-02-05 14:21:00",15393,-0.0126999999999953
"2019-02-05 14:22:00",8500,-0.0100000000000051
"2019-02-05 14:23:00",5817,0.00500000000000256
"2019-02-05 14:24:00",3894,-0.00999999999999801
"2019-02-05 14:25:00",8090,0.029999999999994
"2019-02-05 14:26:00",3251,-0.00999999999999801
"2019-02-05 14:27:00",6247,-0.00499999999999545
"2019-02-05 14:28:00",1545,-0.0100000000000051
"2019-02-05 14:29:00",4180,0.00500000000000256
"2019-02-05 14:30:00",5400,-0.00200000000000244
"2019-02-05 14:31:00",7811,-0.0129999999999981
"2019-02-05 14:32:00",12635,0.0200000000000031
"2019-02-05 14:33:00",5469,-0.00500000000000256
"2019-02-05 14:34:00",4373,-0.00500000000000256
"2019-02-05 14:35:00",5929,0.0150000000000006
"2019-02-05 14:36:00",25408,0.0150000000000006
"2019-02-05 14:37:00",4114,-0.00500000000000256
"2019-02-05 14:38:00",15510,0.0249000000000024
"2019-02-05 14:39:00",5305,-0.0137
"2019-02-05 14:40:00",5163,0.0138000000000034
"2019-02-05 14:41:00",4038,0
"2019-02-05 14:42:00",5673,-0.0350000000000037
"2019-02-05 14:43:00",5455,-0.0150000000000006
"2019-02-05 14:44:00",9980,0.0200000000000031
"2019-02-05 14:45:00",10747,0
"2019-02-05 14:46:00",9419,-0.00999999999999801
"2019-02-05 14:47:00",5571,-0.0100000000000051
"2019-02-05 14:48:00",4939,0.00500000000000256
"2019-02-05 14:49:00",8653,0.0150000000000006
"2019-02-05 14:50:00",10428,-0.00999999999999801
"2019-02-05 14:51:00",10492,0
"2019-02-05 14:52:00",9225,0
"2019-02-05 14:53:00",10222,0.0135999999999967
"2019-02-05 14:54:00",12058,0.0163999999999973
"2019-02-05 14:55:00",10231,-0.00499999999999545
"2019-02-05 14:56:00",11472,-0.0150000000000006
"2019-02-05 14:57:00",17515,0.0249999999999986
"2019-02-05 14:58:00",21999,0.0249999999999986
"2019-02-05 14:59:00",41419,-0.0300000000000011
"2019-02-05 15:02:00",43955,0.0600000000000023
"2019-02-05 15:15:00",0,0
"2019-02-06 08:30:00",81469,-0.299999999999997
"2019-02-06 08:31:00",10450,-0.0399999999999991
"2019-02-06 08:32:00",17172,0.00999999999999801
"2019-02-06 08:33:00",9020,0.0499999999999972
"2019-02-06 08:34:00",24391,0.00999999999999801
"2019-02-06 08:35:00",9980,-0.0399999999999991
"2019-02-06 08:36:00",18676,-0.0399999999999991
"2019-02-06 08:37:00",13455,-0.00999999999999801
"2019-02-06 08:38:00",10724,-0.0399999999999991
"2019-02-06 08:39:00",19706,-0.0399999999999991
"2019-02-06 08:40:00",11510,0.0599999999999952
"2019-02-06 08:41:00",11733,0.0400000000000063
"2019-02-06 08:42:00",16662,0.0649999999999977
"2019-02-06 08:43:00",11254,0.0450000000000017
"2019-02-06 08:44:00",16759,0.00999999999999801
"2019-02-06 08:45:00",11550,0.0300000000000011
"2019-02-06 08:46:00",21340,0.019999999999996
"2019-02-06 08:47:00",17587,-0.0599999999999952
"2019-02-06 08:48:00",4984,0.0499999999999972
"2019-02-06 08:49:00",20732,-0.0200000000000031
"2019-02-06 08:50:00",13513,0
"2019-02-06 08:51:00",9902,0.0140000000000029
"2019-02-06 08:52:00",9500,-0.0240000000000009
"2019-02-06 08:53:00",10886,0.0200000000000031
"2019-02-06 08:54:00",26372,-0.0100000000000051
"2019-02-06 08:55:00",14343,0.0150000000000006
"2019-02-06 08:56:00",27428,0.0450000000000017
"2019-02-06 08:57:00",5759,-0.0300000000000011
"2019-02-06 08:58:00",12626,-0.0399999999999991
"2019-02-06 08:59:00",6052,-0.00999999999999801
"2019-02-06 09:00:00",22120,-0.0200000000000031
"2019-02-06 09:01:00",5795,0.0100000000000051
"2019-02-06 09:02:00",8366,0
"2019-02-06 09:03:00",12082,0.00999999999999801
"2019-02-06 09:04:00",11903,0.0150000000000006
"2019-02-06 09:05:00",15407,-0.00500000000000256
"2019-02-06 09:06:00",9482,0.00999999999999801
"2019-02-06 09:07:00",9327,-0.00999999999999801
"2019-02-06 09:08:00",5877,-0.0700000000000003
"2019-02-06 09:09:00",8916,-0.019999999999996
"2019-02-06 09:10:00",13568,-0.0300000000000011
"2019-02-06 09:11:00",5547,0.00999999999999801
"2019-02-06 09:12:00",8019,-0.019999999999996
"2019-02-06 09:13:00",5638,0.0198999999999998
"2019-02-06 09:14:00",4009,-0.0299000000000049
"2019-02-06 09:15:00",12244,-0.0300000000000011
"2019-02-06 09:16:00",7237,0.0600000000000023
"2019-02-06 09:17:00",20063,-0.00999999999999801
"2019-02-06 09:18:00",12402,0.00999999999999801
"2019-02-06 09:19:00",9676,0.00999999999999801
"2019-02-06 09:20:00",11641,-0.029999999999994
"2019-02-06 09:21:00",3879,-0.0100000000000051
"2019-02-06 09:22:00",3142,0.0100000000000051
"2019-02-06 09:23:00",6734,0.029999999999994
"2019-02-06 09:24:00",11165,0.0500000000000043
"2019-02-06 09:25:00",10030,0.0249999999999986
"2019-02-06 09:26:00",4324,0.0249999999999986
"2019-02-06 09:27:00",7032,-0.0499999999999972
"2019-02-06 09:28:00",2382,-0.0300000000000011
"2019-02-06 09:29:00",10849,0.0549999999999997
"2019-02-06 09:30:00",11996,-0.0150000000000006
"2019-02-06 09:31:00",8197,0.0200000000000031
"2019-02-06 09:32:00",24950,0.0399999999999991
"2019-02-06 09:33:00",8104,0
"2019-02-06 09:34:00",4568,0.0399999999999991
"2019-02-06 09:35:00",7915,0.0499999999999972
"2019-02-06 09:36:00",15190,-0.0249999999999986
"2019-02-06 09:37:00",6268,-0.0150000000000006
"2019-02-06 09:38:00",2415,0.0500000000000043
"2019-02-06 09:39:00",4798,-0.0200000000000031
"2019-02-06 09:40:00",8921,0.0300000000000011
"2019-02-06 09:41:00",4577,-0.0600000000000023
"2019-02-06 09:42:00",7845,0.0506999999999991
"2019-02-06 09:43:00",6781,0.0193000000000012
"2019-02-06 09:44:00",14432,-0.0249999999999986
"2019-02-06 09:45:00",5167,0.0349999999999966
"2019-02-06 09:46:00",11774,-0.00499999999999545
"2019-02-06 09:47:00",9564,0.0399999999999991
"2019-02-06 09:48:00",9688,0.0150000000000006
"2019-02-06 09:49:00",22859,-0.0100000000000051
"2019-02-06 09:50:00",12844,-0.0599999999999952
"2019-02-06 09:51:00",13394,0.0399999999999991
"2019-02-06 09:52:00",6569,0.0399999999999991
"2019-02-06 09:53:00",16999,0.0700000000000003
"2019-02-06 09:54:00",14723,0
"2019-02-06 09:55:00",15987,-0.00999999999999801
"2019-02-06 09:56:00",3700,0.019999999999996
"2019-02-06 09:57:00",19123,-0.0300000000000011
"2019-02-06 09:58:00",6430,0.0300000000000011
"2019-02-06 09:59:00",3399,-0.0229999999999961
"2019-02-06 10:00:00",11006,-0.00430000000000064
"2019-02-06 10:01:00",10252,-0.0227000000000004
"2019-02-06 10:02:00",4337,-0.0300000000000011
"2019-02-06 10:03:00",7172,0.0450000000000017
"2019-02-06 10:04:00",2131,0.0150000000000006
"2019-02-06 10:05:00",3400,0.0300000000000011
"2019-02-06 10:06:00",11099,0
"2019-02-06 10:07:00",16302,0
"2019-02-06 10:08:00",8564,0.019999999999996
"2019-02-06 10:09:00",5991,-0.0390000000000015
"2019-02-06 10:10:00",7155,0.00900000000000034
"2019-02-06 10:11:00",3571,-0.0399999999999991
"2019-02-06 10:12:00",3254,-0.0399999999999991
"2019-02-06 10:13:00",3716,0
"2019-02-06 10:14:00",7976,0.00379999999999825
"2019-02-06 10:15:00",7000,0.00619999999999976
"2019-02-06 10:16:00",3013,0
"2019-02-06 10:17:00",4109,0.0200000000000031
"2019-02-06 10:18:00",2294,-0.0150000000000006
"2019-02-06 10:19:00",3437,-0.0249999999999986
"2019-02-06 10:20:00",2094,0.0280999999999949
"2019-02-06 10:21:00",16490,0.00190000000000623
"2019-02-06 10:22:00",5200,0.029999999999994
"2019-02-06 10:23:00",2823,-0.0100999999999942
"2019-02-06 10:24:00",12063,-0.0352999999999994
"2019-02-06 10:25:00",2810,-0.00960000000000605
"2019-02-06 10:26:00",3837,-0.00499999999999545
"2019-02-06 10:27:00",1914,0.00999999999999801
"2019-02-06 10:28:00",5869,0
"2019-02-06 10:29:00",7728,0.0200000000000031
"2019-02-06 10:30:00",26051,0.00999999999999801
"2019-02-06 10:31:00",9974,-0.0200000000000031
"2019-02-06 10:32:00",7469,-0.019999999999996
"2019-02-06 10:33:00",7200,-0.0150000000000006
"2019-02-06 10:34:00",14131,-0.0350000000000037
"2019-02-06 10:35:00",9492,-0.0268999999999977
"2019-02-06 10:36:00",3410,0.0268999999999977
"2019-02-06 10:37:00",9871,0.0600000000000023
"2019-02-06 10:38:00",4900,0.0200000000000031
"2019-02-06 10:39:00",5900,0.019999999999996
"2019-02-06 10:40:00",4875,0.0200000000000031
"2019-02-06 10:41:00",2738,-0.0200000000000031
"2019-02-06 10:42:00",3588,0.0150000000000006
"2019-02-06 10:43:00",4294,-0.00500000000000256
"2019-02-06 10:44:00",3924,0.0100000000000051
"2019-02-06 10:45:00",4111,-0.0300000000000011
"2019-02-06 10:46:00",4785,-0.00999999999999801
"2019-02-06 10:47:00",2352,0.0249999999999986
"2019-02-06 10:48:00",4924,-0.0150000000000006
"2019-02-06 10:49:00",2249,-0.0200000000000031
"2019-02-06 10:50:00",2514,-0.00999999999999801
"2019-02-06 10:51:00",800,0.00500000000000256
"2019-02-06 10:52:00",5949,-0.0399999999999991
"2019-02-06 10:53:00",5700,-0.00490000000000634
"2019-02-06 10:54:00",5247,-9.99999999962142e-05
"2019-02-06 10:55:00",6915,0.00999999999999801
"2019-02-06 10:56:00",1227,0.00999999999999801
"2019-02-06 10:57:00",3240,0.00500000000000256
"2019-02-06 10:58:00",1100,0.0450000000000017
"2019-02-06 10:59:00",3925,-0.0150000000000006
"2019-02-06 11:00:00",6626,-0.00500000000000256
"2019-02-06 11:01:00",2820,0
"2019-02-06 11:02:00",10000,0.0118000000000009
"2019-02-06 11:03:00",6112,0.0232000000000028
"2019-02-06 11:04:00",800,0.00999999999999801
"2019-02-06 11:05:00",6450,0.0300000000000011
"2019-02-06 11:06:00",2955,-0.0208999999999975
"2019-02-06 11:07:00",5577,-0.0141000000000062
"2019-02-06 11:08:00",2808,0.00380000000000535
"2019-02-06 11:09:00",12038,-0.0337999999999994
"2019-02-06 11:10:00",1300,-0.0300000000000011
"2019-02-06 11:11:00",2016,0
"2019-02-06 11:12:00",4683,0.00999999999999801
"2019-02-06 11:13:00",2372,0.0499999999999972
"2019-02-06 11:14:00",1671,0.0200000000000031
"2019-02-06 11:15:00",2100,0
"2019-02-06 11:16:00",2797,0.0200000000000031
"2019-02-06 11:17:00",2673,-0.0100000000000051
"2019-02-06 11:18:00",1500,-0.00499999999999545
"2019-02-06 11:19:00",2210,0.0249999999999986
"2019-02-06 11:20:00",3021,0.019999999999996
"2019-02-06 11:21:00",5300,0
"2019-02-06 11:22:00",3966,-0.00999999999999801
"2019-02-06 11:23:00",8826,0.00500000000000256
"2019-02-06 11:24:00",1256,-0.00500000000000256
"2019-02-06 11:25:00",1200,0
"2019-02-06 11:26:00",3083,0
"2019-02-06 11:27:00",5801,0.0151000000000039
"2019-02-06 11:28:00",2311,-0.0151000000000039
"2019-02-06 11:29:00",2144,-0.019999999999996
"2019-02-06 11:30:00",8442,0.029999999999994
"2019-02-06 11:31:00",4533,-0.00989999999999469
"2019-02-06 11:32:00",1400,0.00489999999999924
"2019-02-06 11:33:00",3545,0.0099000000000018
"2019-02-06 11:34:00",3403,-0.00490000000000634
"2019-02-06 11:35:00",551,0.00250000000000483
"2019-02-06 11:36:00",4670,0.000499999999995282
"2019-02-06 11:37:00",13904,0.007000000000005
"2019-02-06 11:38:00",6638,0.019999999999996
"2019-02-06 11:39:00",4166,0.0300000000000011
"2019-02-06 11:40:00",1714,-0.00999999999999801
"2019-02-06 11:41:00",1683,-0.00999999999999801
"2019-02-06 11:42:00",3522,0
"2019-02-06 11:43:00",2058,0.00999999999999801
"2019-02-06 11:44:00",3264,0
"2019-02-06 11:45:00",1827,-0.00999999999999801
"2019-02-06 11:46:00",1160,-0.00380000000000535
"2019-02-06 11:47:00",2100,0.00370000000000203
"2019-02-06 11:48:00",2901,-0.0099000000000018
"2019-02-06 11:49:00",3026,0.00500000000000256
"2019-02-06 11:50:00",3690,0.0150000000000006
"2019-02-06 11:51:00",1652,-0.0183000000000035
"2019-02-06 11:52:00",2350,-0.0034999999999954
"2019-02-06 11:53:00",2750,-0.000700000000001921
"2019-02-06 11:54:00",2237,0.00249999999999773
"2019-02-06 11:55:00",150,0.00480000000000302
"2019-02-06 11:56:00",3281,0.00150000000000006
"2019-02-06 11:57:00",3798,0.000799999999998136
"2019-02-06 11:58:00",2942,-0.00710000000000122
"2019-02-06 11:59:00",1700,-0.00999999999999801
"2019-02-06 12:00:00",5613,0.00999999999999801
"2019-02-06 12:01:00",3194,-0.019999999999996
"2019-02-06 12:02:00",3339,-0.0150000000000006
"2019-02-06 12:03:00",2100,-0.00500000000000256
"2019-02-06 12:04:00",3620,0.00500000000000256
"2019-02-06 12:05:00",3370,0.0150000000000006
"2019-02-06 12:06:00",2095,0.00499999999999545
"2019-02-06 12:07:00",6568,-0.0150000000000006
"2019-02-06 12:08:00",800,0
"2019-02-06 12:09:00",3538,0.0100000000000051
"2019-02-06 12:10:00",2716,0
"2019-02-06 12:11:00",2962,0.00999999999999801
"2019-02-06 12:12:00",1182,-0.00300000000000011
"2019-02-06 12:13:00",5000,-0.017000000000003
"2019-02-06 12:14:00",2425,-0.0249999999999986
"2019-02-06 12:15:00",4441,0.0149000000000044
"2019-02-06 12:16:00",1700,0.0100999999999942
"2019-02-06 12:17:00",3223,0.00500000000000256
"2019-02-06 12:18:00",9558,0.00999999999999801
"2019-02-06 12:19:00",6600,0.0150000000000006
"2019-02-06 12:20:00",3542,-0.00999999999999801
"2019-02-06 12:21:00",600,0
"2019-02-06 12:22:00",3522,-0.0300000000000011
"2019-02-06 12:23:00",5825,0.00999999999999801
"2019-02-06 12:24:00",2500,0.0100000000000051
"2019-02-06 12:25:00",3123,-0.0200000000000031
"2019-02-06 12:26:00",1369,0
"2019-02-06 12:27:00",1696,-0.019999999999996
"2019-02-06 12:28:00",200,0.029999999999994
"2019-02-06 12:29:00",1019,0
"2019-02-06 12:30:00",1591,0.0100000000000051
"2019-02-06 12:31:00",2543,0.019999999999996
"2019-02-06 12:32:00",3847,-0.00999999999999801
"2019-02-06 12:33:00",7647,-0.00999999999999801
"2019-02-06 12:34:00",1102,0.019999999999996
"2019-02-06 12:35:00",3373,-0.00629999999999598
"2019-02-06 12:36:00",2526,0.0163000000000011
"2019-02-06 12:37:00",1400,0.00999999999999801
"2019-02-06 12:38:00",3311,-0.00999999999999801
"2019-02-06 12:39:00",3641,0.0198999999999998
"2019-02-06 12:40:00",4628,-0.0299000000000049
"2019-02-06 12:41:00",914,-0.00499999999999545
"2019-02-06 12:42:00",2636,-0.0250000000000057
"2019-02-06 12:43:00",3302,0.0200000000000031
"2019-02-06 12:44:00",1570,-0.00509999999999877
"2019-02-06 12:45:00",4160,0.00509999999999877
"2019-02-06 12:46:00",5490,-0.0150000000000006
"2019-02-06 12:47:00",3754,0.0249999999999986
"2019-02-06 12:48:00",8544,-0.00499999999999545
"2019-02-06 12:49:00",1737,-0.00500000000000256
"2019-02-06 12:50:00",4161,0
"2019-02-06 12:51:00",1570,-0.00010000000000332
"2019-02-06 12:52:00",1800,0.00010000000000332
"2019-02-06 12:53:00",453,0.00330000000000297
"2019-02-06 12:54:00",4757,-0.0183000000000035
"2019-02-06 12:55:00",3665,0.00500000000000256
"2019-02-06 12:56:00",3000,0.00499999999999545
"2019-02-06 12:57:00",2136,0.0150000000000006
"2019-02-06 12:58:00",2010,-0.00999999999999801
"2019-02-06 12:59:00",2617,0.00679999999999836
"2019-02-06 13:00:00",9291,-0.0367999999999995
"2019-02-06 13:01:00",4253,-0.0105000000000004
"2019-02-06 13:02:00",4386,-0.00949999999999562
"2019-02-06 13:03:00",4111,0.0115999999999943
"2019-02-06 13:04:00",1549,0.00840000000000174
"2019-02-06 13:05:00",5740,0
"2019-02-06 13:06:00",2914,-0.0300999999999974
"2019-02-06 13:07:00",3399,0.00509999999999877
"2019-02-06 13:08:00",4683,0
"2019-02-06 13:09:00",3560,0.00500000000000256
"2019-02-06 13:10:00",4323,0.00499999999999545
"2019-02-06 13:11:00",9523,-0.00999999999999801
"2019-02-06 13:12:00",2804,0.00500000000000256
"2019-02-06 13:13:00",5737,0.019999999999996
"2019-02-06 13:14:00",2959,-0.00999999999999801
"2019-02-06 13:15:00",5600,0
"2019-02-06 13:16:00",6690,-0.00999999999999801
"2019-02-06 13:17:00",2330,0
"2019-02-06 13:18:00",3663,0.0158999999999949
"2019-02-06 13:19:00",3282,-0.00600000000000023
"2019-02-06 13:20:00",12049,-0.00989999999999469
"2019-02-06 13:21:00",10559,0.029999999999994
"2019-02-06 13:22:00",4850,0.0100000000000051
"2019-02-06 13:23:00",5602,0.019999999999996
"2019-02-06 13:24:00",11461,0.0200000000000031
"2019-02-06 13:25:00",4076,-0.0200000000000031
"2019-02-06 13:26:00",6024,0.015500000000003
"2019-02-06 13:27:00",2516,0.00450000000000017
"2019-02-06 13:28:00",5083,-0.00500000000000256
"2019-02-06 13:29:00",4480,-0.00499999999999545
"2019-02-06 13:30:00",6518,-0.0150000000000006
"2019-02-06 13:31:00",3200,0.0150000000000006
"2019-02-06 13:32:00",3361,-0.00520000000000209
"2019-02-06 13:33:00",21085,0.0146999999999977
"2019-02-06 13:34:00",6679,0.00549999999999784
"2019-02-06 13:35:00",10412,0.0150000000000006
"2019-02-06 13:36:00",14042,0.0100000000000051
"2019-02-06 13:37:00",7882,-0.0200000000000031
"2019-02-06 13:38:00",1500,0.00500000000000256
"2019-02-06 13:39:00",2605,-0.0150000000000006
"2019-02-06 13:40:00",2146,0.019999999999996
"2019-02-06 13:41:00",4980,0.0200000000000031
"2019-02-06 13:42:00",7564,-0.00500000000000256
"2019-02-06 13:43:00",3425,0.0150000000000006
"2019-02-06 13:44:00",6046,0.0112999999999985
"2019-02-06 13:45:00",6022,0.00370000000000203
"2019-02-06 13:46:00",11692,-0.00500000000000256
"2019-02-06 13:47:00",2649,-0.00329999999999586
"2019-02-06 13:48:00",4770,-0.00769999999999982
"2019-02-06 13:49:00",6057,-0.0189999999999984
"2019-02-06 13:50:00",3425,-0.00500000000000256
"2019-02-06 13:51:00",900,-0.00500000000000256
"2019-02-06 13:52:00",10577,0
"2019-02-06 13:53:00",1566,-0.00499999999999545
"2019-02-06 13:54:00",6793,0.0124999999999957
"2019-02-06 13:55:00",5747,0.0225000000000009
"2019-02-06 13:56:00",12075,0.0334000000000003
"2019-02-06 13:57:00",5940,0.00670000000000215
"2019-02-06 13:58:00",4898,-0.00740000000000407
"2019-02-06 13:59:00",1440,0.0023000000000053
"2019-02-06 14:00:00",6181,-0.00500000000000256
"2019-02-06 14:01:00",3178,0.0150000000000006
"2019-02-06 14:02:00",4243,-0.0150000000000006
"2019-02-06 14:03:00",2100,0.00500000000000256
"2019-02-06 14:04:00",48025,-0.0549999999999997
"2019-02-06 14:05:00",3001,0.029999999999994
"2019-02-06 14:06:00",4628,0.00500000000000256
"2019-02-06 14:07:00",1638,0.0150000000000006
"2019-02-06 14:08:00",7296,0.0138999999999996
"2019-02-06 14:09:00",3596,0.00610000000000355
"2019-02-06 14:10:00",4461,9.99999999962142e-05
"2019-02-06 14:11:00",1880,0.0099000000000018
"2019-02-06 14:12:00",8013,-0.00999999999999801
"2019-02-06 14:13:00",4882,-0.00010000000000332
"2019-02-06 14:14:00",5243,0.0200999999999993
"2019-02-06 14:15:00",6208,-0.00999999999999801
"2019-02-06 14:16:00",3920,-0.0300000000000011
"2019-02-06 14:17:00",2900,-0.0200000000000031
"2019-02-06 14:18:00",4453,0.00510000000000588
"2019-02-06 14:19:00",2382,0.00489999999999924
"2019-02-06 14:20:00",7800,0
"2019-02-06 14:21:00",3628,0.00499999999999545
"2019-02-06 14:22:00",7863,0
"2019-02-06 14:23:00",3652,0
"2019-02-06 14:24:00",5207,0.0100000000000051
"2019-02-06 14:25:00",9172,-0.0100000000000051
"2019-02-06 14:26:00",9675,-0.00999999999999801
"2019-02-06 14:27:00",6447,0
"2019-02-06 14:28:00",9836,0
"2019-02-06 14:29:00",13981,0.00500000000000256
"2019-02-06 14:30:00",12881,-0.00500000000000256
"2019-02-06 14:31:00",14044,-0.0399999999999991
"2019-02-06 14:32:00",26184,0.0200000000000031
"2019-02-06 14:33:00",13111,0.0249999999999986
"2019-02-06 14:34:00",10024,0.00499999999999545
"2019-02-06 14:35:00",21004,0.00500000000000256
"2019-02-06 14:36:00",16141,-0.00999999999999801
"2019-02-06 14:37:00",12953,0.0150000000000006
"2019-02-06 14:38:00",7277,-0.0150000000000006
"2019-02-06 14:39:00",12406,0.00999999999999801
"2019-02-06 14:40:00",11496,-0.0150000000000006
"2019-02-06 14:41:00",16218,0.00999999999999801
"2019-02-06 14:42:00",6344,-0.0150000000000006
"2019-02-06 14:43:00",5269,0.00500000000000256
"2019-02-06 14:44:00",18059,0.00500000000000256
"2019-02-06 14:45:00",10634,-0.00500000000000256
"2019-02-06 14:46:00",17504,0.0249999999999986
"2019-02-06 14:47:00",12314,-0.00999999999999801
"2019-02-06 14:48:00",9718,0.00500000000000256
"2019-02-06 14:49:00",26996,-0.0200000000000031
"2019-02-06 14:50:00",8625,-0.00500000000000256
"2019-02-06 14:51:00",23273,0.0150000000000006
"2019-02-06 14:52:00",19408,-0.0212999999999965
"2019-02-06 14:53:00",10096,0.00130000000000052
"2019-02-06 14:54:00",22244,-0.0300000000000011
"2019-02-06 14:55:00",15184,-0.00500000000000256
"2019-02-06 14:56:00",24268,-0.00999999999999801
"2019-02-06 14:57:00",23648,0
"2019-02-06 14:58:00",35125,-9.99999999962142e-05
"2019-02-06 14:59:00",41465,-0.0299000000000049
"2019-02-06 15:01:00",27604,0.0100000000000051
"2019-02-06 15:15:00",0,0
"2019-02-07 08:30:00",56539,-0.400700000000001
"2019-02-07 08:31:00",12622,0.0206999999999979
"2019-02-07 08:32:00",17997,0.00999999999999801
"2019-02-07 08:33:00",6976,-0.0700000000000003
"2019-02-07 08:34:00",10580,-0.0300000000000011
"2019-02-07 08:35:00",7031,0.0200000000000031
"2019-02-07 08:36:00",11567,-0.0700000000000003
"2019-02-07 08:37:00",8440,0.00999999999999801
"2019-02-07 08:38:00",11102,0
"2019-02-07 08:39:00",10906,0
"2019-02-07 08:40:00",6200,-0.0300000000000011
"2019-02-07 08:41:00",6288,-0.00999999999999801
"2019-02-07 08:42:00",6970,-0.0300000000000011
"2019-02-07 08:43:00",3185,0.00659999999999883
"2019-02-07 08:44:00",5340,-0.0165999999999968
"2019-02-07 08:45:00",11570,-0.0399999999999991
"2019-02-07 08:46:00",3028,0.0600000000000023
"2019-02-07 08:47:00",3865,0
"2019-02-07 08:48:00",2558,-0.0500000000000043
"2019-02-07 08:49:00",23064,-0.019999999999996
"2019-02-07 08:50:00",14869,0.0399999999999991
"2019-02-07 08:51:00",6775,-0.0100000000000051
"2019-02-07 08:52:00",8596,0.0300000000000011
"2019-02-07 08:53:00",3942,-0.0499999999999972
"2019-02-07 08:54:00",9380,0.0399999999999991
"2019-02-07 08:55:00",6536,-0.00999999999999801
"2019-02-07 08:56:00",4371,-0.0200000000000031
"2019-02-07 08:57:00",13122,0.00500000000000256
"2019-02-07 08:58:00",10521,-0.0150000000000006
"2019-02-07 08:59:00",10504,0.0649999999999977
"2019-02-07 09:00:00",9178,-0.0450000000000017
"2019-02-07 09:01:00",6189,-0.0499999999999972
"2019-02-07 09:02:00",9133,0.00999999999999801
"2019-02-07 09:03:00",3805,-0.0300000000000011
"2019-02-07 09:04:00",9222,-0.019999999999996
"2019-02-07 09:05:00",5957,0
"2019-02-07 09:06:00",32180,-0.00999999999999801
"2019-02-07 09:07:00",36381,-0.0200000000000031
"2019-02-07 09:08:00",27617,0.0900000000000034
"2019-02-07 09:09:00",6560,-0.0750000000000028
"2019-02-07 09:10:00",3012,0.0249999999999986
"2019-02-07 09:11:00",3932,0.00999999999999801
"2019-02-07 09:12:00",3597,-0.0249999999999986
"2019-02-07 09:13:00",1654,-0.0150000000000006
"2019-02-07 09:14:00",3704,0.0150000000000006
"2019-02-07 09:15:00",8555,0.0350000000000037
"2019-02-07 09:16:00",2679,0
"2019-02-07 09:17:00",6404,-0.0100000000000051
"2019-02-07 09:18:00",4419,-0.0249999999999986
"2019-02-07 09:19:00",17352,-0.0150000000000006
"2019-02-07 09:20:00",16798,0.0300000000000011
"2019-02-07 09:21:00",5300,0.0300000000000011
"2019-02-07 09:22:00",10658,-0.00999999999999801
"2019-02-07 09:23:00",3468,0.0599999999999952
"2019-02-07 09:24:00",5835,0.00500000000000256
"2019-02-07 09:25:00",7300,-0.0349999999999966
"2019-02-07 09:26:00",14400,0.019999999999996
"2019-02-07 09:27:00",13797,-0.00499999999999545
"2019-02-07 09:28:00",4287,0.0349999999999966
"2019-02-07 09:29:00",2331,0.0300000000000011
"2019-02-07 09:30:00",1300,0.0549999999999997
"2019-02-07 09:31:00",2600,0.00500000000000256
"2019-02-07 09:32:00",4603,0.019999999999996
"2019-02-07 09:33:00",4003,-0.0150000000000006
"2019-02-07 09:34:00",9289,-0.0150000000000006
"2019-02-07 09:35:00",4831,-0.0300000000000011
"2019-02-07 09:36:00",2497,-0.0255999999999972
"2019-02-07 09:37:00",2439,-0.00439999999999685
"2019-02-07 09:38:00",5351,0
"2019-02-07 09:39:00",4317,0.019999999999996
"2019-02-07 09:40:00",3865,-0.019999999999996
"2019-02-07 09:41:00",2800,-0.0100000000000051
"2019-02-07 09:42:00",9924,-0.0599999999999952
"2019-02-07 09:43:00",4572,0.0171999999999954
"2019-02-07 09:44:00",6092,-0.0371999999999986
"2019-02-07 09:45:00",11511,0
"2019-02-07 09:46:00",5168,0.00999999999999801
"2019-02-07 09:47:00",4150,-0.00999999999999801
"2019-02-07 09:48:00",8025,-0.0349999999999966
"2019-02-07 09:49:00",7224,-0.0350000000000037
"2019-02-07 09:50:00",1956,0
"2019-02-07 09:51:00",12973,-0.0399999999999991
"2019-02-07 09:52:00",10205,-0.0399999999999991
"2019-02-07 09:53:00",3600,-0.00999999999999801
"2019-02-07 09:54:00",14761,-0.0300000000000011
"2019-02-07 09:55:00",6676,-0.0500000000000043
"2019-02-07 09:56:00",13752,-0.00999999999999801
"2019-02-07 09:57:00",4164,-0.00999999999999801
"2019-02-07 09:58:00",7788,0.019999999999996
"2019-02-07 09:59:00",9606,0.0099000000000018
"2019-02-07 10:00:00",6595,-0.0499000000000009
"2019-02-07 10:01:00",7073,0.00999999999999801
"2019-02-07 10:02:00",3629,-0.0399999999999991
"2019-02-07 10:03:00",6919,0.0600000000000023
"2019-02-07 10:04:00",18655,-0.0200000000000031
"2019-02-07 10:05:00",10641,-0.019999999999996
"2019-02-07 10:06:00",4204,-0.0200000000000031
"2019-02-07 10:07:00",10900,0.0300000000000011
"2019-02-07 10:08:00",6057,-0.019999999999996
"2019-02-07 10:09:00",12419,-0.0300000000000011
"2019-02-07 10:10:00",11446,-0.0150000000000006
"2019-02-07 10:11:00",4986,0.0583000000000027
"2019-02-07 10:12:00",3500,-0.0283000000000015
"2019-02-07 10:13:00",7819,0.00499999999999545
"2019-02-07 10:14:00",9949,-0.00989999999999469
"2019-02-07 10:15:00",5758,0.0248999999999953
"2019-02-07 10:16:00",10801,0.0350000000000037
"2019-02-07 10:17:00",20379,0.019999999999996
"2019-02-07 10:18:00",3164,-0.0349999999999966
"2019-02-07 10:19:00",3358,-0.0249999999999986
"2019-02-07 10:20:00",2188,-0.0300000000000011
"2019-02-07 10:21:00",6226,-0.0200000000000031
"2019-02-07 10:22:00",2050,-0.0099000000000018
"2019-02-07 10:23:00",10421,-0.0250999999999948
"2019-02-07 10:24:00",8046,-0.00500000000000256
"2019-02-07 10:25:00",11828,0.0300000000000011
"2019-02-07 10:26:00",15063,-0.0200000000000031
"2019-02-07 10:27:00",16727,0
"2019-02-07 10:28:00",7293,0
"2019-02-07 10:29:00",10989,0
"2019-02-07 10:30:00",11304,-0.0899999999999963
"2019-02-07 10:31:00",13055,0.0799999999999983
"2019-02-07 10:32:00",20971,-0.00999999999999801
"2019-02-07 10:33:00",27847,0.00999999999999801
"2019-02-07 10:34:00",11456,-0.0549999999999997
"2019-02-07 10:35:00",6271,0.0150000000000006
"2019-02-07 10:36:00",9456,-0.0499999999999972
"2019-02-07 10:37:00",9093,0.0549999999999997
"2019-02-07 10:38:00",38125,0.0249999999999986
"2019-02-07 10:39:00",9920,0.0263999999999953
"2019-02-07 10:40:00",5439,-0.0163999999999973
"2019-02-07 10:41:00",2367,0.0399999999999991
"2019-02-07 10:42:00",3303,-0.00999999999999801
"2019-02-07 10:43:00",6486,0.0600000000000023
"2019-02-07 10:44:00",3708,-0.0700000000000003
"2019-02-07 10:45:00",7679,0.00999999999999801
"2019-02-07 10:46:00",2196,0
"2019-02-07 10:47:00",5500,-0.0165999999999968
"2019-02-07 10:48:00",22787,0.0265999999999948
"2019-02-07 10:49:00",17224,-0.0399999999999991
"2019-02-07 10:50:00",18501,0.0350000000000037
"2019-02-07 10:51:00",12798,0.0549999999999997
"2019-02-07 10:52:00",3959,-0.130000000000003
"2019-02-07 10:53:00",8043,0.0512999999999977
"2019-02-07 10:54:00",4414,-0.0512999999999977
"2019-02-07 10:55:00",7449,0.00999999999999801
"2019-02-07 10:56:00",4625,-0.0300000000000011
"2019-02-07 10:57:00",7670,-0.0499999999999972
"2019-02-07 10:58:00",5140,-0.0450000000000017
"2019-02-07 10:59:00",2889,0.00500000000000256
"2019-02-07 11:00:00",7380,-0.0750000000000028
"2019-02-07 11:01:00",3463,0.0100000000000051
"2019-02-07 11:02:00",9765,0.0349999999999966
"2019-02-07 11:03:00",3803,-0.0349999999999966
"2019-02-07 11:04:00",5027,0.0349999999999966
"2019-02-07 11:05:00",4327,0.0600000000000023
"2019-02-07 11:06:00",2551,0
"2019-02-07 11:07:00",2595,0.00999999999999801
"2019-02-07 11:08:00",2141,0.0285000000000011
"2019-02-07 11:09:00",3516,0.0414999999999992
"2019-02-07 11:10:00",1967,0.0200000000000031
"2019-02-07 11:11:00",2417,0
"2019-02-07 11:12:00",1032,0.00999999999999801
"2019-02-07 11:13:00",2676,-0.0230000000000032
"2019-02-07 11:14:00",3035,0.00300000000000011
"2019-02-07 11:15:00",6984,-0.0599999999999952
"2019-02-07 11:16:00",2700,0.019999999999996
"2019-02-07 11:17:00",3622,0.00999999999999801
"2019-02-07 11:18:00",1543,0.0150000000000006
"2019-02-07 11:19:00",4655,0.0300000000000011
"2019-02-07 11:20:00",6181,0.0549999999999997
"2019-02-07 11:21:00",5447,0.0200000000000031
"2019-02-07 11:22:00",1500,-0.00999999999999801
"2019-02-07 11:23:00",693,0.029999999999994
"2019-02-07 11:24:00",5689,-0.0150000000000006
"2019-02-07 11:25:00",6757,-0.0349999999999966
"2019-02-07 11:26:00",9148,0.00999999999999801
"2019-02-07 11:27:00",6088,0.0501000000000005
"2019-02-07 11:28:00",6415,-0.0101000000000013
"2019-02-07 11:29:00",5134,-0.019999999999996
"2019-02-07 11:30:00",7457,0.00999999999999801
"2019-02-07 11:31:00",6771,-0.00999999999999801
"2019-02-07 11:32:00",3544,0.00999999999999801
"2019-02-07 11:33:00",4055,0.0200000000000031
"2019-02-07 11:34:00",1850,0.019999999999996
"2019-02-07 11:35:00",2500,0.0300000000000011
"2019-02-07 11:36:00",2456,-0.0600000000000023
"2019-02-07 11:37:00",1551,0.0200000000000031
"2019-02-07 11:38:00",1200,0.00500000000000256
"2019-02-07 11:39:00",5200,0.0349999999999966
"2019-02-07 11:40:00",4480,-0.0499999999999972
"2019-02-07 11:41:00",6035,-0.0100000000000051
"2019-02-07 11:42:00",9033,-0.00999999999999801
"2019-02-07 11:43:00",3277,-0.019999999999996
"2019-02-07 11:44:00",21693,-0.0200000000000031
"2019-02-07 11:45:00",10050,-0.0200000000000031
"2019-02-07 11:46:00",4545,0.0100000000000051
"2019-02-07 11:47:00",5905,-0.0100000000000051
"2019-02-07 11:48:00",8282,-0.0399999999999991
"2019-02-07 11:49:00",5103,0
"2019-02-07 11:50:00",3798,-0.00999999999999801
"2019-02-07 11:51:00",3444,0
"2019-02-07 11:52:00",3138,-0.0200000000000031
"2019-02-07 11:53:00",3438,-0.019999999999996
"2019-02-07 11:54:00",1200,0
"2019-02-07 11:55:00",5184,-0.0600000000000023
"2019-02-07 11:56:00",3231,0.0300000000000011
"2019-02-07 11:57:00",6300,0.0450000000000017
"2019-02-07 11:58:00",1168,0.00499999999999545
"2019-02-07 11:59:00",3100,0.0300000000000011
"2019-02-07 12:00:00",3112,0
"2019-02-07 12:01:00",3687,0.0700000000000003
"2019-02-07 12:02:00",3053,0.0350000000000037
"2019-02-07 12:03:00",2967,0.0249999999999986
"2019-02-07 12:04:00",1976,-0.0163000000000011
"2019-02-07 12:05:00",2602,0.0362999999999971
"2019-02-07 12:06:00",7279,-0.029999999999994
"2019-02-07 12:07:00",4322,-0.0300000000000011
"2019-02-07 12:08:00",2450,-0.00999999999999801
"2019-02-07 12:09:00",3209,0.0149999999999935
"2019-02-07 12:10:00",2148,-0.0250999999999948
"2019-02-07 12:11:00",5391,-0.0149000000000044
"2019-02-07 12:12:00",4200,-0.0449999999999946
"2019-02-07 12:13:00",4341,0.0599999999999952
"2019-02-07 12:14:00",2278,-0.0150000000000006
"2019-02-07 12:15:00",8044,-0.0249999999999986
"2019-02-07 12:16:00",2678,-0.0300000000000011
"2019-02-07 12:17:00",4122,-0.00499999999999545
"2019-02-07 12:18:00",3236,-0.0250000000000057
"2019-02-07 12:19:00",1570,-0.00999999999999801
"2019-02-07 12:20:00",7889,0
"2019-02-07 12:21:00",3696,-0.00499999999999545
"2019-02-07 12:22:00",6275,0.00949999999999562
"2019-02-07 12:23:00",2129,0.015500000000003
"2019-02-07 12:24:00",1500,0.00999999999999801
"2019-02-07 12:25:00",2660,-0.00999999999999801
"2019-02-07 12:26:00",5858,0.0599999999999952
"2019-02-07 12:27:00",2741,-0.0399999999999991
"2019-02-07 12:28:00",1039,-0.0150000000000006
"2019-02-07 12:29:00",1763,0.0450000000000017
"2019-02-07 12:30:00",5180,-0.0249999999999986
"2019-02-07 12:31:00",6755,0.00500000000000256
"2019-02-07 12:32:00",6219,0.00619999999999976
"2019-02-07 12:33:00",5109,0.0437999999999974
"2019-02-07 12:34:00",8755,0.00999999999999801
"2019-02-07 12:35:00",2191,-0.00499999999999545
"2019-02-07 12:36:00",2042,0.00499999999999545
"2019-02-07 12:37:00",12042,-0.019999999999996
"2019-02-07 12:38:00",811,-0.0100000000000051
"2019-02-07 12:39:00",1200,0
"2019-02-07 12:40:00",3440,0
"2019-02-07 12:41:00",1409,-0.019999999999996
"2019-02-07 12:42:00",19247,-0.0399999999999991
"2019-02-07 12:43:00",2768,0.00999999999999801
"2019-02-07 12:44:00",5660,-0.0200000000000031
"2019-02-07 12:45:00",1155,0
"2019-02-07 12:46:00",2720,0.0200000000000031
"2019-02-07 12:47:00",1300,0.00999999999999801
"2019-02-07 12:48:00",2344,0.0100000000000051
"2019-02-07 12:49:00",6788,-0.0400000000000063
"2019-02-07 12:50:00",2581,-0.00499999999999545
"2019-02-07 12:51:00",1551,0.0441999999999965
"2019-02-07 12:52:00",4085,0.000800000000005241
"2019-02-07 12:53:00",2526,0.019999999999996
"2019-02-07 12:54:00",3477,0
"2019-02-07 12:55:00",2166,-0.00999999999999801
"2019-02-07 12:56:00",6261,0.00999999999999801
"2019-02-07 12:57:00",6646,-0.0399999999999991
"2019-02-07 12:58:00",5439,0.0399999999999991
"2019-02-07 12:59:00",1725,-0.019999999999996
"2019-02-07 13:00:00",2975,-0.0400000000000063
"2019-02-07 13:01:00",3509,0.0100000000000051
"2019-02-07 13:02:00",4165,0
"2019-02-07 13:03:00",3337,0.0300000000000011
"2019-02-07 13:04:00",2000,-0.0100000000000051
"2019-02-07 13:05:00",6688,-0.0155999999999992
"2019-02-07 13:06:00",3066,-0.014400000000002
"2019-02-07 13:07:00",2100,-0.019999999999996
"2019-02-07 13:08:00",3540,0
"2019-02-07 13:09:00",3686,0
"2019-02-07 13:10:00",3240,-0.0300000000000011
"2019-02-07 13:11:00",1053,-0.0300000000000011
"2019-02-07 13:12:00",3384,0
"2019-02-07 13:13:00",2034,0
"2019-02-07 13:14:00",4493,0
"2019-02-07 13:15:00",2061,0.00999999999999801
"2019-02-07 13:16:00",16425,0.0200000000000031
"2019-02-07 13:17:00",18172,0
"2019-02-07 13:18:00",23679,-0.0200000000000031
"2019-02-07 13:19:00",2300,0.0250000000000057
"2019-02-07 13:20:00",7690,0.0411000000000001
"2019-02-07 13:21:00",2206,-0.0260999999999996
"2019-02-07 13:22:00",2931,-0.0100000000000051
"2019-02-07 13:23:00",988,0
"2019-02-07 13:24:00",4165,0.0100000000000051
"2019-02-07 13:25:00",1367,0.019999999999996
"2019-02-07 13:26:00",3699,-0.019999999999996
"2019-02-07 13:27:00",6661,0.0599999999999952
"2019-02-07 13:28:00",1776,0.0226000000000042
"2019-02-07 13:29:00",8152,0.0574000000000012
"2019-02-07 13:30:00",3020,0
"2019-02-07 13:31:00",2401,0
"2019-02-07 13:32:00",2837,-0.0200000000000031
"2019-02-07 13:33:00",3392,-0.00999999999999801
"2019-02-07 13:34:00",1890,0.019999999999996
"2019-02-07 13:35:00",2821,0.0300000000000011
"2019-02-07 13:36:00",1900,0.00999999999999801
"2019-02-07 13:37:00",1200,-0.0399999999999991
"2019-02-07 13:38:00",400,0.00310000000000343
"2019-02-07 13:39:00",2817,0.0168999999999997
"2019-02-07 13:40:00",1162,-0.00250000000000483
"2019-02-07 13:41:00",2748,-0.0075999999999965
"2019-02-07 13:42:00",4855,-0.0198999999999998
"2019-02-07 13:43:00",17486,0.00999999999999801
"2019-02-07 13:44:00",8315,-0.0467999999999975
"2019-02-07 13:45:00",7269,0.0367999999999995
"2019-02-07 13:46:00",6421,0
"2019-02-07 13:47:00",2627,-0.00999999999999801
"2019-02-07 13:48:00",3024,-0.0399999999999991
"2019-02-07 13:49:00",6003,-0.0164000000000044
"2019-02-07 13:50:00",5547,0.0164000000000044
"2019-02-07 13:51:00",12390,0.019999999999996
"2019-02-07 13:52:00",5471,0.0215000000000032
"2019-02-07 13:53:00",3337,-0.0115000000000052
"2019-02-07 13:54:00",4202,0.0500000000000043
"2019-02-07 13:55:00",3923,0.00999999999999801
"2019-02-07 13:56:00",9142,0.0399999999999991
"2019-02-07 13:57:00",3307,-0.0399999999999991
"2019-02-07 13:58:00",11638,-0.00500000000000256
"2019-02-07 13:59:00",5698,0.0300000000000011
"2019-02-07 14:00:00",8744,0.0150000000000006
"2019-02-07 14:01:00",1056,0.00500000000000256
"2019-02-07 14:02:00",10085,-0.0399999999999991
"2019-02-07 14:03:00",14842,-0.0350000000000037
"2019-02-07 14:04:00",3354,-0.0300000000000011
"2019-02-07 14:05:00",1156,-0.017799999999994
"2019-02-07 14:06:00",4300,0.00279999999999347
"2019-02-07 14:07:00",8098,-0.00499999999999545
"2019-02-07 14:08:00",3700,0
"2019-02-07 14:09:00",6508,0
"2019-02-07 14:10:00",3439,-0.0300000000000011
"2019-02-07 14:11:00",2800,-0.0200000000000031
"2019-02-07 14:12:00",3432,0.0100000000000051
"2019-02-07 14:13:00",5223,0.019999999999996
"2019-02-07 14:14:00",6864,0.0100000000000051
"2019-02-07 14:15:00",3637,0.0366
"2019-02-07 14:16:00",2325,-0.0166000000000039
"2019-02-07 14:17:00",9205,0.0200000000000031
"2019-02-07 14:18:00",1480,-0.0350000000000037
"2019-02-07 14:19:00",9428,0.0249999999999986
"2019-02-07 14:20:00",6515,0.0250000000000057
"2019-02-07 14:21:00",3979,-0.0150000000000006
"2019-02-07 14:22:00",3693,-0.0200000000000031
"2019-02-07 14:23:00",6677,-0.019999999999996
"2019-02-07 14:24:00",5370,0.00499999999999545
"2019-02-07 14:25:00",3502,-0.0249999999999986
"2019-02-07 14:26:00",6097,0.0200000000000031
"2019-02-07 14:27:00",4219,-0.00660000000000593
"2019-02-07 14:28:00",2241,-0.0233999999999952
"2019-02-07 14:29:00",4023,0.00999999999999801
"2019-02-07 14:30:00",4552,0.00999999999999801
"2019-02-07 14:31:00",9401,-0.00999999999999801
"2019-02-07 14:32:00",8308,-0.0399999999999991
"2019-02-07 14:33:00",4485,-0.00010000000000332
"2019-02-07 14:34:00",4567,0.0200999999999993
"2019-02-07 14:35:00",5464,0.0200000000000031
"2019-02-07 14:36:00",2149,-0.0200000000000031
"2019-02-07 14:37:00",4189,0
"2019-02-07 14:38:00",7054,0.0250000000000057
"2019-02-07 14:39:00",4224,0.0137999999999963
"2019-02-07 14:40:00",3741,0.00120000000000431
"2019-02-07 14:41:00",11875,0.0599999999999952
"2019-02-07 14:42:00",5654,0.0700000000000003
"2019-02-07 14:43:00",13750,-0.0300000000000011
"2019-02-07 14:44:00",12907,-0.019999999999996
"2019-02-07 14:45:00",4718,0.0176000000000016
"2019-02-07 14:46:00",6027,-0.0176000000000016
"2019-02-07 14:47:00",11368,-0.00999999999999801
"2019-02-07 14:48:00",12247,0.00999999999999801
"2019-02-07 14:49:00",14878,0.00499999999999545
"2019-02-07 14:50:00",4731,0.0200000000000031
"2019-02-07 14:51:00",17942,0.00500000000000256
"2019-02-07 14:52:00",4028,-0.0100000000000051
"2019-02-07 14:53:00",8707,0.0150000000000006
"2019-02-07 14:54:00",7791,-0.0150000000000006
"2019-02-07 14:55:00",8842,0
"2019-02-07 14:56:00",15368,-0.0150000000000006
"2019-02-07 14:57:00",28396,0.00500000000000256
"2019-02-07 14:58:00",16345,0
"2019-02-07 14:59:00",29976,-0.019999999999996
"2019-02-07 15:02:00",40249,0
"2019-02-07 15:15:00",0,0
"2019-02-08 08:30:00",37345,-0.158600000000007
"2019-02-08 08:31:00",14004,0.0286000000000044
"2019-02-08 08:32:00",2373,-0.0750000000000028
"2019-02-08 08:33:00",12311,-0.0150000000000006
"2019-02-08 08:34:00",9993,0
"2019-02-08 08:35:00",5103,0.0300000000000011
"2019-02-08 08:36:00",17039,0.100000000000001
"2019-02-08 08:37:00",2363,-0.0499999999999972
"2019-02-08 08:38:00",1600,-0.0300000000000011
"2019-02-08 08:39:00",4764,-0.0799999999999983
"2019-02-08 08:40:00",3450,0.029999999999994
"2019-02-08 08:41:00",3854,-0.0599999999999952
"2019-02-08 08:42:00",5937,-0.0300000000000011
"2019-02-08 08:43:00",3770,0.0399999999999991
"2019-02-08 08:44:00",7025,-0.00999999999999801
"2019-02-08 08:45:00",15103,-0.0549999999999997
"2019-02-08 08:46:00",2844,-0.0650000000000048
"2019-02-08 08:47:00",55310,0.0600000000000023
"2019-02-08 08:48:00",7397,0.0499999999999972
"2019-02-08 08:49:00",2000,0.0100000000000051
"2019-02-08 08:50:00",900,-0.0300000000000011
"2019-02-08 08:51:00",1274,0.0300000000000011
"2019-02-08 08:52:00",2400,-0.0500000000000043
"2019-02-08 08:53:00",7977,0.0399999999999991
"2019-02-08 08:54:00",2465,-0.0899999999999963
"2019-02-08 08:55:00",1687,0.0349000000000004
"2019-02-08 08:56:00",2031,-0.0349000000000004
"2019-02-08 08:57:00",3000,-0.0399999999999991
"2019-02-08 08:58:00",6201,0.019999999999996
"2019-02-08 08:59:00",4100,0.0250000000000057
"2019-02-08 09:00:00",1400,-0.00500000000000256
"2019-02-08 09:01:00",1825,-0.00999999999999801
"2019-02-08 09:02:00",5077,0.019999999999996
"2019-02-08 09:03:00",4662,0.00999999999999801
"2019-02-08 09:04:00",3125,0.0200000000000031
"2019-02-08 09:05:00",6246,0.0499999999999972
"2019-02-08 09:06:00",8569,0.0600000000000023
"2019-02-08 09:07:00",2821,0.00999999999999801
"2019-02-08 09:08:00",3800,-0.0399999999999991
"2019-02-08 09:09:00",2254,0
"2019-02-08 09:10:00",3347,0.0200000000000031
"2019-02-08 09:11:00",3269,-0.0600000000000023
"2019-02-08 09:12:00",3640,-0.0300000000000011
"2019-02-08 09:13:00",3900,-0.00999999999999801
"2019-02-08 09:14:00",8739,-0.0399999999999991
"2019-02-08 09:15:00",1794,0.019999999999996
"2019-02-08 09:16:00",6441,-0.0349999999999966
"2019-02-08 09:17:00",3000,0.0150000000000006
"2019-02-08 09:18:00",12689,-0.0549999999999997
"2019-02-08 09:19:00",8238,-0.00500000000000256
"2019-02-08 09:20:00",3388,0.0500000000000043
"2019-02-08 09:21:00",5416,-0.0100000000000051
"2019-02-08 09:22:00",4157,-0.00999999999999801
"2019-02-08 09:23:00",6920,0.0200000000000031
"2019-02-08 09:24:00",6008,0.019999999999996
"2019-02-08 09:25:00",8102,-0.019999999999996
"2019-02-08 09:26:00",5026,0.019999999999996
"2019-02-08 09:27:00",10080,0.00999999999999801
"2019-02-08 09:28:00",6225,0.0400000000000063
"2019-02-08 09:29:00",2981,-0.0300000000000011
"2019-02-08 09:30:00",3200,0
"2019-02-08 09:31:00",8622,0.109999999999999
"2019-02-08 09:32:00",18848,-0.0600000000000023
"2019-02-08 09:33:00",18764,-0.00500000000000256
"2019-02-08 09:34:00",5033,0.00500000000000256
"2019-02-08 09:35:00",2902,0
"2019-02-08 09:36:00",14634,-0.0300000000000011
"2019-02-08 09:37:00",5187,0.0198999999999998
"2019-02-08 09:38:00",23700,-0.0398999999999958
"2019-02-08 09:39:00",23705,0.0399999999999991
"2019-02-08 09:40:00",24347,0.0300000000000011
"2019-02-08 09:41:00",21511,0
"2019-02-08 09:42:00",4017,-0.0500000000000043
"2019-02-08 09:43:00",3663,-0.0399999999999991
"2019-02-08 09:44:00",6298,-0.00999999999999801
"2019-02-08 09:45:00",11359,-0.0150000000000006
"2019-02-08 09:46:00",10344,0.00500000000000256
"2019-02-08 09:47:00",11290,0.0499999999999972
"2019-02-08 09:48:00",5701,-0.0399999999999991
"2019-02-08 09:49:00",15080,-0.00999999999999801
"2019-02-08 09:50:00",23188,-0.0400000000000063
"2019-02-08 09:51:00",7545,-0.0499999999999972
"2019-02-08 09:52:00",3560,0
"2019-02-08 09:53:00",3942,-0.00999999999999801
"2019-02-08 09:54:00",1425,-0.0300000000000011
"2019-02-08 09:55:00",5267,0.0600000000000023
"2019-02-08 09:56:00",7746,0.0298999999999978
"2019-02-08 09:57:00",30065,-0.0298999999999978
"2019-02-08 09:58:00",9814,-0.0200000000000031
"2019-02-08 09:59:00",21441,0.00999999999999801
"2019-02-08 10:00:00",18227,0.0100000000000051
"2019-02-08 10:01:00",7234,-0.0100000000000051
"2019-02-08 10:02:00",4523,-0.019999999999996
"2019-02-08 10:03:00",3800,-0.00999999999999801
"2019-02-08 10:04:00",3146,0
"2019-02-08 10:05:00",14259,-0.0250000000000057
"2019-02-08 10:06:00",25738,-0.0349999999999966
"2019-02-08 10:07:00",3220,0.0300000000000011
"2019-02-08 10:08:00",3536,-0.0150000000000006
"2019-02-08 10:09:00",8966,0.00499999999999545
"2019-02-08 10:10:00",10829,0.0400000000000063
"2019-02-08 10:11:00",12175,-0.0300000000000011
"2019-02-08 10:12:00",8979,0.0249999999999986
"2019-02-08 10:13:00",17301,-0.0150000000000006
"2019-02-08 10:14:00",48599,0.0150000000000006
"2019-02-08 10:15:00",24352,0
"2019-02-08 10:16:00",62100,-0.00500000000000256
"2019-02-08 10:17:00",24403,0.0100000000000051
"2019-02-08 10:18:00",15370,-0.0250000000000057
"2019-02-08 10:19:00",20895,0.00500000000000256
"2019-02-08 10:20:00",7786,-0.00999999999999801
"2019-02-08 10:21:00",10817,0.00999999999999801
"2019-02-08 10:22:00",24106,0.0200000000000031
"2019-02-08 10:23:00",11706,0.0399999999999991
"2019-02-08 10:24:00",2644,-0.00500000000000256
"2019-02-08 10:25:00",3403,-0.0249999999999986
"2019-02-08 10:26:00",4100,0.00999999999999801
"2019-02-08 10:27:00",11627,0
"2019-02-08 10:28:00",27672,0.0450000000000017
"2019-02-08 10:29:00",23188,-0.0750000000000028
"2019-02-08 10:30:00",31284,0.0100000000000051
"2019-02-08 10:31:00",38416,-0.0200000000000031
"2019-02-08 10:32:00",43755,0.0200000000000031
"2019-02-08 10:33:00",52367,0.029999999999994
"2019-02-08 10:34:00",43570,0
"2019-02-08 10:35:00",31067,-0.00499999999999545
"2019-02-08 10:36:00",3335,-0.00500000000000256
"2019-02-08 10:37:00",6914,0
"2019-02-08 10:38:00",2300,-0.00999999999999801
"2019-02-08 10:39:00",10369,0.0349999999999966
"2019-02-08 10:40:00",9679,0.0300000000000011
"2019-02-08 10:41:00",2281,-0.00500000000000256
"2019-02-08 10:42:00",1999,-0.029999999999994
"2019-02-08 10:43:00",4937,0.0499999999999972
"2019-02-08 10:44:00",5070,-0.0249999999999986
"2019-02-08 10:45:00",1500,-0.0200000000000031
"2019-02-08 10:46:00",5775,-0.0449999999999946
"2019-02-08 10:47:00",5996,0
"2019-02-08 10:48:00",3057,0.0399999999999991
"2019-02-08 10:49:00",3415,0.029999999999994
"2019-02-08 10:50:00",6200,0.0300000000000011
"2019-02-08 10:51:00",2073,-0.0249999999999986
"2019-02-08 10:52:00",8004,-0.00500000000000256
"2019-02-08 10:53:00",6254,0.0332000000000008
"2019-02-08 10:54:00",6054,0.0868000000000038
"2019-02-08 10:55:00",3614,-0.0136000000000038
"2019-02-08 10:56:00",6300,0.053600000000003
"2019-02-08 10:57:00",9200,0.00999999999999801
"2019-02-08 10:58:00",3236,0
"2019-02-08 10:59:00",4453,0
"2019-02-08 11:00:00",2659,-0.00999999999999801
"2019-02-08 11:01:00",2028,-0.0200000000000031
"2019-02-08 11:02:00",1600,-0.0124999999999957
"2019-02-08 11:03:00",4856,0.00750000000000028
"2019-02-08 11:04:00",2688,0.00499999999999545
"2019-02-08 11:05:00",7307,0.0100000000000051
"2019-02-08 11:06:00",6556,0.0449999999999946
"2019-02-08 11:07:00",800,-0.0149999999999935
"2019-02-08 11:08:00",1811,-0.0100000000000051
"2019-02-08 11:09:00",4968,0
"2019-02-08 11:10:00",1633,0
"2019-02-08 11:11:00",2200,0
"2019-02-08 11:12:00",4900,0.0200000000000031
"2019-02-08 11:13:00",1585,-0.0200000000000031
"2019-02-08 11:14:00",3219,0
"2019-02-08 11:15:00",1360,-0.00999999999999801
"2019-02-08 11:16:00",1998,0.00999999999999801
"2019-02-08 11:17:00",1000,-0.019999999999996
"2019-02-08 11:18:00",5096,0.0700000000000003
"2019-02-08 11:19:00",2697,-0.0232000000000028
"2019-02-08 11:20:00",3332,0.00319999999999965
"2019-02-08 11:21:00",7326,0.00999999999999801
"2019-02-08 11:22:00",3611,-0.029999999999994
"2019-02-08 11:23:00",2400,0.0399999999999991
"2019-02-08 11:24:00",2700,0.019999999999996
"2019-02-08 11:25:00",995,0.0300000000000011
"2019-02-08 11:26:00",2288,-0.00999999999999801
"2019-02-08 11:27:00",1000,0.00999999999999801
"2019-02-08 11:28:00",9827,0.0300000000000011
"2019-02-08 11:29:00",4981,0.019999999999996
"2019-02-08 11:30:00",5940,0.0100000000000051
"2019-02-08 11:31:00",1350,0.00999999999999801
"2019-02-08 11:32:00",8940,0.0700000000000003
"2019-02-08 11:33:00",2180,-0.0200000000000031
"2019-02-08 11:34:00",3934,0.0100000000000051
"2019-02-08 11:35:00",5479,-0.0200000000000031
"2019-02-08 11:36:00",1666,-0.00999999999999801
"2019-02-08 11:37:00",2817,0.019999999999996
"2019-02-08 11:38:00",1858,-0.0372999999999948
"2019-02-08 11:39:00",1100,0.0222999999999942
"2019-02-08 11:40:00",2174,0.00500000000000256
"2019-02-08 11:41:00",583,-0.00999999999999801
"2019-02-08 11:42:00",1816,0.00999999999999801
"2019-02-08 11:43:00",2314,0.0300000000000011
"2019-02-08 11:44:00",2010,-0.0300000000000011
"2019-02-08 11:45:00",2194,0.0300000000000011
"2019-02-08 11:46:00",2773,-0.0200000000000031
"2019-02-08 11:47:00",1409,0
"2019-02-08 11:48:00",3783,-0.00999999999999801
"2019-02-08 11:49:00",3270,0.0300000000000011
"2019-02-08 11:50:00",4212,-0.00999999999999801
"2019-02-08 11:51:00",2172,0.00909999999999656
"2019-02-08 11:52:00",1890,-0.0191000000000017
"2019-02-08 11:53:00",3893,0
"2019-02-08 11:54:00",1420,-0.00999999999999801
"2019-02-08 11:55:00",1443,0.00999999999999801
"2019-02-08 11:56:00",687,-0.00999999999999801
"2019-02-08 11:57:00",1880,0.0200000000000031
"2019-02-08 11:58:00",2917,-0.0399999999999991
"2019-02-08 11:59:00",3258,0.00999999999999801
"2019-02-08 12:00:00",1700,0.0300000000000011
"2019-02-08 12:01:00",3321,-0.0200000000000031
"2019-02-08 12:02:00",1144,0.00500000000000256
"2019-02-08 12:03:00",2207,-0.0150000000000006
"2019-02-08 12:04:00",8925,0.019999999999996
"2019-02-08 12:05:00",2866,-0.00689999999999458
"2019-02-08 12:06:00",5338,0.00689999999999458
"2019-02-08 12:07:00",1631,0.0100000000000051
"2019-02-08 12:08:00",4006,-0.000199999999999534
"2019-02-08 12:09:00",2860,0.0201999999999956
"2019-02-08 12:10:00",2400,0.0200000000000031
"2019-02-08 12:11:00",2557,-0.0300000000000011
"2019-02-08 12:12:00",2513,0.0200000000000031
"2019-02-08 12:13:00",1528,0.019999999999996
"2019-02-08 12:14:00",3017,0.00529999999999831
"2019-02-08 12:15:00",3300,-0.00519999999999499
"2019-02-08 12:16:00",3000,0.00489999999999924
"2019-02-08 12:17:00",4329,-0.0200000000000031
"2019-02-08 12:18:00",800,-0.0150000000000006
"2019-02-08 12:19:00",1416,-0.00999999999999801
"2019-02-08 12:20:00",3300,0
"2019-02-08 12:21:00",2600,-0.0200000000000031
"2019-02-08 12:22:00",2554,0.0100000000000051
"2019-02-08 12:23:00",1500,-0.0150000000000006
"2019-02-08 12:24:00",3684,-0.00500000000000256
"2019-02-08 12:25:00",1544,0.00999999999999801
"2019-02-08 12:26:00",2688,0
"2019-02-08 12:27:00",1218,-0.019999999999996
"2019-02-08 12:28:00",2450,0.0171999999999954
"2019-02-08 12:29:00",2299,-0.00719999999999743
"2019-02-08 12:30:00",1548,0.00500000000000256
"2019-02-08 12:31:00",1454,-0.00570000000000448
"2019-02-08 12:32:00",1714,-0.0142999999999986
"2019-02-08 12:33:00",1918,-0.00499999999999545
"2019-02-08 12:34:00",2284,0
"2019-02-08 12:35:00",1552,-0.0100000000000051
"2019-02-08 12:36:00",3293,0.014800000000001
"2019-02-08 12:37:00",4142,0.00520000000000209
"2019-02-08 12:38:00",2932,0.00499999999999545
"2019-02-08 12:39:00",1253,-0.00499999999999545
"2019-02-08 12:40:00",1029,0.00999999999999801
"2019-02-08 12:41:00",560,0.00999999999999801
"2019-02-08 12:42:00",5170,0
"2019-02-08 12:43:00",2867,-0.0209999999999937
"2019-02-08 12:44:00",2020,0.000999999999997669
"2019-02-08 12:45:00",1550,-0.0200000000000031
"2019-02-08 12:46:00",1261,0.0300000000000011
"2019-02-08 12:47:00",1602,-0.0300000000000011
"2019-02-08 12:48:00",1900,-0.00999999999999801
"2019-02-08 12:49:00",1319,-0.0150000000000006
"2019-02-08 12:50:00",2117,0.0150000000000006
"2019-02-08 12:51:00",300,0
"2019-02-08 12:52:00",722,0
"2019-02-08 12:53:00",1999,0.00500000000000256
"2019-02-08 12:54:00",1507,0.00089999999999435
"2019-02-08 12:55:00",1075,-0.00589999999999691
"2019-02-08 12:56:00",6615,0.00999999999999801
"2019-02-08 12:57:00",3000,0.0399999999999991
"2019-02-08 12:58:00",6253,-0.00999999999999801
"2019-02-08 12:59:00",2363,0.00999999999999801
"2019-02-08 13:00:00",3043,-0.00999999999999801
"2019-02-08 13:01:00",2519,-0.00999999999999801
"2019-02-08 13:02:00",2154,-0.0200000000000031
"2019-02-08 13:03:00",4145,-0.00289999999999679
"2019-02-08 13:04:00",700,0.00289999999999679
"2019-02-08 13:05:00",1888,-0.00989999999999469
"2019-02-08 13:06:00",3666,0.0248999999999953
"2019-02-08 13:07:00",2256,0.0249999999999986
"2019-02-08 13:08:00",1363,0.0100000000000051
"2019-02-08 13:09:00",3071,0
"2019-02-08 13:10:00",1662,0.00499999999999545
"2019-02-08 13:11:00",1300,0.00500000000000256
"2019-02-08 13:12:00",2663,-0.0200000000000031
"2019-02-08 13:13:00",2109,0
"2019-02-08 13:14:00",1379,0.0350000000000037
"2019-02-08 13:15:00",1125,-0.0249999999999986
"2019-02-08 13:16:00",1857,0.0235999999999947
"2019-02-08 13:17:00",8567,-0.00359999999999872
"2019-02-08 13:18:00",1301,0.0136000000000038
"2019-02-08 13:19:00",6720,-0.0136000000000038
"2019-02-08 13:20:00",2750,0
"2019-02-08 13:21:00",1741,-0.0300000000000011
"2019-02-08 13:22:00",1300,0
"2019-02-08 13:23:00",2000,0.0200000000000031
"2019-02-08 13:24:00",1126,0.017000000000003
"2019-02-08 13:25:00",1528,-0.017000000000003
"2019-02-08 13:26:00",1400,-0.00999999999999801
"2019-02-08 13:27:00",800,-0.0100000000000051
"2019-02-08 13:28:00",837,0.0100000000000051
"2019-02-08 13:29:00",4539,0.0289999999999964
"2019-02-08 13:30:00",1400,-0.00900000000000034
"2019-02-08 13:31:00",900,0
"2019-02-08 13:32:00",700,-0.00999999999999801
"2019-02-08 13:33:00",2890,0
"2019-02-08 13:34:00",3438,0.00999999999999801
"2019-02-08 13:35:00",1700,-0.00999999999999801
"2019-02-08 13:36:00",600,-0.00999999999999801
"2019-02-08 13:37:00",100,0
"2019-02-08 13:38:00",1200,0
"2019-02-08 13:39:00",2162,0
"2019-02-08 13:40:00",1950,0
"2019-02-08 13:41:00",3097,0.00999999999999801
"2019-02-08 13:42:00",1000,-0.00999999999999801
"2019-02-08 13:43:00",4044,0.0150000000000006
"2019-02-08 13:44:00",7760,0.0349999999999966
"2019-02-08 13:45:00",4407,-0.00999999999999801
"2019-02-08 13:46:00",1195,0
"2019-02-08 13:47:00",3661,0.00499999999999545
"2019-02-08 13:48:00",9817,-0.00499999999999545
"2019-02-08 13:49:00",1300,-0.00999999999999801
"2019-02-08 13:50:00",1100,-0.0100000000000051
"2019-02-08 13:51:00",1453,-0.019999999999996
"2019-02-08 13:52:00",2630,0
"2019-02-08 13:53:00",992,-0.00100000000000477
"2019-02-08 13:54:00",4000,-0.00399999999999778
"2019-02-08 13:55:00",17866,-0.00999999999999801
"2019-02-08 13:56:00",2150,-0.0150000000000006
"2019-02-08 13:57:00",3920,0
"2019-02-08 13:58:00",551,-0.00999999999999801
"2019-02-08 13:59:00",2038,0.00999999999999801
"2019-02-08 14:00:00",6986,0.0150000000000006
"2019-02-08 14:01:00",2876,0.00499999999999545
"2019-02-08 14:02:00",1400,-0.00499999999999545
"2019-02-08 14:03:00",2822,-0.0200000000000031
"2019-02-08 14:04:00",1958,0.00100000000000477
"2019-02-08 14:05:00",3183,-0.00600000000000023
"2019-02-08 14:06:00",4057,0.019999999999996
"2019-02-08 14:07:00",2339,-0.019999999999996
"2019-02-08 14:08:00",4000,0.029999999999994
"2019-02-08 14:09:00",3473,0.0100000000000051
"2019-02-08 14:10:00",2501,0
"2019-02-08 14:11:00",4481,0.00499999999999545
"2019-02-08 14:12:00",2925,0.0650000000000048
"2019-02-08 14:13:00",2736,0
"2019-02-08 14:14:00",2540,0.019999999999996
"2019-02-08 14:15:00",2297,-0.019999999999996
"2019-02-08 14:16:00",2119,0
"2019-02-08 14:17:00",3992,0.019999999999996
"2019-02-08 14:18:00",2869,-0.019999999999996
"2019-02-08 14:19:00",1100,0.00999999999999801
"2019-02-08 14:20:00",3181,-0.00999999999999801
"2019-02-08 14:21:00",3420,0
"2019-02-08 14:22:00",843,0.00499999999999545
"2019-02-08 14:23:00",8469,0.00840000000000174
"2019-02-08 14:24:00",1914,-0.0133999999999972
"2019-02-08 14:25:00",3792,-0.0240000000000009
"2019-02-08 14:26:00",2958,0.0139999999999958
"2019-02-08 14:27:00",1097,-0.0100999999999942
"2019-02-08 14:28:00",2868,0.0200999999999993
"2019-02-08 14:29:00",11244,-0.00500000000000256
"2019-02-08 14:30:00",1970,0.00500000000000256
"2019-02-08 14:31:00",6819,-0.00500000000000256
"2019-02-08 14:32:00",11417,-0.00500000000000256
"2019-02-08 14:33:00",6493,0.0150000000000006
"2019-02-08 14:34:00",12127,0.0150000000000006
"2019-02-08 14:35:00",3164,-0.0337999999999994
"2019-02-08 14:36:00",2236,-0.0011999999999972
"2019-02-08 14:37:00",7139,-0.0300000000000011
"2019-02-08 14:38:00",10229,0.0249999999999986
"2019-02-08 14:39:00",6115,-0.00500000000000256
"2019-02-08 14:40:00",6139,-0.00499999999999545
"2019-02-08 14:41:00",2572,-0.0150000000000006
"2019-02-08 14:42:00",2445,-0.00500000000000256
"2019-02-08 14:43:00",8206,-0.0300000000000011
"2019-02-08 14:44:00",7712,0
"2019-02-08 14:45:00",7147,0.0350000000000037
"2019-02-08 14:46:00",6989,0.00999999999999801
"2019-02-08 14:47:00",12899,-0.00499999999999545
"2019-02-08 14:48:00",13404,0
"2019-02-08 14:49:00",6708,-0.0100000000000051
"2019-02-08 14:50:00",7472,0.0150000000000006
"2019-02-08 14:51:00",4656,0
"2019-02-08 14:52:00",6417,-0.0249999999999986
"2019-02-08 14:53:00",6670,0.00500000000000256
"2019-02-08 14:54:00",12486,-0.0100000000000051
"2019-02-08 14:55:00",16987,0
"2019-02-08 14:56:00",11587,0.0251000000000019
"2019-02-08 14:57:00",26338,0.0399000000000029
"2019-02-08 14:58:00",14228,0.0499999999999972
"2019-02-08 14:59:00",45950,0.18
"2019-02-08 15:02:00",51763,-0.210000000000001
"2019-02-08 15:15:00",0,0
"2019-02-11 08:30:00",56590,-0.579900000000002
"2019-02-11 08:31:00",7100,-0.0100999999999942
"2019-02-11 08:32:00",11089,-0.0700000000000003
"2019-02-11 08:33:00",12480,0.00999999999999801
"2019-02-11 08:34:00",8515,0
"2019-02-11 08:35:00",8182,0.0300000000000011
"2019-02-11 08:36:00",2904,-0.00999999999999801
"2019-02-11 08:37:00",10914,0.0349999999999966
"2019-02-11 08:38:00",6138,-0.0150000000000006
"2019-02-11 08:39:00",5700,-0.019999999999996
"2019-02-11 08:40:00",9315,-0.0500000000000043
"2019-02-11 08:41:00",7575,0.0450000000000017
"2019-02-11 08:42:00",6795,0.0249999999999986
"2019-02-11 08:43:00",1000,0
"2019-02-11 08:44:00",4837,-0.019999999999996
"2019-02-11 08:45:00",5063,-0.0200000000000031
"2019-02-11 08:46:00",5551,0.0300000000000011
"2019-02-11 08:47:00",7022,-0.0150000000000006
"2019-02-11 08:48:00",12389,0.0249999999999986
"2019-02-11 08:49:00",7023,-0.0300000000000011
"2019-02-11 08:50:00",8466,-0.0700000000000003
"2019-02-11 08:51:00",8291,0.0399999999999991
"2019-02-11 08:52:00",6035,0
"2019-02-11 08:53:00",9129,0
"2019-02-11 08:54:00",4959,0.0700000000000003
"2019-02-11 08:55:00",8953,-0.019999999999996
"2019-02-11 08:56:00",6275,-0.0371000000000024
"2019-02-11 08:57:00",2044,-0.00289999999999679
"2019-02-11 08:58:00",7759,0.0499999999999972
"2019-02-11 08:59:00",3126,0
"2019-02-11 09:00:00",11300,0.0450000000000017
"2019-02-11 09:01:00",15332,-0.00500000000000256
"2019-02-11 09:02:00",4600,0.0200000000000031
"2019-02-11 09:03:00",14055,-0.00999999999999801
"2019-02-11 09:04:00",6558,0.0765999999999991
"2019-02-11 09:05:00",11827,0.0133999999999972
"2019-02-11 09:06:00",6096,0.0700000000000003
"2019-02-11 09:07:00",3958,-0.0300000000000011
"2019-02-11 09:08:00",4800,0.0600000000000023
"2019-02-11 09:09:00",3151,-0.0300000000000011
"2019-02-11 09:10:00",9194,-0.00999999999999801
"2019-02-11 09:11:00",7269,-0.0100000000000051
"2019-02-11 09:12:00",8701,-0.019999999999996
"2019-02-11 09:13:00",6320,0.019999999999996
"2019-02-11 09:14:00",2046,-0.00999999999999801
"2019-02-11 09:15:00",4243,-0.019999999999996
"2019-02-11 09:16:00",9500,0.00619999999999976
"2019-02-11 09:17:00",7500,-0.00619999999999976
"2019-02-11 09:18:00",3214,0.019999999999996
"2019-02-11 09:19:00",9625,0.00999999999999801
"2019-02-11 09:20:00",16000,0.0200000000000031
"2019-02-11 09:21:00",2700,0.00999999999999801
"2019-02-11 09:22:00",4860,-0.0499999999999972
"2019-02-11 09:23:00",1600,-0.0300000000000011
"2019-02-11 09:24:00",15192,0
"2019-02-11 09:25:00",2300,-0.0499999999999972
"2019-02-11 09:26:00",14100,0.019999999999996
"2019-02-11 09:27:00",3505,-0.00549999999999784
"2019-02-11 09:28:00",2248,-0.00450000000000017
"2019-02-11 09:29:00",1569,0
"2019-02-11 09:30:00",5501,-0.0499999999999972
"2019-02-11 09:31:00",1400,0.019999999999996
"2019-02-11 09:32:00",1700,-0.00560000000000116
"2019-02-11 09:33:00",9347,-0.00439999999999685
"2019-02-11 09:34:00",2984,0.0118000000000009
"2019-02-11 09:35:00",3009,-0.00180000000000291
"2019-02-11 09:36:00",944,0.00999999999999801
"2019-02-11 09:37:00",300,0.00500000000000256
"2019-02-11 09:38:00",5858,-0.0249999999999986
"2019-02-11 09:39:00",1600,0
"2019-02-11 09:40:00",4150,0.0399999999999991
"2019-02-11 09:41:00",2756,0.019999999999996
"2019-02-11 09:42:00",1000,-0.00999999999999801
"2019-02-11 09:43:00",6129,0.0300000000000011
"2019-02-11 09:44:00",1800,-0.00820000000000221
"2019-02-11 09:45:00",2150,-0.0217999999999989
"2019-02-11 09:46:00",4400,0.0301000000000045
"2019-02-11 09:47:00",6458,0.0298999999999978
"2019-02-11 09:48:00",8800,0.00500000000000256
"2019-02-11 09:49:00",3135,-0.00500000000000256
"2019-02-11 09:50:00",1301,-0.00999999999999801
"2019-02-11 09:51:00",3347,-0.0400000000000063
"2019-02-11 09:52:00",4957,-0.00999999999999801
"2019-02-11 09:53:00",10263,0.00330000000000297
"2019-02-11 09:54:00",17314,-0.023299999999999
"2019-02-11 09:55:00",2527,-0.0200000000000031
"2019-02-11 09:56:00",1036,0.00999999999999801
"2019-02-11 09:57:00",3020,0.0100000000000051
"2019-02-11 09:58:00",3120,-0.0100000000000051
"2019-02-11 09:59:00",1400,0
"2019-02-11 10:00:00",3472,0.0300000000000011
"2019-02-11 10:01:00",1370,0
"2019-02-11 10:02:00",4327,0.00999999999999801
"2019-02-11 10:03:00",5014,0.0400000000000063
"2019-02-11 10:04:00",18729,-0.0100000000000051
"2019-02-11 10:05:00",2850,0.0250000000000057
"2019-02-11 10:06:00",4530,-0.0150000000000006
"2019-02-11 10:07:00",1800,0
"2019-02-11 10:08:00",2442,-0.0400000000000063
"2019-02-11 10:09:00",2367,0
"2019-02-11 10:10:00",8849,0.0150000000000006
"2019-02-11 10:11:00",22655,0.0250000000000057
"2019-02-11 10:12:00",6426,0.00999999999999801
"2019-02-11 10:13:00",3526,0
"2019-02-11 10:14:00",4773,-0.0200000000000031
"2019-02-11 10:15:00",7542,0
"2019-02-11 10:16:00",1052,0.0200000000000031
"2019-02-11 10:17:00",4853,0
"2019-02-11 10:18:00",4125,-0.0200000000000031
"2019-02-11 10:19:00",3836,-0.0300000000000011
"2019-02-11 10:20:00",6724,-0.0399999999999991
"2019-02-11 10:21:00",4750,0.0300000000000011
"2019-02-11 10:22:00",5231,0.0500000000000043
"2019-02-11 10:23:00",13027,0
"2019-02-11 10:24:00",8226,0
"2019-02-11 10:25:00",5750,0.00999999999999801
"2019-02-11 10:26:00",10682,0.0264000000000024
"2019-02-11 10:27:00",2356,-0.0164000000000044
"2019-02-11 10:28:00",5528,0.0350000000000037
"2019-02-11 10:29:00",8723,-0.00500000000000256
"2019-02-11 10:30:00",1761,-0.0300000000000011
"2019-02-11 10:31:00",13891,0
"2019-02-11 10:32:00",10370,0.0300000000000011
"2019-02-11 10:33:00",7808,-0.00999999999999801
"2019-02-11 10:34:00",8003,-0.0399999999999991
"2019-02-11 10:35:00",12882,-0.0100000000000051
"2019-02-11 10:36:00",5595,0.0200000000000031
"2019-02-11 10:37:00",4104,0.0300000000000011
"2019-02-11 10:38:00",2984,-0.0300000000000011
"2019-02-11 10:39:00",1300,-0.00999999999999801
"2019-02-11 10:40:00",1221,-0.0100000000000051
"2019-02-11 10:41:00",3042,0.0300000000000011
"2019-02-11 10:42:00",2641,0.0350000000000037
"2019-02-11 10:43:00",4152,0.00499999999999545
"2019-02-11 10:44:00",3100,-0.0399999999999991
"2019-02-11 10:45:00",2525,0.00999999999999801
"2019-02-11 10:46:00",1624,0.0300000000000011
"2019-02-11 10:47:00",2565,0.00500000000000256
"2019-02-11 10:48:00",3267,0.0150000000000006
"2019-02-11 10:49:00",5105,-0.0300000000000011
"2019-02-11 10:50:00",1890,0.0200000000000031
"2019-02-11 10:51:00",4121,-0.0400000000000063
"2019-02-11 10:52:00",2250,-0.019999999999996
"2019-02-11 10:53:00",2993,-0.0200000000000031
"2019-02-11 10:54:00",8353,0.0100000000000051
"2019-02-11 10:55:00",2626,-0.0100000000000051
"2019-02-11 10:56:00",953,0.0150000000000006
"2019-02-11 10:57:00",2607,0.0350000000000037
"2019-02-11 10:58:00",800,0
"2019-02-11 10:59:00",449,0.0249999999999986
"2019-02-11 11:00:00",6592,0.0450000000000017
"2019-02-11 11:01:00",4043,-0.0150000000000006
"2019-02-11 11:02:00",2848,-0.0200000000000031
"2019-02-11 11:03:00",2850,0.0150000000000006
"2019-02-11 11:04:00",300,0
"2019-02-11 11:05:00",5460,-0.00999999999999801
"2019-02-11 11:06:00",854,0.0399999999999991
"2019-02-11 11:07:00",2100,-0.0300000000000011
"2019-02-11 11:08:00",763,0.0249999999999986
"2019-02-11 11:09:00",4686,0.00500000000000256
"2019-02-11 11:10:00",2370,-0.00999999999999801
"2019-02-11 11:11:00",3975,-0.0300000000000011
"2019-02-11 11:12:00",1200,0.0300000000000011
"2019-02-11 11:13:00",4313,0.00999999999999801
"2019-02-11 11:14:00",1301,0
"2019-02-11 11:15:00",1189,0.00999999999999801
"2019-02-11 11:16:00",3225,-0.00999999999999801
"2019-02-11 11:17:00",2410,-0.0200000000000031
"2019-02-11 11:18:00",1191,0.0200000000000031
"2019-02-11 11:19:00",614,-0.00999999999999801
"2019-02-11 11:20:00",6318,-0.0165000000000006
"2019-02-11 11:21:00",4552,0.0214999999999961
"2019-02-11 11:22:00",4094,-0.0249999999999986
"2019-02-11 11:23:00",2093,-0.00999999999999801
"2019-02-11 11:24:00",5703,-0.00999999999999801
"2019-02-11 11:25:00",1051,0.0249999999999986
"2019-02-11 11:26:00",1580,0.0150000000000006
"2019-02-11 11:27:00",1981,0.019999999999996
"2019-02-11 11:28:00",1215,0.0300000000000011
"2019-02-11 11:29:00",5540,0.0200000000000031
"2019-02-11 11:30:00",2472,-0.0200000000000031
"2019-02-11 11:31:00",3891,-0.0300000000000011
"2019-02-11 11:32:00",4553,0.0249999999999986
"2019-02-11 11:33:00",4000,-0.00499999999999545
"2019-02-11 11:34:00",1100,0.00999999999999801
"2019-02-11 11:35:00",2287,-0.00999999999999801
"2019-02-11 11:36:00",1240,0
"2019-02-11 11:37:00",8530,0.019999999999996
"2019-02-11 11:38:00",1896,-0.028499999999994
"2019-02-11 11:39:00",1953,-0.0365000000000038
"2019-02-11 11:40:00",3663,0.00169999999999959
"2019-02-11 11:41:00",1508,0.023299999999999
"2019-02-11 11:42:00",3154,0.00500000000000256
"2019-02-11 11:43:00",4909,0.013300000000001
"2019-02-11 11:44:00",1222,0.0216999999999956
"2019-02-11 11:45:00",2203,0.0200000000000031
"2019-02-11 11:46:00",1107,-0.0399999999999991
"2019-02-11 11:47:00",1200,-0.0200000000000031
"2019-02-11 11:48:00",1350,0.0100000000000051
"2019-02-11 11:49:00",1599,-0.0100000000000051
"2019-02-11 11:50:00",1100,-0.00999999999999801
"2019-02-11 11:51:00",2900,-0.0200000000000031
"2019-02-11 11:52:00",1565,0.0100000000000051
"2019-02-11 11:53:00",1896,0.00999999999999801
"2019-02-11 11:54:00",700,-0.0350000000000037
"2019-02-11 11:55:00",900,0.0217000000000027
"2019-02-11 11:56:00",3281,-0.00670000000000215
"2019-02-11 11:57:00",3293,0.0200000000000031
"2019-02-11 11:58:00",1100,-0.00999999999999801
"2019-02-11 11:59:00",2182,0.019999999999996
"2019-02-11 12:00:00",4250,-0.00999999999999801
"2019-02-11 12:01:00",2427,0.0200000000000031
"2019-02-11 12:02:00",2089,0.019999999999996
"2019-02-11 12:03:00",1606,-0.00999999999999801
"2019-02-11 12:04:00",2474,-0.00999999999999801
"2019-02-11 12:05:00",900,0.00999999999999801
"2019-02-11 12:06:00",893,0
"2019-02-11 12:07:00",1414,0
"2019-02-11 12:08:00",600,0
"2019-02-11 12:09:00",1207,0.00499999999999545
"2019-02-11 12:10:00",500,-0.00999999999999801
"2019-02-11 12:11:00",5757,-0.0349999999999966
"2019-02-11 12:12:00",2119,0
"2019-02-11 12:13:00",2400,0.00999999999999801
"2019-02-11 12:14:00",1231,-0.00160000000000338
"2019-02-11 12:15:00",1306,0.00160000000000338
"2019-02-11 12:16:00",1075,-0.00999999999999801
"2019-02-11 12:17:00",800,-0.0200000000000031
"2019-02-11 12:18:00",1800,0.0150000000000006
"2019-02-11 12:19:00",2864,-0.00500000000000256
"2019-02-11 12:20:00",15021,0.00500000000000256
"2019-02-11 12:21:00",1281,0.00500000000000256
"2019-02-11 12:22:00",4524,0
"2019-02-11 12:23:00",2367,0.00999999999999801
"2019-02-11 12:24:00",2700,0.0099000000000018
"2019-02-11 12:25:00",3206,-0.0099000000000018
"2019-02-11 12:26:00",2721,0
"2019-02-11 12:27:00",1500,-0.0200000000000031
"2019-02-11 12:28:00",2683,0
"2019-02-11 12:29:00",1800,-0.00499999999999545
"2019-02-11 12:30:00",3999,0
"2019-02-11 12:31:00",3034,-0.00500000000000256
"2019-02-11 12:32:00",3752,0.00500000000000256
"2019-02-11 12:33:00",27984,-0.0350000000000037
"2019-02-11 12:34:00",3718,-0.019999999999996
"2019-02-11 12:35:00",1564,0
"2019-02-11 12:36:00",2200,-0.0200000000000031
"2019-02-11 12:37:00",200,0.00500000000000256
"2019-02-11 12:38:00",4005,0.0325999999999951
"2019-02-11 12:39:00",9980,0.0274000000000001
"2019-02-11 12:40:00",2753,-0.00499999999999545
"2019-02-11 12:41:00",2401,0
"2019-02-11 12:42:00",2696,-0.0200000000000031
"2019-02-11 12:43:00",2159,0.013300000000001
"2019-02-11 12:44:00",2149,-0.00329999999999586
"2019-02-11 12:45:00",2018,-0.0200000000000031
"2019-02-11 12:46:00",1566,0.014800000000001
"2019-02-11 12:47:00",1320,0.00649999999999551
"2019-02-11 12:48:00",2429,-0.00129999999999342
"2019-02-11 12:49:00",1268,0.00999999999999801
"2019-02-11 12:50:00",1213,0.00979999999999848
"2019-02-11 12:51:00",5594,0.0202000000000027
"2019-02-11 12:52:00",1365,0
"2019-02-11 12:53:00",1119,0.0150000000000006
"2019-02-11 12:54:00",2530,-0.0150000000000006
"2019-02-11 12:55:00",3209,0.00280000000000058
"2019-02-11 12:56:00",800,-0.00280000000000058
"2019-02-11 12:57:00",6367,0.00189999999999912
"2019-02-11 12:58:00",4365,0.00809999999999889
"2019-02-11 12:59:00",7337,-0.00999999999999801
"2019-02-11 13:00:00",3538,0.00999999999999801
"2019-02-11 13:01:00",4005,-0.00999999999999801
"2019-02-11 13:02:00",700,0.00999999999999801
"2019-02-11 13:03:00",2544,-0.0200000000000031
"2019-02-11 13:04:00",5932,0
"2019-02-11 13:05:00",3400,0.0350000000000037
"2019-02-11 13:06:00",3122,0.019999999999996
"2019-02-11 13:07:00",4997,-0.0249999999999986
"2019-02-11 13:08:00",2536,0.0100000000000051
"2019-02-11 13:09:00",1655,0.00999999999999801
"2019-02-11 13:10:00",300,0.0150000000000006
"2019-02-11 13:11:00",1300,0
"2019-02-11 13:12:00",7478,0.0150000000000006
"2019-02-11 13:13:00",3057,0
"2019-02-11 13:14:00",2154,-0.0100000000000051
"2019-02-11 13:15:00",4271,-0.00999999999999801
"2019-02-11 13:16:00",2385,-0.00999999999999801
"2019-02-11 13:17:00",3919,-0.00999999999999801
"2019-02-11 13:18:00",2809,-0.0125000000000028
"2019-02-11 13:19:00",3615,0.0257999999999967
"2019-02-11 13:20:00",900,0.00670000000000215
"2019-02-11 13:21:00",1233,0
"2019-02-11 13:22:00",3267,0.0300000000000011
"2019-02-11 13:23:00",8016,-0.0300000000000011
"2019-02-11 13:24:00",1134,0.0200000000000031
"2019-02-11 13:25:00",1908,0.00999999999999801
"2019-02-11 13:26:00",2629,-0.00500000000000256
"2019-02-11 13:27:00",2892,-0.0349999999999966
"2019-02-11 13:28:00",1000,-0.00500000000000256
"2019-02-11 13:29:00",7814,0.00500000000000256
"2019-02-11 13:30:00",1501,0
"2019-02-11 13:31:00",3100,0
"2019-02-11 13:32:00",3387,-0.00999999999999801
"2019-02-11 13:33:00",3564,-0.00500000000000256
"2019-02-11 13:34:00",1089,0.0099000000000018
"2019-02-11 13:35:00",2472,-0.0198999999999998
"2019-02-11 13:36:00",400,0
"2019-02-11 13:37:00",2624,-0.0200000000000031
"2019-02-11 13:38:00",700,-0.00500000000000256
"2019-02-11 13:39:00",3700,0.0100000000000051
"2019-02-11 13:40:00",400,-0.00500000000000256
"2019-02-11 13:41:00",5317,-0.00500000000000256
"2019-02-11 13:42:00",1700,0
"2019-02-11 13:43:00",1000,-0.029999999999994
"2019-02-11 13:44:00",2522,0
"2019-02-11 13:45:00",3940,-0.0300000000000011
"2019-02-11 13:46:00",1418,0
"2019-02-11 13:47:00",3119,0
"2019-02-11 13:48:00",2650,-0.0500000000000043
"2019-02-11 13:49:00",9000,0
"2019-02-11 13:50:00",1700,0.0100000000000051
"2019-02-11 13:51:00",7358,0.00999999999999801
"2019-02-11 13:52:00",2112,0
"2019-02-11 13:53:00",4311,-0.0249999999999986
"2019-02-11 13:54:00",600,-0.00500000000000256
"2019-02-11 13:55:00",2962,0.00999999999999801
"2019-02-11 13:56:00",812,0.0150000000000006
"2019-02-11 13:57:00",921,-0.00499999999999545
"2019-02-11 13:58:00",2663,0.019999999999996
"2019-02-11 13:59:00",3564,-0.0099000000000018
"2019-02-11 14:00:00",3620,-9.99999999962142e-05
"2019-02-11 14:01:00",1800,0
"2019-02-11 14:02:00",2221,0.0249999999999986
"2019-02-11 14:03:00",2200,-0.00500000000000256
"2019-02-11 14:04:00",2275,0.0100000000000051
"2019-02-11 14:05:00",1683,-0.00500000000000256
"2019-02-11 14:06:00",3471,-0.00159999999999627
"2019-02-11 14:07:00",2700,-0.00340000000000629
"2019-02-11 14:08:00",5631,-0.00499999999999545
"2019-02-11 14:09:00",4555,0.0116999999999976
"2019-02-11 14:10:00",1770,0.0183000000000035
"2019-02-11 14:11:00",4920,-0.0100000000000051
"2019-02-11 14:12:00",6669,-0.0017999999999958
"2019-02-11 14:13:00",1100,-0.00319999999999965
"2019-02-11 14:14:00",2513,0
"2019-02-11 14:15:00",4390,0.00499999999999545
"2019-02-11 14:16:00",3578,-0.0109999999999957
"2019-02-11 14:17:00",1720,-0.0140000000000029
"2019-02-11 14:18:00",4620,0.0300000000000011
"2019-02-11 14:19:00",4053,-0.00249999999999773
"2019-02-11 14:20:00",2719,0.0161999999999978
"2019-02-11 14:21:00",1600,0.0112999999999985
"2019-02-11 14:22:00",2110,0.00500000000000256
"2019-02-11 14:23:00",5475,-0.00500000000000256
"2019-02-11 14:24:00",2725,0.00999999999999801
"2019-02-11 14:25:00",5362,0.00500000000000256
"2019-02-11 14:26:00",6191,-0.0198999999999998
"2019-02-11 14:27:00",3012,0.00489999999999924
"2019-02-11 14:28:00",1500,0.0150000000000006
"2019-02-11 14:29:00",1902,-0.00500000000000256
"2019-02-11 14:30:00",6608,0.00500000000000256
"2019-02-11 14:31:00",2615,-0.00999999999999801
"2019-02-11 14:32:00",5090,-0.00999999999999801
"2019-02-11 14:33:00",6561,-0.0200000000000031
"2019-02-11 14:34:00",2800,-0.00999999999999801
"2019-02-11 14:35:00",10530,-0.0300000000000011
"2019-02-11 14:36:00",3377,-0.00500000000000256
"2019-02-11 14:37:00",1379,-0.0034999999999954
"2019-02-11 14:38:00",2885,0.028499999999994
"2019-02-11 14:39:00",2687,0.0200000000000031
"2019-02-11 14:40:00",2074,0
"2019-02-11 14:41:00",4918,-0.00999999999999801
"2019-02-11 14:42:00",4487,-0.0150000000000006
"2019-02-11 14:43:00",3137,0.00999999999999801
"2019-02-11 14:44:00",7323,-0.0150000000000006
"2019-02-11 14:45:00",7609,0.0334000000000003
"2019-02-11 14:46:00",2900,0.00160000000000338
"2019-02-11 14:47:00",4695,-0.0100000000000051
"2019-02-11 14:48:00",8247,-0.00999999999999801
"2019-02-11 14:49:00",4220,0
"2019-02-11 14:50:00",2991,-0.00500000000000256
"2019-02-11 14:51:00",3749,0.00500000000000256
"2019-02-11 14:52:00",5055,0
"2019-02-11 14:53:00",7240,0.0150000000000006
"2019-02-11 14:54:00",12886,0.00999999999999801
"2019-02-11 14:55:00",7110,-0.0349999999999966
"2019-02-11 14:56:00",9240,0.00499999999999545
"2019-02-11 14:57:00",9419,0.0450000000000017
"2019-02-11 14:58:00",9471,-0.00999999999999801
"2019-02-11 14:59:00",35641,-0.0549999999999997
"2019-02-11 15:02:00",17713,0.00999999999999801
"2019-02-11 15:15:00",0,0
"2019-02-12 08:30:00",48505,0.75
"2019-02-12 08:31:00",9300,-0.0198999999999998
"2019-02-12 08:32:00",4299,0.0198999999999998
"2019-02-12 08:33:00",8221,-0.019999999999996
"2019-02-12 08:34:00",7360,-0.0300000000000011
"2019-02-12 08:35:00",9302,0.0700000000000003
"2019-02-12 08:36:00",19834,-0.0399999999999991
"2019-02-12 08:37:00",15021,-0.0100000000000051
"2019-02-12 08:38:00",21910,0.0500000000000043
"2019-02-12 08:39:00",6653,0.0399999999999991
"2019-02-12 08:40:00",5357,0.00150000000000006
"2019-02-12 08:41:00",4104,-0.0114999999999981
"2019-02-12 08:42:00",10785,0.00999999999999801
"2019-02-12 08:43:00",1820,-0.0300000000000011
"2019-02-12 08:44:00",12637,-0.00999999999999801
"2019-02-12 08:45:00",4657,-0.0399999999999991
"2019-02-12 08:46:00",4590,-0.0200000000000031
"2019-02-12 08:47:00",1300,0.0200000000000031
"2019-02-12 08:48:00",2080,0.00999999999999801
"2019-02-12 08:49:00",2283,-0.0200000000000031
"2019-02-12 08:50:00",6972,-0.0300000000000011
"2019-02-12 08:51:00",2625,0.0200000000000031
"2019-02-12 08:52:00",2329,0.00999999999999801
"2019-02-12 08:53:00",2970,0.0200000000000031
"2019-02-12 08:54:00",612,0.019999999999996
"2019-02-12 08:55:00",2000,0.0100000000000051
"2019-02-12 08:56:00",900,0.00999999999999801
"2019-02-12 08:57:00",3803,-0.00630000000000308
"2019-02-12 08:58:00",2050,-0.0236999999999981
"2019-02-12 08:59:00",4426,-0.00999999999999801
"2019-02-12 09:00:00",3090,0.00569999999999737
"2019-02-12 09:01:00",4050,-0.00569999999999737
"2019-02-12 09:02:00",2135,-0.0500000000000043
"2019-02-12 09:03:00",2114,0.0101000000000013
"2019-02-12 09:04:00",2836,0.0499000000000009
"2019-02-12 09:05:00",18255,-0.0105000000000004
"2019-02-12 09:06:00",6141,-0.00949999999999562
"2019-02-12 09:07:00",15946,-0.00550000000000495
"2019-02-12 09:08:00",4700,0.000500000000002387
"2019-02-12 09:09:00",7558,0.00500000000000256
"2019-02-12 09:10:00",1083,0.00499999999999545
"2019-02-12 09:11:00",2338,-0.00499999999999545
"2019-02-12 09:12:00",3990,-0.0100000000000051
"2019-02-12 09:13:00",834,-0.0362000000000009
"2019-02-12 09:14:00",5436,-0.0537999999999954
"2019-02-12 09:15:00",2205,0.019999999999996
"2019-02-12 09:16:00",4536,0.0250000000000057
"2019-02-12 09:17:00",12523,0.0149999999999935
"2019-02-12 09:18:00",1785,-0.00999999999999801
"2019-02-12 09:19:00",2020,-0.00999999999999801
"2019-02-12 09:20:00",6373,-0.00999999999999801
"2019-02-12 09:21:00",3068,0.0399999999999991
"2019-02-12 09:22:00",10316,-0.0150000000000006
"2019-02-12 09:23:00",6043,-0.0150000000000006
"2019-02-12 09:24:00",6613,-0.00999999999999801
"2019-02-12 09:25:00",29378,0.0449999999999946
"2019-02-12 09:26:00",5992,0.0200000000000031
"2019-02-12 09:27:00",36332,-0.0350000000000037
"2019-02-12 09:28:00",9807,-0.019999999999996
"2019-02-12 09:29:00",24164,-0.00500000000000256
"2019-02-12 09:30:00",4696,-0.0296999999999983
"2019-02-12 09:31:00",13966,-0.00529999999999831
"2019-02-12 09:32:00",4817,-0.0200000000000031
"2019-02-12 09:33:00",8185,0.0200000000000031
"2019-02-12 09:34:00",2458,0.0364000000000004
"2019-02-12 09:35:00",2028,0.0185999999999993
"2019-02-12 09:36:00",3640,-0.00999999999999801
"2019-02-12 09:37:00",2436,-0.00500000000000256
"2019-02-12 09:38:00",7099,-0.00999999999999801
"2019-02-12 09:39:00",2380,-0.0300000000000011
"2019-02-12 09:40:00",1678,-0.0135000000000005
"2019-02-12 09:41:00",2090,-0.0264999999999986
"2019-02-12 09:42:00",4107,0.0145999999999944
"2019-02-12 09:43:00",4653,-0.00459999999999638
"2019-02-12 09:44:00",3187,-0.00500000000000256
"2019-02-12 09:45:00",7704,0.0350000000000037
"2019-02-12 09:46:00",1500,-0.00999999999999801
"2019-02-12 09:47:00",2100,-0.0200000000000031
"2019-02-12 09:48:00",3850,0.00999999999999801
"2019-02-12 09:49:00",4838,-0.00999999999999801
"2019-02-12 09:50:00",7070,-0.00500000000000256
"2019-02-12 09:51:00",3068,0.0250000000000057
"2019-02-12 09:52:00",8289,0
"2019-02-12 09:53:00",4535,-0.0100000000000051
"2019-02-12 09:54:00",3578,0.0100000000000051
"2019-02-12 09:55:00",10060,0.00999999999999801
"2019-02-12 09:56:00",10367,0.019999999999996
"2019-02-12 09:57:00",4368,-0.019999999999996
"2019-02-12 09:58:00",5819,0.0300000000000011
"2019-02-12 09:59:00",10431,-0.0300000000000011
"2019-02-12 10:00:00",12615,0.0300000000000011
"2019-02-12 10:01:00",5506,0.0349999999999966
"2019-02-12 10:02:00",1760,-0.00600000000000023
"2019-02-12 10:03:00",3578,-0.0289999999999964
"2019-02-12 10:04:00",1630,-0.0439000000000007
"2019-02-12 10:05:00",2889,0.0138999999999996
"2019-02-12 10:06:00",5867,-0.00999999999999801
"2019-02-12 10:07:00",3729,-0.00690000000000168
"2019-02-12 10:08:00",1875,0.0268999999999977
"2019-02-12 10:09:00",7577,-0.00999999999999801
"2019-02-12 10:10:00",9595,-0.00999999999999801
"2019-02-12 10:11:00",10884,-0.0271000000000043
"2019-02-12 10:12:00",10684,-0.00289999999999679
"2019-02-12 10:13:00",2474,0.00999999999999801
"2019-02-12 10:14:00",4135,0.0200000000000031
"2019-02-12 10:15:00",10655,-0.0100000000000051
"2019-02-12 10:16:00",1875,0.014400000000002
"2019-02-12 10:17:00",10092,0.00560000000000116
"2019-02-12 10:18:00",8957,0.00999999999999801
"2019-02-12 10:19:00",2252,-0.0300000000000011
"2019-02-12 10:20:00",5671,-0.019999999999996
"2019-02-12 10:21:00",7571,-0.0100000000000051
"2019-02-12 10:22:00",2985,-0.019999999999996
"2019-02-12 10:23:00",5146,0.0150000000000006
"2019-02-12 10:24:00",4650,0.00499999999999545
"2019-02-12 10:25:00",2410,0
"2019-02-12 10:26:00",1900,0.0100000000000051
"2019-02-12 10:27:00",2984,0
"2019-02-12 10:28:00",5877,0.00999999999999801
"2019-02-12 10:29:00",14514,0.00999999999999801
"2019-02-12 10:30:00",5871,-0.0499999999999972
"2019-02-12 10:31:00",10424,-0.0350000000000037
"2019-02-12 10:32:00",17990,-0.0249999999999986
"2019-02-12 10:33:00",23298,-0.019999999999996
"2019-02-12 10:34:00",17862,-0.0500000000000043
"2019-02-12 10:35:00",9278,-0.00359999999999872
"2019-02-12 10:36:00",4486,-0.000300000000002854
"2019-02-12 10:37:00",2846,0.0339000000000027
"2019-02-12 10:38:00",1500,-0.00999999999999801
"2019-02-12 10:39:00",8794,0
"2019-02-12 10:40:00",1067,0.00999999999999801
"2019-02-12 10:41:00",10749,0.0399999999999991
"2019-02-12 10:42:00",13517,0.0568000000000026
"2019-02-12 10:43:00",4156,0.0081999999999951
"2019-02-12 10:44:00",4610,0.0300000000000011
"2019-02-12 10:45:00",6433,-0.0150000000000006
"2019-02-12 10:46:00",3511,0
"2019-02-12 10:47:00",4231,0.00500000000000256
"2019-02-12 10:48:00",3200,0.0200000000000031
"2019-02-12 10:49:00",562,0.00499999999999545
"2019-02-12 10:50:00",1434,0
"2019-02-12 10:51:00",2156,0.0399999999999991
"2019-02-12 10:52:00",3601,0.0250000000000057
"2019-02-12 10:53:00",5076,0.0149999999999935
"2019-02-12 10:54:00",2955,-0.00999999999999801
"2019-02-12 10:55:00",700,0.00999999999999801
"2019-02-12 10:56:00",4010,0.0279000000000025
"2019-02-12 10:57:00",2760,0.0121000000000038
"2019-02-12 10:58:00",8965,0
"2019-02-12 10:59:00",8166,0.029999999999994
"2019-02-12 11:00:00",5152,-0.0149999999999935
"2019-02-12 11:01:00",4201,-0.0150000000000006
"2019-02-12 11:02:00",6541,0
"2019-02-12 11:03:00",2588,0.019999999999996
"2019-02-12 11:04:00",4349,-0.0200999999999993
"2019-02-12 11:05:00",5512,-0.0298999999999978
"2019-02-12 11:06:00",2240,-0.0100000000000051
"2019-02-12 11:07:00",4422,0
"2019-02-12 11:08:00",1403,0
"2019-02-12 11:09:00",2645,-0.00999999999999801
"2019-02-12 11:10:00",761,0.00999999999999801
"2019-02-12 11:11:00",3426,-0.00309999999999633
"2019-02-12 11:12:00",1000,-0.00690000000000168
"2019-02-12 11:13:00",10138,0.0300000000000011
"2019-02-12 11:14:00",3122,-0.0150000000000006
"2019-02-12 11:15:00",5411,0.000500000000002387
"2019-02-12 11:16:00",5811,-0.00550000000000495
"2019-02-12 11:17:00",2680,0
"2019-02-12 11:18:00",1863,-0.029999999999994
"2019-02-12 11:19:00",4296,0.00999999999999801
"2019-02-12 11:20:00",10540,0.0249999999999986
"2019-02-12 11:21:00",4200,-0.0150000000000006
"2019-02-12 11:22:00",1401,0
"2019-02-12 11:23:00",1500,0
"2019-02-12 11:24:00",3506,0.0399999999999991
"2019-02-12 11:25:00",2240,0.0200000000000031
"2019-02-12 11:26:00",2469,0.00999999999999801
"2019-02-12 11:27:00",3623,0.0101000000000013
"2019-02-12 11:28:00",2353,-0.0200999999999993
"2019-02-12 11:29:00",3253,-0.00999999999999801
"2019-02-12 11:30:00",1812,0.0150000000000006
"2019-02-12 11:31:00",1232,-0.0099000000000018
"2019-02-12 11:32:00",2815,0.00489999999999924
"2019-02-12 11:33:00",8434,-0.0150000000000006
"2019-02-12 11:34:00",5715,0.0200000000000031
"2019-02-12 11:35:00",8318,0
"2019-02-12 11:36:00",16192,-0.020300000000006
"2019-02-12 11:37:00",5554,0.000300000000002854
"2019-02-12 11:38:00",7491,-0.00500000000000256
"2019-02-12 11:39:00",12131,-0.019999999999996
"2019-02-12 11:40:00",9850,-0.00500000000000256
"2019-02-12 11:41:00",4144,0.00809999999999889
"2019-02-12 11:42:00",2402,-0.0131000000000014
"2019-02-12 11:43:00",5958,0.0100000000000051
"2019-02-12 11:44:00",1960,0.0294999999999987
"2019-02-12 11:45:00",1555,-0.0144999999999982
"2019-02-12 11:46:00",7269,0.0150000000000006
"2019-02-12 11:47:00",12692,-0.0180000000000007
"2019-02-12 11:48:00",2700,-0.0120000000000005
"2019-02-12 11:49:00",1579,0
"2019-02-12 11:50:00",3698,-0.0100000000000051
"2019-02-12 11:51:00",1229,0.00580000000000069
"2019-02-12 11:52:00",2700,0.0142000000000024
"2019-02-12 11:53:00",3409,-0.00999999999999801
"2019-02-12 11:54:00",2151,-0.0100000000000051
"2019-02-12 11:55:00",8250,0.0261000000000067
"2019-02-12 11:56:00",1157,0.0138999999999996
"2019-02-12 11:57:00",2870,0.0150000000000006
"2019-02-12 11:58:00",1125,0.0149999999999935
"2019-02-12 11:59:00",3155,0.0100000000000051
"2019-02-12 12:00:00",5341,-0.0100000000000051
"2019-02-12 12:01:00",3823,0.00500000000000256
"2019-02-12 12:02:00",2870,-0.00739999999999696
"2019-02-12 12:03:00",3300,0.00239999999999441
"2019-02-12 12:04:00",4974,-0.0149999999999935
"2019-02-12 12:05:00",966,0.00909999999999656
"2019-02-12 12:06:00",3975,0.00589999999999691
"2019-02-12 12:07:00",2888,0.0100000000000051
"2019-02-12 12:08:00",8950,0.0499999999999972
"2019-02-12 12:09:00",13548,-0.019999999999996
"2019-02-12 12:10:00",12340,0.029999999999994
"2019-02-12 12:11:00",995,0
"2019-02-12 12:12:00",1400,0.0100000000000051
"2019-02-12 12:13:00",2585,0.00999999999999801
"2019-02-12 12:14:00",3348,-0.00999999999999801
"2019-02-12 12:15:00",1311,0.00999999999999801
"2019-02-12 12:16:00",1900,0.00999999999999801
"2019-02-12 12:17:00",1269,0
"2019-02-12 12:18:00",2784,-0.00999999999999801
"2019-02-12 12:19:00",1233,-0.0129000000000019
"2019-02-12 12:20:00",2264,0.0129000000000019
"2019-02-12 12:21:00",310,-0.00999999999999801
"2019-02-12 12:22:00",5700,0.019999999999996
"2019-02-12 12:23:00",3500,-0.00999999999999801
"2019-02-12 12:24:00",1100,0.0200000000000031
"2019-02-12 12:25:00",1029,0.019999999999996
"2019-02-12 12:26:00",14338,0.0253999999999976
"2019-02-12 12:27:00",2561,0.00460000000000349
"2019-02-12 12:28:00",2556,0
"2019-02-12 12:29:00",2840,-0.00999999999999801
"2019-02-12 12:30:00",3200,-0.0100000000000051
"2019-02-12 12:31:00",4600,0.0200000000000031
"2019-02-12 12:32:00",2448,0.0146000000000015
"2019-02-12 12:33:00",4600,0.000399999999999068
"2019-02-12 12:34:00",5236,0.019999999999996
"2019-02-12 12:35:00",3766,0.0150000000000006
"2019-02-12 12:36:00",4287,-0.0300000000000011
"2019-02-12 12:37:00",4019,-0.00499999999999545
"2019-02-12 12:38:00",1832,-0.00500000000000256
"2019-02-12 12:39:00",2187,0
"2019-02-12 12:40:00",7609,-0.019999999999996
"2019-02-12 12:41:00",5649,0.00509999999999877
"2019-02-12 12:42:00",3567,-0.00509999999999877
"2019-02-12 12:43:00",5271,0
"2019-02-12 12:44:00",5507,0.0237999999999943
"2019-02-12 12:45:00",4975,-0.0237999999999943
"2019-02-12 12:46:00",3879,-0.0167000000000002
"2019-02-12 12:47:00",6326,0.0116999999999976
"2019-02-12 12:48:00",13119,-0.0150000000000006
"2019-02-12 12:49:00",3953,-0.00999999999999801
"2019-02-12 12:50:00",1524,0.019999999999996
"2019-02-12 12:51:00",3620,-0.019999999999996
"2019-02-12 12:52:00",1800,0.00499999999999545
"2019-02-12 12:53:00",3063,-0.019999999999996
"2019-02-12 12:54:00",4884,-0.00919999999999987
"2019-02-12 12:55:00",3800,-0.00910000000000366
"2019-02-12 12:56:00",1119,0.00010000000000332
"2019-02-12 12:57:00",6585,-0.0268000000000015
"2019-02-12 12:58:00",1947,0
"2019-02-12 12:59:00",7129,-0.00999999999999801
"2019-02-12 13:00:00",5120,0
"2019-02-12 13:01:00",563,0
"2019-02-12 13:02:00",1045,0
"2019-02-12 13:03:00",7546,-0.0335000000000036
"2019-02-12 13:04:00",1853,0.007000000000005
"2019-02-12 13:05:00",4241,0.00649999999999551
"2019-02-12 13:06:00",3256,-0.00999999999999801
"2019-02-12 13:07:00",4921,0.0035000000000025
"2019-02-12 13:08:00",5007,-0.0035000000000025
"2019-02-12 13:09:00",2093,0
"2019-02-12 13:10:00",3756,-0.00500000000000256
"2019-02-12 13:11:00",967,0.00910000000000366
"2019-02-12 13:12:00",2771,-0.0140999999999991
"2019-02-12 13:13:00",4162,0.0150000000000006
"2019-02-12 13:14:00",800,0.0249999999999986
"2019-02-12 13:15:00",3400,0
"2019-02-12 13:16:00",1472,-0.0225000000000009
"2019-02-12 13:17:00",1524,-0.000900000000001455
"2019-02-12 13:18:00",500,0.00339999999999918
"2019-02-12 13:19:00",7503,-0.00999999999999801
"2019-02-12 13:20:00",4996,-0.0249999999999986
"2019-02-12 13:21:00",6906,0.00499999999999545
"2019-02-12 13:22:00",2399,-0.00999999999999801
"2019-02-12 13:23:00",1600,0
"2019-02-12 13:24:00",5175,0.0300000000000011
"2019-02-12 13:25:00",5100,-0.0150000000000006
"2019-02-12 13:26:00",4852,0
"2019-02-12 13:27:00",3244,-0.0249999999999986
"2019-02-12 13:28:00",6587,0
"2019-02-12 13:29:00",4043,0.00999999999999801
"2019-02-12 13:30:00",2807,0.00900000000000034
"2019-02-12 13:31:00",2738,0.00430000000000064
"2019-02-12 13:32:00",3677,0.0116999999999976
"2019-02-12 13:33:00",2913,0.00500000000000256
"2019-02-12 13:34:00",4231,-0.00500000000000256
"2019-02-12 13:35:00",4079,-0.00999999999999801
"2019-02-12 13:36:00",3000,0.00500000000000256
"2019-02-12 13:37:00",4342,0.0249999999999986
"2019-02-12 13:38:00",3990,0.00500000000000256
"2019-02-12 13:39:00",6287,0.00499999999999545
"2019-02-12 13:40:00",4900,-0.00499999999999545
"2019-02-12 13:41:00",1842,-0.00010000000000332
"2019-02-12 13:42:00",4582,-0.0099000000000018
"2019-02-12 13:43:00",2700,-0.00589999999999691
"2019-02-12 13:44:00",2222,0.0257999999999967
"2019-02-12 13:45:00",3100,0.0101000000000013
"2019-02-12 13:46:00",2067,0.00500000000000256
"2019-02-12 13:47:00",5783,0.0349999999999966
"2019-02-12 13:48:00",2175,0
"2019-02-12 13:49:00",2266,-0.00999999999999801
"2019-02-12 13:50:00",5055,-0.00999999999999801
"2019-02-12 13:51:00",5547,-0.0350000000000037
"2019-02-12 13:52:00",2239,-0.00999999999999801
"2019-02-12 13:53:00",2994,0
"2019-02-12 13:54:00",3737,-0.00500000000000256
"2019-02-12 13:55:00",3250,-0.0150000000000006
"2019-02-12 13:56:00",2276,0.0100000000000051
"2019-02-12 13:57:00",3077,0.00499999999999545
"2019-02-12 13:58:00",700,0.00110000000000099
"2019-02-12 13:59:00",3380,-0.00110000000000099
"2019-02-12 14:00:00",1100,0.0200000000000031
"2019-02-12 14:01:00",1200,0.0129999999999981
"2019-02-12 14:02:00",1870,0.00200000000000244
"2019-02-12 14:03:00",2358,-0.0100000000000051
"2019-02-12 14:04:00",546,0.00500000000000256
"2019-02-12 14:05:00",1528,0.0200000000000031
"2019-02-12 14:06:00",5831,0.00499999999999545
"2019-02-12 14:07:00",1932,-0.00499999999999545
"2019-02-12 14:08:00",3049,-0.00500000000000256
"2019-02-12 14:09:00",8447,-0.0150000000000006
"2019-02-12 14:10:00",2480,-0.0046999999999997
"2019-02-12 14:11:00",950,0.0046999999999997
"2019-02-12 14:12:00",1944,-0.0150000000000006
"2019-02-12 14:13:00",5494,-0.00489999999999924
"2019-02-12 14:14:00",5765,0.0099000000000018
"2019-02-12 14:15:00",11724,0
"2019-02-12 14:16:00",4154,-0.00500000000000256
"2019-02-12 14:17:00",555,0.00809999999999889
"2019-02-12 14:18:00",2540,-0.00309999999999633
"2019-02-12 14:19:00",7676,0.00560000000000116
"2019-02-12 14:20:00",2391,-0.0106000000000037
"2019-02-12 14:21:00",5568,-0.00499999999999545
"2019-02-12 14:22:00",853,9.99999999962142e-05
"2019-02-12 14:23:00",4831,0.00489999999999924
"2019-02-12 14:24:00",7089,-0.0150000000000006
"2019-02-12 14:25:00",5446,-0.00499999999999545
"2019-02-12 14:26:00",4263,-0.00830000000000553
"2019-02-12 14:27:00",1630,-0.00669999999999504
"2019-02-12 14:28:00",2200,0
"2019-02-12 14:29:00",5987,0
"2019-02-12 14:30:00",4233,-0.00720000000000454
"2019-02-12 14:31:00",1801,-0.00280000000000058
"2019-02-12 14:32:00",2949,0.00590000000000401
"2019-02-12 14:33:00",5896,-0.015900000000002
"2019-02-12 14:34:00",734,0.00500000000000256
"2019-02-12 14:35:00",1393,-0.00820000000000221
"2019-02-12 14:36:00",6798,-0.0167999999999964
"2019-02-12 14:37:00",2947,0.00499999999999545
"2019-02-12 14:38:00",7507,0.0200000000000031
"2019-02-12 14:39:00",2517,0.00499999999999545
"2019-02-12 14:40:00",5925,-0.00479999999999592
"2019-02-12 14:41:00",293,-0.00509999999999877
"2019-02-12 14:42:00",16761,0.00979999999999848
"2019-02-12 14:43:00",2609,-0.00489999999999924
"2019-02-12 14:44:00",13036,-0.0200000000000031
"2019-02-12 14:45:00",3697,-0.0249999999999986
"2019-02-12 14:46:00",788,0
"2019-02-12 14:47:00",3911,0
"2019-02-12 14:48:00",6896,-0.0150000000000006
"2019-02-12 14:49:00",6455,0
"2019-02-12 14:50:00",2107,-0.00500000000000256
"2019-02-12 14:51:00",10580,-0.00999999999999801
"2019-02-12 14:52:00",6709,0.00500000000000256
"2019-02-12 14:53:00",22643,0.00249999999999773
"2019-02-12 14:54:00",9079,-0.00249999999999773
"2019-02-12 14:55:00",11655,0.00499999999999545
"2019-02-12 14:56:00",14689,0
"2019-02-12 14:57:00",24148,0.0150000000000006
"2019-02-12 14:58:00",18838,0.0150000000000006
"2019-02-12 14:59:00",31356,-0.0300000000000011
"2019-02-12 15:01:00",24532,0
"2019-02-12 15:15:00",0,0
"2019-02-13 08:30:00",37665,-0.0249999999999986
"2019-02-13 08:31:00",30941,0.0150000000000006
"2019-02-13 08:32:00",21458,0.0200000000000031
"2019-02-13 08:33:00",26843,0.0300000000000011
"2019-02-13 08:34:00",6880,-0.0260000000000034
"2019-02-13 08:35:00",3800,-0.0240000000000009
"2019-02-13 08:36:00",16433,0.0450000000000017
"2019-02-13 08:37:00",29899,0.0349999999999966
"2019-02-13 08:38:00",16689,0.0500000000000043
"2019-02-13 08:39:00",11848,0.0289999999999964
"2019-02-13 08:40:00",20341,0.00100000000000477
"2019-02-13 08:41:00",15847,0.019999999999996
"2019-02-13 08:42:00",3966,-0.0300000000000011
"2019-02-13 08:43:00",11585,0.0200000000000031
"2019-02-13 08:44:00",21591,0.0200000000000031
"2019-02-13 08:45:00",12980,0.0200999999999993
"2019-02-13 08:46:00",11598,-0.00010000000000332
"2019-02-13 08:47:00",2918,0.0150000000000006
"2019-02-13 08:48:00",24673,-0.0150000000000006
"2019-02-13 08:49:00",9285,-0.019999999999996
"2019-02-13 08:50:00",8449,-0.0150000000000006
"2019-02-13 08:51:00",9953,0.00999999999999801
"2019-02-13 08:52:00",2071,0.0150000000000006
"2019-02-13 08:53:00",12515,-0.0300000000000011
"2019-02-13 08:54:00",10051,0.0099000000000018
"2019-02-13 08:55:00",6270,-0.0499000000000009
"2019-02-13 08:56:00",18236,0
"2019-02-13 08:57:00",2715,0
"2019-02-13 08:58:00",4652,0.0559000000000012
"2019-02-13 08:59:00",8252,-0.0459000000000032
"2019-02-13 09:00:00",17670,0.0200000000000031
"2019-02-13 09:01:00",21288,0.0499999999999972
"2019-02-13 09:02:00",23420,-0.0600000000000023
"2019-02-13 09:03:00",20172,-0.0069999999999979
"2019-02-13 09:04:00",11058,-0.00300000000000011
"2019-02-13 09:05:00",2732,0.00999999999999801
"2019-02-13 09:06:00",2697,0
"2019-02-13 09:07:00",4759,-0.00499999999999545
"2019-02-13 09:08:00",26426,-0.0450000000000017
"2019-02-13 09:09:00",11970,-0.00999999999999801
"2019-02-13 09:10:00",11609,0
"2019-02-13 09:11:00",14306,0.0300000000000011
"2019-02-13 09:12:00",8977,-0.0700000000000003
"2019-02-13 09:13:00",14734,0.00999999999999801
"2019-02-13 09:14:00",15178,0.00999999999999801
"2019-02-13 09:15:00",13063,-0.019999999999996
"2019-02-13 09:16:00",9532,0.019999999999996
"2019-02-13 09:17:00",8277,0.0200000000000031
"2019-02-13 09:18:00",8556,0.00999999999999801
"2019-02-13 09:19:00",8877,0.0300000000000011
"2019-02-13 09:20:00",5399,-0.0300000000000011
"2019-02-13 09:21:00",5509,0.00999999999999801
"2019-02-13 09:22:00",2354,0.0100000000000051
"2019-02-13 09:23:00",4715,0.0499999999999972
"2019-02-13 09:24:00",7362,0.0200000000000031
"2019-02-13 09:25:00",14275,0.019999999999996
"2019-02-13 09:26:00",6331,-0.0399999999999991
"2019-02-13 09:27:00",4150,-0.00999999999999801
"2019-02-13 09:28:00",2812,-0.0200000000000031
"2019-02-13 09:29:00",12450,-0.100000000000001
"2019-02-13 09:30:00",9747,-0.019999999999996
"2019-02-13 09:31:00",3395,0.0599999999999952
"2019-02-13 09:32:00",7078,0.0300000000000011
"2019-02-13 09:33:00",4351,-0.00999999999999801
"2019-02-13 09:34:00",5696,0.0264000000000024
"2019-02-13 09:35:00",9444,0.0535999999999959
"2019-02-13 09:36:00",10861,0
"2019-02-13 09:37:00",26313,-0.019999999999996
"2019-02-13 09:38:00",2020,0
"2019-02-13 09:39:00",12389,-0.0100000000000051
"2019-02-13 09:40:00",1592,-0.00999999999999801
"2019-02-13 09:41:00",3900,0.00500000000000256
"2019-02-13 09:42:00",7310,-0.00500000000000256
"2019-02-13 09:43:00",8110,0.00999999999999801
"2019-02-13 09:44:00",14244,-0.019999999999996
"2019-02-13 09:45:00",3044,0.019999999999996
"2019-02-13 09:46:00",2701,-0.0349999999999966
"2019-02-13 09:47:00",8421,-0.0219000000000023
"2019-02-13 09:48:00",8213,0.00690000000000168
"2019-02-13 09:49:00",2200,0.00500000000000256
"2019-02-13 09:50:00",3580,0.00499999999999545
"2019-02-13 09:51:00",3640,-0.019999999999996
"2019-02-13 09:52:00",8437,-0.0200000000000031
"2019-02-13 09:53:00",17380,-0.0300000000000011
"2019-02-13 09:54:00",8851,0.0200000000000031
"2019-02-13 09:55:00",4254,-0.00999999999999801
"2019-02-13 09:56:00",12365,-0.0100000000000051
"2019-02-13 09:57:00",10505,-0.019999999999996
"2019-02-13 09:58:00",5235,0.0163000000000011
"2019-02-13 09:59:00",4227,0.00369999999999493
"2019-02-13 10:00:00",13292,0.0300000000000011
"2019-02-13 10:01:00",11436,0.0200000000000031
"2019-02-13 10:02:00",11718,0.019999999999996
"2019-02-13 10:03:00",5923,0.00500000000000256
"2019-02-13 10:04:00",9695,0.0349999999999966
"2019-02-13 10:05:00",3463,0
"2019-02-13 10:06:00",10348,0
"2019-02-13 10:07:00",9711,-0.029999999999994
"2019-02-13 10:08:00",14614,-0.0600000000000023
"2019-02-13 10:09:00",4060,0.00999999999999801
"2019-02-13 10:10:00",15941,0.0150000000000006
"2019-02-13 10:11:00",54862,-0.0035000000000025
"2019-02-13 10:12:00",51221,0.0435000000000016
"2019-02-13 10:13:00",40545,0.0150000000000006
"2019-02-13 10:14:00",21481,0.0099000000000018
"2019-02-13 10:15:00",24968,-0.0149000000000044
"2019-02-13 10:16:00",27549,-0.00499999999999545
"2019-02-13 10:17:00",57472,-0.00999999999999801
"2019-02-13 10:18:00",31165,-0.0200000000000031
"2019-02-13 10:19:00",45053,0.00999999999999801
"2019-02-13 10:20:00",74086,-0.0399999999999991
"2019-02-13 10:21:00",57801,0.0249999999999986
"2019-02-13 10:22:00",35982,0.0150000000000006
"2019-02-13 10:23:00",5884,-0.0449999999999946
"2019-02-13 10:24:00",5234,-0.0100000000000051
"2019-02-13 10:25:00",10371,-0.0349999999999966
"2019-02-13 10:26:00",4148,0.00999999999999801
"2019-02-13 10:27:00",9263,0.0200000000000031
"2019-02-13 10:28:00",5077,0.00669999999999504
"2019-02-13 10:29:00",6074,-0.00669999999999504
"2019-02-13 10:30:00",9130,-0.0700000000000003
"2019-02-13 10:31:00",7506,0.029999999999994
"2019-02-13 10:32:00",5553,-0.029999999999994
"2019-02-13 10:33:00",24662,0.00399999999999778
"2019-02-13 10:34:00",12036,-0.0240000000000009
"2019-02-13 10:35:00",8753,0.0350000000000037
"2019-02-13 10:36:00",2889,-0.0100000000000051
"2019-02-13 10:37:00",1415,-0.0011999999999972
"2019-02-13 10:38:00",2044,0.00619999999999976
"2019-02-13 10:39:00",5513,-0.00999999999999801
"2019-02-13 10:40:00",5847,-0.0100000000000051
"2019-02-13 10:41:00",2230,0.0100000000000051
"2019-02-13 10:42:00",4026,-0.0250000000000057
"2019-02-13 10:43:00",9906,-0.0449999999999946
"2019-02-13 10:44:00",4935,-0.0250000000000057
"2019-02-13 10:45:00",1800,0.0250000000000057
"2019-02-13 10:46:00",4489,0.0150000000000006
"2019-02-13 10:47:00",2298,0.00499999999999545
"2019-02-13 10:48:00",3027,0
"2019-02-13 10:49:00",3692,0.0200000000000031
"2019-02-13 10:50:00",805,0.019999999999996
"2019-02-13 10:51:00",1423,0.0300000000000011
"2019-02-13 10:52:00",15590,0.0300000000000011
"2019-02-13 10:53:00",2100,0
"2019-02-13 10:54:00",700,-0.0200000000000031
"2019-02-13 10:55:00",2500,0.0100000000000051
"2019-02-13 10:56:00",1800,0.019999999999996
"2019-02-13 10:57:00",600,0.0100000000000051
"2019-02-13 10:58:00",1900,0.019999999999996
"2019-02-13 10:59:00",3402,-0.0150000000000006
"2019-02-13 11:00:00",3015,0.0249999999999986
"2019-02-13 11:01:00",3500,-0.00999999999999801
"2019-02-13 11:02:00",600,-0.0399999999999991
"2019-02-13 11:03:00",2278,0.0200000000000031
"2019-02-13 11:04:00",3413,-0.0200000000000031
"2019-02-13 11:05:00",2401,0.00999999999999801
"2019-02-13 11:06:00",1503,-0.00999999999999801
"2019-02-13 11:07:00",300,0
"2019-02-13 11:08:00",1804,-0.00999999999999801
"2019-02-13 11:09:00",3270,-0.0299000000000049
"2019-02-13 11:10:00",1220,0.0299000000000049
"2019-02-13 11:11:00",1000,0
"2019-02-13 11:12:00",1950,-0.043600000000005
"2019-02-13 11:13:00",1500,-0.000499999999995282
"2019-02-13 11:14:00",6100,-0.0209000000000046
"2019-02-13 11:15:00",6320,-0.00499999999999545
"2019-02-13 11:16:00",2361,0.019999999999996
"2019-02-13 11:17:00",1166,0
"2019-02-13 11:18:00",714,0
"2019-02-13 11:19:00",1807,-0.019999999999996
"2019-02-13 11:20:00",11800,-0.0382999999999996
"2019-02-13 11:21:00",11494,0.00419999999999732
"2019-02-13 11:22:00",3195,-0.00589999999999691
"2019-02-13 11:23:00",12737,-0.00509999999999877
"2019-02-13 11:24:00",7113,-0.0149000000000044
"2019-02-13 11:25:00",3791,0.00999999999999801
"2019-02-13 11:26:00",2227,0.0150000000000006
"2019-02-13 11:27:00",1739,-0.0148999999999972
"2019-02-13 11:28:00",1400,0.0249000000000024
"2019-02-13 11:29:00",3961,0.00499999999999545
"2019-02-13 11:30:00",650,0
"2019-02-13 11:31:00",1675,-0.019999999999996
"2019-02-13 11:32:00",1625,0.00999999999999801
"2019-02-13 11:33:00",1325,-0.0200000000000031
"2019-02-13 11:34:00",2600,0.0359000000000052
"2019-02-13 11:35:00",2200,-0.0259
"2019-02-13 11:36:00",1600,-0.0200000000000031
"2019-02-13 11:37:00",2000,0.0249999999999986
"2019-02-13 11:38:00",2173,0.0150000000000006
"2019-02-13 11:39:00",1800,-0.019999999999996
"2019-02-13 11:40:00",1000,0.0300000000000011
"2019-02-13 11:41:00",2301,-0.00500000000000256
"2019-02-13 11:42:00",4750,-0.00489999999999924
"2019-02-13 11:43:00",2900,0.0099000000000018
"2019-02-13 11:44:00",5677,-0.00270000000000437
"2019-02-13 11:45:00",1175,0.0168999999999997
"2019-02-13 11:46:00",882,0.00359999999999872
"2019-02-13 11:47:00",2036,-0.00779999999999603
"2019-02-13 11:48:00",4488,-0.00500000000000256
"2019-02-13 11:49:00",4098,0.00500000000000256
"2019-02-13 11:50:00",973,0
"2019-02-13 11:51:00",1200,-0.0200000000000031
"2019-02-13 11:52:00",1418,0.00359999999999872
"2019-02-13 11:53:00",843,0.0064000000000064
"2019-02-13 11:54:00",1889,0
"2019-02-13 11:55:00",2100,0
"2019-02-13 11:56:00",1447,0.00999999999999801
"2019-02-13 11:57:00",1200,-0.00500000000000256
"2019-02-13 11:58:00",1100,0.00500000000000256
"2019-02-13 11:59:00",1300,0.0150000000000006
"2019-02-13 12:00:00",4641,0.00999999999999801
"2019-02-13 12:01:00",1872,0.00500000000000256
"2019-02-13 12:02:00",3818,-0.00500000000000256
"2019-02-13 12:03:00",4800,0.0249999999999986
"2019-02-13 12:04:00",3980,0
"2019-02-13 12:05:00",1800,-0.00499999999999545
"2019-02-13 12:06:00",8550,0.019999999999996
"2019-02-13 12:07:00",1450,0.00160000000000338
"2019-02-13 12:08:00",4966,0.00339999999999918
"2019-02-13 12:09:00",1071,-0.0200000000000031
"2019-02-13 12:10:00",823,0
"2019-02-13 12:11:00",1522,0
"2019-02-13 12:12:00",4398,-0.00499999999999545
"2019-02-13 12:13:00",4249,0.00169999999999959
"2019-02-13 12:14:00",3545,0.00329999999999586
"2019-02-13 12:15:00",800,-0.00999999999999801
"2019-02-13 12:16:00",3086,0.019999999999996
"2019-02-13 12:17:00",2578,-0.0399999999999991
"2019-02-13 12:18:00",2928,0.0100000000000051
"2019-02-13 12:19:00",2027,0
"2019-02-13 12:20:00",1268,0
"2019-02-13 12:21:00",2339,0
"2019-02-13 12:22:00",7320,-0.0200000000000031
"2019-02-13 12:23:00",4111,-0.0167000000000002
"2019-02-13 12:24:00",6719,-0.023299999999999
"2019-02-13 12:25:00",3146,0.00999999999999801
"2019-02-13 12:26:00",2899,0.0099000000000018
"2019-02-13 12:27:00",1907,-0.0347999999999971
"2019-02-13 12:28:00",1833,-0.00010000000000332
"2019-02-13 12:29:00",1700,0.0150000000000006
"2019-02-13 12:30:00",2595,0
"2019-02-13 12:31:00",400,0
"2019-02-13 12:32:00",800,0.0150000000000006
"2019-02-13 12:33:00",1236,-0.00500000000000256
"2019-02-13 12:34:00",2544,0.0100000000000051
"2019-02-13 12:35:00",2566,-0.0125000000000028
"2019-02-13 12:36:00",2072,0.00750000000000028
"2019-02-13 12:37:00",600,0.00500000000000256
"2019-02-13 12:38:00",835,-0.000500000000002387
"2019-02-13 12:39:00",1691,-0.0035000000000025
"2019-02-13 12:40:00",900,-0.0109999999999957
"2019-02-13 12:41:00",5385,0.0148999999999972
"2019-02-13 12:42:00",1886,-0.00480000000000302
"2019-02-13 12:43:00",5176,0.00490000000000634
"2019-02-13 12:44:00",100,-0.0100000000000051
"2019-02-13 12:45:00",1800,0.0100000000000051
"2019-02-13 12:46:00",2020,-0.0100000000000051
"2019-02-13 12:47:00",2604,0
"2019-02-13 12:48:00",500,-0.00999999999999801
"2019-02-13 12:49:00",925,0
"2019-02-13 12:50:00",9520,-0.011099999999999
"2019-02-13 12:51:00",2018,0.011099999999999
"2019-02-13 12:52:00",2025,0.000999999999997669
"2019-02-13 12:53:00",6037,-0.0109999999999957
"2019-02-13 12:54:00",1050,-0.00100000000000477
"2019-02-13 12:55:00",750,0.00100000000000477
"2019-02-13 12:56:00",1290,-0.0035000000000025
"2019-02-13 12:57:00",4938,-0.0225000000000009
"2019-02-13 12:58:00",614,0.00240000000000151
"2019-02-13 12:59:00",1843,-0.00999999999999801
"2019-02-13 13:00:00",1900,-0.0063999999999993
"2019-02-13 13:01:00",1899,0
"2019-02-13 13:02:00",3440,0.00999999999999801
"2019-02-13 13:03:00",2720,0
"2019-02-13 13:04:00",664,0.00670000000000215
"2019-02-13 13:05:00",1395,-0.00670000000000215
"2019-02-13 13:06:00",1834,-0.00999999999999801
"2019-02-13 13:07:00",751,0.00999999999999801
"2019-02-13 13:08:00",18659,0
"2019-02-13 13:09:00",8164,-0.00999999999999801
"2019-02-13 13:10:00",10356,-0.0300000000000011
"2019-02-13 13:11:00",3025,-0.0117000000000047
"2019-02-13 13:12:00",3196,-0.0132999999999939
"2019-02-13 13:13:00",3307,-0.00500000000000256
"2019-02-13 13:14:00",3760,0.0249999999999986
"2019-02-13 13:15:00",1685,-0.00500000000000256
"2019-02-13 13:16:00",2200,-0.00499999999999545
"2019-02-13 13:17:00",3706,0
"2019-02-13 13:18:00",7400,0.00499999999999545
"2019-02-13 13:19:00",1112,-0.00499999999999545
"2019-02-13 13:20:00",21784,-0.00999999999999801
"2019-02-13 13:21:00",5354,-0.00500000000000256
"2019-02-13 13:22:00",10381,-0.00999999999999801
"2019-02-13 13:23:00",3078,0.019999999999996
"2019-02-13 13:24:00",15741,0.00999999999999801
"2019-02-13 13:25:00",6153,-0.00499999999999545
"2019-02-13 13:26:00",3490,-0.0497000000000014
"2019-02-13 13:27:00",545,0.0146999999999977
"2019-02-13 13:28:00",5463,0.0183999999999997
"2019-02-13 13:29:00",2330,-0.0111999999999952
"2019-02-13 13:30:00",2498,0.0127999999999986
"2019-02-13 13:31:00",3400,0.00999999999999801
"2019-02-13 13:32:00",3446,0.0200000000000031
"2019-02-13 13:33:00",3483,0
"2019-02-13 13:34:00",3250,0.019999999999996
"2019-02-13 13:35:00",4945,0
"2019-02-13 13:36:00",1348,-0.00499999999999545
"2019-02-13 13:37:00",3664,-0.0100000000000051
"2019-02-13 13:38:00",5500,-0.00499999999999545
"2019-02-13 13:39:00",6993,0.00499999999999545
"2019-02-13 13:40:00",4636,-0.0150000000000006
"2019-02-13 13:41:00",4594,0.00500000000000256
"2019-02-13 13:42:00",1650,-0.00999999999999801
"2019-02-13 13:43:00",4416,0.00999999999999801
"2019-02-13 13:44:00",3256,-0.00999999999999801
"2019-02-13 13:45:00",26347,-0.00750000000000028
"2019-02-13 13:46:00",3902,0.0124999999999957
"2019-02-13 13:47:00",3254,0.0385000000000062
"2019-02-13 13:48:00",900,0.00649999999999551
"2019-02-13 13:49:00",2970,-0.0163000000000011
"2019-02-13 13:50:00",1535,0.0041000000000011
"2019-02-13 13:51:00",4015,0.0172000000000025
"2019-02-13 13:52:00",5077,-0.00999999999999801
"2019-02-13 13:53:00",2901,0
"2019-02-13 13:54:00",1210,0
"2019-02-13 13:55:00",1660,0.00499999999999545
"2019-02-13 13:56:00",455,0.00189999999999912
"2019-02-13 13:57:00",6700,-0.0168999999999997
"2019-02-13 13:58:00",14803,0
"2019-02-13 13:59:00",2060,-0.00999999999999801
"2019-02-13 14:00:00",9145,0.0200000000000031
"2019-02-13 14:01:00",3126,-0.0200000000000031
"2019-02-13 14:02:00",3364,-0.0272000000000006
"2019-02-13 14:03:00",4659,0.00719999999999743
"2019-02-13 14:04:00",2514,-0.00999999999999801
"2019-02-13 14:05:00",200,0.00500000000000256
"2019-02-13 14:06:00",100,0.00489999999999924
"2019-02-13 14:07:00",18203,-0.0399000000000029
"2019-02-13 14:08:00",3100,0
"2019-02-13 14:09:00",1930,0
"2019-02-13 14:10:00",6355,0.0100000000000051
"2019-02-13 14:11:00",4000,0.019999999999996
"2019-02-13 14:12:00",1965,0.0228000000000037
"2019-02-13 14:13:00",4242,0.00719999999999743
"2019-02-13 14:14:00",2610,-0.0300000000000011
"2019-02-13 14:15:00",850,0.00999999999999801
"2019-02-13 14:16:00",700,0.00400000000000489
"2019-02-13 14:17:00",866,0.0210000000000008
"2019-02-13 14:18:00",2346,0.00499999999999545
"2019-02-13 14:19:00",2600,0.0100000000000051
"2019-02-13 14:20:00",4038,-0.0177000000000049
"2019-02-13 14:21:00",10610,-0.0122999999999962
"2019-02-13 14:22:00",3061,0.0210000000000008
"2019-02-13 14:23:00",1528,-0.0110000000000028
"2019-02-13 14:24:00",4657,0.00999999999999801
"2019-02-13 14:25:00",1476,0.0100000000000051
"2019-02-13 14:26:00",9145,0
"2019-02-13 14:27:00",1692,0.00489999999999924
"2019-02-13 14:28:00",3171,0.0250999999999948
"2019-02-13 14:29:00",6923,-0.00499999999999545
"2019-02-13 14:30:00",7632,0.0150000000000006
"2019-02-13 14:31:00",2875,0.00999999999999801
"2019-02-13 14:32:00",3195,-0.00500000000000256
"2019-02-13 14:33:00",4905,-0.00499999999999545
"2019-02-13 14:34:00",2801,-0.0150000000000006
"2019-02-13 14:35:00",2150,0.019999999999996
"2019-02-13 14:36:00",1840,0.00130000000000052
"2019-02-13 14:37:00",2589,0.00870000000000459
"2019-02-13 14:38:00",15355,-0.00500000000000256
"2019-02-13 14:39:00",7021,0.00650000000000261
"2019-02-13 14:40:00",2326,-0.0064000000000064
"2019-02-13 14:41:00",7244,-0.00509999999999877
"2019-02-13 14:42:00",2980,0.00489999999999924
"2019-02-13 14:43:00",1697,0.00010000000000332
"2019-02-13 14:44:00",5143,0.0298999999999978
"2019-02-13 14:45:00",6573,-0.00489999999999924
"2019-02-13 14:46:00",8666,-0.0450999999999979
"2019-02-13 14:47:00",7556,-0.0298999999999978
"2019-02-13 14:48:00",9474,0.029999999999994
"2019-02-13 14:49:00",7846,-0.00499999999999545
"2019-02-13 14:50:00",1106,0.00240000000000151
"2019-02-13 14:51:00",17994,-0.0174000000000021
"2019-02-13 14:52:00",5740,0.00999999999999801
"2019-02-13 14:53:00",4224,0.0150000000000006
"2019-02-13 14:54:00",10515,0.0150000000000006
"2019-02-13 14:55:00",17322,-0.00999999999999801
"2019-02-13 14:56:00",13190,0.019999999999996
"2019-02-13 14:57:00",7100,-0.000799999999998136
"2019-02-13 14:58:00",16665,0.0257999999999967
"2019-02-13 14:59:00",28355,-0.0549999999999997
"2019-02-13 15:02:00",18329,0
"2019-02-13 15:15:00",0,0
"2019-02-14 08:30:00",41891,-0.969999999999999
"2019-02-14 08:31:00",22561,-0.00999999999999801
"2019-02-14 08:32:00",13325,0
"2019-02-14 08:33:00",4678,0.0600000000000023
"2019-02-14 08:34:00",11881,0.0944999999999965
"2019-02-14 08:35:00",4586,-0.0345000000000013
"2019-02-14 08:36:00",4619,-0.0300000000000011
"2019-02-14 08:37:00",2300,-0.00989999999999469
"2019-02-14 08:38:00",15739,0.00989999999999469
"2019-02-14 08:39:00",3803,-0.029999999999994
"2019-02-14 08:40:00",8123,0
"2019-02-14 08:41:00",9351,0.019999999999996
"2019-02-14 08:42:00",1190,0.0339999999999989
"2019-02-14 08:43:00",2872,-0.0139999999999958
"2019-02-14 08:44:00",6100,-0.0300000000000011
"2019-02-14 08:45:00",7714,-0.0399999999999991
"2019-02-14 08:46:00",5371,-0.0300000000000011
"2019-02-14 08:47:00",3732,0.0300000000000011
"2019-02-14 08:48:00",2115,0.0300000000000011
"2019-02-14 08:49:00",3207,0.00999999999999801
"2019-02-14 08:50:00",2614,0
"2019-02-14 08:51:00",6100,0.0899999999999963
"2019-02-14 08:52:00",5078,-0.0399999999999991
"2019-02-14 08:53:00",2591,0.0200000000000031
"2019-02-14 08:54:00",2171,0.0300000000000011
"2019-02-14 08:55:00",4704,-0.0100000000000051
"2019-02-14 08:56:00",2429,0.0400000000000063
"2019-02-14 08:57:00",2729,-0.0200000000000031
"2019-02-14 08:58:00",1136,-0.0499999999999972
"2019-02-14 08:59:00",8802,0
"2019-02-14 09:00:00",21036,-0.0600000000000023
"2019-02-14 09:01:00",3960,-0.0200000000000031
"2019-02-14 09:02:00",6539,-0.0700000000000003
"2019-02-14 09:03:00",6661,0.0300000000000011
"2019-02-14 09:04:00",2501,-0.00499999999999545
"2019-02-14 09:05:00",7093,-0.0150000000000006
"2019-02-14 09:06:00",13177,-0.0250000000000057
"2019-02-14 09:07:00",10446,0.0450000000000017
"2019-02-14 09:08:00",6450,0.0399999999999991
"2019-02-14 09:09:00",1337,0.0200000000000031
"2019-02-14 09:10:00",1482,-0.00999999999999801
"2019-02-14 09:11:00",3601,0.0499999999999972
"2019-02-14 09:12:00",2600,0.0499999999999972
"2019-02-14 09:13:00",2263,-0.019999999999996
"2019-02-14 09:14:00",5483,0.00999999999999801
"2019-02-14 09:15:00",19265,0.0399999999999991
"2019-02-14 09:16:00",6444,-0.0499999999999972
"2019-02-14 09:17:00",1520,-0.00999999999999801
"2019-02-14 09:18:00",5897,0.0499999999999972
"2019-02-14 09:19:00",1900,-0.00999999999999801
"2019-02-14 09:20:00",1492,-0.0100000000000051
"2019-02-14 09:21:00",1193,0.0250000000000057
"2019-02-14 09:22:00",900,-0.0120000000000005
"2019-02-14 09:23:00",900,-0.00300000000000011
"2019-02-14 09:24:00",1025,0.00999999999999801
"2019-02-14 09:25:00",1714,0.00999999999999801
"2019-02-14 09:26:00",3568,-0.019999999999996
"2019-02-14 09:27:00",3165,0.0131999999999977
"2019-02-14 09:28:00",1350,0.0266999999999982
"2019-02-14 09:29:00",1236,0.0200999999999993
"2019-02-14 09:30:00",1100,-0.00999999999999801
"2019-02-14 09:31:00",2689,0.0566000000000031
"2019-02-14 09:32:00",9354,0.00339999999999918
"2019-02-14 09:33:00",5513,-0.0300000000000011
"2019-02-14 09:34:00",3900,0.0399999999999991
"2019-02-14 09:35:00",8272,0.0200000000000031
"2019-02-14 09:36:00",15551,-0.0399999999999991
"2019-02-14 09:37:00",28470,-0.140000000000001
"2019-02-14 09:38:00",18054,-0.0750000000000028
"2019-02-14 09:39:00",10053,0.0600000000000023
"2019-02-14 09:40:00",5266,0.0949999999999989
"2019-02-14 09:41:00",10022,0.00499999999999545
"2019-02-14 09:42:00",23113,-0.0249999999999986
"2019-02-14 09:43:00",8095,-0.00999999999999801
"2019-02-14 09:44:00",12339,-0.0600000000000023
"2019-02-14 09:45:00",7145,0
"2019-02-14 09:46:00",3000,0.0399999999999991
"2019-02-14 09:47:00",5572,0.0500000000000043
"2019-02-14 09:48:00",2803,-0.0350000000000037
"2019-02-14 09:49:00",6116,0.00500000000000256
"2019-02-14 09:50:00",3783,0
"2019-02-14 09:51:00",8184,-0.00999999999999801
"2019-02-14 09:52:00",4025,0.0700000000000003
"2019-02-14 09:53:00",6200,-0.0800000000000054
"2019-02-14 09:54:00",3660,-0.00999999999999801
"2019-02-14 09:55:00",4715,-0.019999999999996
"2019-02-14 09:56:00",7340,-0.0300000000000011
"2019-02-14 09:57:00",3615,0.0450000000000017
"2019-02-14 09:58:00",5588,0.0249999999999986
"2019-02-14 09:59:00",4732,0.019999999999996
"2019-02-14 10:00:00",5297,-0.0300000000000011
"2019-02-14 10:01:00",5275,0
"2019-02-14 10:02:00",2763,-0.0499999999999972
"2019-02-14 10:03:00",7100,-0.0200000000000031
"2019-02-14 10:04:00",16990,-0.00999999999999801
"2019-02-14 10:05:00",6316,0.00999999999999801
"2019-02-14 10:06:00",3680,0.0350000000000037
"2019-02-14 10:07:00",7313,0.0249999999999986
"2019-02-14 10:08:00",5530,0
"2019-02-14 10:09:00",3344,0.00999999999999801
"2019-02-14 10:10:00",7963,-0.019999999999996
"2019-02-14 10:11:00",6852,-0.0157999999999987
"2019-02-14 10:12:00",2007,-0.0142000000000024
"2019-02-14 10:13:00",4155,0.00999999999999801
"2019-02-14 10:14:00",2800,0
"2019-02-14 10:15:00",5779,0
"2019-02-14 10:16:00",2441,-0.014800000000001
"2019-02-14 10:17:00",3870,-0.00519999999999499
"2019-02-14 10:18:00",4840,-0.0100000000000051
"2019-02-14 10:19:00",6351,0
"2019-02-14 10:20:00",2724,-0.00999999999999801
"2019-02-14 10:21:00",5122,0.00339999999999918
"2019-02-14 10:22:00",7560,-0.00339999999999918
"2019-02-14 10:23:00",2035,-0.00999999999999801
"2019-02-14 10:24:00",3505,0
"2019-02-14 10:25:00",6072,0
"2019-02-14 10:26:00",6024,-0.00999999999999801
"2019-02-14 10:27:00",5678,-0.0300000000000011
"2019-02-14 10:28:00",2400,0
"2019-02-14 10:29:00",24409,-0.00999999999999801
"2019-02-14 10:30:00",20948,-0.0100000000000051
"2019-02-14 10:31:00",15850,-0.0549999999999997
"2019-02-14 10:32:00",36671,-0.0349999999999966
"2019-02-14 10:33:00",9893,0
"2019-02-14 10:34:00",25171,0.0399999999999991
"2019-02-14 10:35:00",4791,0.00999999999999801
"2019-02-14 10:36:00",3582,0
"2019-02-14 10:37:00",10781,0.0200000000000031
"2019-02-14 10:38:00",920,0
"2019-02-14 10:39:00",2176,0.019999999999996
"2019-02-14 10:40:00",7372,0
"2019-02-14 10:41:00",2895,0
"2019-02-14 10:42:00",1484,-0.00999999999999801
"2019-02-14 10:43:00",1438,0.00999999999999801
"2019-02-14 10:44:00",1400,-0.00999999999999801
"2019-02-14 10:45:00",1700,-0.0399999999999991
"2019-02-14 10:46:00",2660,0.019999999999996
"2019-02-14 10:47:00",1130,0.0200000000000031
"2019-02-14 10:48:00",5559,0.00500000000000256
"2019-02-14 10:49:00",1711,0.00499999999999545
"2019-02-14 10:50:00",2844,-0.019999999999996
"2019-02-14 10:51:00",3322,0
"2019-02-14 10:52:00",1200,0.00999999999999801
"2019-02-14 10:53:00",1299,-0.00889999999999702
"2019-02-14 10:54:00",909,0.018899999999995
"2019-02-14 10:55:00",1626,0.0100000000000051
"2019-02-14 10:56:00",1117,0
"2019-02-14 10:57:00",2158,0.0156999999999954
"2019-02-14 10:58:00",1583,0.0142999999999986
"2019-02-14 10:59:00",3800,0.0100000000000051
"2019-02-14 11:00:00",4830,-0.0200000000000031
"2019-02-14 11:01:00",2300,0.0200000000000031
"2019-02-14 11:02:00",1612,0.0249999999999986
"2019-02-14 11:03:00",2353,0.0399999999999991
"2019-02-14 11:04:00",1300,0.0150000000000006
"2019-02-14 11:05:00",3455,-0.00999999999999801
"2019-02-14 11:06:00",1800,0.0499999999999972
"2019-02-14 11:07:00",7600,0.0200000000000031
"2019-02-14 11:08:00",2530,0
"2019-02-14 11:09:00",1925,-0.0100000000000051
"2019-02-14 11:10:00",4472,-0.0399999999999991
"2019-02-14 11:11:00",5783,0.00999999999999801
"2019-02-14 11:12:00",704,-0.00999999999999801
"2019-02-14 11:13:00",2100,0.0300000000000011
"2019-02-14 11:14:00",400,0.0200000000000031
"2019-02-14 11:15:00",1580,-0.0300000000000011
"2019-02-14 11:16:00",400,0.0249999999999986
"2019-02-14 11:17:00",1100,-0.0150000000000006
"2019-02-14 11:18:00",1546,0.0200000000000031
"2019-02-14 11:19:00",3216,0.0499999999999972
"2019-02-14 11:20:00",1057,0
"2019-02-14 11:21:00",780,0
"2019-02-14 11:22:00",911,-0.00999999999999801
"2019-02-14 11:23:00",831,0.0163000000000011
"2019-02-14 11:24:00",1700,0.0236999999999981
"2019-02-14 11:25:00",2325,0.00999999999999801
"2019-02-14 11:26:00",700,0
"2019-02-14 11:27:00",100,-0.00999999999999801
"2019-02-14 11:28:00",400,0.0168999999999997
"2019-02-14 11:29:00",1090,-0.0168999999999997
"2019-02-14 11:30:00",14142,0.019999999999996
"2019-02-14 11:31:00",1154,-0.0200999999999993
"2019-02-14 11:32:00",1690,0.00010000000000332
"2019-02-14 11:33:00",500,0.019999999999996
"2019-02-14 11:34:00",1400,-0.0210000000000008
"2019-02-14 11:35:00",1500,-0.00899999999999324
"2019-02-14 11:36:00",1308,0.0252999999999943
"2019-02-14 11:37:00",900,0.0147000000000048
"2019-02-14 11:38:00",668,-0.0300000000000011
"2019-02-14 11:39:00",300,0.00999999999999801
"2019-02-14 11:40:00",3900,0.0138000000000034
"2019-02-14 11:41:00",2178,0.0329999999999941
"2019-02-14 11:42:00",8633,-0.0267999999999944
"2019-02-14 11:43:00",900,-0.0100000000000051
"2019-02-14 11:44:00",2135,-0.00499999999999545
"2019-02-14 11:45:00",1601,0.00999999999999801
"2019-02-14 11:46:00",2587,0.00500000000000256
"2019-02-14 11:47:00",2750,0
"2019-02-14 11:48:00",600,0.00900000000000034
"2019-02-14 11:49:00",1188,-0.0390000000000015
"2019-02-14 11:50:00",2400,0.0300000000000011
"2019-02-14 11:51:00",2900,-0.0100000000000051
"2019-02-14 11:52:00",700,0.0100000000000051
"2019-02-14 11:53:00",2564,0.029999999999994
"2019-02-14 11:54:00",1956,-0.0149999999999935
"2019-02-14 11:55:00",800,-0.0100000000000051
"2019-02-14 11:56:00",2118,0.0150000000000006
"2019-02-14 11:57:00",1935,0.00999999999999801
"2019-02-14 11:58:00",1320,0
"2019-02-14 11:59:00",805,0
"2019-02-14 12:00:00",1000,0.0100000000000051
"2019-02-14 12:01:00",1371,0
"2019-02-14 12:02:00",3445,-0.0198999999999998
"2019-02-14 12:03:00",5498,-0.0101000000000013
"2019-02-14 12:04:00",2411,0.00999999999999801
"2019-02-14 12:05:00",3559,-9.99999999962142e-05
"2019-02-14 12:06:00",555,-0.0099000000000018
"2019-02-14 12:07:00",1020,0
"2019-02-14 12:08:00",800,-0.00500000000000256
"2019-02-14 12:09:00",960,0.0150000000000006
"2019-02-14 12:10:00",1154,0
"2019-02-14 12:11:00",1200,-0.019999999999996
"2019-02-14 12:12:00",2925,0.00999999999999801
"2019-02-14 12:13:00",1381,0
"2019-02-14 12:14:00",500,0
"2019-02-14 12:15:00",4146,-0.0200000000000031
"2019-02-14 12:16:00",435,0
"2019-02-14 12:17:00",1136,-0.00419999999999732
"2019-02-14 12:18:00",700,0.00419999999999732
"2019-02-14 12:19:00",700,0.00500000000000256
"2019-02-14 12:20:00",2670,0.00500000000000256
"2019-02-14 12:21:00",600,0
"2019-02-14 12:22:00",1189,0.00999999999999801
"2019-02-14 12:23:00",1192,-0.0249999999999986
"2019-02-14 12:24:00",1300,0.00999999999999801
"2019-02-14 12:25:00",2300,-0.00999999999999801
"2019-02-14 12:26:00",528,0
"2019-02-14 12:27:00",2100,0.00499999999999545
"2019-02-14 12:28:00",431,-0.00499999999999545
"2019-02-14 12:29:00",3402,0
"2019-02-14 12:30:00",2982,0.0150000000000006
"2019-02-14 12:31:00",1649,-0.0100000000000051
"2019-02-14 12:32:00",200,0.0100000000000051
"2019-02-14 12:33:00",4316,-0.0100000000000051
"2019-02-14 12:34:00",1665,-0.00999999999999801
"2019-02-14 12:35:00",600,0
"2019-02-14 12:36:00",1000,0
"2019-02-14 12:37:00",1500,0.0200000000000031
"2019-02-14 12:38:00",2327,-0.00500000000000256
"2019-02-14 12:39:00",3288,0.00500000000000256
"2019-02-14 12:40:00",3600,-0.0150000000000006
"2019-02-14 12:41:00",15300,-0.00500000000000256
"2019-02-14 12:42:00",3021,-0.00999999999999801
"2019-02-14 12:43:00",1275,-0.0272000000000006
"2019-02-14 12:44:00",3871,0.0122
"2019-02-14 12:45:00",2500,-0.0150000000000006
"2019-02-14 12:46:00",920,0.00999999999999801
"2019-02-14 12:47:00",960,0.0100000000000051
"2019-02-14 12:48:00",1613,0
"2019-02-14 12:49:00",2673,0.00419999999999732
"2019-02-14 12:50:00",1950,-0.00919999999999987
"2019-02-14 12:51:00",1735,-0.00800000000000267
"2019-02-14 12:52:00",2034,0.00300000000000011
"2019-02-14 12:53:00",3988,0
"2019-02-14 12:54:00",1123,0.0150000000000006
"2019-02-14 12:55:00",980,0.00500000000000256
"2019-02-14 12:56:00",200,0.00499999999999545
"2019-02-14 12:57:00",1400,-0.00499999999999545
"2019-02-14 12:58:00",1113,0
"2019-02-14 12:59:00",1600,0.00499999999999545
"2019-02-14 13:00:00",1200,-0.0249999999999986
"2019-02-14 13:01:00",5022,-0.019999999999996
"2019-02-14 13:02:00",624,0.00999999999999801
"2019-02-14 13:03:00",1400,-0.0200000000000031
"2019-02-14 13:04:00",12319,0
"2019-02-14 13:05:00",1300,-0.0150000000000006
"2019-02-14 13:06:00",2661,-0.00499999999999545
"2019-02-14 13:07:00",4974,0.019999999999996
"2019-02-14 13:08:00",3401,0.00150000000000006
"2019-02-14 13:09:00",2333,0.00850000000000506
"2019-02-14 13:10:00",200,0.00999999999999801
"2019-02-14 13:11:00",2278,0.00999999999999801
"2019-02-14 13:12:00",1585,-0.00629999999999598
"2019-02-14 13:13:00",2000,-0.00860000000000127
"2019-02-14 13:14:00",1700,0.00489999999999924
"2019-02-14 13:15:00",2993,0
"2019-02-14 13:16:00",900,0
"2019-02-14 13:17:00",3329,0
"2019-02-14 13:18:00",1106,-0.00500000000000256
"2019-02-14 13:19:00",1046,0.00500000000000256
"2019-02-14 13:20:00",1642,-0.00800000000000267
"2019-02-14 13:21:00",2643,0.00800000000000267
"2019-02-14 13:22:00",115,-0.0069999999999979
"2019-02-14 13:23:00",1305,0.0169999999999959
"2019-02-14 13:24:00",1806,0.0100000000000051
"2019-02-14 13:25:00",1300,-0.0100000000000051
"2019-02-14 13:26:00",1200,0.0100000000000051
"2019-02-14 13:27:00",3983,-0.0200000000000031
"2019-02-14 13:28:00",1450,0.0200000000000031
"2019-02-14 13:29:00",4069,-0.0100000000000051
"2019-02-14 13:30:00",2133,0.0100000000000051
"2019-02-14 13:31:00",400,0
"2019-02-14 13:32:00",949,-0.0256000000000043
"2019-02-14 13:33:00",1300,0.0256000000000043
"2019-02-14 13:34:00",1324,0.019999999999996
"2019-02-14 13:35:00",500,0.00999999999999801
"2019-02-14 13:36:00",1200,0
"2019-02-14 13:37:00",1400,0
"2019-02-14 13:38:00",1181,-0.00130000000000052
"2019-02-14 13:39:00",1901,-0.00869999999999749
"2019-02-14 13:40:00",7620,0.0200000000000031
"2019-02-14 13:41:00",4310,0.00999999999999801
"2019-02-14 13:42:00",2754,0.00999999999999801
"2019-02-14 13:43:00",2725,0
"2019-02-14 13:44:00",964,0.00999999999999801
"2019-02-14 13:45:00",4400,0
"2019-02-14 13:46:00",839,0.0200000000000031
"2019-02-14 13:47:00",3822,-0.0200000000000031
"2019-02-14 13:48:00",1938,0.0100000000000051
"2019-02-14 13:49:00",2026,0.00999999999999801
"2019-02-14 13:50:00",4732,-0.0200000000000031
"2019-02-14 13:51:00",2297,0
"2019-02-14 13:52:00",600,0.0200000000000031
"2019-02-14 13:53:00",4532,0
"2019-02-14 13:54:00",1107,0.00359999999999872
"2019-02-14 13:55:00",2160,-0.00359999999999872
"2019-02-14 13:56:00",6044,-0.0300000000000011
"2019-02-14 13:57:00",2519,-0.00999999999999801
"2019-02-14 13:58:00",1788,-0.00999999999999801
"2019-02-14 13:59:00",1355,0.029999999999994
"2019-02-14 14:00:00",1783,0.0200000000000031
"2019-02-14 14:01:00",2817,0.0200000000000031
"2019-02-14 14:02:00",4914,-0.00010000000000332
"2019-02-14 14:03:00",1946,-0.0099000000000018
"2019-02-14 14:04:00",2305,-0.00999999999999801
"2019-02-14 14:05:00",1100,0
"2019-02-14 14:06:00",3687,0.0200000000000031
"2019-02-14 14:07:00",5235,0.029999999999994
"2019-02-14 14:08:00",1818,-0.0499999999999972
"2019-02-14 14:09:00",7114,-0.055100000000003
"2019-02-14 14:10:00",3733,0.0251000000000019
"2019-02-14 14:11:00",4629,-0.0300000000000011
"2019-02-14 14:12:00",1721,0
"2019-02-14 14:13:00",3560,-0.019999999999996
"2019-02-14 14:14:00",2356,-0.0249999999999986
"2019-02-14 14:15:00",1953,0.029999999999994
"2019-02-14 14:16:00",3050,-0.00499999999999545
"2019-02-14 14:17:00",2069,0.00169999999999959
"2019-02-14 14:18:00",3115,-0.00169999999999959
"2019-02-14 14:19:00",1772,-0.0150000000000006
"2019-02-14 14:20:00",3442,-0.00500000000000256
"2019-02-14 14:21:00",1359,0.00500000000000256
"2019-02-14 14:22:00",2576,0.0150000000000006
"2019-02-14 14:23:00",3422,0.00499999999999545
"2019-02-14 14:24:00",554,0.0150000000000006
"2019-02-14 14:25:00",1899,-0.00999999999999801
"2019-02-14 14:26:00",8166,-0.0349999999999966
"2019-02-14 14:27:00",1318,0.00999999999999801
"2019-02-14 14:28:00",3369,0
"2019-02-14 14:29:00",4967,0.00500000000000256
"2019-02-14 14:30:00",3355,0.00999999999999801
"2019-02-14 14:31:00",4493,0.0249999999999986
"2019-02-14 14:32:00",4674,0.0349999999999966
"2019-02-14 14:33:00",2120,0.0100000000000051
"2019-02-14 14:34:00",2901,-0.0249999999999986
"2019-02-14 14:35:00",862,0.0249999999999986
"2019-02-14 14:36:00",2389,-0.0150000000000006
"2019-02-14 14:37:00",6724,-0.0307999999999993
"2019-02-14 14:38:00",2075,0.00580000000000069
"2019-02-14 14:39:00",2344,-0.0300000000000011
"2019-02-14 14:40:00",17785,-0.0300000000000011
"2019-02-14 14:41:00",1106,0.00289999999999679
"2019-02-14 14:42:00",10459,-0.0278999999999954
"2019-02-14 14:43:00",6104,-0.00500000000000256
"2019-02-14 14:44:00",16971,0
"2019-02-14 14:45:00",4179,-0.00500000000000256
"2019-02-14 14:46:00",7643,-0.00999999999999801
"2019-02-14 14:47:00",3319,0.00500000000000256
"2019-02-14 14:48:00",7049,-0.0099000000000018
"2019-02-14 14:49:00",9595,-0.036999999999999
"2019-02-14 14:50:00",2773,0.00690000000000168
"2019-02-14 14:51:00",9335,-0.0150000000000006
"2019-02-14 14:52:00",8594,-0.0300000000000011
"2019-02-14 14:53:00",6540,0
"2019-02-14 14:54:00",11262,0.00500000000000256
"2019-02-14 14:55:00",11050,-0.0150000000000006
"2019-02-14 14:56:00",13178,-0.0250000000000057
"2019-02-14 14:57:00",9746,0
"2019-02-14 14:58:00",27355,0.0100000000000051
"2019-02-14 14:59:00",33930,-0.0500000000000043
"2019-02-14 15:02:00",41352,-0.019999999999996
"2019-02-14 15:15:00",0,0
"2019-02-15 08:30:00",67681,0.18
"2019-02-15 08:31:00",34391,-0.0300000000000011
"2019-02-15 08:32:00",14073,-0.0300000000000011
"2019-02-15 08:33:00",19128,0.0200000000000031
"2019-02-15 08:34:00",12686,-0.0100000000000051
"2019-02-15 08:35:00",11543,0.0500000000000043
"2019-02-15 08:36:00",20087,0.0289999999999964
"2019-02-15 08:37:00",15183,-0.0189999999999984
"2019-02-15 08:38:00",7980,0.0200000000000031
"2019-02-15 08:39:00",32425,0.0799999999999983
"2019-02-15 08:40:00",12637,0.00999999999999801
"2019-02-15 08:41:00",11346,0.0500000000000043
"2019-02-15 08:42:00",5356,0.0399999999999991
"2019-02-15 08:43:00",12551,0.00999999999999801
"2019-02-15 08:44:00",7446,-0.0399999999999991
"2019-02-15 08:45:00",18697,-0.0350000000000037
"2019-02-15 08:46:00",41947,0.0549999999999997
"2019-02-15 08:47:00",15558,-0.019999999999996
"2019-02-15 08:48:00",9481,-0.0300000000000011
"2019-02-15 08:49:00",7205,-0.00999999999999801
"2019-02-15 08:50:00",8485,-0.0100000000000051
"2019-02-15 08:51:00",13101,0.0300000000000011
"2019-02-15 08:52:00",25047,0.0250000000000057
"2019-02-15 08:53:00",3400,0.0149999999999935
"2019-02-15 08:54:00",4040,-0.029999999999994
"2019-02-15 08:55:00",13548,-0.00500000000000256
"2019-02-15 08:56:00",7970,-0.00500000000000256
"2019-02-15 08:57:00",20496,-0.0300000000000011
"2019-02-15 08:58:00",18596,-0.029999999999994
"2019-02-15 08:59:00",28572,0.00999999999999801
"2019-02-15 09:00:00",11460,-0.00999999999999801
"2019-02-15 09:01:00",16646,-0.0900000000000034
"2019-02-15 09:02:00",6592,0.0300000000000011
"2019-02-15 09:03:00",16219,0.0399999999999991
"2019-02-15 09:04:00",10773,-0.019999999999996
"2019-02-15 09:05:00",4800,-0.0200000000000031
"2019-02-15 09:06:00",5607,0.0499999999999972
"2019-02-15 09:07:00",13228,-0.00999999999999801
"2019-02-15 09:08:00",5694,0
"2019-02-15 09:09:00",7904,0
"2019-02-15 09:10:00",5308,0.0300000000000011
"2019-02-15 09:11:00",2833,-0.00999999999999801
"2019-02-15 09:12:00",7674,0.00999999999999801
"2019-02-15 09:13:00",2712,-0.0200000000000031
"2019-02-15 09:14:00",2419,0.0300000000000011
"2019-02-15 09:15:00",5059,-0.00999999999999801
"2019-02-15 09:16:00",3415,0.0300000000000011
"2019-02-15 09:17:00",9560,-0.0100000000000051
"2019-02-15 09:18:00",8708,0.0400000000000063
"2019-02-15 09:19:00",5354,0.019999999999996
"2019-02-15 09:20:00",5031,-0.0150000000000006
"2019-02-15 09:21:00",14057,0.0150000000000006
"2019-02-15 09:22:00",8262,0.0300000000000011
"2019-02-15 09:23:00",5750,0.00999999999999801
"2019-02-15 09:24:00",9200,0.0100000000000051
"2019-02-15 09:25:00",2995,0.00499999999999545
"2019-02-15 09:26:00",27936,0.00500000000000256
"2019-02-15 09:27:00",14433,0.0349999999999966
"2019-02-15 09:28:00",3809,-0.0449999999999946
"2019-02-15 09:29:00",17918,0.0149999999999935
"2019-02-15 09:30:00",4847,0.0550000000000068
"2019-02-15 09:31:00",12163,0.029999999999994
"2019-02-15 09:32:00",5715,-0.029999999999994
"2019-02-15 09:33:00",1300,0
"2019-02-15 09:34:00",5067,-0.0200000000000031
"2019-02-15 09:35:00",2527,0.0399999999999991
"2019-02-15 09:36:00",14209,0.0799999999999983
"2019-02-15 09:37:00",14277,0.0100000000000051
"2019-02-15 09:38:00",5047,0
"2019-02-15 09:39:00",10019,-0.0100000000000051
"2019-02-15 09:40:00",3014,0.0300000000000011
"2019-02-15 09:41:00",3597,0
"2019-02-15 09:42:00",3950,0.00999999999999801
"2019-02-15 09:43:00",18307,-0.029999999999994
"2019-02-15 09:44:00",6275,-0.0400000000000063
"2019-02-15 09:45:00",3585,0
"2019-02-15 09:46:00",1500,-0.019999999999996
"2019-02-15 09:47:00",1800,-0.0200000000000031
"2019-02-15 09:48:00",9376,0
"2019-02-15 09:49:00",300,0.0150000000000006
"2019-02-15 09:50:00",3498,-0.0549999999999997
"2019-02-15 09:51:00",1194,0.0399999999999991
"2019-02-15 09:52:00",3211,-0.029999999999994
"2019-02-15 09:53:00",5399,0.0100999999999942
"2019-02-15 09:54:00",5165,-0.0100999999999942
"2019-02-15 09:55:00",14584,0.0449999999999946
"2019-02-15 09:56:00",10620,-0.0150000000000006
"2019-02-15 09:57:00",4257,-0.0150000000000006
"2019-02-15 09:58:00",3020,-0.0549999999999997
"2019-02-15 09:59:00",3523,-0.029999999999994
"2019-02-15 10:00:00",9550,0.00999999999999801
"2019-02-15 10:01:00",42584,0.0549999999999997
"2019-02-15 10:02:00",3200,0.00500000000000256
"2019-02-15 10:03:00",6595,-0.0589000000000013
"2019-02-15 10:04:00",11652,-0.00110000000000099
"2019-02-15 10:05:00",4851,0.019999999999996
"2019-02-15 10:06:00",8834,-0.0499999999999972
"2019-02-15 10:07:00",6097,-0.0300000000000011
"2019-02-15 10:08:00",8359,-0.019999999999996
"2019-02-15 10:09:00",4593,-0.0400000000000063
"2019-02-15 10:10:00",9671,-0.0249999999999986
"2019-02-15 10:11:00",8719,0.0150000000000006
"2019-02-15 10:12:00",5698,-0.0399999999999991
"2019-02-15 10:13:00",12324,-0.019999999999996
"2019-02-15 10:14:00",4775,0.029999999999994
"2019-02-15 10:15:00",4766,-0.0150000000000006
"2019-02-15 10:16:00",10540,0.0400000000000063
"2019-02-15 10:17:00",20859,-0.0450000000000017
"2019-02-15 10:18:00",33963,-0.0200000000000031
"2019-02-15 10:19:00",17018,0.0100000000000051
"2019-02-15 10:20:00",700,-0.0150000000000006
"2019-02-15 10:21:00",12533,-0.0350000000000037
"2019-02-15 10:22:00",23402,0.0450000000000017
"2019-02-15 10:23:00",5143,-0.00500000000000256
"2019-02-15 10:24:00",7772,-0.0300000000000011
"2019-02-15 10:25:00",9404,0.0400000000000063
"2019-02-15 10:26:00",3696,0.00999999999999801
"2019-02-15 10:27:00",6240,0.0399999999999991
"2019-02-15 10:28:00",5203,0.0600000000000023
"2019-02-15 10:29:00",10106,-0.0300000000000011
"2019-02-15 10:30:00",4984,0.019999999999996
"2019-02-15 10:31:00",4700,-0.0449999999999946
"2019-02-15 10:32:00",15336,-0.0423000000000044
"2019-02-15 10:33:00",24797,-0.0276999999999958
"2019-02-15 10:34:00",7985,-0.0350000000000037
"2019-02-15 10:35:00",10971,0.00999999999999801
"2019-02-15 10:36:00",16432,0.0250000000000057
"2019-02-15 10:37:00",3431,0.0150000000000006
"2019-02-15 10:38:00",9150,-0.0100000000000051
"2019-02-15 10:39:00",7262,-0.00999999999999801
"2019-02-15 10:40:00",4800,0
"2019-02-15 10:41:00",6302,0.0300000000000011
"2019-02-15 10:42:00",2575,0.00999999999999801
"2019-02-15 10:43:00",1800,0
"2019-02-15 10:44:00",2600,-0.019999999999996
"2019-02-15 10:45:00",6819,-0.0400000000000063
"2019-02-15 10:46:00",13817,-0.00379999999999825
"2019-02-15 10:47:00",10497,0.0138000000000034
"2019-02-15 10:48:00",3825,-0.00500000000000256
"2019-02-15 10:49:00",3200,0.00160000000000338
"2019-02-15 10:50:00",4014,-0.0216000000000065
"2019-02-15 10:51:00",5289,0.0150000000000006
"2019-02-15 10:52:00",1600,0.0200000000000031
"2019-02-15 10:53:00",1165,0.0200000000000031
"2019-02-15 10:54:00",1707,-0.00500000000000256
"2019-02-15 10:55:00",1196,0.00500000000000256
"2019-02-15 10:56:00",3560,-0.0300000000000011
"2019-02-15 10:57:00",7678,0.00999999999999801
"2019-02-15 10:58:00",10509,0.0300000000000011
"2019-02-15 10:59:00",7665,-0.00999999999999801
"2019-02-15 11:00:00",7200,0.0149999999999935
"2019-02-15 11:01:00",2874,-0.0301999999999936
"2019-02-15 11:02:00",1800,-0.0248000000000062
"2019-02-15 11:03:00",4024,-0.00999999999999801
"2019-02-15 11:04:00",6134,-0.00999999999999801
"2019-02-15 11:05:00",4273,-0.0150000000000006
"2019-02-15 11:06:00",1957,-0.00500000000000256
"2019-02-15 11:07:00",2801,0.0200000000000031
"2019-02-15 11:08:00",1754,0.00670000000000215
"2019-02-15 11:09:00",10353,0.00329999999999586
"2019-02-15 11:10:00",5756,0
"2019-02-15 11:11:00",4400,0.00999999999999801
"2019-02-15 11:12:00",5900,0.0160000000000053
"2019-02-15 11:13:00",2387,0.00399999999999778
"2019-02-15 11:14:00",697,-0.00999999999999801
"2019-02-15 11:15:00",1500,0
"2019-02-15 11:16:00",2100,0
"2019-02-15 11:17:00",3956,0
"2019-02-15 11:18:00",2020,0.00499999999999545
"2019-02-15 11:19:00",4649,0.00500000000000256
"2019-02-15 11:20:00",1935,-0.00569999999999737
"2019-02-15 11:21:00",1667,-0.0143000000000058
"2019-02-15 11:22:00",100,0.00500000000000256
"2019-02-15 11:23:00",1537,0
"2019-02-15 11:24:00",6710,-0.0266999999999982
"2019-02-15 11:25:00",7376,0.0317000000000007
"2019-02-15 11:26:00",2908,0.0148999999999972
"2019-02-15 11:27:00",1100,0.0251000000000019
"2019-02-15 11:28:00",3839,0
"2019-02-15 11:29:00",4060,-0.00999999999999801
"2019-02-15 11:30:00",2000,0
"2019-02-15 11:31:00",1801,-0.0100000000000051
"2019-02-15 11:32:00",5205,-0.0399999999999991
"2019-02-15 11:33:00",2870,0.0200000000000031
"2019-02-15 11:34:00",7092,-0.00500000000000256
"2019-02-15 11:35:00",1844,0.0150000000000006
"2019-02-15 11:36:00",1746,0
"2019-02-15 11:37:00",2600,0
"2019-02-15 11:38:00",1576,0.00500000000000256
"2019-02-15 11:39:00",6099,-0.00500000000000256
"2019-02-15 11:40:00",1950,0.00500000000000256
"2019-02-15 11:41:00",1220,-0.00500000000000256
"2019-02-15 11:42:00",1970,0
"2019-02-15 11:43:00",10550,0
"2019-02-15 11:44:00",3875,-0.0131000000000014
"2019-02-15 11:45:00",6650,-0.0368999999999957
"2019-02-15 11:46:00",4545,-0.0200000000000031
"2019-02-15 11:47:00",2861,0.0200000000000031
"2019-02-15 11:48:00",1300,0
"2019-02-15 11:49:00",1731,-0.0100000000000051
"2019-02-15 11:50:00",2725,-0.00999999999999801
"2019-02-15 11:51:00",7506,-0.00999999999999801
"2019-02-15 11:52:00",2300,0
"2019-02-15 11:53:00",1100,0.00999999999999801
"2019-02-15 11:54:00",1700,-0.0075999999999965
"2019-02-15 11:55:00",8107,0.0075999999999965
"2019-02-15 11:56:00",1270,-0.00500000000000256
"2019-02-15 11:57:00",3673,-0.00499999999999545
"2019-02-15 11:58:00",4028,0.019999999999996
"2019-02-15 11:59:00",1751,0.00300000000000011
"2019-02-15 12:00:00",16353,0.007000000000005
"2019-02-15 12:01:00",4100,-0.00500000000000256
"2019-02-15 12:02:00",3302,-0.0150000000000006
"2019-02-15 12:03:00",3438,0.00619999999999976
"2019-02-15 12:04:00",14125,-0.0262000000000029
"2019-02-15 12:05:00",2406,-0.0149999999999935
"2019-02-15 12:06:00",1608,0.00499999999999545
"2019-02-15 12:07:00",4150,-0.019999999999996
"2019-02-15 12:08:00",1300,0
"2019-02-15 12:09:00",3304,0
"2019-02-15 12:10:00",1400,-0.00319999999999965
"2019-02-15 12:11:00",4197,0.00659999999999883
"2019-02-15 12:12:00",4100,0.00560000000000116
"2019-02-15 12:13:00",1300,-0.00900000000000034
"2019-02-15 12:14:00",1400,-0.0150000000000006
"2019-02-15 12:15:00",9415,-0.00500000000000256
"2019-02-15 12:16:00",1300,0.00999999999999801
"2019-02-15 12:17:00",2016,0.0100000000000051
"2019-02-15 12:18:00",3062,0
"2019-02-15 12:19:00",2144,0
"2019-02-15 12:20:00",739,0
"2019-02-15 12:21:00",700,0
"2019-02-15 12:22:00",1545,-0.0100000000000051
"2019-02-15 12:23:00",5670,-0.00999999999999801
"2019-02-15 12:24:00",10193,-0.00500000000000256
"2019-02-15 12:25:00",1100,0.00500000000000256
"2019-02-15 12:26:00",2406,-0.0159999999999982
"2019-02-15 12:27:00",2303,-0.0189999999999984
"2019-02-15 12:28:00",2927,0.000299999999995748
"2019-02-15 12:29:00",8540,0.0247000000000028
"2019-02-15 12:30:00",21819,-0.0150000000000006
"2019-02-15 12:31:00",14866,-0.00500000000000256
"2019-02-15 12:32:00",3600,0.0200000000000031
"2019-02-15 12:33:00",14825,-0.0138000000000034
"2019-02-15 12:34:00",2135,0.00379999999999825
"2019-02-15 12:35:00",2400,0.0100000000000051
"2019-02-15 12:36:00",7451,-0.0200000000000031
"2019-02-15 12:37:00",1982,0.0125000000000028
"2019-02-15 12:38:00",2770,0.00249999999999773
"2019-02-15 12:39:00",8100,0.00999999999999801
"2019-02-15 12:40:00",30647,0.00500000000000256
"2019-02-15 12:41:00",13965,-0.0200000000000031
"2019-02-15 12:42:00",985,-0.00599999999999312
"2019-02-15 12:43:00",4280,0.00599999999999312
"2019-02-15 12:44:00",3842,-0.00499999999999545
"2019-02-15 12:45:00",515,0
"2019-02-15 12:46:00",7087,0.00499999999999545
"2019-02-15 12:47:00",2100,0
"2019-02-15 12:48:00",1343,0.00430000000000064
"2019-02-15 12:49:00",11480,0.0357000000000056
"2019-02-15 12:50:00",6042,-0.00500000000000256
"2019-02-15 12:51:00",12348,0.0150000000000006
"2019-02-15 12:52:00",7637,0.0249999999999986
"2019-02-15 12:53:00",6385,-0.00500000000000256
"2019-02-15 12:54:00",10976,0.0100000000000051
"2019-02-15 12:55:00",7160,-0.0399999999999991
"2019-02-15 12:56:00",4324,-0.0100000000000051
"2019-02-15 12:57:00",3015,0
"2019-02-15 12:58:00",5200,0.0150000000000006
"2019-02-15 12:59:00",5000,0.0100000000000051
"2019-02-15 13:00:00",8569,0.0349999999999966
"2019-02-15 13:01:00",8854,0.00500000000000256
"2019-02-15 13:02:00",3609,0.00499999999999545
"2019-02-15 13:03:00",8500,0.00500000000000256
"2019-02-15 13:04:00",2100,0.00999999999999801
"2019-02-15 13:05:00",500,0.00500000000000256
"2019-02-15 13:06:00",3001,-0.00500000000000256
"2019-02-15 13:07:00",1000,-9.99999999962142e-05
"2019-02-15 13:08:00",100,-0.00489999999999924
"2019-02-15 13:09:00",6844,0.00999999999999801
"2019-02-15 13:10:00",1100,0.00209999999999866
"2019-02-15 13:11:00",1150,-0.00710000000000122
"2019-02-15 13:12:00",9766,-0.0349999999999966
"2019-02-15 13:13:00",9606,0.00999999999999801
"2019-02-15 13:14:00",6510,0
"2019-02-15 13:15:00",5269,-0.00390000000000157
"2019-02-15 13:16:00",3376,0.00390000000000157
"2019-02-15 13:17:00",6508,0.00610000000000355
"2019-02-15 13:18:00",2900,0.0138999999999996
"2019-02-15 13:19:00",4280,-0.0100000000000051
"2019-02-15 13:20:00",1100,0.0150000000000006
"2019-02-15 13:21:00",3872,0.00500000000000256
"2019-02-15 13:22:00",3625,0.0300000000000011
"2019-02-15 13:23:00",15491,0.0300000000000011
"2019-02-15 13:24:00",1869,0.00499999999999545
"2019-02-15 13:25:00",5029,0.0108000000000033
"2019-02-15 13:26:00",4753,0.00419999999999732
"2019-02-15 13:27:00",18205,-0.0150000000000006
"2019-02-15 13:28:00",1289,0.00500000000000256
"2019-02-15 13:29:00",7108,0
"2019-02-15 13:30:00",8508,0
"2019-02-15 13:31:00",5693,-0.0150000000000006
"2019-02-15 13:32:00",4387,0.00999999999999801
"2019-02-15 13:34:00",2970,-0.00499999999999545
"2019-02-15 13:35:00",2260,0.00499999999999545
"2019-02-15 13:36:00",3900,0.0150000000000006
"2019-02-15 13:37:00",5905,-0.00900000000000034
"2019-02-15 13:38:00",1500,0.00480000000000302
"2019-02-15 13:39:00",600,0.00419999999999732
"2019-02-15 13:40:00",200,0
"2019-02-15 13:41:00",4049,-0.00999999999999801
"2019-02-15 13:42:00",1154,0.019999999999996
"2019-02-15 13:43:00",579,0
"2019-02-15 13:44:00",100,0.00500000000000256
"2019-02-15 13:46:00",6676,-0.0150000000000006
"2019-02-15 13:47:00",3900,0.00229999999999819
"2019-02-15 13:48:00",309,0.00270000000000437
"2019-02-15 13:49:00",100,0.00419999999999732
"2019-02-15 13:50:00",3330,-0.00919999999999987
"2019-02-15 13:51:00",4880,-0.019999999999996
"2019-02-15 13:52:00",2497,-0.00500000000000256
"2019-02-15 13:53:00",1467,0
"2019-02-15 13:54:00",10300,0.00999999999999801
"2019-02-15 13:55:00",2193,0.0399999999999991
"2019-02-15 13:56:00",10795,0.00500000000000256
"2019-02-15 13:57:00",10414,-0.00999999999999801
"2019-02-15 13:58:00",20717,0.00999999999999801
"2019-02-15 13:59:00",5316,0.019999999999996
"2019-02-15 14:00:00",21491,0.00250000000000483
"2019-02-15 14:01:00",12753,0.00750000000000028
"2019-02-15 14:02:00",13232,0.019999999999996
"2019-02-15 14:03:00",8810,-0.0150000000000006
"2019-02-15 14:04:00",5224,-0.00499999999999545
"2019-02-15 14:05:00",6231,0
"2019-02-15 14:06:00",2517,0.0150000000000006
"2019-02-15 14:07:00",7011,-0.0150000000000006
"2019-02-15 14:08:00",750,-0.00500000000000256
"2019-02-15 14:09:00",2245,-0.00500000000000256
"2019-02-15 14:10:00",200,0.00500000000000256
"2019-02-15 14:11:00",8232,-0.00999999999999801
"2019-02-15 14:12:00",23954,0.00999999999999801
"2019-02-15 14:13:00",500,0.00489999999999924
"2019-02-15 14:14:00",5049,0.00509999999999877
"2019-02-15 14:15:00",1400,0
"2019-02-15 14:16:00",8046,0.0150000000000006
"2019-02-15 14:17:00",9849,-0.00499999999999545
"2019-02-15 14:18:00",699,0.00999999999999801
"2019-02-15 14:19:00",6021,-0.00600000000000023
"2019-02-15 14:20:00",13189,-0.0140000000000029
"2019-02-15 14:21:00",6715,-0.00999999999999801
"2019-02-15 14:22:00",21290,0.0150000000000006
"2019-02-15 14:23:00",2094,0.0200000000000031
"2019-02-15 14:24:00",825,0.00499999999999545
"2019-02-15 14:25:00",6300,0.00500000000000256
"2019-02-15 14:26:00",1800,-0.00379999999999825
"2019-02-15 14:27:00",1044,0.0137999999999963
"2019-02-15 14:28:00",8766,-0.00499999999999545
"2019-02-15 14:29:00",19028,0
"2019-02-15 14:30:00",5631,-0.021800000000006
"2019-02-15 14:31:00",3302,0.00680000000000547
"2019-02-15 14:32:00",1050,0.00559999999999405
"2019-02-15 14:33:00",600,0.00440000000000396
"2019-02-15 14:34:00",100,0
"2019-02-15 14:35:00",5134,-0.00719999999999743
"2019-02-15 14:36:00",1426,-0.00280000000000058
"2019-02-15 14:37:00",300,0
"2019-02-15 14:38:00",4970,0
"2019-02-15 14:39:00",7785,-0.00580000000000069
"2019-02-15 14:40:00",4303,-0.00420000000000442
"2019-02-15 14:41:00",3602,-0.00499999999999545
"2019-02-15 14:42:00",4961,0.0300000000000011
"2019-02-15 14:43:00",1189,0.0116999999999976
"2019-02-15 14:44:00",2448,0.013300000000001
"2019-02-15 14:45:00",9188,0.024799999999999
"2019-02-15 14:46:00",15812,0.0152000000000001
"2019-02-15 14:47:00",4920,-0.0150000000000006
"2019-02-15 14:48:00",9402,-0.00500000000000256
"2019-02-15 14:49:00",4664,0.0100000000000051
"2019-02-15 14:50:00",7177,-0.00500000000000256
"2019-02-15 14:51:00",11852,0.00999999999999801
"2019-02-15 14:52:00",6916,-0.0249999999999986
"2019-02-15 14:53:00",2807,0.00999999999999801
"2019-02-15 14:54:00",12345,-0.00499999999999545
"2019-02-15 14:55:00",6316,0.0150000000000006
"2019-02-15 14:56:00",11744,0.0149999999999935
"2019-02-15 14:57:00",20621,0.0150000000000006
"2019-02-15 14:58:00",10187,0
"2019-02-15 14:59:00",22959,0.100000000000001
"2019-02-15 15:02:00",18902,-0.0899999999999963
"2019-02-15 15:15:00",0,0
"2019-02-19 08:30:00",55390,-0.230000000000004
"2019-02-19 08:31:00",8604,0.0399999999999991
"2019-02-19 08:32:00",11009,0.0300000000000011
"2019-02-19 08:33:00",8487,0.0300000000000011
"2019-02-19 08:34:00",15328,0.0300000000000011
"2019-02-19 08:35:00",6197,0.0649999999999977
"2019-02-19 08:36:00",14644,-0.0249999999999986
"2019-02-19 08:37:00",11495,0
"2019-02-19 08:38:00",8202,0.0399999999999991
"2019-02-19 08:39:00",21070,0
"2019-02-19 08:40:00",10161,-0.00999999999999801
"2019-02-19 08:41:00",7515,0.0300000000000011
"2019-02-19 08:42:00",20472,0.019999999999996
"2019-02-19 08:43:00",2422,-0.00499999999999545
"2019-02-19 08:44:00",9590,-0.00500000000000256
"2019-02-19 08:45:00",7784,0.0399999999999991
"2019-02-19 08:46:00",5020,-0.0200999999999993
"2019-02-19 08:47:00",8582,0.00010000000000332
"2019-02-19 08:48:00",5070,0.019999999999996
"2019-02-19 08:49:00",6604,0.0499999999999972
"2019-02-19 08:50:00",2112,0.0100000000000051
"2019-02-19 08:51:00",6229,0.0399999999999991
"2019-02-19 08:52:00",4397,-0.00399999999999778
"2019-02-19 08:53:00",8731,-0.0160000000000053
"2019-02-19 08:54:00",13490,-0.0175999999999945
"2019-02-19 08:55:00",2787,-0.00530000000000541
"2019-02-19 08:56:00",5740,0.0357000000000056
"2019-02-19 08:57:00",2126,0.00719999999999743
"2019-02-19 08:58:00",3744,0.0300000000000011
"2019-02-19 08:59:00",3533,0.0499999999999972
"2019-02-19 09:00:00",7212,-0.0899999999999963
"2019-02-19 09:01:00",18075,-0.0100000000000051
"2019-02-19 09:02:00",2400,0.0300000000000011
"2019-02-19 09:03:00",2185,0.0300000000000011
"2019-02-19 09:04:00",3419,0
"2019-02-19 09:05:00",6805,0.0499999999999972
"2019-02-19 09:06:00",2649,-0.019999999999996
"2019-02-19 09:07:00",5650,-0.0178000000000011
"2019-02-19 09:08:00",1000,-0.0122
"2019-02-19 09:09:00",900,0.0300000000000011
"2019-02-19 09:10:00",6012,0.0399999999999991
"2019-02-19 09:11:00",1834,0.00999999999999801
"2019-02-19 09:12:00",5152,-0.00999999999999801
"2019-02-19 09:13:00",2900,0.0300000000000011
"2019-02-19 09:14:00",800,-0.00999999999999801
"2019-02-19 09:15:00",1944,0.00999999999999801
"2019-02-19 09:16:00",2253,0
"2019-02-19 09:17:00",3113,-0.0564000000000036
"2019-02-19 09:18:00",9190,-0.0435999999999979
"2019-02-19 09:19:00",5540,0.0114999999999981
"2019-02-19 09:20:00",10481,-0.0315000000000012
"2019-02-19 09:21:00",5714,-0.029999999999994
"2019-02-19 09:22:00",950,0
"2019-02-19 09:23:00",5123,-0.00330000000000297
"2019-02-19 09:24:00",4300,0.023299999999999
"2019-02-19 09:25:00",848,0.0300000000000011
"2019-02-19 09:26:00",2277,-0.0499999999999972
"2019-02-19 09:27:00",400,0
"2019-02-19 09:28:00",1128,-0.0100000000000051
"2019-02-19 09:29:00",4017,0.0300000000000011
"2019-02-19 09:30:00",11919,0.00999999999999801
"2019-02-19 09:31:00",1950,-0.0399999999999991
"2019-02-19 09:32:00",8278,-0.00999999999999801
"2019-02-19 09:33:00",7900,0.00500000000000256
"2019-02-19 09:34:00",5991,-0.00500000000000256
"2019-02-19 09:35:00",7969,0.00999999999999801
"2019-02-19 09:36:00",4600,-0.0300000000000011
"2019-02-19 09:37:00",2238,0.0169000000000068
"2019-02-19 09:38:00",2310,-0.0369000000000028
"2019-02-19 09:39:00",2666,-0.00750000000000028
"2019-02-19 09:40:00",6904,-0.00659999999999883
"2019-02-19 09:41:00",1400,-0.015900000000002
"2019-02-19 09:42:00",7812,0.0300000000000011
"2019-02-19 09:43:00",1498,0.00999999999999801
"2019-02-19 09:44:00",3263,0
"2019-02-19 09:45:00",5752,0.00999999999999801
"2019-02-19 09:46:00",1604,-0.00499999999999545
"2019-02-19 09:47:00",2393,0.0150000000000006
"2019-02-19 09:48:00",4560,0.00999999999999801
"2019-02-19 09:49:00",7310,-0.0300000000000011
"2019-02-19 09:50:00",3587,0.0144999999999982
"2019-02-19 09:51:00",1279,-0.00450000000000017
"2019-02-19 09:52:00",6197,0.0400000000000063
"2019-02-19 09:53:00",7101,-0.0100000000000051
"2019-02-19 09:54:00",4937,-0.00999999999999801
"2019-02-19 09:55:00",7960,0
"2019-02-19 09:56:00",24571,0.0300000000000011
"2019-02-19 09:57:00",4110,0.019999999999996
"2019-02-19 09:58:00",3914,-0.029999999999994
"2019-02-19 09:59:00",2599,0.029999999999994
"2019-02-19 10:00:00",8995,0.0250000000000057
"2019-02-19 10:01:00",2546,-0.0100000000000051
"2019-02-19 10:02:00",2102,0.0250000000000057
"2019-02-19 10:03:00",9384,-0.0200000000000031
"2019-02-19 10:04:00",13174,0.0499000000000009
"2019-02-19 10:05:00",8459,-0.0099000000000018
"2019-02-19 10:06:00",7732,0.00999999999999801
"2019-02-19 10:07:00",9996,-0.00499999999999545
"2019-02-19 10:08:00",5634,-0.0150000000000006
"2019-02-19 10:09:00",5100,0.019999999999996
"2019-02-19 10:10:00",1300,-0.00999999999999801
"2019-02-19 10:11:00",3753,0.0200000000000031
"2019-02-19 10:12:00",15252,0.0399999999999991
"2019-02-19 10:13:00",3080,-0.0200000000000031
"2019-02-19 10:14:00",8864,0.0399999999999991
"2019-02-19 10:15:00",6443,-0.00499999999999545
"2019-02-19 10:16:00",1074,-0.0150000000000006
"2019-02-19 10:17:00",4629,0.019999999999996
"2019-02-19 10:18:00",2500,-0.019999999999996
"2019-02-19 10:19:00",5600,0
"2019-02-19 10:20:00",3018,0.019999999999996
"2019-02-19 10:21:00",3170,-0.0349999999999966
"2019-02-19 10:22:00",2921,-0.000999999999997669
"2019-02-19 10:23:00",5187,-0.0202000000000027
"2019-02-19 10:24:00",900,-0.0172999999999988
"2019-02-19 10:25:00",800,-0.00650000000000261
"2019-02-19 10:26:00",12711,0.00999999999999801
"2019-02-19 10:27:00",7948,0
"2019-02-19 10:28:00",2477,0.0100000000000051
"2019-02-19 10:29:00",4501,0.019999999999996
"2019-02-19 10:30:00",3107,0.0200000000000031
"2019-02-19 10:31:00",4600,0.00999999999999801
"2019-02-19 10:32:00",3100,0
"2019-02-19 10:33:00",3934,-0.00800000000000267
"2019-02-19 10:34:00",11433,-0.0319999999999965
"2019-02-19 10:35:00",4895,0.0600000000000023
"2019-02-19 10:36:00",5900,0.029999999999994
"2019-02-19 10:37:00",5215,0.0200000000000031
"2019-02-19 10:38:00",4400,-0.0200000000000031
"2019-02-19 10:39:00",4530,0
"2019-02-19 10:40:00",1924,0.0100000000000051
"2019-02-19 10:41:00",2147,0.0139999999999958
"2019-02-19 10:42:00",2550,0.0260000000000034
"2019-02-19 10:43:00",2787,0
"2019-02-19 10:44:00",2375,0.0383999999999958
"2019-02-19 10:45:00",28728,0.0316000000000045
"2019-02-19 10:46:00",4000,0.00999999999999801
"2019-02-19 10:47:00",4218,0
"2019-02-19 10:48:00",2621,-0.0300000000000011
"2019-02-19 10:49:00",5295,0.0150000000000006
"2019-02-19 10:50:00",5393,-0.00900000000000034
"2019-02-19 10:51:00",2671,-0.0159999999999982
"2019-02-19 10:52:00",1300,0.0300000000000011
"2019-02-19 10:53:00",5950,0.0300000000000011
"2019-02-19 10:54:00",1160,0
"2019-02-19 10:55:00",2639,0
"2019-02-19 10:56:00",1667,0.019999999999996
"2019-02-19 10:57:00",2076,-0.0046999999999997
"2019-02-19 10:58:00",2938,0.0046999999999997
"2019-02-19 10:59:00",2275,0.0100000000000051
"2019-02-19 11:00:00",6692,-0.0200000000000031
"2019-02-19 11:01:00",1800,0.00650000000000261
"2019-02-19 11:02:00",1615,-0.0365000000000038
"2019-02-19 11:03:00",3016,0
"2019-02-19 11:04:00",2835,-0.00999999999999801
"2019-02-19 11:05:00",4292,0.019999999999996
"2019-02-19 11:06:00",4266,-0.019999999999996
"2019-02-19 11:07:00",500,-0.00500000000000256
"2019-02-19 11:08:00",2943,0.0399999999999991
"2019-02-19 11:09:00",1138,-0.00499999999999545
"2019-02-19 11:10:00",1200,0.0268999999999977
"2019-02-19 11:11:00",1800,-0.00690000000000168
"2019-02-19 11:12:00",3223,0
"2019-02-19 11:13:00",4431,-0.0165000000000006
"2019-02-19 11:14:00",1000,0.00150000000000006
"2019-02-19 11:15:00",726,-0.0148999999999972
"2019-02-19 11:16:00",2060,0.0349000000000004
"2019-02-19 11:17:00",999,0.00500000000000256
"2019-02-19 11:18:00",789,-0.0100000000000051
"2019-02-19 11:19:00",1611,-0.0260999999999996
"2019-02-19 11:20:00",7844,0.0561000000000007
"2019-02-19 11:21:00",3588,0.0200000000000031
"2019-02-19 11:22:00",3661,0.019999999999996
"2019-02-19 11:23:00",3300,-0.0399999999999991
"2019-02-19 11:24:00",1918,0.00999999999999801
"2019-02-19 11:25:00",3940,0.00619999999999976
"2019-02-19 11:26:00",2000,-0.0161999999999978
"2019-02-19 11:27:00",1900,0
"2019-02-19 11:28:00",1591,0.0200000000000031
"2019-02-19 11:29:00",7969,0.0335999999999999
"2019-02-19 11:30:00",6995,-0.0185999999999993
"2019-02-19 11:31:00",3048,-0.0200000000000031
"2019-02-19 11:32:00",3801,-0.0349999999999966
"2019-02-19 11:33:00",900,0
"2019-02-19 11:34:00",2190,0.019999999999996
"2019-02-19 11:35:00",1400,-0.0150000000000006
"2019-02-19 11:36:00",1834,0.00500000000000256
"2019-02-19 11:37:00",1645,-0.0189999999999984
"2019-02-19 11:38:00",900,-0.00100000000000477
"2019-02-19 11:39:00",953,0.0100000000000051
"2019-02-19 11:40:00",1242,0.0277999999999992
"2019-02-19 11:41:00",2700,-0.00780000000000314
"2019-02-19 11:42:00",2734,-0.00999999999999801
"2019-02-19 11:43:00",724,0
"2019-02-19 11:44:00",1640,0.00499999999999545
"2019-02-19 11:45:00",1146,-0.00499999999999545
"2019-02-19 11:46:00",410,0.0300000000000011
"2019-02-19 11:47:00",2300,-0.0100000000000051
"2019-02-19 11:48:00",1300,-0.00999999999999801
"2019-02-19 11:49:00",900,-0.00999999999999801
"2019-02-19 11:50:00",967,0
"2019-02-19 11:51:00",700,-0.00999999999999801
"2019-02-19 11:52:00",4853,-0.0150000000000006
"2019-02-19 11:53:00",2242,0.0150000000000006
"2019-02-19 11:54:00",547,0.0169999999999959
"2019-02-19 11:55:00",3049,0.00800000000000267
"2019-02-19 11:56:00",1190,-0.00500000000000256
"2019-02-19 11:57:00",900,0
"2019-02-19 11:58:00",1986,0
"2019-02-19 11:59:00",873,-0.00659999999999883
"2019-02-19 12:00:00",1300,-0.00840000000000174
"2019-02-19 12:01:00",1306,0.00500000000000256
"2019-02-19 12:02:00",621,-0.0165000000000006
"2019-02-19 12:03:00",2359,-0.0035000000000025
"2019-02-19 12:04:00",831,-0.0300000000000011
"2019-02-19 12:05:00",2900,0.0300000000000011
"2019-02-19 12:06:00",1510,0
"2019-02-19 12:07:00",1261,0
"2019-02-19 12:08:00",2250,0
"2019-02-19 12:09:00",919,-0.00999999999999801
"2019-02-19 12:10:00",1087,0
"2019-02-19 12:11:00",6930,0
"2019-02-19 12:12:00",394,-0.00670000000000215
"2019-02-19 12:13:00",2050,0.0230999999999995
"2019-02-19 12:14:00",1540,0.00360000000000582
"2019-02-19 12:15:00",950,0
"2019-02-19 12:16:00",3426,0.019999999999996
"2019-02-19 12:17:00",1024,0.00500000000000256
"2019-02-19 12:18:00",2500,-0.00500000000000256
"2019-02-19 12:19:00",644,-0.00999999999999801
"2019-02-19 12:20:00",1765,0.0150000000000006
"2019-02-19 12:21:00",300,0.00499999999999545
"2019-02-19 12:22:00",523,0.0100000000000051
"2019-02-19 12:23:00",3776,-0.0198999999999998
"2019-02-19 12:24:00",6799,-0.00280000000000058
"2019-02-19 12:25:00",1249,-0.0172999999999988
"2019-02-19 12:26:00",691,0
"2019-02-19 12:27:00",851,-0.0035000000000025
"2019-02-19 12:28:00",2209,0.0035000000000025
"2019-02-19 12:29:00",1109,0.0149999999999935
"2019-02-19 12:30:00",603,-0.00499999999999545
"2019-02-19 12:31:00",2408,0.00999999999999801
"2019-02-19 12:32:00",805,0
"2019-02-19 12:33:00",2958,-0.019999999999996
"2019-02-19 12:34:00",1074,9.99999999962142e-05
"2019-02-19 12:35:00",1153,-9.99999999962142e-05
"2019-02-19 12:36:00",1600,0
"2019-02-19 12:37:00",700,0
"2019-02-19 12:38:00",3452,0.0063999999999993
"2019-02-19 12:39:00",2352,0.0105000000000004
"2019-02-19 12:40:00",6541,0.0102999999999938
"2019-02-19 12:41:00",3166,0.00280000000000058
"2019-02-19 12:42:00",1756,0.0153999999999996
"2019-02-19 12:43:00",2907,0.00460000000000349
"2019-02-19 12:44:00",3703,0.0210000000000008
"2019-02-19 12:45:00",1960,0.00370000000000203
"2019-02-19 12:46:00",7828,0.00839999999999463
"2019-02-19 12:48:00",1900,0.0168999999999997
"2019-02-19 12:49:00",400,-0.019999999999996
"2019-02-19 12:50:00",4318,0.00999999999999801
"2019-02-19 12:51:00",4110,0.0168999999999997
"2019-02-19 12:52:00",8753,0.00310000000000343
"2019-02-19 12:53:00",1657,-0.0200000000000031
"2019-02-19 12:54:00",3993,0.0290000000000035
"2019-02-19 12:55:00",2021,0.000999999999997669
"2019-02-19 12:56:00",2311,-0.0300000000000011
"2019-02-19 12:57:00",3300,0.00999999999999801
"2019-02-19 12:58:00",2425,-0.00999999999999801
"2019-02-19 12:59:00",930,0.00999999999999801
"2019-02-19 13:00:00",3240,-0.00999999999999801
"2019-02-19 13:01:00",3860,0.0350000000000037
"2019-02-19 13:02:00",2066,0
"2019-02-19 13:03:00",805,-0.0150000000000006
"2019-02-19 13:04:00",2270,0.00499999999999545
"2019-02-19 13:05:00",3590,-0.00499999999999545
"2019-02-19 13:06:00",1800,-0.0099000000000018
"2019-02-19 13:07:00",1961,0.0298999999999978
"2019-02-19 13:08:00",3076,-0.00999999999999801
"2019-02-19 13:09:00",2750,0.019999999999996
"2019-02-19 13:10:00",6113,0
"2019-02-19 13:11:00",6978,-0.019999999999996
"2019-02-19 13:12:00",1500,-0.0129999999999981
"2019-02-19 13:13:00",661,-0.007000000000005
"2019-02-19 13:14:00",700,-0.00999999999999801
"2019-02-19 13:15:00",2229,0
"2019-02-19 13:16:00",1830,0.00999999999999801
"2019-02-19 13:17:00",5776,0.00360000000000582
"2019-02-19 13:18:00",2860,-0.0136000000000038
"2019-02-19 13:19:00",1841,-0.00999999999999801
"2019-02-19 13:20:00",5098,0.019999999999996
"2019-02-19 13:21:00",1825,0.0200000000000031
"2019-02-19 13:22:00",1448,0
"2019-02-19 13:23:00",1610,0.019999999999996
"2019-02-19 13:24:00",829,0
"2019-02-19 13:25:00",7548,-0.0160999999999945
"2019-02-19 13:26:00",1100,-0.00390000000000157
"2019-02-19 13:27:00",1165,-0.00500000000000256
"2019-02-19 13:28:00",4379,0.0350000000000037
"2019-02-19 13:29:00",5112,0
"2019-02-19 13:30:00",5271,-0.0100000000000051
"2019-02-19 13:31:00",2842,0.00550000000000495
"2019-02-19 13:32:00",2725,-0.025500000000001
"2019-02-19 13:33:00",2221,-0.0200000000000031
"2019-02-19 13:34:00",900,0
"2019-02-19 13:35:00",1935,-0.00499999999999545
"2019-02-19 13:36:00",8029,-0.0300000000000011
"2019-02-19 13:37:00",4244,0.00999999999999801
"2019-02-19 13:38:00",4516,0.00500000000000256
"2019-02-19 13:39:00",1501,-0.0150000000000006
"2019-02-19 13:40:00",5589,-0.00500000000000256
"2019-02-19 13:41:00",3877,-0.00999999999999801
"2019-02-19 13:42:00",2800,-0.00999999999999801
"2019-02-19 13:43:00",3408,-0.00500000000000256
"2019-02-19 13:44:00",632,0.000700000000001921
"2019-02-19 13:45:00",1238,0.00430000000000064
"2019-02-19 13:46:00",3276,0.019999999999996
"2019-02-19 13:47:00",624,0.00500000000000256
"2019-02-19 13:48:00",1123,0.00999999999999801
"2019-02-19 13:49:00",3070,0.00359999999999872
"2019-02-19 13:50:00",860,0.0114000000000019
"2019-02-19 13:51:00",5244,-0.00500000000000256
"2019-02-19 13:52:00",483,-0.00499999999999545
"2019-02-19 13:53:00",348,0.00949999999999562
"2019-02-19 13:54:00",3254,-0.00949999999999562
"2019-02-19 13:55:00",3300,0.019999999999996
"2019-02-19 13:56:00",1759,0
"2019-02-19 13:57:00",270,-0.00499999999999545
"2019-02-19 13:58:00",6916,-0.00500000000000256
"2019-02-19 13:59:00",900,0.0150000000000006
"2019-02-19 14:00:00",1978,-0.0150000000000006
"2019-02-19 14:01:00",1991,-0.00500000000000256
"2019-02-19 14:02:00",5007,0.0300000000000011
"2019-02-19 14:03:00",1295,0.00500000000000256
"2019-02-19 14:04:00",2832,-0.00500000000000256
"2019-02-19 14:05:00",1492,0.0100000000000051
"2019-02-19 14:06:00",1300,0.00499999999999545
"2019-02-19 14:07:00",3846,0.00999999999999801
"2019-02-19 14:08:00",1100,0.0150000000000006
"2019-02-19 14:09:00",335,-0.00499999999999545
"2019-02-19 14:10:00",1840,-0.0238000000000014
"2019-02-19 14:11:00",8422,-0.00619999999999976
"2019-02-19 14:12:00",700,-0.00529999999999831
"2019-02-19 14:13:00",1600,-0.00010000000000332
"2019-02-19 14:14:00",602,0.00849999999999795
"2019-02-19 14:15:00",2990,-0.00309999999999633
"2019-02-19 14:16:00",1997,-0.00120000000000431
"2019-02-19 14:17:00",500,0.00120000000000431
"2019-02-19 14:18:00",1031,-0.00010000000000332
"2019-02-19 14:19:00",3664,0.00010000000000332
"2019-02-19 14:20:00",1600,-0.00999999999999801
"2019-02-19 14:21:00",2327,-0.00500000000000256
"2019-02-19 14:22:00",2084,-0.0165000000000006
"2019-02-19 14:23:00",1903,-0.0234999999999985
"2019-02-19 14:24:00",2050,0
"2019-02-19 14:25:00",652,-0.00500000000000256
"2019-02-19 14:26:00",1100,0.0063999999999993
"2019-02-19 14:27:00",5970,-0.00139999999999674
"2019-02-19 14:28:00",1120,-0.00500000000000256
"2019-02-19 14:29:00",4301,0.00500000000000256
"2019-02-19 14:30:00",2886,0.019999999999996
"2019-02-19 14:31:00",4729,-0.0111999999999952
"2019-02-19 14:32:00",3273,-0.0337999999999994
"2019-02-19 14:33:00",4711,0.0253999999999976
"2019-02-19 14:34:00",600,0.00459999999999638
"2019-02-19 14:35:00",2982,0.0150000000000006
"2019-02-19 14:36:00",4468,-0.0129999999999981
"2019-02-19 14:37:00",900,0.00270000000000437
"2019-02-19 14:38:00",4801,-0.0247000000000028
"2019-02-19 14:39:00",6309,0
"2019-02-19 14:40:00",2983,0.00999999999999801
"2019-02-19 14:41:00",2786,0.0150000000000006
"2019-02-19 14:42:00",2999,0.00500000000000256
"2019-02-19 14:43:00",4007,-0.0100000000000051
"2019-02-19 14:44:00",5788,0.0100000000000051
"2019-02-19 14:45:00",2182,-0.0100000000000051
"2019-02-19 14:46:00",10822,0
"2019-02-19 14:47:00",2603,-0.019999999999996
"2019-02-19 14:48:00",1744,0
"2019-02-19 14:49:00",5498,-0.0127000000000024
"2019-02-19 14:50:00",2651,-0.00730000000000075
"2019-02-19 14:51:00",2766,0.0200000000000031
"2019-02-19 14:52:00",2800,0
"2019-02-19 14:53:00",8010,0.019999999999996
"2019-02-19 14:54:00",11623,-0.00999999999999801
"2019-02-19 14:55:00",5267,-0.00999999999999801
"2019-02-19 14:56:00",9583,0.0249999999999986
"2019-02-19 14:57:00",11970,0
"2019-02-19 14:58:00",16887,0
"2019-02-19 14:59:00",26163,0.105000000000004
"2019-02-19 15:01:00",35860,-0.120000000000005
"2019-02-19 15:15:00",0,0
"2019-02-20 08:30:00",52388,-0.149999999999999
"2019-02-20 08:31:00",20939,0.0300000000000011
"2019-02-20 08:32:00",6590,0.019999999999996
"2019-02-20 08:33:00",15068,0.0200000000000031
"2019-02-20 08:34:00",6352,-0.0300000000000011
"2019-02-20 08:35:00",4817,0.00379999999999825
"2019-02-20 08:36:00",4594,-0.0137999999999963
"2019-02-20 08:37:00",3945,0
"2019-02-20 08:38:00",1546,0.0300000000000011
"2019-02-20 08:39:00",8916,-0.0150000000000006
"2019-02-20 08:40:00",5893,-0.00500000000000256
"2019-02-20 08:41:00",3675,0
"2019-02-20 08:42:00",2771,0.0200000000000031
"2019-02-20 08:43:00",7640,0.00560000000000116
"2019-02-20 08:44:00",3890,-0.0156000000000063
"2019-02-20 08:45:00",6865,-0.029999999999994
"2019-02-20 08:46:00",3315,-0.0100000000000051
"2019-02-20 08:47:00",2866,0.0200000000000031
"2019-02-20 08:48:00",3471,0.019999999999996
"2019-02-20 08:49:00",2783,-0.0249999999999986
"2019-02-20 08:50:00",6717,0.0249999999999986
"2019-02-20 08:51:00",3443,-0.019999999999996
"2019-02-20 08:52:00",2935,-0.00999999999999801
"2019-02-20 08:53:00",10427,0
"2019-02-20 08:54:00",7868,0.019999999999996
"2019-02-20 08:55:00",20648,0.00999999999999801
"2019-02-20 08:56:00",19540,0.0150000000000006
"2019-02-20 08:57:00",21366,0.0223000000000013
"2019-02-20 08:58:00",24846,0.0127000000000024
"2019-02-20 08:59:00",7927,0.00999999999999801
"2019-02-20 09:00:00",14801,0.00999999999999801
"2019-02-20 09:01:00",7433,0.0399999999999991
"2019-02-20 09:02:00",22133,-0.019999999999996
"2019-02-20 09:03:00",8698,0.00500000000000256
"2019-02-20 09:04:00",8016,0.00499999999999545
"2019-02-20 09:05:00",4797,-0.0399999999999991
"2019-02-20 09:06:00",3456,0.0450000000000017
"2019-02-20 09:07:00",1600,-0.0249999999999986
"2019-02-20 09:08:00",4933,0
"2019-02-20 09:09:00",8314,0.00999999999999801
"2019-02-20 09:10:00",1200,-0.00999999999999801
"2019-02-20 09:11:00",5429,0.00999999999999801
"2019-02-20 09:12:00",21473,0.00999999999999801
"2019-02-20 09:13:00",5563,-0.019999999999996
"2019-02-20 09:14:00",12082,-0.0300000000000011
"2019-02-20 09:15:00",4938,0.0300000000000011
"2019-02-20 09:16:00",5062,-0.0100000000000051
"2019-02-20 09:17:00",1115,0.0500000000000043
"2019-02-20 09:18:00",4036,-0.0150000000000006
"2019-02-20 09:19:00",7311,0.00499999999999545
"2019-02-20 09:20:00",9590,-0.019999999999996
"2019-02-20 09:21:00",2818,0.0150000000000006
"2019-02-20 09:22:00",5907,0
"2019-02-20 09:23:00",28101,0.0150000000000006
"2019-02-20 09:24:00",27128,0.019999999999996
"2019-02-20 09:25:00",16510,0.0268000000000015
"2019-02-20 09:26:00",3100,-0.0167999999999964
"2019-02-20 09:27:00",3310,0
"2019-02-20 09:28:00",27454,0
"2019-02-20 09:29:00",11596,0
"2019-02-20 09:30:00",24905,0
"2019-02-20 09:31:00",7824,0
"2019-02-20 09:32:00",13310,0.00999999999999801
"2019-02-20 09:33:00",3558,-0.00999999999999801
"2019-02-20 09:34:00",14756,0.00900000000000034
"2019-02-20 09:35:00",3948,0.0109999999999957
"2019-02-20 09:36:00",18371,0.00999999999999801
"2019-02-20 09:37:00",13867,0.0350000000000037
"2019-02-20 09:38:00",27455,-0.00999999999999801
"2019-02-20 09:39:00",54926,0.00499999999999545
"2019-02-20 09:40:00",25580,0.0500000000000043
"2019-02-20 09:41:00",13407,-0.0399999999999991
"2019-02-20 09:42:00",7200,0.019999999999996
"2019-02-20 09:43:00",6472,0.00999999999999801
"2019-02-20 09:44:00",1608,0.0100000000000051
"2019-02-20 09:45:00",6630,0.00999999999999801
"2019-02-20 09:46:00",2749,-0.00010000000000332
"2019-02-20 09:47:00",11874,0.00010000000000332
"2019-02-20 09:48:00",4084,-0.0399999999999991
"2019-02-20 09:49:00",1589,-0.00999999999999801
"2019-02-20 09:50:00",1500,0
"2019-02-20 09:51:00",1810,-0.0100000000000051
"2019-02-20 09:52:00",6327,0
"2019-02-20 09:53:00",1225,-0.0154999999999959
"2019-02-20 09:54:00",925,0.025500000000001
"2019-02-20 09:55:00",1816,-0.0174000000000021
"2019-02-20 09:56:00",1870,-0.00600000000000023
"2019-02-20 09:57:00",1254,0.00339999999999918
"2019-02-20 09:58:00",700,-0.00500000000000256
"2019-02-20 09:59:00",1625,-0.00499999999999545
"2019-02-20 10:00:00",1325,-0.0100000000000051
"2019-02-20 10:01:00",7963,0.0500000000000043
"2019-02-20 10:02:00",2861,0.019999999999996
"2019-02-20 10:03:00",8461,0.0150000000000006
"2019-02-20 10:04:00",21865,0.0350000000000037
"2019-02-20 10:05:00",35368,-0.00999999999999801
"2019-02-20 10:06:00",2650,0
"2019-02-20 10:07:00",3583,-0.00360000000000582
"2019-02-20 10:08:00",1310,0.0335999999999999
"2019-02-20 10:09:00",9773,0.0200000000000031
"2019-02-20 10:10:00",5283,-0.00500000000000256
"2019-02-20 10:11:00",3482,0.0150000000000006
"2019-02-20 10:12:00",5342,-0.00999999999999801
"2019-02-20 10:13:00",4502,0.019999999999996
"2019-02-20 10:14:00",2125,0
"2019-02-20 10:15:00",2128,-0.0149999999999935
"2019-02-20 10:16:00",1020,-0.0282000000000053
"2019-02-20 10:17:00",1142,0.00319999999999965
"2019-02-20 10:18:00",6482,-0.0460999999999956
"2019-02-20 10:19:00",9922,0.0260999999999996
"2019-02-20 10:20:00",1901,-0.00999999999999801
"2019-02-20 10:21:00",1007,0.00999999999999801
"2019-02-20 10:22:00",1200,-0.0500000000000043
"2019-02-20 10:23:00",3629,-0.0399999999999991
"2019-02-20 10:24:00",1034,0.0200000000000031
"2019-02-20 10:25:00",1927,-0.00500000000000256
"2019-02-20 10:26:00",14108,0.0150000000000006
"2019-02-20 10:27:00",4761,0.0300000000000011
"2019-02-20 10:28:00",10600,0.0300000000000011
"2019-02-20 10:29:00",11933,0.0300000000000011
"2019-02-20 10:30:00",11648,-0.0200000000000031
"2019-02-20 10:31:00",1267,0
"2019-02-20 10:32:00",6159,0.0335000000000036
"2019-02-20 10:33:00",9201,-0.0185000000000031
"2019-02-20 10:34:00",17953,0.0200000000000031
"2019-02-20 10:35:00",5420,0.00499999999999545
"2019-02-20 10:36:00",7029,0.00630000000000308
"2019-02-20 10:37:00",1054,0.00369999999999493
"2019-02-20 10:38:00",2800,0.0100000000000051
"2019-02-20 10:39:00",2528,0.0399999999999991
"2019-02-20 10:40:00",7100,0
"2019-02-20 10:41:00",1677,0.0300000000000011
"2019-02-20 10:42:00",6634,-0.0100000000000051
"2019-02-20 10:43:00",4224,0.0600000000000023
"2019-02-20 10:44:00",10094,-0.00500000000000256
"2019-02-20 10:45:00",800,-0.00359999999999872
"2019-02-20 10:46:00",700,-0.0213999999999999
"2019-02-20 10:47:00",350,0.0100000000000051
"2019-02-20 10:48:00",6395,-0.0100000000000051
"2019-02-20 10:49:00",1074,0.0100000000000051
"2019-02-20 10:50:00",2545,-0.0200000000000031
"2019-02-20 10:51:00",2674,0.024799999999999
"2019-02-20 10:52:00",1000,0.0242000000000004
"2019-02-20 10:53:00",1251,-0.0221000000000018
"2019-02-20 10:54:00",1125,0.00310000000000343
"2019-02-20 10:55:00",3584,0.00999999999999801
"2019-02-20 10:56:00",3970,0
"2019-02-20 10:57:00",7044,0
"2019-02-20 10:58:00",8921,0.00999999999999801
"2019-02-20 10:59:00",2950,-0.00499999999999545
"2019-02-20 11:00:00",21978,-0.0150000000000006
"2019-02-20 11:01:00",10019,-0.0138999999999996
"2019-02-20 11:02:00",4917,-0.011099999999999
"2019-02-20 11:03:00",1975,-0.00500000000000256
"2019-02-20 11:04:00",1186,0.00500000000000256
"2019-02-20 11:05:00",1900,-0.0350000000000037
"2019-02-20 11:06:00",1760,-0.00999999999999801
"2019-02-20 11:07:00",1208,-0.00500000000000256
"2019-02-20 11:08:00",3164,0.00500000000000256
"2019-02-20 11:09:00",4019,0.0161999999999978
"2019-02-20 11:10:00",1798,0.00379999999999825
"2019-02-20 11:11:00",3800,0.0200000000000031
"2019-02-20 11:12:00",2300,-0.00999999999999801
"2019-02-20 11:13:00",3639,-0.00010000000000332
"2019-02-20 11:14:00",2185,-0.0161000000000016
"2019-02-20 11:15:00",2171,0.0212000000000003
"2019-02-20 11:16:00",1325,-0.019999999999996
"2019-02-20 11:17:00",2940,0.0150000000000006
"2019-02-20 11:18:00",1300,-0.0300000000000011
"2019-02-20 11:19:00",1300,-0.0200000000000031
"2019-02-20 11:20:00",700,0.0300000000000011
"2019-02-20 11:21:00",1300,-0.00999999999999801
"2019-02-20 11:22:00",3317,0.00999999999999801
"2019-02-20 11:23:00",1923,0
"2019-02-20 11:24:00",1900,0.0300000000000011
"2019-02-20 11:25:00",1115,-0.00999999999999801
"2019-02-20 11:26:00",886,-0.0300000000000011
"2019-02-20 11:27:00",4068,-0.0200000000000031
"2019-02-20 11:28:00",5820,-0.00130000000000052
"2019-02-20 11:29:00",2400,-0.00869999999999749
"2019-02-20 11:30:00",977,0
"2019-02-20 11:31:00",1357,0.00999999999999801
"2019-02-20 11:32:00",2699,0.0200000000000031
"2019-02-20 11:33:00",900,-0.0300000000000011
"2019-02-20 11:34:00",4500,0
"2019-02-20 11:35:00",849,0.0150000000000006
"2019-02-20 11:36:00",2705,0.0150000000000006
"2019-02-20 11:37:00",1152,0
"2019-02-20 11:38:00",1026,0.019999999999996
"2019-02-20 11:39:00",573,0.0200000000000031
"2019-02-20 11:40:00",965,0.00999999999999801
"2019-02-20 11:41:00",610,-0.019999999999996
"2019-02-20 11:42:00",994,0.00839999999999463
"2019-02-20 11:43:00",945,-0.0183999999999997
"2019-02-20 11:44:00",706,0
"2019-02-20 11:45:00",6678,-0.00499999999999545
"2019-02-20 11:46:00",300,0.00499999999999545
"2019-02-20 11:47:00",242,0.0200000000000031
"2019-02-20 11:48:00",1000,-0.0099000000000018
"2019-02-20 11:49:00",2150,0.0249000000000024
"2019-02-20 11:50:00",7596,0
"2019-02-20 11:51:00",2134,-0.00500000000000256
"2019-02-20 11:52:00",725,0.0100000000000051
"2019-02-20 11:53:00",6589,0.0245999999999995
"2019-02-20 11:54:00",1725,-0.0146000000000015
"2019-02-20 11:55:00",2319,-0.00999999999999801
"2019-02-20 11:56:00",626,0.00999999999999801
"2019-02-20 11:57:00",739,0.019999999999996
"2019-02-20 11:58:00",558,-0.00779999999999603
"2019-02-20 11:59:00",3066,-0.0122
"2019-02-20 12:00:00",1791,-0.00359999999999872
"2019-02-20 12:01:00",802,0.0235999999999947
"2019-02-20 12:02:00",1100,0
"2019-02-20 12:03:00",1100,-0.00229999999999819
"2019-02-20 12:04:00",7936,0.0123000000000033
"2019-02-20 12:05:00",11633,0
"2019-02-20 12:06:00",4061,0.0399999999999991
"2019-02-20 12:07:00",2018,-0.0200000000000031
"2019-02-20 12:08:00",703,0.00200000000000244
"2019-02-20 12:09:00",2700,-0.00200000000000244
"2019-02-20 12:10:00",472,-0.0034999999999954
"2019-02-20 12:11:00",4579,0.0334999999999965
"2019-02-20 12:12:00",6162,0
"2019-02-20 12:13:00",3859,0.0249999999999986
"2019-02-20 12:14:00",1396,0.00919999999999987
"2019-02-20 12:15:00",667,-0.0141999999999953
"2019-02-20 12:16:00",795,0.00999999999999801
"2019-02-20 12:17:00",4446,0.00500000000000256
"2019-02-20 12:18:00",600,-0.00500000000000256
"2019-02-20 12:19:00",1410,-0.00500000000000256
"2019-02-20 12:20:00",400,-0.00499999999999545
"2019-02-20 12:21:00",472,0.00499999999999545
"2019-02-20 12:22:00",1048,-0.00499999999999545
"2019-02-20 12:23:00",1852,-0.00380000000000535
"2019-02-20 12:24:00",2640,0.00380000000000535
"2019-02-20 12:25:00",2227,-0.0200000000000031
"2019-02-20 12:26:00",100,0
"2019-02-20 12:27:00",1474,0.00999999999999801
"2019-02-20 12:28:00",29013,0.0200000000000031
"2019-02-20 12:29:00",3200,-0.0150000000000006
"2019-02-20 12:30:00",1614,-0.0150000000000006
"2019-02-20 12:31:00",6000,0
"2019-02-20 12:32:00",1586,-0.00999999999999801
"2019-02-20 12:33:00",900,-0.00500000000000256
"2019-02-20 12:34:00",2100,-0.0249999999999986
"2019-02-20 12:35:00",2861,-0.00999999999999801
"2019-02-20 12:36:00",1025,0.019999999999996
"2019-02-20 12:37:00",814,0.00650000000000261
"2019-02-20 12:38:00",974,0.0234999999999985
"2019-02-20 12:39:00",5914,0
"2019-02-20 12:41:00",700,-0.0099000000000018
"2019-02-20 12:42:00",1489,0.00319999999999965
"2019-02-20 12:43:00",31255,0.0230999999999995
"2019-02-20 12:44:00",3829,0.007000000000005
"2019-02-20 12:45:00",4894,-0.00339999999999918
"2019-02-20 12:46:00",3188,-0.00670000000000215
"2019-02-20 12:47:00",1956,-0.013300000000001
"2019-02-20 12:48:00",2633,0.00999999999999801
"2019-02-20 12:49:00",3899,-0.0133999999999972
"2019-02-20 12:50:00",861,-0.00659999999999883
"2019-02-20 12:51:00",3039,0.0063999999999993
"2019-02-20 12:52:00",2670,-0.0063999999999993
"2019-02-20 12:53:00",3466,0
"2019-02-20 12:54:00",1645,0
"2019-02-20 12:55:00",3103,-0.0150000000000006
"2019-02-20 12:56:00",5838,-0.0150000000000006
"2019-02-20 12:57:00",557,-0.00999999999999801
"2019-02-20 12:58:00",1913,-0.0172999999999988
"2019-02-20 12:59:00",1796,-0.0127000000000024
"2019-02-20 13:00:00",1918,0.0300000000000011
"2019-02-20 13:01:00",3778,-0.0700000000000003
"2019-02-20 13:02:00",9293,-0.0100000000000051
"2019-02-20 13:03:00",13800,-0.0100999999999942
"2019-02-20 13:04:00",7701,0.0100999999999942
"2019-02-20 13:05:00",1843,-0.0149999999999935
"2019-02-20 13:06:00",14071,0.0349999999999966
"2019-02-20 13:07:00",4522,0.0200000000000031
"2019-02-20 13:08:00",2221,0.00989999999999469
"2019-02-20 13:09:00",3639,-0.059899999999999
"2019-02-20 13:10:00",3231,-0.0200999999999993
"2019-02-20 13:11:00",7732,-0.0399000000000029
"2019-02-20 13:12:00",3318,0.0250000000000057
"2019-02-20 13:13:00",8195,0.0477999999999952
"2019-02-20 13:14:00",1490,0.00220000000000198
"2019-02-20 13:15:00",1050,-0.0150000000000006
"2019-02-20 13:16:00",1300,0
"2019-02-20 13:17:00",3930,-0.0300000000000011
"2019-02-20 13:18:00",988,0
"2019-02-20 13:19:00",1658,-0.0599999999999952
"2019-02-20 13:20:00",700,-0.019200000000005
"2019-02-20 13:21:00",600,-0.0107999999999961
"2019-02-20 13:22:00",4838,0
"2019-02-20 13:23:00",638,0.00999999999999801
"2019-02-20 13:24:00",888,0.0035000000000025
"2019-02-20 13:25:00",900,0.0364999999999966
"2019-02-20 13:26:00",1286,-0.019999999999996
"2019-02-20 13:27:00",2610,0.029999999999994
"2019-02-20 13:28:00",648,-0.00869999999999749
"2019-02-20 13:29:00",600,0.0187000000000026
"2019-02-20 13:30:00",1202,0.00249999999999773
"2019-02-20 13:31:00",1530,0.0174999999999983
"2019-02-20 13:32:00",6066,0.0300000000000011
"2019-02-20 13:33:00",1438,-0.019999999999996
"2019-02-20 13:34:00",5558,0.0349999999999966
"2019-02-20 13:35:00",100,0.00500000000000256
"2019-02-20 13:36:00",1880,0.0259
"2019-02-20 13:37:00",500,-0.015900000000002
"2019-02-20 13:38:00",200,-0.00999999999999801
"2019-02-20 13:39:00",984,-0.00240000000000151
"2019-02-20 13:40:00",500,-0.0176000000000016
"2019-02-20 13:41:00",1100,0
"2019-02-20 13:42:00",1775,0.0129000000000019
"2019-02-20 13:43:00",8461,0.0270999999999972
"2019-02-20 13:44:00",2048,-0.019999999999996
"2019-02-20 13:45:00",2468,0
"2019-02-20 13:46:00",2050,-0.0100000000000051
"2019-02-20 13:47:00",1600,0.00670000000000215
"2019-02-20 13:48:00",4300,0.00339999999999918
"2019-02-20 13:49:00",16415,-0.0300999999999974
"2019-02-20 13:50:00",31885,0
"2019-02-20 13:51:00",8376,-0.00440000000000396
"2019-02-20 13:52:00",7489,-0.00249999999999773
"2019-02-20 13:53:00",1876,-0.0230999999999995
"2019-02-20 13:54:00",900,0
"2019-02-20 13:55:00",800,-0.00999999999999801
"2019-02-20 13:56:00",3400,-0.00610000000000355
"2019-02-20 13:57:00",4476,-0.018899999999995
"2019-02-20 13:58:00",7828,-0.00500000000000256
"2019-02-20 13:59:00",4262,9.99999999962142e-05
"2019-02-20 14:00:00",3065,-0.0250999999999948
"2019-02-20 14:01:00",7450,0.0297999999999945
"2019-02-20 14:02:00",1988,0.00930000000000319
"2019-02-20 14:03:00",4042,-0.0240000000000009
"2019-02-20 14:04:00",500,0.0099000000000018
"2019-02-20 14:05:00",700,-0.00500000000000256
"2019-02-20 14:06:00",1483,-0.00280000000000058
"2019-02-20 14:07:00",965,-0.000399999999999068
"2019-02-20 14:08:00",9598,-0.0217999999999989
"2019-02-20 14:09:00",3276,0.00999999999999801
"2019-02-20 14:10:00",891,0.0200000000000031
"2019-02-20 14:11:00",8047,0.019999999999996
"2019-02-20 14:12:00",2824,0
"2019-02-20 14:13:00",1870,0
"2019-02-20 14:14:00",1683,-0.00999999999999801
"2019-02-20 14:15:00",6107,0
"2019-02-20 14:16:00",450,-9.99999999962142e-05
"2019-02-20 14:17:00",1328,0.0100999999999942
"2019-02-20 14:18:00",6244,0.0200000000000031
"2019-02-20 14:20:00",2344,-0.0300000000000011
"2019-02-20 14:21:00",2518,0.0189999999999984
"2019-02-20 14:22:00",2803,-0.00239999999999441
"2019-02-20 14:23:00",3782,-0.0166000000000039
"2019-02-20 14:24:00",600,0.00999999999999801
"2019-02-20 14:25:00",2868,0
"2019-02-20 14:26:00",2699,0
"2019-02-20 14:27:00",1250,-0.00999999999999801
"2019-02-20 14:28:00",5630,-0.00999999999999801
"2019-02-20 14:29:00",1150,0
"2019-02-20 14:30:00",500,-0.00500000000000256
"2019-02-20 14:31:00",3508,-0.019999999999996
"2019-02-20 14:32:00",4009,0.019999999999996
"2019-02-20 14:33:00",875,-0.00499999999999545
"2019-02-20 14:34:00",2954,-0.00489999999999924
"2019-02-20 14:35:00",700,-0.00510000000000588
"2019-02-20 14:36:00",1376,0
"2019-02-20 14:37:00",1347,0
"2019-02-20 14:38:00",4221,0.0250000000000057
"2019-02-20 14:39:00",1767,-0.00500000000000256
"2019-02-20 14:40:00",4629,0.00999999999999801
"2019-02-20 14:41:00",959,-0.00999999999999801
"2019-02-20 14:42:00",3043,0
"2019-02-20 14:43:00",1358,-0.00610000000000355
"2019-02-20 14:44:00",2541,0.00610000000000355
"2019-02-20 14:45:00",10959,-0.0300000000000011
"2019-02-20 14:46:00",3560,0.0300000000000011
"2019-02-20 14:47:00",8686,0.0150000000000006
"2019-02-20 14:48:00",3003,-0.0150000000000006
"2019-02-20 14:49:00",7530,-0.0300000000000011
"2019-02-20 14:50:00",6396,0
"2019-02-20 14:51:00",11325,-0.0349999999999966
"2019-02-20 14:52:00",6877,-0.0150000000000006
"2019-02-20 14:53:00",5616,0.00999999999999801
"2019-02-20 14:54:00",17604,-0.0200000000000031
"2019-02-20 14:55:00",5429,-0.00999999999999801
"2019-02-20 14:56:00",7693,0.00999999999999801
"2019-02-20 14:57:00",11176,-0.019999999999996
"2019-02-20 14:58:00",8293,0.0150000000000006
"2019-02-20 14:59:00",7115,-0.0150000000000006
"2019-02-20 15:02:00",9887,0.00999999999999801
"2019-02-20 15:15:00",0,0
"2019-02-21 08:30:00",42636,-0.32
"2019-02-21 08:31:00",7769,0.0300000000000011
"2019-02-21 08:32:00",2542,0.0300000000000011
"2019-02-21 08:33:00",12605,0.0300000000000011
"2019-02-21 08:34:00",8002,-0.0600000000000023
"2019-02-21 08:35:00",5052,-0.0200000000000031
"2019-02-21 08:36:00",8419,0.0500000000000043
"2019-02-21 08:37:00",5127,0.0399999999999991
"2019-02-21 08:38:00",2869,0.00999999999999801
"2019-02-21 08:39:00",6010,-0.0300000000000011
"2019-02-21 08:40:00",6834,-0.00999999999999801
"2019-02-21 08:41:00",6438,-0.019999999999996
"2019-02-21 08:42:00",3297,-0.0100000000000051
"2019-02-21 08:43:00",3056,0.0399999999999991
"2019-02-21 08:44:00",4800,-0.0700000000000003
"2019-02-21 08:45:00",6500,0.0100000000000051
"2019-02-21 08:46:00",4692,-0.0100000000000051
"2019-02-21 08:47:00",3569,-0.019999999999996
"2019-02-21 08:48:00",7420,-0.0300000000000011
"2019-02-21 08:49:00",5741,-0.0300000000000011
"2019-02-21 08:50:00",2180,0.0399999999999991
"2019-02-21 08:51:00",5211,0.0200000000000031
"2019-02-21 08:52:00",5974,-0.0298999999999978
"2019-02-21 08:53:00",4154,0.0148999999999972
"2019-02-21 08:54:00",3312,-0.0350000000000037
"2019-02-21 08:55:00",1102,0.0100000000000051
"2019-02-21 08:56:00",3685,0.019999999999996
"2019-02-21 08:57:00",3503,0.0100000000000051
"2019-02-21 08:58:00",8953,0.0249999999999986
"2019-02-21 08:59:00",6148,-0.00999999999999801
"2019-02-21 09:00:00",8056,-0.0450000000000017
"2019-02-21 09:01:00",3247,-0.0100000000000051
"2019-02-21 09:02:00",5782,0.0099000000000018
"2019-02-21 09:03:00",2792,-0.0148999999999972
"2019-02-21 09:04:00",2470,0.0249999999999986
"2019-02-21 09:05:00",1807,0.00999999999999801
"2019-02-21 09:06:00",1837,0.0100000000000051
"2019-02-21 09:07:00",3835,-0.0150000000000006
"2019-02-21 09:08:00",1486,-0.0250000000000057
"2019-02-21 09:09:00",2691,0.00500000000000256
"2019-02-21 09:10:00",3600,-0.00999999999999801
"2019-02-21 09:11:00",5259,0.0150000000000006
"2019-02-21 09:12:00",6424,-0.0866000000000042
"2019-02-21 09:13:00",12420,0.0166000000000039
"2019-02-21 09:14:00",4765,0.0300000000000011
"2019-02-21 09:15:00",3200,-0.0200000000000031
"2019-02-21 09:16:00",2143,0.0399999999999991
"2019-02-21 09:17:00",2548,0.0198999999999998
"2019-02-21 09:18:00",3929,-0.0499000000000009
"2019-02-21 09:19:00",3834,-0.019999999999996
"2019-02-21 09:20:00",19956,-0.0200000000000031
"2019-02-21 09:21:00",3451,-0.0300000000000011
"2019-02-21 09:22:00",9560,-0.029999999999994
"2019-02-21 09:23:00",7020,0
"2019-02-21 09:24:00",15195,-0.0100000000000051
"2019-02-21 09:25:00",7356,-0.00309999999999633
"2019-02-21 09:26:00",4521,-0.0369000000000028
"2019-02-21 09:27:00",3208,-0.0499999999999972
"2019-02-21 09:28:00",5656,0
"2019-02-21 09:29:00",8446,-0.0300000000000011
"2019-02-21 09:30:00",3700,0.019999999999996
"2019-02-21 09:31:00",4954,0.0100000000000051
"2019-02-21 09:32:00",5689,0
"2019-02-21 09:33:00",3500,0.0499999999999972
"2019-02-21 09:34:00",2575,0
"2019-02-21 09:35:00",9027,-0.00999999999999801
"2019-02-21 09:36:00",2100,-0.00999999999999801
"2019-02-21 09:37:00",2801,-0.0250000000000057
"2019-02-21 09:38:00",3166,0.0150000000000006
"2019-02-21 09:39:00",2900,0.0200000000000031
"2019-02-21 09:40:00",2037,-0.0300000000000011
"2019-02-21 09:41:00",3393,-0.00999999999999801
"2019-02-21 09:42:00",4878,0.0233999999999952
"2019-02-21 09:43:00",4110,0.00660000000000593
"2019-02-21 09:44:00",6322,0.00999999999999801
"2019-02-21 09:45:00",2200,0.019999999999996
"2019-02-21 09:46:00",1700,-0.0334000000000003
"2019-02-21 09:47:00",3097,-0.0515999999999934
"2019-02-21 09:48:00",4593,-0.00840000000000174
"2019-02-21 09:49:00",4098,0.00339999999999918
"2019-02-21 09:50:00",27358,-0.0200000000000031
"2019-02-21 09:51:00",6125,0.0200000000000031
"2019-02-21 09:52:00",3358,0.00999999999999801
"2019-02-21 09:53:00",3781,0.00310000000000343
"2019-02-21 09:54:00",3621,0.00689999999999458
"2019-02-21 09:55:00",3618,0.0102000000000046
"2019-02-21 09:56:00",11260,-0.000199999999999534
"2019-02-21 09:57:00",8683,0.0133999999999972
"2019-02-21 09:58:00",3300,0.0166000000000039
"2019-02-21 09:59:00",6105,-0.0200000000000031
"2019-02-21 10:00:00",5707,0.0200000000000031
"2019-02-21 10:01:00",7493,-0.0200000000000031
"2019-02-21 10:02:00",25945,0.00999999999999801
"2019-02-21 10:03:00",6226,0.0500000000000043
"2019-02-21 10:04:00",11677,-0.0100000000000051
"2019-02-21 10:05:00",11293,0.0350000000000037
"2019-02-21 10:06:00",3770,-0.0499999999999972
"2019-02-21 10:07:00",4274,-0.0150000000000006
"2019-02-21 10:08:00",1606,-0.0300000000000011
"2019-02-21 10:09:00",5810,0.0349999999999966
"2019-02-21 10:10:00",4432,0.0150000000000006
"2019-02-21 10:11:00",2658,0.00500000000000256
"2019-02-21 10:12:00",2833,0.0150000000000006
"2019-02-21 10:13:00",11200,0.0399999999999991
"2019-02-21 10:14:00",14533,-0.0150000000000006
"2019-02-21 10:15:00",8722,0.0339000000000027
"2019-02-21 10:16:00",3330,0.00109999999999388
"2019-02-21 10:17:00",1400,-0.019999999999996
"2019-02-21 10:18:00",5400,-0.00999999999999801
"2019-02-21 10:19:00",3407,0.00999999999999801
"2019-02-21 10:20:00",5200,-0.0200000000000031
"2019-02-21 10:21:00",9095,0
"2019-02-21 10:22:00",1500,-0.019999999999996
"2019-02-21 10:23:00",2564,-0.0299000000000049
"2019-02-21 10:24:00",5269,0.0099000000000018
"2019-02-21 10:25:00",2127,-0.0300000000000011
"2019-02-21 10:26:00",7810,0.0500000000000043
"2019-02-21 10:27:00",5696,-0.0228999999999999
"2019-02-21 10:28:00",2226,0.00289999999999679
"2019-02-21 10:29:00",4484,0.00999999999999801
"2019-02-21 10:30:00",3874,-0.00499999999999545
"2019-02-21 10:31:00",3290,0.00499999999999545
"2019-02-21 10:32:00",4654,0.0100000000000051
"2019-02-21 10:33:00",4974,0.0449999999999946
"2019-02-21 10:34:00",14326,0.0200000000000031
"2019-02-21 10:35:00",20433,0.00999999999999801
"2019-02-21 10:36:00",12300,0.00500000000000256
"2019-02-21 10:37:00",20094,0
"2019-02-21 10:38:00",5353,0.017000000000003
"2019-02-21 10:39:00",2380,-0.007000000000005
"2019-02-21 10:40:00",7004,0
"2019-02-21 10:41:00",1730,0
"2019-02-21 10:42:00",700,0
"2019-02-21 10:43:00",1473,-0.0171999999999954
"2019-02-21 10:44:00",3862,-0.0278000000000063
"2019-02-21 10:45:00",906,-0.00499999999999545
"2019-02-21 10:46:00",4354,-0.0399999999999991
"2019-02-21 10:47:00",100,0
"2019-02-21 10:48:00",1681,-0.0500000000000043
"2019-02-21 10:49:00",6991,0.0200000000000031
"2019-02-21 10:50:00",2155,-0.00999999999999801
"2019-02-21 10:51:00",24547,-0.0500000000000043
"2019-02-21 10:52:00",2790,-0.0399999999999991
"2019-02-21 10:53:00",10842,0.00999999999999801
"2019-02-21 10:54:00",4106,0.00730000000000075
"2019-02-21 10:55:00",2451,-0.0334000000000003
"2019-02-21 10:56:00",10655,0.0260999999999996
"2019-02-21 10:57:00",1761,0.0100000000000051
"2019-02-21 10:58:00",7639,-0.0153000000000034
"2019-02-21 10:59:00",4909,-0.0546999999999969
"2019-02-21 11:00:00",8230,0
"2019-02-21 11:01:00",1920,0.00999999999999801
"2019-02-21 11:02:00",2499,-0.0300000000000011
"2019-02-21 11:03:00",11371,-0.00999999999999801
"2019-02-21 11:04:00",4710,0
"2019-02-21 11:05:00",2500,0
"2019-02-21 11:06:00",5447,-0.00999999999999801
"2019-02-21 11:07:00",1758,-0.0100000000000051
"2019-02-21 11:08:00",3636,0
"2019-02-21 11:09:00",15193,-0.0377999999999972
"2019-02-21 11:10:00",7324,-0.00220000000000198
"2019-02-21 11:11:00",7698,-0.019999999999996
"2019-02-21 11:12:00",6959,-0.0142000000000024
"2019-02-21 11:13:00",3940,-0.0157999999999987
"2019-02-21 11:14:00",5562,0
"2019-02-21 11:15:00",3420,-0.0100000000000051
"2019-02-21 11:16:00",5569,-0.00499999999999545
"2019-02-21 11:17:00",9179,-0.00500000000000256
"2019-02-21 11:18:00",5962,-0.00999999999999801
"2019-02-21 11:19:00",13833,0.00999999999999801
"2019-02-21 11:20:00",18150,-0.0499999999999972
"2019-02-21 11:21:00",11096,0.019999999999996
"2019-02-21 11:22:00",5518,-0.00999999999999801
"2019-02-21 11:23:00",3077,0
"2019-02-21 11:24:00",2954,-0.0127000000000024
"2019-02-21 11:25:00",8332,0.0127000000000024
"2019-02-21 11:26:00",2600,-0.00500000000000256
"2019-02-21 11:27:00",6350,-0.00499999999999545
"2019-02-21 11:28:00",6215,0.0300000000000011
"2019-02-21 11:29:00",600,-0.0150000000000006
"2019-02-21 11:30:00",8226,0.0150000000000006
"2019-02-21 11:31:00",2416,0.00580000000000069
"2019-02-21 11:32:00",5305,0.00419999999999732
"2019-02-21 11:33:00",4619,0.019999999999996
"2019-02-21 11:34:00",1178,-0.00999999999999801
"2019-02-21 11:35:00",2000,-0.0150000000000006
"2019-02-21 11:36:00",2000,-0.0150000000000006
"2019-02-21 11:37:00",14395,0.0650000000000048
"2019-02-21 11:38:00",2500,0.00999999999999801
"2019-02-21 11:39:00",2066,-0.0300000000000011
"2019-02-21 11:40:00",3984,0.0150000000000006
"2019-02-21 11:41:00",7176,0.0200000000000031
"2019-02-21 11:42:00",4972,-0.00500000000000256
"2019-02-21 11:43:00",2108,0.0249999999999986
"2019-02-21 11:44:00",2610,-0.00999999999999801
"2019-02-21 11:45:00",800,-0.00999999999999801
"2019-02-21 11:46:00",2125,-0.0300000000000011
"2019-02-21 11:47:00",4810,0.019999999999996
"2019-02-21 11:48:00",1415,-0.0165000000000006
"2019-02-21 11:49:00",1944,0.0165000000000006
"2019-02-21 11:50:00",2511,0.0200000000000031
"2019-02-21 11:51:00",883,0.0144999999999982
"2019-02-21 11:52:00",5200,0.0304000000000002
"2019-02-21 11:53:00",1718,-0.0191999999999979
"2019-02-21 11:54:00",1854,-0.00570000000000448
"2019-02-21 11:55:00",3700,0.0100000000000051
"2019-02-21 11:56:00",5472,0.0300000000000011
"2019-02-21 11:57:00",1638,0
"2019-02-21 11:58:00",1400,0.00499999999999545
"2019-02-21 11:59:00",1786,-0.00999999999999801
"2019-02-21 12:00:00",2534,-0.0200000000000031
"2019-02-21 12:01:00",3981,-0.0150000000000006
"2019-02-21 12:02:00",4110,-0.00999999999999801
"2019-02-21 12:03:00",4023,0.00999999999999801
"2019-02-21 12:04:00",4782,0
"2019-02-21 12:05:00",2369,0.0150000000000006
"2019-02-21 12:06:00",2889,0.0200000000000031
"2019-02-21 12:07:00",2130,0.0214999999999961
"2019-02-21 12:08:00",1975,0.0035000000000025
"2019-02-21 12:09:00",2600,-0.019999999999996
"2019-02-21 12:10:00",100,-0.0100000000000051
"2019-02-21 12:11:00",4200,0.0100000000000051
"2019-02-21 12:12:00",2900,-0.0100000000000051
"2019-02-21 12:13:00",2103,-0.00999999999999801
"2019-02-21 12:14:00",1091,-0.00999999999999801
"2019-02-21 12:15:00",1449,-0.0100000000000051
"2019-02-21 12:16:00",10248,-0.00999999999999801
"2019-02-21 12:17:00",5098,-0.019999999999996
"2019-02-21 12:18:00",8429,-0.0200000000000031
"2019-02-21 12:19:00",729,0.00769999999999982
"2019-02-21 12:20:00",3949,-0.0127000000000024
"2019-02-21 12:21:00",10672,0
"2019-02-21 12:22:00",4617,0.00500000000000256
"2019-02-21 12:23:00",6759,0.00500000000000256
"2019-02-21 12:24:00",2339,0.00499999999999545
"2019-02-21 12:25:00",2119,-0.0150000000000006
"2019-02-21 12:26:00",5309,-0.019999999999996
"2019-02-21 12:27:00",9822,0.0249999999999986
"2019-02-21 12:28:00",3180,-0.0249999999999986
"2019-02-21 12:29:00",4017,0.00499999999999545
"2019-02-21 12:30:00",4025,0.0200000000000031
"2019-02-21 12:31:00",1000,0
"2019-02-21 12:32:00",4599,-0.00999999999999801
"2019-02-21 12:33:00",598,0.00999999999999801
"2019-02-21 12:34:00",1100,-0.00500000000000256
"2019-02-21 12:35:00",3529,0.0150000000000006
"2019-02-21 12:36:00",1800,0.00500000000000256
"2019-02-21 12:37:00",5662,0.00500000000000256
"2019-02-21 12:38:00",9027,0
"2019-02-21 12:39:00",2433,0
"2019-02-21 12:40:00",3224,0
"2019-02-21 12:41:00",7058,0.00489999999999924
"2019-02-21 12:42:00",15686,-0.00489999999999924
"2019-02-21 12:43:00",7294,0.029999999999994
"2019-02-21 12:44:00",14658,0.0100000000000051
"2019-02-21 12:45:00",6219,0.0399999999999991
"2019-02-21 12:46:00",4225,-0.00999999999999801
"2019-02-21 12:47:00",5785,0.029999999999994
"2019-02-21 12:48:00",15903,-0.00999999999999801
"2019-02-21 12:49:00",2800,-0.00450000000000017
"2019-02-21 12:50:00",3766,-0.0154999999999959
"2019-02-21 12:51:00",2900,-0.00500000000000256
"2019-02-21 12:52:00",2362,-0.0150000000000006
"2019-02-21 12:53:00",2602,0.00999999999999801
"2019-02-21 12:54:00",1540,0
"2019-02-21 12:55:00",3535,-0.019999999999996
"2019-02-21 12:56:00",5933,0.00649999999999551
"2019-02-21 12:57:00",6639,0.0035000000000025
"2019-02-21 12:58:00",5079,0.0200000000000031
"2019-02-21 12:59:00",3163,0
"2019-02-21 13:00:00",3200,-0.0100000000000051
"2019-02-21 13:01:00",3715,0.0150000000000006
"2019-02-21 13:02:00",2753,-0.019999999999996
"2019-02-21 13:03:00",7904,-0.0150000000000006
"2019-02-21 13:04:00",2400,0
"2019-02-21 13:05:00",1735,-0.0354000000000028
"2019-02-21 13:06:00",2230,0.00540000000000163
"2019-02-21 13:07:00",3812,0
"2019-02-21 13:08:00",2550,0.00939999999999941
"2019-02-21 13:09:00",1457,-0.0161999999999978
"2019-02-21 13:10:00",16928,-0.0132000000000048
"2019-02-21 13:11:00",800,-0.00999999999999801
"2019-02-21 13:12:00",12225,0
"2019-02-21 13:13:00",1829,-0.0150000000000006
"2019-02-21 13:14:00",9595,0.0150000000000006
"2019-02-21 13:15:00",12327,-0.0300000000000011
"2019-02-21 13:16:00",2307,0
"2019-02-21 13:17:00",613,0.0069999999999979
"2019-02-21 13:18:00",3863,0.00800000000000267
"2019-02-21 13:19:00",1858,-0.0150000000000006
"2019-02-21 13:20:00",1485,-0.00499999999999545
"2019-02-21 13:21:00",4113,-0.007000000000005
"2019-02-21 13:22:00",9347,0.0219000000000023
"2019-02-21 13:23:00",5652,-0.0249000000000024
"2019-02-21 13:24:00",8466,-0.00869999999999749
"2019-02-21 13:25:00",6946,-0.0163000000000011
"2019-02-21 13:26:00",13702,0.0249999999999986
"2019-02-21 13:27:00",1900,0
"2019-02-21 13:28:00",2553,-0.00499999999999545
"2019-02-21 13:29:00",1460,0
"2019-02-21 13:30:00",11746,0.0150000000000006
"2019-02-21 13:31:00",1000,0.00499999999999545
"2019-02-21 13:32:00",2861,-0.00999999999999801
"2019-02-21 13:33:00",10099,0
"2019-02-21 13:34:00",12840,0
"2019-02-21 13:35:00",6000,-0.0234000000000023
"2019-02-21 13:36:00",2400,-0.00159999999999627
"2019-02-21 13:37:00",12528,-0.0249999999999986
"2019-02-21 13:38:00",10005,-0.0100000000000051
"2019-02-21 13:39:00",1900,0
"2019-02-21 13:40:00",6484,0.0200000000000031
"2019-02-21 13:41:00",5860,0.0399999999999991
"2019-02-21 13:42:00",4885,-0.0200000000000031
"2019-02-21 13:43:00",7321,-0.019999999999996
"2019-02-21 13:44:00",27682,0.00999999999999801
"2019-02-21 13:45:00",3850,-0.0150000000000006
"2019-02-21 13:46:00",8638,-0.0150000000000006
"2019-02-21 13:47:00",11936,-0.0399999999999991
"2019-02-21 13:48:00",7069,0.00800000000000267
"2019-02-21 13:49:00",3912,0.00139999999999674
"2019-02-21 13:50:00",1719,-0.00939999999999941
"2019-02-21 13:51:00",6792,-0.0245999999999995
"2019-02-21 13:52:00",9436,-0.00540000000000163
"2019-02-21 13:53:00",10885,0
"2019-02-21 13:54:00",5153,0.0200000000000031
"2019-02-21 13:55:00",1131,0.0172999999999988
"2019-02-21 13:56:00",2597,0.00269999999999726
"2019-02-21 13:57:00",10824,-0.0254999999999939
"2019-02-21 13:58:00",3269,0.00549999999999784
"2019-02-21 13:59:00",6921,-0.00999999999999801
"2019-02-21 14:00:00",10581,0.00499999999999545
"2019-02-21 14:01:00",9993,-0.00499999999999545
"2019-02-21 14:02:00",2503,-0.0100000000000051
"2019-02-21 14:03:00",5664,-0.00999999999999801
"2019-02-21 14:04:00",2325,-0.00999999999999801
"2019-02-21 14:05:00",3708,-0.0100000000000051
"2019-02-21 14:06:00",13076,0.0300000000000011
"2019-02-21 14:07:00",11593,0
"2019-02-21 14:08:00",6511,0.0300000000000011
"2019-02-21 14:09:00",3177,0
"2019-02-21 14:10:00",1736,-0.019999999999996
"2019-02-21 14:11:00",5726,-0.0150000000000006
"2019-02-21 14:12:00",7660,0.0249999999999986
"2019-02-21 14:13:00",4552,0.00999999999999801
"2019-02-21 14:14:00",5156,-0.00500000000000256
"2019-02-21 14:15:00",307,0
"2019-02-21 14:16:00",1600,0.00500000000000256
"2019-02-21 14:17:00",10220,-0.00999999999999801
"2019-02-21 14:18:00",27352,-0.0399999999999991
"2019-02-21 14:19:00",4033,0
"2019-02-21 14:20:00",3731,0.00499999999999545
"2019-02-21 14:21:00",11039,0.0300000000000011
"2019-02-21 14:22:00",7246,-0.00489999999999924
"2019-02-21 14:23:00",3653,-0.0101000000000013
"2019-02-21 14:24:00",5200,-0.00489999999999924
"2019-02-21 14:25:00",6269,0.00489999999999924
"2019-02-21 14:26:00",4608,-0.00499999999999545
"2019-02-21 14:27:00",2920,0.0150000000000006
"2019-02-21 14:28:00",4057,-0.00010000000000332
"2019-02-21 14:29:00",2294,-0.0099000000000018
"2019-02-21 14:30:00",4516,-0.00999999999999801
"2019-02-21 14:31:00",10685,-0.0399999999999991
"2019-02-21 14:32:00",2659,0.00999999999999801
"2019-02-21 14:33:00",10128,0.0350000000000037
"2019-02-21 14:34:00",5116,0.0150000000000006
"2019-02-21 14:35:00",3104,-0.0150000000000006
"2019-02-21 14:36:00",959,0.00499999999999545
"2019-02-21 14:37:00",2000,-0.00999999999999801
"2019-02-21 14:38:00",4216,0.00500000000000256
"2019-02-21 14:39:00",5149,-0.00500000000000256
"2019-02-21 14:40:00",35877,-0.00999999999999801
"2019-02-21 14:41:00",12930,0.00999999999999801
"2019-02-21 14:42:00",16598,0.00500000000000256
"2019-02-21 14:43:00",3879,-0.0350000000000037
"2019-02-21 14:44:00",13268,0.0249999999999986
"2019-02-21 14:45:00",14041,0.0350000000000037
"2019-02-21 14:46:00",7559,-0.00500000000000256
"2019-02-21 14:47:00",13629,-0.0150000000000006
"2019-02-21 14:48:00",10352,-0.00999999999999801
"2019-02-21 14:49:00",16924,-0.00999999999999801
"2019-02-21 14:50:00",33604,0.0101000000000013
"2019-02-21 14:51:00",12695,0.00989999999999469
"2019-02-21 14:52:00",14127,-0.00499999999999545
"2019-02-21 14:53:00",18467,0.0249999999999986
"2019-02-21 14:54:00",16977,0.019999999999996
"2019-02-21 14:55:00",28163,0.0450000000000017
"2019-02-21 14:56:00",18870,-0.00499999999999545
"2019-02-21 14:57:00",33717,0
"2019-02-21 14:58:00",38398,-0.00150000000000006
"2019-02-21 14:59:00",39241,0.0214999999999961
"2019-02-21 15:02:00",33871,0
"2019-02-21 15:15:00",0,0
"2019-02-22 08:30:00",61220,0.5
"2019-02-22 08:31:00",29601,-0.00999999999999801
"2019-02-22 08:32:00",6458,0.019999999999996
"2019-02-22 08:33:00",6025,-0.0150000000000006
"2019-02-22 08:34:00",11161,0.0300000000000011
"2019-02-22 08:35:00",21731,-0.0450999999999979
"2019-02-22 08:36:00",4250,0.00010000000000332
"2019-02-22 08:37:00",3960,-0.0200000000000031
"2019-02-22 08:38:00",1106,0
"2019-02-22 08:39:00",5774,-0.0300000000000011
"2019-02-22 08:40:00",4472,-0.00999999999999801
"2019-02-22 08:41:00",7200,0
"2019-02-22 08:42:00",8318,-0.0461999999999989
"2019-02-22 08:43:00",2000,-0.0138000000000034
"2019-02-22 08:44:00",10110,0.0600000000000023
"2019-02-22 08:45:00",4158,0.0137
"2019-02-22 08:46:00",3359,0.0362999999999971
"2019-02-22 08:47:00",3166,-0.0315000000000012
"2019-02-22 08:48:00",4053,-0.00849999999999795
"2019-02-22 08:49:00",4500,-0.0300000000000011
"2019-02-22 08:50:00",4768,0
"2019-02-22 08:51:00",5347,-0.0399999999999991
"2019-02-22 08:52:00",6517,0.00999999999999801
"2019-02-22 08:53:00",2937,0.0100000000000051
"2019-02-22 08:54:00",12989,0
"2019-02-22 08:55:00",4554,0
"2019-02-22 08:56:00",4400,0.0131999999999977
"2019-02-22 08:57:00",300,0.00679999999999836
"2019-02-22 08:58:00",2400,-0.019999999999996
"2019-02-22 08:59:00",5015,0.00499999999999545
"2019-02-22 09:00:00",5424,-0.00499999999999545
"2019-02-22 09:01:00",6789,0.0399999999999991
"2019-02-22 09:02:00",9557,0.00499999999999545
"2019-02-22 09:03:00",5036,0.00500000000000256
"2019-02-22 09:04:00",23647,-0.0399999999999991
"2019-02-22 09:05:00",7949,0.00999999999999801
"2019-02-22 09:06:00",7693,-0.0499999999999972
"2019-02-22 09:07:00",10935,0
"2019-02-22 09:08:00",8012,-0.0300000000000011
"2019-02-22 09:09:00",1650,-0.0200000000000031
"2019-02-22 09:10:00",3312,0
"2019-02-22 09:11:00",3400,-0.029999999999994
"2019-02-22 09:12:00",3996,0.0399999999999991
"2019-02-22 09:13:00",3859,0.00999999999999801
"2019-02-22 09:14:00",6300,-0.026600000000002
"2019-02-22 09:15:00",21595,-0.0133999999999972
"2019-02-22 09:16:00",5300,0.0300000000000011
"2019-02-22 09:17:00",6372,-0.0100000000000051
"2019-02-22 09:18:00",2506,-0.019999999999996
"2019-02-22 09:19:00",1778,0.00999999999999801
"2019-02-22 09:20:00",3020,0.0399999999999991
"2019-02-22 09:21:00",2853,0
"2019-02-22 09:22:00",4300,0
"2019-02-22 09:23:00",3821,-0.00999999999999801
"2019-02-22 09:24:00",3505,-0.0200000000000031
"2019-02-22 09:25:00",1700,0
"2019-02-22 09:26:00",6153,-0.019999999999996
"2019-02-22 09:27:00",1623,-0.0399999999999991
"2019-02-22 09:28:00",4988,0.00999999999999801
"2019-02-22 09:29:00",6455,-0.019999999999996
"2019-02-22 09:30:00",2692,0.029999999999994
"2019-02-22 09:31:00",2201,-0.00430000000000064
"2019-02-22 09:32:00",7650,0.00430000000000064
"2019-02-22 09:33:00",7575,0
"2019-02-22 09:34:00",9139,0.00380000000000535
"2019-02-22 09:35:00",4425,-0.0238000000000014
"2019-02-22 09:36:00",2265,0.00999999999999801
"2019-02-22 09:37:00",7222,-0.00999999999999801
"2019-02-22 09:38:00",6200,-0.0300000000000011
"2019-02-22 09:39:00",5112,0.0200000000000031
"2019-02-22 09:40:00",5967,0.019999999999996
"2019-02-22 09:41:00",6069,0.00999999999999801
"2019-02-22 09:42:00",6623,0.0200000000000031
"2019-02-22 09:43:00",5692,0.00500000000000256
"2019-02-22 09:44:00",3909,-0.00500000000000256
"2019-02-22 09:45:00",5099,0.00999999999999801
"2019-02-22 09:46:00",9483,0.00999999999999801
"2019-02-22 09:47:00",7051,0.0100000000000051
"2019-02-22 09:48:00",400,0.00999999999999801
"2019-02-22 09:49:00",3312,0
"2019-02-22 09:50:00",6624,-0.0300000000000011
"2019-02-22 09:51:00",2051,-0.0300000000000011
"2019-02-22 09:52:00",1358,0.0200000000000031
"2019-02-22 09:53:00",2327,0.0300000000000011
"2019-02-22 09:54:00",1357,0
"2019-02-22 09:55:00",1435,0.019999999999996
"2019-02-22 09:56:00",4000,0
"2019-02-22 09:57:00",2073,-0.0399999999999991
"2019-02-22 09:58:00",700,0.0300000000000011
"2019-02-22 09:59:00",2694,0.0200000000000031
"2019-02-22 10:00:00",6418,0.019999999999996
"2019-02-22 10:01:00",1737,0
"2019-02-22 10:02:00",4169,0.0300000000000011
"2019-02-22 10:03:00",3938,0.0200000000000031
"2019-02-22 10:04:00",739,-0.00460000000000349
"2019-02-22 10:05:00",1261,-0.0253999999999976
"2019-02-22 10:06:00",2048,0.00999999999999801
"2019-02-22 10:07:00",5312,0.0200000000000031
"2019-02-22 10:08:00",1635,-0.0100000000000051
"2019-02-22 10:09:00",1788,0.0200000000000031
"2019-02-22 10:10:00",4530,-0.0731999999999999
"2019-02-22 10:11:00",2100,0.0131999999999977
"2019-02-22 10:12:00",1085,0.0300000000000011
"2019-02-22 10:13:00",1971,-0.00999999999999801
"2019-02-22 10:14:00",3938,0
"2019-02-22 10:15:00",3086,-0.0200000000000031
"2019-02-22 10:16:00",2628,0.00999999999999801
"2019-02-22 10:17:00",3145,0.0100000000000051
"2019-02-22 10:18:00",3887,0.0407999999999973
"2019-02-22 10:19:00",2466,0.00419999999999732
"2019-02-22 10:20:00",1312,-0.0249999999999986
"2019-02-22 10:21:00",500,-0.00999999999999801
"2019-02-22 10:22:00",1000,-0.00999999999999801
"2019-02-22 10:23:00",2050,0.019999999999996
"2019-02-22 10:24:00",6914,-0.019999999999996
"2019-02-22 10:25:00",1862,-0.0300000000000011
"2019-02-22 10:26:00",4150,0
"2019-02-22 10:27:00",5709,0.019999999999996
"2019-02-22 10:28:00",2529,0
"2019-02-22 10:29:00",6810,-0.00999999999999801
"2019-02-22 10:30:00",1971,0.0200000000000031
"2019-02-22 10:31:00",1103,0
"2019-02-22 10:32:00",1000,0.0150000000000006
"2019-02-22 10:33:00",600,0.00499999999999545
"2019-02-22 10:34:00",33600,-0.0599999999999952
"2019-02-22 10:35:00",15738,-0.0250000000000057
"2019-02-22 10:36:00",11449,0.0150000000000006
"2019-02-22 10:37:00",1300,-0.00999999999999801
"2019-02-22 10:38:00",2475,0.0300000000000011
"2019-02-22 10:39:00",1938,0.019999999999996
"2019-02-22 10:40:00",1403,0.00500000000000256
"2019-02-22 10:41:00",12671,-0.00999999999999801
"2019-02-22 10:42:00",7596,0
"2019-02-22 10:43:00",500,0.00150000000000006
"2019-02-22 10:44:00",570,0.0034999999999954
"2019-02-22 10:45:00",941,0
"2019-02-22 10:46:00",2200,-0.00999999999999801
"2019-02-22 10:47:00",1243,0.0200000000000031
"2019-02-22 10:48:00",1096,-0.0350000000000037
"2019-02-22 10:49:00",5815,0.00500000000000256
"2019-02-22 10:50:00",1059,0
"2019-02-22 10:51:00",1375,-0.0046999999999997
"2019-02-22 10:52:00",3307,-0.0253000000000014
"2019-02-22 10:53:00",5795,0.00999999999999801
"2019-02-22 10:54:00",6618,-0.0150000000000006
"2019-02-22 10:55:00",700,0.00110000000000099
"2019-02-22 10:56:00",682,0.00390000000000157
"2019-02-22 10:57:00",3713,-0.00999999999999801
"2019-02-22 10:58:00",1150,0.019999999999996
"2019-02-22 10:59:00",2477,-0.019999999999996
"2019-02-22 11:00:00",3904,-0.0100000000000051
"2019-02-22 11:01:00",7601,0.0198000000000036
"2019-02-22 11:02:00",635,0.0140999999999991
"2019-02-22 11:03:00",1311,0.0206999999999979
"2019-02-22 11:04:00",1502,0.0153999999999996
"2019-02-22 11:05:00",3388,-0.00999999999999801
"2019-02-22 11:06:00",938,0.0200000000000031
"2019-02-22 11:07:00",200,0.00369999999999493
"2019-02-22 11:08:00",900,-0.0236999999999981
"2019-02-22 11:09:00",600,0.0200000000000031
"2019-02-22 11:10:00",950,0.0210000000000008
"2019-02-22 11:11:00",900,-0.00100000000000477
"2019-02-22 11:12:00",434,0.0134000000000043
"2019-02-22 11:13:00",1387,-0.00950000000000273
"2019-02-22 11:14:00",775,0.00610000000000355
"2019-02-22 11:15:00",2923,0.00499999999999545
"2019-02-22 11:16:00",2063,-0.00509999999999877
"2019-02-22 11:17:00",353,0
"2019-02-22 11:18:00",1492,-0.0198999999999998
"2019-02-22 11:19:00",2584,0.00999999999999801
"2019-02-22 11:20:00",1469,0
"2019-02-22 11:21:00",2534,0.0254000000000048
"2019-02-22 11:22:00",3089,-0.0153999999999996
"2019-02-22 11:23:00",2600,0.019999999999996
"2019-02-22 11:24:00",21044,0.0150000000000006
"2019-02-22 11:25:00",3594,-0.00500000000000256
"2019-02-22 11:26:00",400,0.0100000000000051
"2019-02-22 11:27:00",1704,-0.0150000000000006
"2019-02-22 11:28:00",700,-0.0100000000000051
"2019-02-22 11:29:00",1810,-0.00999999999999801
"2019-02-22 11:30:00",700,-0.0150000000000006
"2019-02-22 11:31:00",600,-0.00849999999999795
"2019-02-22 11:32:00",1140,0.0035000000000025
"2019-02-22 11:33:00",3079,0.00499999999999545
"2019-02-22 11:34:00",1263,0.013300000000001
"2019-02-22 11:35:00",600,0.00110000000000099
"2019-02-22 11:36:00",1295,0.0105999999999966
"2019-02-22 11:37:00",626,0.0150000000000006
"2019-02-22 11:38:00",5125,0.0150000000000006
"2019-02-22 11:39:00",1542,-0.0150000000000006
"2019-02-22 11:40:00",645,-0.00499999999999545
"2019-02-22 11:41:00",1718,0.00499999999999545
"2019-02-22 11:42:00",2573,-0.00309999999999633
"2019-02-22 11:43:00",400,0.00629999999999598
"2019-02-22 11:44:00",400,0.00680000000000547
"2019-02-22 11:45:00",1800,0
"2019-02-22 11:46:00",2494,0
"2019-02-22 11:47:00",4751,-0.00500000000000256
"2019-02-22 11:48:00",1014,-0.00399999999999778
"2019-02-22 11:50:00",1545,-0.00100000000000477
"2019-02-22 11:51:00",1000,0
"2019-02-22 11:52:00",1330,-0.0150000000000006
"2019-02-22 11:53:00",375,-0.0149999999999935
"2019-02-22 11:54:00",1400,0.00999999999999801
"2019-02-22 11:55:00",3586,0.0150000000000006
"2019-02-22 11:56:00",100,-0.00500000000000256
"2019-02-22 11:57:00",1843,0.0150000000000006
"2019-02-22 11:58:00",3637,-0.0150000000000006
"2019-02-22 11:59:00",4601,-0.00500000000000256
"2019-02-22 12:00:00",1190,0.0150000000000006
"2019-02-22 12:01:00",3190,-0.00659999999999883
"2019-02-22 12:02:00",1224,-0.00339999999999918
"2019-02-22 12:03:00",1396,-0.00999999999999801
"2019-02-22 12:04:00",3500,-0.00999999999999801
"2019-02-22 12:05:00",700,0.0149999999999935
"2019-02-22 12:06:00",1000,0
"2019-02-22 12:07:00",400,0.00250000000000483
"2019-02-22 12:08:00",1200,-0.00250000000000483
"2019-02-22 12:09:00",710,0.00500000000000256
"2019-02-22 12:10:00",1550,0.00379999999999825
"2019-02-22 12:11:00",275,0.000399999999999068
"2019-02-22 12:12:00",2004,-0.0191999999999979
"2019-02-22 12:13:00",1200,0.00500000000000256
"2019-02-22 12:14:00",600,0
"2019-02-22 12:15:00",1431,0.00999999999999801
"2019-02-22 12:16:00",3514,-0.00999999999999801
"2019-02-22 12:17:00",2150,0.00999999999999801
"2019-02-22 12:18:00",800,0.00399999999999778
"2019-02-22 12:19:00",1200,0.0145000000000053
"2019-02-22 12:20:00",2744,-0.0185000000000031
"2019-02-22 12:21:00",200,0.00500000000000256
"2019-02-22 12:22:00",200,0.000499999999995282
"2019-02-22 12:23:00",2350,-0.000499999999995282
"2019-02-22 12:24:00",3486,0.00499999999999545
"2019-02-22 12:25:00",3300,0.00500000000000256
"2019-02-22 12:26:00",5096,0.00500000000000256
"2019-02-22 12:27:00",1400,-0.00500000000000256
"2019-02-22 12:28:00",3600,0
"2019-02-22 12:29:00",3499,0
"2019-02-22 12:30:00",815,0.00500000000000256
"2019-02-22 12:31:00",2800,-0.00500000000000256
"2019-02-22 12:32:00",556,0.00900000000000034
"2019-02-22 12:33:00",500,0.00139999999999674
"2019-02-22 12:34:00",1400,-0.000399999999999068
"2019-02-22 12:35:00",400,0.00500000000000256
"2019-02-22 12:36:00",2144,-0.00999999999999801
"2019-02-22 12:37:00",1357,0.00999999999999801
"2019-02-22 12:38:00",4186,-0.0168999999999997
"2019-02-22 12:39:00",855,-0.00310000000000343
"2019-02-22 12:40:00",940,0.00500000000000256
"2019-02-22 12:41:00",1637,-0.00500000000000256
"2019-02-22 12:42:00",559,0.00520000000000209
"2019-02-22 12:43:00",3260,-0.0152000000000001
"2019-02-22 12:44:00",2218,0.00500000000000256
"2019-02-22 12:45:00",2019,-0.0200000000000031
"2019-02-22 12:46:00",3736,0
"2019-02-22 12:47:00",2440,-0.00909999999999656
"2019-02-22 12:48:00",2153,-0.00010000000000332
"2019-02-22 12:49:00",125,0.000399999999999068
"2019-02-22 12:50:00",1566,-0.00619999999999976
"2019-02-22 12:51:00",1980,0.00500000000000256
"2019-02-22 12:52:00",450,-0.0011999999999972
"2019-02-22 12:53:00",9019,-0.00380000000000535
"2019-02-22 12:54:00",1602,-0.00499999999999545
"2019-02-22 12:55:00",1100,-0.0100000000000051
"2019-02-22 12:56:00",576,0.00180000000000291
"2019-02-22 12:57:00",9071,-0.0035000000000025
"2019-02-22 12:58:00",5560,0.00670000000000215
"2019-02-22 12:59:00",1810,0.0150000000000006
"2019-02-22 13:00:00",616,-0.00500000000000256
"2019-02-22 13:01:00",450,0.00450000000000017
"2019-02-22 13:02:00",1891,-0.00450000000000017
"2019-02-22 13:03:00",7770,0
"2019-02-22 13:04:00",9699,0.00500000000000256
"2019-02-22 13:05:00",5329,-0.0150000000000006
"2019-02-22 13:06:00",1400,0.00999999999999801
"2019-02-22 13:08:00",779,0
"2019-02-22 13:09:00",5500,0.0249999999999986
"2019-02-22 13:10:00",2800,0.0150000000000006
"2019-02-22 13:11:00",826,-0.0034999999999954
"2019-02-22 13:12:00",1041,0.0135000000000005
"2019-02-22 13:13:00",4427,-0.0100000000000051
"2019-02-22 13:14:00",3120,-0.0150000000000006
"2019-02-22 13:15:00",1055,0.00500000000000256
"2019-02-22 13:16:00",900,-0.00999999999999801
"2019-02-22 13:17:00",6088,0.00509999999999877
"2019-02-22 13:18:00",2394,0.00489999999999924
"2019-02-22 13:19:00",3847,-0.0150000000000006
"2019-02-22 13:20:00",3232,0
"2019-02-22 13:21:00",7697,-0.00499999999999545
"2019-02-22 13:22:00",540,0
"2019-02-22 13:24:00",1984,0.0250999999999948
"2019-02-22 13:25:00",1391,-0.0150999999999968
"2019-02-22 13:26:00",1132,-0.00500000000000256
"2019-02-22 13:27:00",151,0.00910000000000366
"2019-02-22 13:28:00",17531,-0.0041000000000011
"2019-02-22 13:29:00",2727,-0.0099000000000018
"2019-02-22 13:30:00",1600,0.0099000000000018
"2019-02-22 13:31:00",820,0.00499999999999545
"2019-02-22 13:32:00",5353,-0.00499999999999545
"2019-02-22 13:33:00",4800,0
"2019-02-22 13:34:00",2123,-0.00500000000000256
"2019-02-22 13:35:00",6128,-0.0349999999999966
"2019-02-22 13:36:00",5579,-0.0100000000000051
"2019-02-22 13:37:00",2659,0.00500000000000256
"2019-02-22 13:38:00",1000,0.00500000000000256
"2019-02-22 13:39:00",2028,-0.0150000000000006
"2019-02-22 13:40:00",1379,-0.0249999999999986
"2019-02-22 13:41:00",2200,-0.0200000000000031
"2019-02-22 13:42:00",1902,0.0200000000000031
"2019-02-22 13:43:00",1592,0
"2019-02-22 13:44:00",1838,-0.0100000000000051
"2019-02-22 13:45:00",5939,-0.00999999999999801
"2019-02-22 13:46:00",1500,0.0300000000000011
"2019-02-22 13:47:00",1655,0.0150000000000006
"2019-02-22 13:48:00",900,0.00999999999999801
"2019-02-22 13:49:00",779,-0.0249000000000024
"2019-02-22 13:50:00",1715,-0.0200999999999993
"2019-02-22 13:51:00",2178,0.0200000000000031
"2019-02-22 13:52:00",4027,-0.00999999999999801
"2019-02-22 13:53:00",1850,-0.0100000000000051
"2019-02-22 13:54:00",2493,-0.0100999999999942
"2019-02-22 13:55:00",1550,0.00509999999999877
"2019-02-22 13:56:00",211,0.00130000000000052
"2019-02-22 13:57:00",1689,-0.0163000000000011
"2019-02-22 13:58:00",950,0
"2019-02-22 13:59:00",3890,-0.0100000000000051
"2019-02-22 14:00:00",2702,0.0200000000000031
"2019-02-22 14:01:00",2052,0.00999999999999801
"2019-02-22 14:02:00",2310,0
"2019-02-22 14:03:00",2269,-0.00369999999999493
"2019-02-22 14:04:00",285,0.000399999999999068
"2019-02-22 14:05:00",3110,0.0182999999999964
"2019-02-22 14:06:00",3351,-0.00499999999999545
"2019-02-22 14:07:00",4160,-0.0150000000000006
"2019-02-22 14:08:00",1336,0.0150000000000006
"2019-02-22 14:09:00",1100,0
"2019-02-22 14:10:00",1171,0
"2019-02-22 14:11:00",400,0.000999999999997669
"2019-02-22 14:12:00",954,-0.00249999999999773
"2019-02-22 14:13:00",5404,-0.0185000000000031
"2019-02-22 14:14:00",2859,0.0200000000000031
"2019-02-22 14:15:00",1512,0
"2019-02-22 14:16:00",2456,0.00999999999999801
"2019-02-22 14:17:00",5002,0.019999999999996
"2019-02-22 14:18:00",2533,-0.00499999999999545
"2019-02-22 14:19:00",1200,0.00499999999999545
"2019-02-22 14:20:00",4157,-0.0034999999999954
"2019-02-22 14:21:00",1863,0.0034999999999954
"2019-02-22 14:22:00",1498,0.0100000000000051
"2019-02-22 14:23:00",1100,0.00499999999999545
"2019-02-22 14:24:00",1443,-0.0118999999999971
"2019-02-22 14:25:00",5790,-0.00209999999999866
"2019-02-22 14:26:00",2373,0.00600000000000023
"2019-02-22 14:27:00",403,-0.007000000000005
"2019-02-22 14:28:00",3571,0.0350000000000037
"2019-02-22 14:29:00",3836,0.0150000000000006
"2019-02-22 14:30:00",2213,-0.00999999999999801
"2019-02-22 14:31:00",5848,-0.0200000000000031
"2019-02-22 14:32:00",3849,0.00500000000000256
"2019-02-22 14:33:00",1444,0.00499999999999545
"2019-02-22 14:34:00",2065,-0.019999999999996
"2019-02-22 14:35:00",1500,-0.0164000000000044
"2019-02-22 14:36:00",2900,-0.00859999999999417
"2019-02-22 14:37:00",3482,-0.00500000000000256
"2019-02-22 14:38:00",550,-0.00999999999999801
"2019-02-22 14:39:00",3913,0.00499999999999545
"2019-02-22 14:40:00",3963,0.0200000000000031
"2019-02-22 14:41:00",2328,0.00499999999999545
"2019-02-22 14:42:00",1453,-0.00499999999999545
"2019-02-22 14:43:00",8423,0
"2019-02-22 14:44:00",5089,0
"2019-02-22 14:45:00",2360,0.00999999999999801
"2019-02-22 14:46:00",2900,-0.00500000000000256
"2019-02-22 14:47:00",3868,-0.00499999999999545
"2019-02-22 14:48:00",2153,-0.00500000000000256
"2019-02-22 14:49:00",13764,-0.0349999999999966
"2019-02-22 14:50:00",2602,-0.00500000000000256
"2019-02-22 14:51:00",2962,-0.00999999999999801
"2019-02-22 14:52:00",6861,-0.0200000000000031
"2019-02-22 14:53:00",7700,0.0150000000000006
"2019-02-22 14:54:00",6013,-0.0150000000000006
"2019-02-22 14:55:00",6217,0.0200000000000031
"2019-02-22 14:56:00",10550,0.00999999999999801
"2019-02-22 14:57:00",6909,0.00999999999999801
"2019-02-22 14:58:00",8839,-0.00999999999999801
"2019-02-22 14:59:00",15139,-0.18
"2019-02-22 15:02:00",18800,0.170000000000002
"2019-02-22 15:15:00",0,0
"2019-02-25 08:30:00",23882,0.0399999999999991
"2019-02-25 08:31:00",7990,0.0700000000000003
"2019-02-25 08:32:00",7716,0.0549999999999997
"2019-02-25 08:33:00",3100,-0.0249999999999986
"2019-02-25 08:34:00",4400,-0.0200000000000031
"2019-02-25 08:35:00",5970,0.0108999999999995
"2019-02-25 08:36:00",11116,-0.00589999999999691
"2019-02-25 08:37:00",3071,-0.0150000000000006
"2019-02-25 08:38:00",10432,0.0549999999999997
"2019-02-25 08:39:00",15565,-0.0150000000000006
"2019-02-25 08:40:00",7482,0.00999999999999801
"2019-02-25 08:41:00",8919,-0.0499999999999972
"2019-02-25 08:42:00",4020,-0.0399999999999991
"2019-02-25 08:43:00",4162,0.0349999999999966
"2019-02-25 08:44:00",5005,0.0399999999999991
"2019-02-25 08:45:00",3430,-0.0300000000000011
"2019-02-25 08:46:00",3600,-0.0249999999999986
"2019-02-25 08:47:00",3090,0
"2019-02-25 08:48:00",2428,0.0200000000000031
"2019-02-25 08:49:00",6052,0.00999999999999801
"2019-02-25 08:50:00",12539,0.0399999999999991
"2019-02-25 08:51:00",6240,-0.00999999999999801
"2019-02-25 08:52:00",3819,0.000999999999997669
"2019-02-25 08:53:00",3720,-0.0309999999999988
"2019-02-25 08:54:00",975,0
"2019-02-25 08:55:00",3435,-0.0499999999999972
"2019-02-25 08:56:00",4749,-0.00400000000000489
"2019-02-25 08:57:00",2700,0.00400000000000489
"2019-02-25 08:58:00",1500,-0.0500000000000043
"2019-02-25 08:59:00",5833,0
"2019-02-25 09:00:00",6385,-0.0150000000000006
"2019-02-25 09:01:00",1100,-0.0249999999999986
"2019-02-25 09:02:00",2124,0
"2019-02-25 09:03:00",5881,0.0101000000000013
"2019-02-25 09:04:00",3191,-0.0101000000000013
"2019-02-25 09:05:00",6880,-0.00999999999999801
"2019-02-25 09:06:00",5574,0.0300000000000011
"2019-02-25 09:07:00",2000,-0.0200000000000031
"2019-02-25 09:08:00",4430,0.0399999999999991
"2019-02-25 09:09:00",2200,0.0200000000000031
"2019-02-25 09:10:00",2078,-0.0549999999999997
"2019-02-25 09:11:00",4326,0.0349999999999966
"2019-02-25 09:12:00",4026,0
"2019-02-25 09:13:00",2400,-0.0165000000000006
"2019-02-25 09:14:00",4460,0.00650000000000261
"2019-02-25 09:15:00",1625,0
"2019-02-25 09:16:00",2500,-0.0200000000000031
"2019-02-25 09:17:00",2658,-0.00999999999999801
"2019-02-25 09:18:00",2926,-0.00999999999999801
"2019-02-25 09:19:00",3130,0
"2019-02-25 09:20:00",5086,-0.0230999999999995
"2019-02-25 09:21:00",4907,-0.0268999999999977
"2019-02-25 09:22:00",2300,0.00999999999999801
"2019-02-25 09:23:00",2530,-0.00999999999999801
"2019-02-25 09:24:00",4101,0.0159999999999982
"2019-02-25 09:25:00",3268,-0.0360000000000014
"2019-02-25 09:26:00",4014,-0.00999999999999801
"2019-02-25 09:27:00",3576,0
"2019-02-25 09:28:00",2851,-0.0250000000000057
"2019-02-25 09:29:00",5793,0.0200000000000031
"2019-02-25 09:30:00",3493,0
"2019-02-25 09:31:00",1738,-0.00500000000000256
"2019-02-25 09:32:00",5219,0.0150000000000006
"2019-02-25 09:33:00",4171,0.00500000000000256
"2019-02-25 09:34:00",1907,-0.0063999999999993
"2019-02-25 09:35:00",16179,0.0163999999999973
"2019-02-25 09:36:00",4723,0
"2019-02-25 09:37:00",2304,-0.00499999999999545
"2019-02-25 09:38:00",2264,0.00499999999999545
"2019-02-25 09:39:00",19162,-0.00499999999999545
"2019-02-25 09:40:00",13005,0.0449999999999946
"2019-02-25 09:41:00",5029,0.0300000000000011
"2019-02-25 09:42:00",1466,0
"2019-02-25 09:43:00",1500,-0.019999999999996
"2019-02-25 09:44:00",4968,-0.0100000000000051
"2019-02-25 09:45:00",5131,0.00820000000000221
"2019-02-25 09:46:00",3509,0.00180000000000291
"2019-02-25 09:47:00",1478,0.00649999999999551
"2019-02-25 09:48:00",4962,0.0135000000000005
"2019-02-25 09:49:00",3699,-0.00999999999999801
"2019-02-25 09:50:00",20597,-0.00999999999999801
"2019-02-25 09:51:00",7083,0.00999999999999801
"2019-02-25 09:52:00",4117,-0.00500000000000256
"2019-02-25 09:53:00",4323,-0.00499999999999545
"2019-02-25 09:54:00",6191,0.029999999999994
"2019-02-25 09:55:00",4238,-0.00999999999999801
"2019-02-25 09:56:00",9804,0.00999999999999801
"2019-02-25 09:57:00",5407,0.0401000000000025
"2019-02-25 09:58:00",3341,-0.0200999999999993
"2019-02-25 09:59:00",1340,0
"2019-02-25 10:00:00",4476,-0.00999999999999801
"2019-02-25 10:01:00",3199,0.019999999999996
"2019-02-25 10:02:00",1100,-0.0300000000000011
"2019-02-25 10:03:00",7207,-0.019999999999996
"2019-02-25 10:04:00",7432,-0.0200000000000031
"2019-02-25 10:05:00",3375,-0.0599999999999952
"2019-02-25 10:06:00",3328,0.0249999999999986
"2019-02-25 10:07:00",4580,0.019999999999996
"2019-02-25 10:08:00",1718,-0.0149999999999935
"2019-02-25 10:09:00",2848,-0.0500000000000043
"2019-02-25 10:10:00",3191,0.00999999999999801
"2019-02-25 10:11:00",3480,0.0500000000000043
"2019-02-25 10:12:00",3864,-0.0200000000000031
"2019-02-25 10:13:00",8503,-0.0250999999999948
"2019-02-25 10:14:00",10444,-0.0449000000000055
"2019-02-25 10:15:00",7742,-0.0300000000000011
"2019-02-25 10:16:00",11345,0.00500000000000256
"2019-02-25 10:17:00",1900,0.00500000000000256
"2019-02-25 10:18:00",5690,0
"2019-02-25 10:19:00",3008,0
"2019-02-25 10:20:00",6952,0.00499999999999545
"2019-02-25 10:21:00",2125,-0.019999999999996
"2019-02-25 10:22:00",4711,0.00499999999999545
"2019-02-25 10:23:00",3891,-0.029999999999994
"2019-02-25 10:24:00",6640,0.0399999999999991
"2019-02-25 10:25:00",1800,-0.0200000000000031
"2019-02-25 10:26:00",6623,0
"2019-02-25 10:27:00",620,0
"2019-02-25 10:28:00",2797,-0.00999999999999801
"2019-02-25 10:29:00",3566,0.00999999999999801
"2019-02-25 10:30:00",16108,-0.0600000000000023
"2019-02-25 10:31:00",9725,0.0100000000000051
"2019-02-25 10:32:00",9640,0
"2019-02-25 10:33:00",13457,0.00999999999999801
"2019-02-25 10:34:00",10602,0
"2019-02-25 10:35:00",4000,-0.0200000000000031
"2019-02-25 10:36:00",1784,-0.00999999999999801
"2019-02-25 10:37:00",3780,0.0200999999999993
"2019-02-25 10:38:00",6300,-0.0101000000000013
"2019-02-25 10:39:00",3012,0.00500000000000256
"2019-02-25 10:40:00",960,0.00500000000000256
"2019-02-25 10:41:00",1469,0
"2019-02-25 10:42:00",2168,0.00569999999999737
"2019-02-25 10:43:00",2500,0.0142999999999986
"2019-02-25 10:44:00",1920,-0.0152999999999963
"2019-02-25 10:45:00",300,-0.0046999999999997
"2019-02-25 10:46:00",6076,0
"2019-02-25 10:47:00",1183,0
"2019-02-25 10:48:00",2736,0.0300000000000011
"2019-02-25 10:49:00",950,0
"2019-02-25 10:50:00",4474,0.019999999999996
"2019-02-25 10:51:00",2356,-0.00499999999999545
"2019-02-25 10:52:00",5600,-0.0250000000000057
"2019-02-25 10:53:00",3177,-0.00999999999999801
"2019-02-25 10:54:00",2699,0
"2019-02-25 10:55:00",1500,0.00999999999999801
"2019-02-25 10:56:00",8710,-0.00999999999999801
"2019-02-25 10:57:00",14836,-0.013300000000001
"2019-02-25 10:58:00",1700,-0.00670000000000215
"2019-02-25 10:59:00",11655,-0.0599999999999952
"2019-02-25 11:00:00",7472,0.0233999999999952
"2019-02-25 11:01:00",3304,-0.00839999999999463
"2019-02-25 11:02:00",1530,0.0150000000000006
"2019-02-25 11:03:00",5172,-0.0100000000000051
"2019-02-25 11:04:00",2423,0.0100000000000051
"2019-02-25 11:05:00",2469,-0.00500000000000256
"2019-02-25 11:06:00",2110,-0.0150000000000006
"2019-02-25 11:07:00",6530,0.00999999999999801
"2019-02-25 11:08:00",2265,0
"2019-02-25 11:09:00",1675,0.00300000000000011
"2019-02-25 11:10:00",6258,0.00200000000000244
"2019-02-25 11:11:00",4191,0.0349999999999966
"2019-02-25 11:12:00",1600,0
"2019-02-25 11:13:00",3358,0.0100000000000051
"2019-02-25 11:14:00",3620,0
"2019-02-25 11:15:00",1660,0.00999999999999801
"2019-02-25 11:16:00",1410,0.00500000000000256
"2019-02-25 11:17:00",2227,0.019999999999996
"2019-02-25 11:18:00",2046,0.0300000000000011
"2019-02-25 11:19:00",1500,-0.0150000000000006
"2019-02-25 11:20:00",2058,0
"2019-02-25 11:21:00",1004,-0.0150000000000006
"2019-02-25 11:22:00",4092,0.0150000000000006
"2019-02-25 11:23:00",2299,0.00999999999999801
"2019-02-25 11:24:00",3566,-0.0249999999999986
"2019-02-25 11:25:00",800,0.00500000000000256
"2019-02-25 11:26:00",1400,0
"2019-02-25 11:27:00",1680,0.0150000000000006
"2019-02-25 11:28:00",494,0
"2019-02-25 11:29:00",900,0.00499999999999545
"2019-02-25 11:30:00",9805,-0.019999999999996
"2019-02-25 11:31:00",3258,-0.00999999999999801
"2019-02-25 11:32:00",2318,0.00999999999999801
"2019-02-25 11:33:00",5781,0.00959999999999894
"2019-02-25 11:34:00",5875,-0.00959999999999894
"2019-02-25 11:35:00",3290,0.00359999999999872
"2019-02-25 11:36:00",1176,-0.000700000000001921
"2019-02-25 11:37:00",18784,-0.0128999999999948
"2019-02-25 11:38:00",919,-0.0150000000000006
"2019-02-25 11:39:00",5083,-0.0250000000000057
"2019-02-25 11:40:00",1921,0.0150000000000006
"2019-02-25 11:41:00",2052,0.00160000000000338
"2019-02-25 11:42:00",1565,-0.00300000000000011
"2019-02-25 11:43:00",4289,0.0063999999999993
"2019-02-25 11:44:00",2818,0
"2019-02-25 11:45:00",2396,-0.00999999999999801
"2019-02-25 11:46:00",1700,0.00499999999999545
"2019-02-25 11:47:00",3036,0
"2019-02-25 11:48:00",3366,0.00500000000000256
"2019-02-25 11:49:00",1806,0
"2019-02-25 11:50:00",1200,0.00500000000000256
"2019-02-25 11:51:00",5588,0.00499999999999545
"2019-02-25 11:52:00",7562,-0.00999999999999801
"2019-02-25 11:53:00",2830,-0.0200000000000031
"2019-02-25 11:54:00",1608,0.0200000000000031
"2019-02-25 11:55:00",3416,-0.0200000000000031
"2019-02-25 11:56:00",1119,0
"2019-02-25 11:57:00",300,0.00560000000000116
"2019-02-25 11:58:00",1752,0.014400000000002
"2019-02-25 11:59:00",7203,0.0200000000000031
"2019-02-25 12:00:00",1673,0.00999999999999801
"2019-02-25 12:01:00",1405,0
"2019-02-25 12:02:00",1778,0.019999999999996
"2019-02-25 12:03:00",100,0
"2019-02-25 12:04:00",543,0.0150000000000006
"2019-02-25 12:05:00",4616,-0.00499999999999545
"2019-02-25 12:06:00",1200,0.00499999999999545
"2019-02-25 12:07:00",4224,-0.00499999999999545
"2019-02-25 12:08:00",1453,0
"2019-02-25 12:09:00",2195,-0.0100000000000051
"2019-02-25 12:10:00",905,0.00500000000000256
"2019-02-25 12:11:00",500,-0.00500000000000256
"2019-02-25 12:12:00",1719,0.00300000000000011
"2019-02-25 12:13:00",2564,0.0120000000000005
"2019-02-25 12:14:00",4200,-0.00999999999999801
"2019-02-25 12:15:00",4820,0.0200000000000031
"2019-02-25 12:16:00",1807,-0.00500000000000256
"2019-02-25 12:17:00",2325,-0.00999999999999801
"2019-02-25 12:18:00",799,0
"2019-02-25 12:19:00",2800,-0.0150000000000006
"2019-02-25 12:20:00",11724,-0.0350000000000037
"2019-02-25 12:21:00",4259,0.014800000000001
"2019-02-25 12:22:00",1578,-0.00489999999999924
"2019-02-25 12:23:00",2566,0.0138999999999996
"2019-02-25 12:24:00",800,-0.00880000000000081
"2019-02-25 12:25:00",2695,-0.00499999999999545
"2019-02-25 12:26:00",24233,-0.0349000000000004
"2019-02-25 12:27:00",4121,0.0298999999999978
"2019-02-25 12:28:00",1465,-0.0150000000000006
"2019-02-25 12:29:00",700,0.00999999999999801
"2019-02-25 12:30:00",2821,0.0100000000000051
"2019-02-25 12:31:00",6624,-0.0100000000000051
"2019-02-25 12:32:00",2132,0.00500000000000256
"2019-02-25 12:33:00",2800,0.00159999999999627
"2019-02-25 12:34:00",7389,0.00890000000000413
"2019-02-25 12:35:00",994,-0.000500000000002387
"2019-02-25 12:36:00",945,-0.0150000000000006
"2019-02-25 12:37:00",1200,0
"2019-02-25 12:38:00",767,0.00310000000000343
"2019-02-25 12:39:00",600,0.00690000000000168
"2019-02-25 12:40:00",1379,0.019999999999996
"2019-02-25 12:41:00",823,0.0150000000000006
"2019-02-25 12:42:00",2465,0.0200000000000031
"2019-02-25 12:43:00",2808,0.0150000000000006
"2019-02-25 12:44:00",800,0
"2019-02-25 12:45:00",704,-0.0100000000000051
"2019-02-25 12:46:00",3299,0.0136000000000038
"2019-02-25 12:47:00",300,-0.00359999999999872
"2019-02-25 12:48:00",1250,0.00999999999999801
"2019-02-25 12:49:00",1193,0.00499999999999545
"2019-02-25 12:50:00",958,0.0250000000000057
"2019-02-25 12:51:00",760,0.00999999999999801
"2019-02-25 12:52:00",4210,0
"2019-02-25 12:53:00",1000,-0.00999999999999801
"2019-02-25 12:54:00",8488,-0.0150000000000006
"2019-02-25 12:55:00",3241,-0.0100000000000051
"2019-02-25 12:56:00",6494,-0.00999999999999801
"2019-02-25 12:57:00",2674,0.00999999999999801
"2019-02-25 12:58:00",5050,0
"2019-02-25 12:59:00",5382,0
"2019-02-25 13:00:00",1600,-0.00499999999999545
"2019-02-25 13:01:00",6312,0.00999999999999801
"2019-02-25 13:02:00",6934,0
"2019-02-25 13:03:00",8219,-0.0063999999999993
"2019-02-25 13:04:00",11386,0.0140999999999991
"2019-02-25 13:05:00",9880,0.0123000000000033
"2019-02-25 13:06:00",2911,0.0105999999999966
"2019-02-25 13:07:00",1010,-0.0161000000000016
"2019-02-25 13:08:00",900,0.0105000000000004
"2019-02-25 13:09:00",2158,0
"2019-02-25 13:10:00",300,0
"2019-02-25 13:11:00",1200,0
"2019-02-25 13:12:00",729,-0.00509999999999877
"2019-02-25 13:13:00",3579,-0.0236999999999981
"2019-02-25 13:14:00",2186,-0.0112000000000023
"2019-02-25 13:15:00",920,0.0123000000000033
"2019-02-25 13:16:00",1410,0.00769999999999982
"2019-02-25 13:17:00",1376,0.0150000000000006
"2019-02-25 13:18:00",1305,0.00999999999999801
"2019-02-25 13:19:00",224,-0.00999999999999801
"2019-02-25 13:20:00",900,0
"2019-02-25 13:21:00",1413,0
"2019-02-25 13:22:00",800,-0.0350000000000037
"2019-02-25 13:23:00",1000,0.00500000000000256
"2019-02-25 13:24:00",3400,0.00999999999999801
"2019-02-25 13:25:00",100,-0.00269999999999726
"2019-02-25 13:26:00",1400,0.00269999999999726
"2019-02-25 13:27:00",1115,0.0150000000000006
"2019-02-25 13:28:00",418,0.00999999999999801
"2019-02-25 13:29:00",3101,0.0149000000000044
"2019-02-25 13:30:00",2065,-0.0099000000000018
"2019-02-25 13:31:00",2599,0.0165999999999968
"2019-02-25 13:32:00",338,-0.00659999999999883
"2019-02-25 13:33:00",2659,0.0100000000000051
"2019-02-25 13:34:00",10977,-0.0100000000000051
"2019-02-25 13:35:00",5528,0.0200000000000031
"2019-02-25 13:36:00",3385,-0.0063999999999993
"2019-02-25 13:37:00",759,-0.00359999999999872
"2019-02-25 13:38:00",9045,0.00999999999999801
"2019-02-25 13:39:00",1436,0.00999999999999801
"2019-02-25 13:40:00",3272,0
"2019-02-25 13:41:00",1865,-0.00999999999999801
"2019-02-25 13:42:00",950,0.00499999999999545
"2019-02-25 13:43:00",665,0.000900000000001455
"2019-02-25 13:44:00",800,-0.00309999999999633
"2019-02-25 13:45:00",308,-0.00110000000000099
"2019-02-25 13:46:00",7637,0.00829999999999842
"2019-02-25 13:47:00",13659,-0.00500000000000256
"2019-02-25 13:48:00",7028,0.00500000000000256
"2019-02-25 13:49:00",600,0.00319999999999965
"2019-02-25 13:50:00",4982,-0.0231999999999957
"2019-02-25 13:51:00",1949,0.0149999999999935
"2019-02-25 13:52:00",2398,0.0100000000000051
"2019-02-25 13:53:00",1651,-0.00500000000000256
"2019-02-25 13:54:00",518,-0.00999999999999801
"2019-02-25 13:55:00",1213,0.00499999999999545
"2019-02-25 13:56:00",400,0.00500000000000256
"2019-02-25 13:57:00",200,0
"2019-02-25 13:58:00",1752,-0.0150000000000006
"2019-02-25 13:59:00",1393,0.00500000000000256
"2019-02-25 14:00:00",7517,-0.0150000000000006
"2019-02-25 14:01:00",787,0.00500000000000256
"2019-02-25 14:02:00",860,0.00999999999999801
"2019-02-25 14:03:00",1298,0.00999999999999801
"2019-02-25 14:04:00",1500,-0.00999999999999801
"2019-02-25 14:05:00",3184,-0.00900000000000034
"2019-02-25 14:06:00",1617,-0.00560000000000116
"2019-02-25 14:07:00",2428,-0.00540000000000163
"2019-02-25 14:08:00",2999,0.0200000000000031
"2019-02-25 14:09:00",1710,-0.00999999999999801
"2019-02-25 14:10:00",3740,0.0149999999999935
"2019-02-25 14:11:00",1441,-0.00499999999999545
"2019-02-25 14:12:00",3059,0.00499999999999545
"2019-02-25 14:13:00",6400,-0.00999999999999801
"2019-02-25 14:14:00",1411,0.00999999999999801
"2019-02-25 14:15:00",10944,0.00500000000000256
"2019-02-25 14:16:00",7853,0
"2019-02-25 14:17:00",4071,-0.019999999999996
"2019-02-25 14:18:00",4277,-0.0100000000000051
"2019-02-25 14:20:00",578,-0.0041000000000011
"2019-02-25 14:21:00",831,-0.0158999999999949
"2019-02-25 14:22:00",1450,0.00999999999999801
"2019-02-25 14:23:00",1124,0.00500000000000256
"2019-02-25 14:24:00",1740,-0.0150000000000006
"2019-02-25 14:25:00",1973,-0.0150000000000006
"2019-02-25 14:26:00",3408,-0.00950000000000273
"2019-02-25 14:27:00",936,-0.00549999999999784
"2019-02-25 14:28:00",1900,-0.0300000000000011
"2019-02-25 14:29:00",3413,-0.00999999999999801
"2019-02-25 14:30:00",5776,0.00999999999999801
"2019-02-25 14:31:00",1266,0
"2019-02-25 14:32:00",1765,-0.00999999999999801
"2019-02-25 14:33:00",2500,-0.0100000000000051
"2019-02-25 14:34:00",2119,0.0100000000000051
"2019-02-25 14:35:00",2000,0.0138999999999996
"2019-02-25 14:36:00",6124,-0.00390000000000157
"2019-02-25 14:37:00",700,-0.00999999999999801
"2019-02-25 14:38:00",754,0.00499999999999545
"2019-02-25 14:39:00",4127,0.00500000000000256
"2019-02-25 14:40:00",2656,0
"2019-02-25 14:41:00",2524,0.0099000000000018
"2019-02-25 14:42:00",9341,0.0150999999999968
"2019-02-25 14:43:00",1215,0
"2019-02-25 14:44:00",20484,0
"2019-02-25 14:45:00",13851,-0.00999999999999801
"2019-02-25 14:46:00",3127,0.00500000000000256
"2019-02-25 14:47:00",2892,-0.00500000000000256
"2019-02-25 14:48:00",1544,0.00999999999999801
"2019-02-25 14:49:00",8384,-0.00999999999999801
"2019-02-25 14:50:00",3481,-0.00500000000000256
"2019-02-25 14:51:00",3023,0
"2019-02-25 14:52:00",4300,0.0100000000000051
"2019-02-25 14:53:00",5499,0.00999999999999801
"2019-02-25 14:54:00",8935,-0.00999999999999801
"2019-02-25 14:55:00",9183,-0.0300000000000011
"2019-02-25 14:56:00",4267,0.0349999999999966
"2019-02-25 14:57:00",17143,0.0300000000000011
"2019-02-25 14:58:00",8463,-0.00500000000000256
"2019-02-25 14:59:00",24289,0.0100000000000051
"2019-02-25 15:02:00",16164,-0.0100000000000051
"2019-02-25 15:15:00",0,0
"2019-02-26 08:30:00",36201,0.150000000000006
"2019-02-26 08:31:00",12695,0
"2019-02-26 08:32:00",7791,0
"2019-02-26 08:33:00",3734,0.0349999999999966
"2019-02-26 08:34:00",27661,0.00500000000000256
"2019-02-26 08:35:00",10553,0
"2019-02-26 08:36:00",10201,0.0300000000000011
"2019-02-26 08:37:00",5351,0.0399999999999991
"2019-02-26 08:38:00",6047,0.00499999999999545
"2019-02-26 08:39:00",2179,-0.0150000000000006
"2019-02-26 08:40:00",9730,-0.029999999999994
"2019-02-26 08:41:00",2313,0.0363999999999933
"2019-02-26 08:42:00",956,0.00360000000000582
"2019-02-26 08:43:00",5126,-0.0200000000000031
"2019-02-26 08:44:00",3750,-0.0234000000000023
"2019-02-26 08:45:00",4369,-0.00659999999999883
"2019-02-26 08:46:00",2123,0.0600000000000023
"2019-02-26 08:47:00",7467,-0.0450000000000017
"2019-02-26 08:48:00",14317,-0.0249999999999986
"2019-02-26 08:49:00",1469,-0.0499999999999972
"2019-02-26 08:50:00",2470,0.0599999999999952
"2019-02-26 08:51:00",4859,0.0100000000000051
"2019-02-26 08:52:00",24358,0.00999999999999801
"2019-02-26 08:53:00",13995,-0.00999999999999801
"2019-02-26 08:54:00",18362,0.029999999999994
"2019-02-26 08:55:00",14364,0.0100000000000051
"2019-02-26 08:56:00",7212,0
"2019-02-26 08:57:00",4389,0
"2019-02-26 08:58:00",1600,-0.0250000000000057
"2019-02-26 08:59:00",3613,-0.0349999999999966
"2019-02-26 09:00:00",1900,0.0300000000000011
"2019-02-26 09:01:00",4691,0.0150000000000006
"2019-02-26 09:02:00",5649,0.0450000000000017
"2019-02-26 09:03:00",1834,-0.0459000000000032
"2019-02-26 09:04:00",1915,-0.0240999999999971
"2019-02-26 09:05:00",2007,0
"2019-02-26 09:06:00",3189,-0.0300000000000011
"2019-02-26 09:07:00",4562,-0.0300000000000011
"2019-02-26 09:08:00",10448,-0.0300000000000011
"2019-02-26 09:09:00",4832,-0.0799999999999983
"2019-02-26 09:10:00",2807,0.0499999999999972
"2019-02-26 09:11:00",5600,0
"2019-02-26 09:12:00",10005,0.0399999999999991
"2019-02-26 09:13:00",1382,-0.019999999999996
"2019-02-26 09:14:00",31470,-0.0300000000000011
"2019-02-26 09:15:00",4745,0.0499999999999972
"2019-02-26 09:16:00",4437,0.0200000000000031
"2019-02-26 09:17:00",2110,-0.0600000000000023
"2019-02-26 09:18:00",13285,0.0799999999999983
"2019-02-26 09:19:00",1900,-0.0799999999999983
"2019-02-26 09:20:00",3700,-0.0499999999999972
"2019-02-26 09:21:00",1300,0.019999999999996
"2019-02-26 09:22:00",1677,0.0438000000000045
"2019-02-26 09:23:00",1800,-0.0138000000000034
"2019-02-26 09:24:00",1841,0
"2019-02-26 09:25:00",1500,0.0300000000000011
"2019-02-26 09:26:00",2250,0.0200000000000031
"2019-02-26 09:27:00",2700,-0.0300000000000011
"2019-02-26 09:28:00",2391,0.00999999999999801
"2019-02-26 09:29:00",5847,-0.00999999999999801
"2019-02-26 09:30:00",2000,0.019999999999996
"2019-02-26 09:31:00",1080,0.0300000000000011
"2019-02-26 09:32:00",850,0.0249999999999986
"2019-02-26 09:33:00",1154,-0.00489999999999924
"2019-02-26 09:34:00",1566,0.0198999999999998
"2019-02-26 09:35:00",2045,0.0252000000000052
"2019-02-26 09:36:00",4950,-0.00520000000000209
"2019-02-26 09:37:00",1239,-0.00999999999999801
"2019-02-26 09:38:00",2468,0.00999999999999801
"2019-02-26 09:39:00",300,0
"2019-02-26 09:40:00",1257,0.0399999999999991
"2019-02-26 09:41:00",400,0.00999999999999801
"2019-02-26 09:42:00",1051,0
"2019-02-26 09:43:00",1700,-0.00999999999999801
"2019-02-26 09:44:00",1200,0.0200000000000031
"2019-02-26 09:45:00",5928,0.0349999999999966
"2019-02-26 09:46:00",3100,-0.0200000000000031
"2019-02-26 09:47:00",2536,-0.00999999999999801
"2019-02-26 09:48:00",2370,0.00500000000000256
"2019-02-26 09:49:00",2562,-0.0200000000000031
"2019-02-26 09:50:00",1430,0
"2019-02-26 09:51:00",1900,0
"2019-02-26 09:52:00",10533,-0.019999999999996
"2019-02-26 09:53:00",12569,-0.0100000000000051
"2019-02-26 09:54:00",4850,0
"2019-02-26 09:55:00",9575,0.0100000000000051
"2019-02-26 09:56:00",4217,-0.0300000000000011
"2019-02-26 09:57:00",3090,0.019999999999996
"2019-02-26 09:58:00",3455,0.0300000000000011
"2019-02-26 09:59:00",4007,-0.0399999999999991
"2019-02-26 10:00:00",1555,0.0200000000000031
"2019-02-26 10:01:00",550,0.0150000000000006
"2019-02-26 10:02:00",3845,0.0150000000000006
"2019-02-26 10:03:00",6920,0.019999999999996
"2019-02-26 10:04:00",10569,0.0150000000000006
"2019-02-26 10:05:00",35704,0.00500000000000256
"2019-02-26 10:06:00",8231,0.0249999999999986
"2019-02-26 10:07:00",9393,-0.00500000000000256
"2019-02-26 10:08:00",9573,0.0200000000000031
"2019-02-26 10:09:00",9024,0.00499999999999545
"2019-02-26 10:10:00",4094,-0.00999999999999801
"2019-02-26 10:11:00",10855,0.0401999999999987
"2019-02-26 10:12:00",5228,0.0198000000000036
"2019-02-26 10:13:00",8622,0.0150000000000006
"2019-02-26 10:14:00",10621,0.0399999999999991
"2019-02-26 10:15:00",5163,0.0399999999999991
"2019-02-26 10:16:00",1915,0.00999999999999801
"2019-02-26 10:17:00",3058,-0.0150000000000006
"2019-02-26 10:18:00",742,-0.00499999999999545
"2019-02-26 10:19:00",17830,0.0150000000000006
"2019-02-26 10:20:00",4430,-0.0116000000000014
"2019-02-26 10:21:00",10303,-0.0134000000000043
"2019-02-26 10:22:00",1100,-0.019999999999996
"2019-02-26 10:23:00",5490,0.0150000000000006
"2019-02-26 10:24:00",3878,-0.00500000000000256
"2019-02-26 10:25:00",1479,-0.00999999999999801
"2019-02-26 10:26:00",4920,0.00659999999999883
"2019-02-26 10:27:00",7200,0.0133999999999972
"2019-02-26 10:28:00",9106,-0.00999999999999801
"2019-02-26 10:29:00",3705,-0.0399999999999991
"2019-02-26 10:30:00",749,-0.0260999999999996
"2019-02-26 10:31:00",2360,0.0411000000000001
"2019-02-26 10:32:00",2720,-0.0527999999999977
"2019-02-26 10:33:00",2516,0.00280000000000058
"2019-02-26 10:34:00",5235,-0.0250000000000057
"2019-02-26 10:35:00",2891,0.0099000000000018
"2019-02-26 10:36:00",2842,-0.0198999999999998
"2019-02-26 10:37:00",5691,0
"2019-02-26 10:38:00",856,0.0300000000000011
"2019-02-26 10:39:00",3327,0
"2019-02-26 10:40:00",1850,0
"2019-02-26 10:41:00",450,0
"2019-02-26 10:42:00",800,-0.0150000000000006
"2019-02-26 10:43:00",1400,0.00500000000000256
"2019-02-26 10:44:00",1739,-0.0198999999999998
"2019-02-26 10:45:00",700,-0.0101000000000013
"2019-02-26 10:46:00",2360,0.0399999999999991
"2019-02-26 10:47:00",2702,0.00500000000000256
"2019-02-26 10:48:00",1741,-0.00500000000000256
"2019-02-26 10:49:00",538,-0.00999999999999801
"2019-02-26 10:50:00",81210,-0.105000000000004
"2019-02-26 10:51:00",40444,0.0185999999999993
"2019-02-26 10:52:00",17929,-0.0435999999999979
"2019-02-26 10:53:00",25347,0.0399999999999991
"2019-02-26 10:54:00",15329,0.0200000000000031
"2019-02-26 10:55:00",14551,-0.0250000000000057
"2019-02-26 10:56:00",27941,0.0415000000000063
"2019-02-26 10:57:00",54976,-0.00650000000000261
"2019-02-26 10:58:00",18323,-0.0450000000000017
"2019-02-26 10:59:00",21463,-0.0150000000000006
"2019-02-26 11:00:00",22913,-0.0399999999999991
"2019-02-26 11:01:00",4726,0
"2019-02-26 11:02:00",1000,-0.00999999999999801
"2019-02-26 11:03:00",1800,0.00499999999999545
"2019-02-26 11:04:00",1009,-0.00499999999999545
"2019-02-26 11:05:00",1924,-0.00999999999999801
"2019-02-26 11:06:00",5167,-0.0100000000000051
"2019-02-26 11:07:00",3723,0.0200999999999993
"2019-02-26 11:08:00",2040,-9.99999999962142e-05
"2019-02-26 11:09:00",3697,-0.0300000000000011
"2019-02-26 11:10:00",1100,0.00999999999999801
"2019-02-26 11:11:00",4496,0.0200000000000031
"2019-02-26 11:12:00",6278,0.0150000000000006
"2019-02-26 11:13:00",2300,-0.00500000000000256
"2019-02-26 11:14:00",1785,-0.0399999999999991
"2019-02-26 11:15:00",4310,0
"2019-02-26 11:16:00",1846,-0.0150000000000006
"2019-02-26 11:17:00",1602,0.0200000000000031
"2019-02-26 11:18:00",300,0.00499999999999545
"2019-02-26 11:19:00",5631,-0.000999999999997669
"2019-02-26 11:20:00",1633,-0.0140000000000029
"2019-02-26 11:21:00",2000,-0.00499999999999545
"2019-02-26 11:22:00",1936,-0.0300000000000011
"2019-02-26 11:23:00",1000,0
"2019-02-26 11:24:00",3800,-0.00220000000000198
"2019-02-26 11:25:00",7400,0.0322000000000031
"2019-02-26 11:26:00",1800,-0.0100000000000051
"2019-02-26 11:27:00",1150,0.0200000000000031
"2019-02-26 11:28:00",2190,-0.00500000000000256
"2019-02-26 11:29:00",1300,-0.0150000000000006
"2019-02-26 11:30:00",2245,-0.00999999999999801
"2019-02-26 11:31:00",885,-0.0300000000000011
"2019-02-26 11:32:00",1415,-0.019999999999996
"2019-02-26 11:33:00",5402,-0.0100000000000051
"2019-02-26 11:34:00",1700,0.0100000000000051
"2019-02-26 11:35:00",1300,-0.00500000000000256
"2019-02-26 11:36:00",1200,0.0350000000000037
"2019-02-26 11:37:00",600,-0.0100000000000051
"2019-02-26 11:38:00",650,0
"2019-02-26 11:39:00",1250,-0.019999999999996
"2019-02-26 11:40:00",3300,0.00999999999999801
"2019-02-26 11:41:00",700,0.0200000000000031
"2019-02-26 11:42:00",1257,0
"2019-02-26 11:43:00",1400,0
"2019-02-26 11:44:00",1662,0.00999999999999801
"2019-02-26 11:45:00",250,0.0129999999999981
"2019-02-26 11:46:00",1129,-0.0229999999999961
"2019-02-26 11:47:00",3908,-0.0300000000000011
"2019-02-26 11:48:00",1200,0.00999999999999801
"2019-02-26 11:49:00",900,-0.00999999999999801
"2019-02-26 11:50:00",1200,0.0300000000000011
"2019-02-26 11:51:00",1528,-0.0200000000000031
"2019-02-26 11:52:00",1600,0.00999999999999801
"2019-02-26 11:53:00",500,0.0100000000000051
"2019-02-26 11:54:00",2200,0
"2019-02-26 11:55:00",900,0
"2019-02-26 11:56:00",1600,0.019999999999996
"2019-02-26 11:57:00",500,-0.00999999999999801
"2019-02-26 11:58:00",400,0.00999999999999801
"2019-02-26 11:59:00",1044,0
"2019-02-26 12:00:00",1700,0.0200000000000031
"2019-02-26 12:01:00",1060,0
"2019-02-26 12:02:00",724,-0.0200000000000031
"2019-02-26 12:03:00",969,-0.00799999999999557
"2019-02-26 12:04:00",300,-0.00200000000000244
"2019-02-26 12:05:00",2759,-0.0134000000000043
"2019-02-26 12:06:00",1230,-0.00659999999999883
"2019-02-26 12:07:00",600,0
"2019-02-26 12:08:00",1051,0.0211000000000041
"2019-02-26 12:09:00",8536,-0.00110000000000099
"2019-02-26 12:10:00",2000,-0.0150000000000006
"2019-02-26 12:11:00",3643,0.0249999999999986
"2019-02-26 12:12:00",1515,-0.0046999999999997
"2019-02-26 12:13:00",500,-0.00529999999999831
"2019-02-26 12:14:00",1600,0.0150000000000006
"2019-02-26 12:15:00",2657,-0.00500000000000256
"2019-02-26 12:16:00",2100,0.00500000000000256
"2019-02-26 12:17:00",5775,-0.00229999999999819
"2019-02-26 12:18:00",1600,-0.00769999999999982
"2019-02-26 12:19:00",200,0
"2019-02-26 12:20:00",165,0.000499999999995282
"2019-02-26 12:21:00",900,-0.00549999999999784
"2019-02-26 12:22:00",2412,9.99999999962142e-05
"2019-02-26 12:23:00",938,0.0299000000000049
"2019-02-26 12:24:00",1131,-0.0100000000000051
"2019-02-26 12:25:00",2700,-0.00999999999999801
"2019-02-26 12:26:00",700,0
"2019-02-26 12:27:00",3400,-0.019999999999996
"2019-02-26 12:28:00",430,0.00999999999999801
"2019-02-26 12:29:00",4210,-0.0150000000000006
"2019-02-26 12:30:00",4731,-0.00500000000000256
"2019-02-26 12:31:00",10084,0
"2019-02-26 12:32:00",3534,0.0100000000000051
"2019-02-26 12:33:00",1800,-0.00500000000000256
"2019-02-26 12:34:00",2300,-0.00500000000000256
"2019-02-26 12:35:00",4600,-0.0150000000000006
"2019-02-26 12:36:00",300,0.00500000000000256
"2019-02-26 12:37:00",614,0.0200000000000031
"2019-02-26 12:38:00",1600,-0.0100000000000051
"2019-02-26 12:39:00",1783,0
"2019-02-26 12:41:00",520,-0.00669999999999504
"2019-02-26 12:42:00",1462,-0.00330000000000297
"2019-02-26 12:43:00",1237,-0.0200000000000031
"2019-02-26 12:44:00",2882,-0.00999999999999801
"2019-02-26 12:45:00",1703,0
"2019-02-26 12:46:00",1507,0.00999999999999801
"2019-02-26 12:47:00",2532,0
"2019-02-26 12:48:00",1100,-0.00999999999999801
"2019-02-26 12:49:00",1000,-0.00329999999999586
"2019-02-26 12:50:00",200,-0.00670000000000215
"2019-02-26 12:51:00",5057,0
"2019-02-26 12:52:00",2891,-0.0300000000000011
"2019-02-26 12:53:00",1100,0
"2019-02-26 12:54:00",1702,0
"2019-02-26 12:55:00",1350,0
"2019-02-26 12:56:00",800,0
"2019-02-26 12:57:00",2215,0.00750000000000028
"2019-02-26 12:58:00",4443,-0.0125000000000028
"2019-02-26 12:59:00",5175,0.0150000000000006
"2019-02-26 13:00:00",3101,0.00500000000000256
"2019-02-26 13:01:00",1247,0.0150000000000006
"2019-02-26 13:02:00",1725,0.00589999999999691
"2019-02-26 13:03:00",3504,-0.00589999999999691
"2019-02-26 13:04:00",2034,-0.00319999999999965
"2019-02-26 13:05:00",32941,0.0219000000000023
"2019-02-26 13:06:00",3111,0.0112999999999985
"2019-02-26 13:07:00",3500,0.00669999999999504
"2019-02-26 13:08:00",3469,-0.0266999999999982
"2019-02-26 13:09:00",8079,0.0200000000000031
"2019-02-26 13:10:00",3388,-0.00850000000000506
"2019-02-26 13:11:00",1303,-0.00829999999999842
"2019-02-26 13:12:00",1003,-0.0081999999999951
"2019-02-26 13:13:00",1176,-0.00500000000000256
"2019-02-26 13:14:00",856,0
"2019-02-26 13:15:00",1887,-0.0200000000000031
"2019-02-26 13:16:00",3538,0
"2019-02-26 13:17:00",2940,0
"2019-02-26 13:18:00",1831,-0.00999999999999801
"2019-02-26 13:19:00",3754,0.0300000000000011
"2019-02-26 13:20:00",6570,-0.0150000000000006
"2019-02-26 13:21:00",1395,-0.00500000000000256
"2019-02-26 13:22:00",3138,0.0198999999999998
"2019-02-26 13:23:00",6950,-0.0148999999999972
"2019-02-26 13:24:00",3290,0.00970000000000226
"2019-02-26 13:25:00",200,-0.0046999999999997
"2019-02-26 13:26:00",3852,-0.00010000000000332
"2019-02-26 13:27:00",1275,-0.0198999999999998
"2019-02-26 13:28:00",1700,0.0200000000000031
"2019-02-26 13:29:00",1813,0
"2019-02-26 13:30:00",1200,0.00999999999999801
"2019-02-26 13:31:00",1300,-0.00500000000000256
"2019-02-26 13:32:00",1391,-0.0011999999999972
"2019-02-26 13:33:00",3498,0.00619999999999976
"2019-02-26 13:34:00",2499,0.019999999999996
"2019-02-26 13:35:00",1300,0.0200000000000031
"2019-02-26 13:36:00",1769,0.00939999999999941
"2019-02-26 13:37:00",1334,0.0178000000000011
"2019-02-26 13:38:00",2100,0.00780000000000314
"2019-02-26 13:39:00",5352,0.019999999999996
"2019-02-26 13:40:00",5995,-0.00999999999999801
"2019-02-26 13:41:00",490,0.0150000000000006
"2019-02-26 13:42:00",5769,0
"2019-02-26 13:43:00",7068,-0.0249999999999986
"2019-02-26 13:44:00",1600,0.00499999999999545
"2019-02-26 13:45:00",1524,-0.00499999999999545
"2019-02-26 13:46:00",1800,0
"2019-02-26 13:47:00",3708,0.00499999999999545
"2019-02-26 13:48:00",1279,-0.0249999999999986
"2019-02-26 13:49:00",2042,0.00500000000000256
"2019-02-26 13:50:00",1681,0
"2019-02-26 13:51:00",2200,-0.0150000000000006
"2019-02-26 13:52:00",2395,0.00499999999999545
"2019-02-26 13:53:00",8913,0.0250000000000057
"2019-02-26 13:54:00",250,0.00489999999999924
"2019-02-26 13:55:00",1211,-0.00489999999999924
"2019-02-26 13:56:00",3905,-0.00500000000000256
"2019-02-26 13:57:00",2188,0.00999999999999801
"2019-02-26 13:58:00",2201,0
"2019-02-26 13:59:00",2425,-0.00499999999999545
"2019-02-26 14:00:00",4898,0.00969999999999516
"2019-02-26 14:01:00",6727,-0.0046999999999997
"2019-02-26 14:02:00",3928,0
"2019-02-26 14:03:00",5343,0.00999999999999801
"2019-02-26 14:04:00",3800,0.0250000000000057
"2019-02-26 14:05:00",4165,-0.0150000000000006
"2019-02-26 14:06:00",3370,0.00999999999999801
"2019-02-26 14:07:00",300,-0.00500000000000256
"2019-02-26 14:08:00",2420,0
"2019-02-26 14:09:00",2360,-0.0216999999999956
"2019-02-26 14:10:00",2415,-0.00330000000000297
"2019-02-26 14:11:00",4869,-0.0298999999999978
"2019-02-26 14:12:00",2383,0.0198999999999998
"2019-02-26 14:13:00",4340,0
"2019-02-26 14:14:00",1400,0.00659999999999883
"2019-02-26 14:15:00",800,-0.00159999999999627
"2019-02-26 14:16:00",700,0.00499999999999545
"2019-02-26 14:17:00",9252,0.0200000000000031
"2019-02-26 14:18:00",6853,-0.0150000000000006
"2019-02-26 14:19:00",4251,-0.0150000000000006
"2019-02-26 14:20:00",4308,0.00390000000000157
"2019-02-26 14:21:00",1596,0.00609999999999644
"2019-02-26 14:22:00",3592,-0.0099000000000018
"2019-02-26 14:23:00",2245,-0.00509999999999877
"2019-02-26 14:24:00",2700,-0.0249999999999986
"2019-02-26 14:25:00",34224,-0.0399999999999991
"2019-02-26 14:26:00",3201,-0.00999999999999801
"2019-02-26 14:27:00",10227,0
"2019-02-26 14:28:00",7162,-0.0076000000000036
"2019-02-26 14:29:00",9474,0.0076000000000036
"2019-02-26 14:30:00",6205,-0.00730000000000075
"2019-02-26 14:31:00",7015,0.0172999999999988
"2019-02-26 14:32:00",6145,-0.00489999999999924
"2019-02-26 14:33:00",5286,-0.0151000000000039
"2019-02-26 14:34:00",15063,0.0200000000000031
"2019-02-26 14:35:00",5136,-0.0200000000000031
"2019-02-26 14:36:00",9257,0
"2019-02-26 14:37:00",4232,0
"2019-02-26 14:38:00",5152,-0.019999999999996
"2019-02-26 14:39:00",14034,-0.00999999999999801
"2019-02-26 14:40:00",9311,0.00459999999999638
"2019-02-26 14:41:00",4877,-0.00459999999999638
"2019-02-26 14:42:00",6411,-0.0169000000000068
"2019-02-26 14:43:00",6617,-0.00309999999999633
"2019-02-26 14:44:00",10480,0.0300000000000011
"2019-02-26 14:45:00",8138,0.00999999999999801
"2019-02-26 14:46:00",5749,0
"2019-02-26 14:47:00",8223,-0.0210000000000008
"2019-02-26 14:48:00",4975,-0.00900000000000034
"2019-02-26 14:49:00",19665,-0.00999999999999801
"2019-02-26 14:50:00",8730,-0.000999999999997669
"2019-02-26 14:51:00",19406,-0.0390000000000015
"2019-02-26 14:52:00",13876,-0.0200000000000031
"2019-02-26 14:53:00",18971,0
"2019-02-26 14:54:00",7877,-0.00499999999999545
"2019-02-26 14:55:00",15959,0.00499999999999545
"2019-02-26 14:56:00",14237,-0.00999999999999801
"2019-02-26 14:57:00",18271,0.0200000000000031
"2019-02-26 14:58:00",28056,0
"2019-02-26 14:59:00",46978,-0.0400000000000063
"2019-02-26 15:02:00",33944,0
"2019-02-26 15:15:00",0,0
"2019-02-27 08:30:00",41134,0.340000000000003
"2019-02-27 08:31:00",31120,-0.0249999999999986
"2019-02-27 08:32:00",9557,0.0150000000000006
"2019-02-27 08:33:00",4910,-0.0300000000000011
"2019-02-27 08:34:00",4410,-0.0200000000000031
"2019-02-27 08:35:00",7380,-0.00999999999999801
"2019-02-27 08:36:00",7039,0.0300000000000011
"2019-02-27 08:37:00",4994,0.00499999999999545
"2019-02-27 08:38:00",8539,-0.0349999999999966
"2019-02-27 08:39:00",21167,0
"2019-02-27 08:40:00",11047,0.00500000000000256
"2019-02-27 08:41:00",14098,0.0150000000000006
"2019-02-27 08:42:00",14894,-0.0400000000000063
"2019-02-27 08:43:00",6638,0
"2019-02-27 08:44:00",13908,-0.00999999999999801
"2019-02-27 08:45:00",5388,0.0399999999999991
"2019-02-27 08:46:00",6431,-0.00999999999999801
"2019-02-27 08:47:00",6179,-0.00209999999999866
"2019-02-27 08:48:00",11929,-0.00789999999999935
"2019-02-27 08:49:00",7715,-0.0200000000000031
"2019-02-27 08:50:00",4736,0
"2019-02-27 08:51:00",4010,0.0114000000000019
"2019-02-27 08:52:00",6167,0.00359999999999872
"2019-02-27 08:53:00",9774,-0.0249999999999986
"2019-02-27 08:54:00",18127,0.019999999999996
"2019-02-27 08:55:00",4136,-0.019999999999996
"2019-02-27 08:56:00",8800,-0.0300000000000011
"2019-02-27 08:57:00",4846,0.0399999999999991
"2019-02-27 08:58:00",2556,0.035899999999998
"2019-02-27 08:59:00",1276,0.0041000000000011
"2019-02-27 09:00:00",2400,0
"2019-02-27 09:01:00",1100,-0.00999999999999801
"2019-02-27 09:02:00",5775,-0.00999999999999801
"2019-02-27 09:03:00",2255,-0.00520000000000209
"2019-02-27 09:04:00",5200,0.0152000000000001
"2019-02-27 09:05:00",9834,-0.0300000000000011
"2019-02-27 09:06:00",5403,0
"2019-02-27 09:07:00",6536,0.0200000000000031
"2019-02-27 09:08:00",2610,0
"2019-02-27 09:09:00",4734,0.00999999999999801
"2019-02-27 09:10:00",8023,-0.0200000000000031
"2019-02-27 09:11:00",7849,-0.0700000000000003
"2019-02-27 09:12:00",11646,-0.0499999999999972
"2019-02-27 09:13:00",8063,0.0150000000000006
"2019-02-27 09:14:00",2072,-0.00500000000000256
"2019-02-27 09:15:00",1537,-0.019999999999996
"2019-02-27 09:16:00",2263,0.0499999999999972
"2019-02-27 09:17:00",4444,0.00999999999999801
"2019-02-27 09:18:00",2300,0.0300000000000011
"2019-02-27 09:19:00",4860,-0.00999999999999801
"2019-02-27 09:20:00",2361,-0.0300000000000011
"2019-02-27 09:21:00",1717,0.0200000000000031
"2019-02-27 09:22:00",2558,-0.0101000000000013
"2019-02-27 09:23:00",3808,-0.0198999999999998
"2019-02-27 09:24:00",3681,-0.0399999999999991
"2019-02-27 09:25:00",3212,-0.0200000000000031
"2019-02-27 09:26:00",4317,0
"2019-02-27 09:27:00",4879,0
"2019-02-27 09:28:00",6267,-0.019999999999996
"2019-02-27 09:29:00",4481,0.0899999999999963
"2019-02-27 09:30:00",10131,0.0799999999999983
"2019-02-27 09:31:00",11704,-0.00999999999999801
"2019-02-27 09:32:00",38043,0.0399999999999991
"2019-02-27 09:33:00",44929,0.00500000000000256
"2019-02-27 09:34:00",23195,0.00500000000000256
"2019-02-27 09:35:00",8817,-0.0300000000000011
"2019-02-27 09:36:00",2336,0.00999999999999801
"2019-02-27 09:37:00",17420,0.0600000000000023
"2019-02-27 09:38:00",12783,-0.0100000000000051
"2019-02-27 09:39:00",11160,0.0100000000000051
"2019-02-27 09:40:00",11804,0.0549999999999997
"2019-02-27 09:41:00",14348,0
"2019-02-27 09:42:00",12512,0.00489999999999924
"2019-02-27 09:43:00",4755,0.0400999999999954
"2019-02-27 09:44:00",8892,-0.00499999999999545
"2019-02-27 09:45:00",22330,-0.0150000000000006
"2019-02-27 09:46:00",8698,-0.00999999999999801
"2019-02-27 09:47:00",10002,0.029999999999994
"2019-02-27 09:48:00",3773,0.0150000000000006
"2019-02-27 09:49:00",25350,0.00420000000000442
"2019-02-27 09:50:00",6270,-0.0142000000000024
"2019-02-27 09:51:00",7211,0.00999999999999801
"2019-02-27 09:52:00",4646,0.00500000000000256
"2019-02-27 09:53:00",5541,0
"2019-02-27 09:54:00",15313,0.0150000000000006
"2019-02-27 09:55:00",4224,-0.0350000000000037
"2019-02-27 09:56:00",4987,-0.029999999999994
"2019-02-27 09:57:00",4074,0.019999999999996
"2019-02-27 09:58:00",6387,-0.0249999999999986
"2019-02-27 09:59:00",8410,0
"2019-02-27 10:00:00",6812,0.0450000000000017
"2019-02-27 10:01:00",11487,-0.0200000000000031
"2019-02-27 10:02:00",6274,0.0200000000000031
"2019-02-27 10:03:00",6772,0.019999999999996
"2019-02-27 10:04:00",3924,0
"2019-02-27 10:05:00",9108,-0.019999999999996
"2019-02-27 10:06:00",6547,0
"2019-02-27 10:07:00",2200,-0.0249999999999986
"2019-02-27 10:08:00",3150,-0.00730000000000075
"2019-02-27 10:09:00",3800,0.0272999999999968
"2019-02-27 10:10:00",2174,-0.00500000000000256
"2019-02-27 10:11:00",11018,-0.0249999999999986
"2019-02-27 10:12:00",8593,-0.0150000000000006
"2019-02-27 10:13:00",7790,0.0100000000000051
"2019-02-27 10:14:00",4740,0
"2019-02-27 10:15:00",3185,-0.0100000000000051
"2019-02-27 10:16:00",7597,0.0100000000000051
"2019-02-27 10:17:00",6114,-0.0100000000000051
"2019-02-27 10:18:00",4594,-0.00999999999999801
"2019-02-27 10:19:00",5800,-0.00999999999999801
"2019-02-27 10:20:00",2422,0.0300000000000011
"2019-02-27 10:21:00",4400,-0.0100000000000051
"2019-02-27 10:22:00",1407,0
"2019-02-27 10:23:00",19550,-0.019999999999996
"2019-02-27 10:24:00",5039,-0.0200000000000031
"2019-02-27 10:25:00",4946,-0.0249999999999986
"2019-02-27 10:26:00",4900,0.00999999999999801
"2019-02-27 10:27:00",1187,-0.0150000000000006
"2019-02-27 10:28:00",4001,0.0260000000000034
"2019-02-27 10:29:00",16265,-0.0322000000000031
"2019-02-27 10:30:00",2600,-0.00379999999999825
"2019-02-27 10:31:00",27479,0.00999999999999801
"2019-02-27 10:32:00",6200,-0.0499999999999972
"2019-02-27 10:33:00",13452,0.0600000000000023
"2019-02-27 10:34:00",25677,0.0300000000000011
"2019-02-27 10:35:00",14366,-0.00500000000000256
"2019-02-27 10:36:00",672,-0.0249999999999986
"2019-02-27 10:37:00",2268,-0.0250000000000057
"2019-02-27 10:38:00",2957,0.0150000000000006
"2019-02-27 10:39:00",1700,0.0100000000000051
"2019-02-27 10:40:00",900,0.0150000000000006
"2019-02-27 10:41:00",1900,-0.0114000000000019
"2019-02-27 10:42:00",2100,-0.00670000000000215
"2019-02-27 10:43:00",1864,-0.0168999999999997
"2019-02-27 10:44:00",2989,-0.00999999999999801
"2019-02-27 10:45:00",1804,0
"2019-02-27 10:46:00",1100,0
"2019-02-27 10:47:00",313,-0.0200000000000031
"2019-02-27 10:48:00",1500,0.0350000000000037
"2019-02-27 10:49:00",600,0.00999999999999801
"2019-02-27 10:50:00",2699,0.00500000000000256
"2019-02-27 10:51:00",1707,0.00999999999999801
"2019-02-27 10:52:00",513,0.00900000000000034
"2019-02-27 10:53:00",2939,-0.0127000000000024
"2019-02-27 10:54:00",1388,-0.0034999999999954
"2019-02-27 10:55:00",1100,0.0171999999999954
"2019-02-27 10:56:00",1924,-0.00499999999999545
"2019-02-27 10:57:00",800,-0.0150000000000006
"2019-02-27 10:58:00",2446,0
"2019-02-27 10:59:00",700,0.00499999999999545
"2019-02-27 11:00:00",1431,-0.0197999999999965
"2019-02-27 11:01:00",200,0.014800000000001
"2019-02-27 11:02:00",2000,0.00999999999999801
"2019-02-27 11:03:00",2852,0.00480000000000302
"2019-02-27 11:04:00",1400,0.0101999999999975
"2019-02-27 11:05:00",1500,-0.0249999999999986
"2019-02-27 11:06:00",3233,-0.0300000000000011
"2019-02-27 11:07:00",300,0
"2019-02-27 11:08:00",127,-0.00520000000000209
"2019-02-27 11:09:00",2000,-0.00479999999999592
"2019-02-27 11:10:00",2500,-0.0300000000000011
"2019-02-27 11:11:00",800,-0.0100000000000051
"2019-02-27 11:12:00",700,-0.019999999999996
"2019-02-27 11:13:00",1368,0.00999999999999801
"2019-02-27 11:14:00",200,-0.00849999999999795
"2019-02-27 11:15:00",3440,0.018499999999996
"2019-02-27 11:16:00",3750,0.0300000000000011
"2019-02-27 11:17:00",747,-0.019999999999996
"2019-02-27 11:18:00",2164,-0.00500000000000256
"2019-02-27 11:19:00",6066,0.0150000000000006
"2019-02-27 11:20:00",2300,-0.00500000000000256
"2019-02-27 11:21:00",300,-0.00999999999999801
"2019-02-27 11:22:00",900,-0.0349999999999966
"2019-02-27 11:23:00",2500,0.029999999999994
"2019-02-27 11:24:00",1000,0
"2019-02-27 11:25:00",100,0.0100000000000051
"2019-02-27 11:26:00",536,0.019999999999996
"2019-02-27 11:27:00",408,-0.00999999999999801
"2019-02-27 11:28:00",318,-0.0200000000000031
"2019-02-27 11:29:00",800,0
"2019-02-27 11:30:00",1400,0.0200000000000031
"2019-02-27 11:31:00",550,0.0138999999999996
"2019-02-27 11:32:00",3542,0.00610000000000355
"2019-02-27 11:33:00",2368,-0.0190000000000055
"2019-02-27 11:34:00",5498,-0.000999999999997669
"2019-02-27 11:35:00",701,0.0200000000000031
"2019-02-27 11:36:00",3042,0
"2019-02-27 11:37:00",500,0
"2019-02-27 11:38:00",335,-0.00280000000000058
"2019-02-27 11:39:00",300,-0.00220000000000198
"2019-02-27 11:40:00",600,0.0150000000000006
"2019-02-27 11:41:00",100,0
"2019-02-27 11:42:00",307,-0.00999999999999801
"2019-02-27 11:43:00",370,-0.0200000000000031
"2019-02-27 11:44:00",1600,-0.00999999999999801
"2019-02-27 11:45:00",1300,-0.0100000000000051
"2019-02-27 11:46:00",2233,0.00010000000000332
"2019-02-27 11:47:00",500,-0.00010000000000332
"2019-02-27 11:48:00",1650,0
"2019-02-27 11:49:00",900,-0.00499999999999545
"2019-02-27 11:50:00",1034,-0.00500000000000256
"2019-02-27 11:51:00",677,-0.0263999999999953
"2019-02-27 11:52:00",2162,0.0063999999999993
"2019-02-27 11:53:00",1200,0
"2019-02-27 11:54:00",360,0.00999999999999801
"2019-02-27 11:56:00",2100,0.00999999999999801
"2019-02-27 11:57:00",500,-0.00999999999999801
"2019-02-27 11:58:00",1815,-0.00630000000000308
"2019-02-27 11:59:00",300,-9.99999999962142e-05
"2019-02-27 12:00:00",849,0.00849999999999795
"2019-02-27 12:01:00",958,0.0129000000000019
"2019-02-27 12:02:00",8957,-0.00999999999999801
"2019-02-27 12:03:00",300,-0.00500000000000256
"2019-02-27 12:04:00",3388,-0.00460000000000349
"2019-02-27 12:05:00",600,0.0146000000000015
"2019-02-27 12:06:00",437,0.00160000000000338
"2019-02-27 12:08:00",2829,0.00839999999999463
"2019-02-27 12:09:00",1500,0.0150000000000006
"2019-02-27 12:10:00",4700,0.00500000000000256
"2019-02-27 12:11:00",1495,0.00999999999999801
"2019-02-27 12:12:00",608,0.0100000000000051
"2019-02-27 12:13:00",3597,0.00999999999999801
"2019-02-27 12:14:00",360,0
"2019-02-27 12:15:00",1325,-0.00010000000000332
"2019-02-27 12:16:00",1100,-0.00319999999999965
"2019-02-27 12:17:00",1138,0.00910000000000366
"2019-02-27 12:18:00",500,-0.0157999999999987
"2019-02-27 12:19:00",1600,0.00499999999999545
"2019-02-27 12:20:00",299,-0.000399999999999068
"2019-02-27 12:21:00",800,0.00540000000000163
"2019-02-27 12:22:00",469,0
"2019-02-27 12:23:00",1406,0.0399999999999991
"2019-02-27 12:24:00",3900,0.00999999999999801
"2019-02-27 12:25:00",1750,-0.0150000000000006
"2019-02-27 12:26:00",500,0
"2019-02-27 12:27:00",1968,-0.0150000000000006
"2019-02-27 12:28:00",1041,-0.0100999999999942
"2019-02-27 12:29:00",3613,0.0250999999999948
"2019-02-27 12:30:00",1800,0.00500000000000256
"2019-02-27 12:31:00",1113,-0.00999999999999801
"2019-02-27 12:32:00",960,0
"2019-02-27 12:33:00",3631,0.00999999999999801
"2019-02-27 12:34:00",883,-0.00999999999999801
"2019-02-27 12:35:00",100,0
"2019-02-27 12:36:00",3500,-0.0200000000000031
"2019-02-27 12:37:00",21125,0.0150000000000006
"2019-02-27 12:38:00",1100,0.0150000000000006
"2019-02-27 12:39:00",2614,-0.00999999999999801
"2019-02-27 12:40:00",1100,-0.0100000000000051
"2019-02-27 12:41:00",1942,-0.00999999999999801
"2019-02-27 12:42:00",2470,-0.019999999999996
"2019-02-27 12:43:00",9200,0
"2019-02-27 12:44:00",200,-0.0100000000000051
"2019-02-27 12:45:00",2886,-0.00730000000000075
"2019-02-27 12:46:00",3447,0.0273000000000039
"2019-02-27 12:47:00",3126,0.019999999999996
"2019-02-27 12:48:00",1687,-0.0100999999999942
"2019-02-27 12:49:00",200,-0.0099000000000018
"2019-02-27 12:50:00",430,-0.0200000000000031
"2019-02-27 12:51:00",827,-0.00999999999999801
"2019-02-27 12:52:00",1871,0.00999999999999801
"2019-02-27 12:53:00",400,0
"2019-02-27 12:54:00",900,-0.00499999999999545
"2019-02-27 12:55:00",865,0.00499999999999545
"2019-02-27 12:56:00",953,0.0100000000000051
"2019-02-27 12:57:00",2550,0
"2019-02-27 12:58:00",802,0.00499999999999545
"2019-02-27 12:59:00",1600,0.0150000000000006
"2019-02-27 13:00:00",900,-0.0150000000000006
"2019-02-27 13:01:00",1399,-0.0150000000000006
"2019-02-27 13:02:00",4514,-0.00999999999999801
"2019-02-27 13:03:00",820,0.0200000000000031
"2019-02-27 13:04:00",678,-0.00500000000000256
"2019-02-27 13:05:00",1963,-0.0151000000000039
"2019-02-27 13:06:00",2511,-0.0157999999999987
"2019-02-27 13:07:00",2400,-0.0140999999999991
"2019-02-27 13:08:00",1093,0
"2019-02-27 13:09:00",4071,-0.00999999999999801
"2019-02-27 13:10:00",1333,0.00999999999999801
"2019-02-27 13:11:00",893,0.0210000000000008
"2019-02-27 13:12:00",1479,-0.00600000000000023
"2019-02-27 13:13:00",1150,0
"2019-02-27 13:14:00",900,0
"2019-02-27 13:15:00",5210,0.00999999999999801
"2019-02-27 13:16:00",447,-0.0150000000000006
"2019-02-27 13:17:00",657,0.00660000000000593
"2019-02-27 13:18:00",1975,-0.0166000000000039
"2019-02-27 13:19:00",271,0.00930000000000319
"2019-02-27 13:20:00",4200,-0.00430000000000064
"2019-02-27 13:21:00",1300,0.00399999999999778
"2019-02-27 13:22:00",1771,-0.00900000000000034
"2019-02-27 13:23:00",1700,-0.00499999999999545
"2019-02-27 13:24:00",3163,-0.00500000000000256
"2019-02-27 13:25:00",1414,-0.00999999999999801
"2019-02-27 13:26:00",2297,0.00999999999999801
"2019-02-27 13:27:00",7227,0
"2019-02-27 13:28:00",434,-0.00500000000000256
"2019-02-27 13:29:00",1810,-0.00499999999999545
"2019-02-27 13:30:00",3100,0.00999999999999801
"2019-02-27 13:31:00",2498,0.00500000000000256
"2019-02-27 13:32:00",2375,0.019999999999996
"2019-02-27 13:33:00",6470,-0.00500000000000256
"2019-02-27 13:34:00",5309,-0.00499999999999545
"2019-02-27 13:35:00",8066,0.00499999999999545
"2019-02-27 13:36:00",3021,-0.00499999999999545
"2019-02-27 13:37:00",1625,0.00229999999999819
"2019-02-27 13:38:00",2429,0.00269999999999726
"2019-02-27 13:39:00",8905,-0.00999999999999801
"2019-02-27 13:40:00",1997,-0.0300000000000011
"2019-02-27 13:41:00",1356,-0.00499999999999545
"2019-02-27 13:42:00",1816,0.0449999999999946
"2019-02-27 13:43:00",1115,-0.00999999999999801
"2019-02-27 13:44:00",4337,0.00999999999999801
"2019-02-27 13:45:00",3300,0.0100000000000051
"2019-02-27 13:46:00",793,-0.00820000000000221
"2019-02-27 13:47:00",1600,-0.00679999999999836
"2019-02-27 13:48:00",850,-0.00500000000000256
"2019-02-27 13:49:00",2911,0
"2019-02-27 13:50:00",823,0.0198999999999998
"2019-02-27 13:51:00",900,-0.0099000000000018
"2019-02-27 13:52:00",1967,0.0171000000000063
"2019-02-27 13:53:00",600,-0.0271000000000043
"2019-02-27 13:54:00",4481,-0.019999999999996
"2019-02-27 13:55:00",6262,0.00900000000000034
"2019-02-27 13:56:00",1402,0.000999999999997669
"2019-02-27 13:57:00",1607,0
"2019-02-27 13:58:00",5151,0.0150000000000006
"2019-02-27 13:59:00",1255,0.00499999999999545
"2019-02-27 14:00:00",1535,-0.0249999999999986
"2019-02-27 14:01:00",2552,0.0249999999999986
"2019-02-27 14:02:00",100,-0.00999999999999801
"2019-02-27 14:03:00",400,0.00999999999999801
"2019-02-27 14:04:00",3565,-0.029999999999994
"2019-02-27 14:05:00",2233,0
"2019-02-27 14:06:00",500,0
"2019-02-27 14:07:00",3185,0
"2019-02-27 14:08:00",5603,0
"2019-02-27 14:09:00",3379,0.00999999999999801
"2019-02-27 14:10:00",4851,-0.0324999999999989
"2019-02-27 14:11:00",500,-0.00750000000000028
"2019-02-27 14:12:00",6652,0.00999999999999801
"2019-02-27 14:13:00",2961,-0.00999999999999801
"2019-02-27 14:14:00",2699,-0.0200000000000031
"2019-02-27 14:15:00",1279,0
"2019-02-27 14:16:00",8066,-0.019999999999996
"2019-02-27 14:17:00",4566,0.00999999999999801
"2019-02-27 14:18:00",1680,0.00999999999999801
"2019-02-27 14:19:00",1508,-0.0200999999999993
"2019-02-27 14:20:00",908,0.00010000000000332
"2019-02-27 14:21:00",1007,-0.0100000000000051
"2019-02-27 14:22:00",1025,0.00500000000000256
"2019-02-27 14:23:00",1229,-0.00500000000000256
"2019-02-27 14:24:00",7967,0.0100000000000051
"2019-02-27 14:25:00",1784,0
"2019-02-27 14:26:00",4815,-0.0234000000000023
"2019-02-27 14:27:00",3071,0.00339999999999918
"2019-02-27 14:28:00",1208,-0.00999999999999801
"2019-02-27 14:29:00",4855,-0.00339999999999918
"2019-02-27 14:30:00",600,-0.00659999999999883
"2019-02-27 14:31:00",6597,0.019999999999996
"2019-02-27 14:32:00",1806,0.00500000000000256
"2019-02-27 14:33:00",7916,-0.0100000000000051
"2019-02-27 14:34:00",1867,0
"2019-02-27 14:35:00",7553,-0.00499999999999545
"2019-02-27 14:36:00",2896,9.99999999962142e-05
"2019-02-27 14:37:00",2000,-9.99999999962142e-05
"2019-02-27 14:38:00",4400,0
"2019-02-27 14:39:00",3768,-0.0200000000000031
"2019-02-27 14:40:00",7241,0.0245999999999995
"2019-02-27 14:41:00",6790,-0.0145999999999944
"2019-02-27 14:42:00",3579,0.00499999999999545
"2019-02-27 14:43:00",5461,0.00999999999999801
"2019-02-27 14:44:00",5782,-0.00499999999999545
"2019-02-27 14:45:00",8126,0.019999999999996
"2019-02-27 14:46:00",3956,0.00500000000000256
"2019-02-27 14:47:00",2300,0
"2019-02-27 14:48:00",7308,-0.00999999999999801
"2019-02-27 14:49:00",8060,-0.0100000000000051
"2019-02-27 14:50:00",10966,0
"2019-02-27 14:51:00",7350,0
"2019-02-27 14:52:00",17284,0
"2019-02-27 14:53:00",17632,0
"2019-02-27 14:54:00",12926,-0.00499999999999545
"2019-02-27 14:55:00",22192,0.00499999999999545
"2019-02-27 14:56:00",12445,-0.0149999999999935
"2019-02-27 14:57:00",26384,-0.0400000000000063
"2019-02-27 14:58:00",88236,-0.0499999999999972
"2019-02-27 14:59:00",56358,0.100000000000001
"2019-02-27 15:00:00",543075,-0.0900000000000034
"2019-02-27 15:15:00",0,0
"2019-02-28 08:30:00",57010,0.130000000000003
"2019-02-28 08:31:00",23725,-0.0300000000000011
"2019-02-28 08:32:00",8711,-0.00999999999999801
"2019-02-28 08:33:00",17390,-0.00999999999999801
"2019-02-28 08:34:00",14068,-0.0300000000000011
"2019-02-28 08:35:00",17720,-0.0700000000000003
"2019-02-28 08:36:00",9539,-0.0249999999999986
"2019-02-28 08:37:00",13350,0.0149999999999935
"2019-02-28 08:38:00",15034,0
"2019-02-28 08:39:00",7024,0.0250000000000057
"2019-02-28 08:40:00",9120,0.0399999999999991
"2019-02-28 08:41:00",18494,-0.0300000000000011
"2019-02-28 08:42:00",7424,-0.00500000000000256
"2019-02-28 08:43:00",16653,-0.0499999999999972
"2019-02-28 08:44:00",23681,-0.00999999999999801
"2019-02-28 08:45:00",4088,0.0599999999999952
"2019-02-28 08:46:00",4133,-0.019999999999996
"2019-02-28 08:47:00",10900,-0.0399999999999991
"2019-02-28 08:48:00",7027,0.0289999999999964
"2019-02-28 08:49:00",12645,-0.0390000000000015
"2019-02-28 08:50:00",2600,0
"2019-02-28 08:51:00",9256,0
"2019-02-28 08:52:00",5838,0
"2019-02-28 08:53:00",9023,0.0100000000000051
"2019-02-28 08:54:00",11304,0.00999999999999801
"2019-02-28 08:55:00",3740,0.00999999999999801
"2019-02-28 08:56:00",9886,-0.019999999999996
"2019-02-28 08:57:00",11100,0.029999999999994
"2019-02-28 08:58:00",5038,-0.00999999999999801
"2019-02-28 08:59:00",6378,0.0300000000000011
"2019-02-28 09:00:00",10529,-0.0300000000000011
"2019-02-28 09:01:00",4300,-0.00499999999999545
"2019-02-28 09:02:00",6806,0
"2019-02-28 09:03:00",4880,-0.0250000000000057
"2019-02-28 09:04:00",4943,0.0200000000000031
"2019-02-28 09:05:00",9281,-0.0500000000000043
"2019-02-28 09:06:00",9023,0
"2019-02-28 09:07:00",10798,-0.019999999999996
"2019-02-28 09:08:00",10559,0.00999999999999801
"2019-02-28 09:09:00",3317,-0.0399999999999991
"2019-02-28 09:10:00",7959,0.0300000000000011
"2019-02-28 09:11:00",3078,-0.0300000000000011
"2019-02-28 09:12:00",10595,0
"2019-02-28 09:13:00",13334,0.00999999999999801
"2019-02-28 09:14:00",1945,-0.00499999999999545
"2019-02-28 09:15:00",6291,0.00499999999999545
"2019-02-28 09:16:00",2668,0.0300000000000011
"2019-02-28 09:17:00",5604,0.0300000000000011
"2019-02-28 09:18:00",21562,-0.0200000000000031
"2019-02-28 09:19:00",25302,0.0100000000000051
"2019-02-28 09:20:00",14097,-0.0150000000000006
"2019-02-28 09:21:00",6828,0.00499999999999545
"2019-02-28 09:22:00",10284,0.0200000000000031
"2019-02-28 09:23:00",5215,-0.0300000000000011
"2019-02-28 09:24:00",5830,-0.0300000000000011
"2019-02-28 09:25:00",9270,-0.0449999999999946
"2019-02-28 09:26:00",6833,0.0150000000000006
"2019-02-28 09:27:00",5088,-0.0150000000000006
"2019-02-28 09:28:00",1700,0.0349999999999966
"2019-02-28 09:29:00",8973,0.0200000000000031
"2019-02-28 09:30:00",4999,0.00999999999999801
"2019-02-28 09:31:00",1686,0.00999999999999801
"2019-02-28 09:32:00",4501,0.0399999999999991
"2019-02-28 09:33:00",11465,0.0399999999999991
"2019-02-28 09:34:00",3040,0
"2019-02-28 09:35:00",1610,0.0100000000000051
"2019-02-28 09:36:00",6640,-0.0500000000000043
"2019-02-28 09:37:00",9619,-0.019999999999996
"2019-02-28 09:38:00",5061,-0.0100000000000051
"2019-02-28 09:39:00",3605,0.0400000000000063
"2019-02-28 09:40:00",19233,0.00499999999999545
"2019-02-28 09:41:00",14427,-0.0249999999999986
"2019-02-28 09:42:00",22176,0.00999999999999801
"2019-02-28 09:43:00",14348,0.0100000000000051
"2019-02-28 09:44:00",2723,-0.0200000000000031
"2019-02-28 09:45:00",17429,0.0350000000000037
"2019-02-28 09:46:00",11881,-0.00500000000000256
"2019-02-28 09:47:00",10226,-0.0200000000000031
"2019-02-28 09:48:00",16145,-0.019999999999996
"2019-02-28 09:49:00",23939,-0.0200000000000031
"2019-02-28 09:50:00",27629,-0.0109999999999957
"2019-02-28 09:51:00",26114,0.0209999999999937
"2019-02-28 09:52:00",25479,-0.00999999999999801
"2019-02-28 09:53:00",8941,0
"2019-02-28 09:54:00",14372,0.0300000000000011
"2019-02-28 09:55:00",9044,0.00999999999999801
"2019-02-28 09:56:00",7748,-0.00999999999999801
"2019-02-28 09:57:00",13468,-0.0799999999999983
"2019-02-28 09:58:00",18055,0.0300000000000011
"2019-02-28 09:59:00",17422,0.00999999999999801
"2019-02-28 10:00:00",28113,0.0450000000000017
"2019-02-28 10:01:00",20555,0.0150000000000006
"2019-02-28 10:02:00",15678,0.00999999999999801
"2019-02-28 10:03:00",8482,9.99999999962142e-05
"2019-02-28 10:04:00",4999,-0.0300999999999974
"2019-02-28 10:05:00",6701,0.0499999999999972
"2019-02-28 10:06:00",5658,-0.0499999999999972
"2019-02-28 10:07:00",6258,-0.0300000000000011
"2019-02-28 10:08:00",9964,0.0200000000000031
"2019-02-28 10:09:00",14304,0.00999999999999801
"2019-02-28 10:10:00",19322,0.0499999999999972
"2019-02-28 10:11:00",10247,-0.0249999999999986
"2019-02-28 10:12:00",6190,0.00500000000000256
"2019-02-28 10:13:00",4560,-0.00999999999999801
"2019-02-28 10:14:00",2300,0.00499999999999545
"2019-02-28 10:15:00",5216,0.0150000000000006
"2019-02-28 10:16:00",12073,0
"2019-02-28 10:17:00",6492,0.00500000000000256
"2019-02-28 10:18:00",4467,0.0249999999999986
"2019-02-28 10:19:00",6200,0
"2019-02-28 10:20:00",10478,0.0499999999999972
"2019-02-28 10:21:00",10076,0.0100000000000051
"2019-02-28 10:22:00",5424,0.0150000000000006
"2019-02-28 10:23:00",10109,0.0150000000000006
"2019-02-28 10:24:00",42768,0.019999999999996
"2019-02-28 10:25:00",16725,0.0150000000000006
"2019-02-28 10:26:00",6130,-0.0150000000000006
"2019-02-28 10:27:00",7917,-0.0300000000000011
"2019-02-28 10:28:00",7919,0
"2019-02-28 10:29:00",12011,-0.00999999999999801
"2019-02-28 10:30:00",5875,0
"2019-02-28 10:31:00",1900,0
"2019-02-28 10:32:00",2391,-0.0399999999999991
"2019-02-28 10:33:00",16501,-0.0600000000000023
"2019-02-28 10:34:00",26288,-0.0399999999999991
"2019-02-28 10:35:00",20251,-0.0210000000000008
"2019-02-28 10:36:00",12807,0.000999999999997669
"2019-02-28 10:37:00",7003,-0.0149999999999935
"2019-02-28 10:38:00",14990,0.0349999999999966
"2019-02-28 10:39:00",9130,0
"2019-02-28 10:40:00",6439,-0.0499999999999972
"2019-02-28 10:41:00",5912,-0.0150000000000006
"2019-02-28 10:42:00",6683,-0.0106999999999999
"2019-02-28 10:43:00",3586,-0.00430000000000064
"2019-02-28 10:44:00",1800,-0.0150000000000006
"2019-02-28 10:45:00",3379,0.00500000000000256
"2019-02-28 10:46:00",4637,0.019999999999996
"2019-02-28 10:47:00",3200,0.00999999999999801
"2019-02-28 10:48:00",1489,-0.00499999999999545
"2019-02-28 10:49:00",6252,-0.00500000000000256
"2019-02-28 10:50:00",2400,-0.0399999999999991
"2019-02-28 10:51:00",1750,-0.00999999999999801
"2019-02-28 10:52:00",4100,0.0300000000000011
"2019-02-28 10:53:00",3453,0
"2019-02-28 10:54:00",7649,-0.0200000000000031
"2019-02-28 10:55:00",1064,0
"2019-02-28 10:56:00",1658,-0.0450000000000017
"2019-02-28 10:57:00",3889,0.0150000000000006
"2019-02-28 10:58:00",4573,0
"2019-02-28 10:59:00",1783,0.00999999999999801
"2019-02-28 11:00:00",1520,-0.00219999999999487
"2019-02-28 11:01:00",17684,0.00219999999999487
"2019-02-28 11:02:00",1647,0.00500000000000256
"2019-02-28 11:03:00",3075,0.00339999999999918
"2019-02-28 11:04:00",1492,0.0116000000000014
"2019-02-28 11:05:00",2685,0.0200000000000031
"2019-02-28 11:06:00",550,-0.0200000000000031
"2019-02-28 11:07:00",2834,-0.00150000000000006
"2019-02-28 11:08:00",4086,0.0215000000000032
"2019-02-28 11:09:00",2400,-0.0100000000000051
"2019-02-28 11:10:00",1885,0
"2019-02-28 11:11:00",1544,0.0100000000000051
"2019-02-28 11:12:00",1503,0.029999999999994
"2019-02-28 11:13:00",935,-0.00999999999999801
"2019-02-28 11:14:00",6184,-0.0349999999999966
"2019-02-28 11:15:00",977,-0.00500000000000256
"2019-02-28 11:16:00",1287,0.0300000000000011
"2019-02-28 11:17:00",1021,-0.00999999999999801
"2019-02-28 11:18:00",1675,0
"2019-02-28 11:19:00",800,0.00999999999999801
"2019-02-28 11:20:00",1600,0
"2019-02-28 11:21:00",7600,-0.00600000000000023
"2019-02-28 11:22:00",3062,0.0259999999999962
"2019-02-28 11:23:00",3500,0.0100000000000051
"2019-02-28 11:24:00",6400,0.0189999999999984
"2019-02-28 11:25:00",8344,-0.0189999999999984
"2019-02-28 11:26:00",4289,0.00999999999999801
"2019-02-28 11:27:00",2636,0.00999999999999801
"2019-02-28 11:28:00",2200,0
"2019-02-28 11:29:00",654,0
"2019-02-28 11:30:00",3412,-0.019999999999996
"2019-02-28 11:31:00",4064,0
"2019-02-28 11:32:00",370,0
"2019-02-28 11:33:00",2046,-0.00680000000000547
"2019-02-28 11:34:00",3336,-0.0131999999999977
"2019-02-28 11:36:00",7050,-0.0384000000000029
"2019-02-28 11:37:00",910,-0.00659999999999883
"2019-02-28 11:38:00",1856,0.0250000000000057
"2019-02-28 11:39:00",2885,-0.00010000000000332
"2019-02-28 11:40:00",800,0.00010000000000332
"2019-02-28 11:41:00",900,-0.00100000000000477
"2019-02-28 11:42:00",900,-0.0289999999999964
"2019-02-28 11:43:00",700,0
"2019-02-28 11:44:00",1600,0.00499999999999545
"2019-02-28 11:45:00",433,-0.00499999999999545
"2019-02-28 11:46:00",16577,-0.0200000000000031
"2019-02-28 11:47:00",15300,-0.00999999999999801
"2019-02-28 11:48:00",6026,0.00499999999999545
"2019-02-28 11:49:00",6195,-0.00499999999999545
"2019-02-28 11:50:00",3438,0
"2019-02-28 11:51:00",100,0
"2019-02-28 11:52:00",1199,0.019999999999996
"2019-02-28 11:53:00",3483,0.0200000000000031
"2019-02-28 11:54:00",1376,0.0200000000000031
"2019-02-28 11:55:00",200,0
"2019-02-28 11:56:00",503,0.0189999999999984
"2019-02-28 11:57:00",700,-0.00900000000000034
"2019-02-28 11:58:00",1000,0
"2019-02-28 11:59:00",1000,-0.00999999999999801
"2019-02-28 12:00:00",900,-0.0100000000000051
"2019-02-28 12:01:00",660,0.0125000000000028
"2019-02-28 12:02:00",1707,-0.00249999999999773
"2019-02-28 12:03:00",2142,-0.00470000000000681
"2019-02-28 12:04:00",2615,-0.0152999999999963
"2019-02-28 12:05:00",1700,0.00999999999999801
"2019-02-28 12:06:00",3318,-0.0150000000000006
"2019-02-28 12:07:00",1446,0.0350000000000037
"2019-02-28 12:08:00",1681,0.019999999999996
"2019-02-28 12:09:00",500,0.0150000000000006
"2019-02-28 12:10:00",1600,-0.00999999999999801
"2019-02-28 12:11:00",200,0.000599999999998602
"2019-02-28 12:12:00",2983,-0.00560000000000116
"2019-02-28 12:13:00",3312,-0.0267999999999944
"2019-02-28 12:14:00",400,-0.00319999999999965
"2019-02-28 12:15:00",2451,0.0289999999999964
"2019-02-28 12:16:00",3300,-0.0159999999999982
"2019-02-28 12:17:00",1807,0.0105000000000004
"2019-02-28 12:18:00",558,-0.0035000000000025
"2019-02-28 12:19:00",5039,0.0150000000000006
"2019-02-28 12:20:00",1075,-0.0150000000000006
"2019-02-28 12:21:00",6823,0.00500000000000256
"2019-02-28 12:22:00",1697,0.00130000000000052
"2019-02-28 12:23:00",1600,-0.00130000000000052
"2019-02-28 12:24:00",500,-0.00500000000000256
"2019-02-28 12:25:00",9892,0
"2019-02-28 12:26:00",2954,0.0144999999999982
"2019-02-28 12:27:00",1000,-0.0120999999999967
"2019-02-28 12:28:00",715,0.00260000000000105
"2019-02-28 12:29:00",400,-0.00500000000000256
"2019-02-28 12:30:00",1918,0
"2019-02-28 12:31:00",794,-0.00370000000000203
"2019-02-28 12:32:00",1300,-0.00629999999999598
"2019-02-28 12:33:00",1700,0
"2019-02-28 12:34:00",1509,-0.00999999999999801
"2019-02-28 12:35:00",1800,-0.00500000000000256
"2019-02-28 12:36:00",268,0.00999999999999801
"2019-02-28 12:37:00",959,0.000999999999997669
"2019-02-28 12:38:00",2310,-0.00599999999999312
"2019-02-28 12:39:00",876,-0.0156000000000063
"2019-02-28 12:40:00",800,0.00560000000000116
"2019-02-28 12:41:00",1425,0
"2019-02-28 12:42:00",400,0
"2019-02-28 12:43:00",1491,0
"2019-02-28 12:44:00",1974,-0.019999999999996
"2019-02-28 12:45:00",1945,0
"2019-02-28 12:46:00",3654,-0.00500000000000256
"2019-02-28 12:47:00",10100,-0.0200000000000031
"2019-02-28 12:48:00",1200,0.0150000000000006
"2019-02-28 12:49:00",5164,0
"2019-02-28 12:51:00",1132,-0.0275999999999996
"2019-02-28 12:52:00",3664,-0.0123999999999995
"2019-02-28 12:53:00",14426,-0.0300000000000011
"2019-02-28 12:54:00",3358,0.0350000000000037
"2019-02-28 12:55:00",5160,0.0140000000000029
"2019-02-28 12:56:00",2670,-0.00900000000000034
"2019-02-28 12:57:00",817,0
"2019-02-28 12:58:00",894,0.00989999999999469
"2019-02-28 12:59:00",1700,-0.0131999999999977
"2019-02-28 13:00:00",1523,-0.0266999999999982
"2019-02-28 13:01:00",3735,-0.0100000000000051
"2019-02-28 13:02:00",1128,-0.019999999999996
"2019-02-28 13:03:00",6037,-0.0200000000000031
"2019-02-28 13:04:00",1744,0.0200000000000031
"2019-02-28 13:05:00",3821,-0.0200000000000031
"2019-02-28 13:06:00",1400,0.0100000000000051
"2019-02-28 13:07:00",2837,0.00999999999999801
"2019-02-28 13:08:00",1069,0
"2019-02-28 13:09:00",1750,0
"2019-02-28 13:10:00",2484,-0.00500000000000256
"2019-02-28 13:11:00",611,0.00500000000000256
"2019-02-28 13:12:00",2797,0.0167000000000002
"2019-02-28 13:13:00",1808,-0.00769999999999982
"2019-02-28 13:14:00",1343,0.0109999999999957
"2019-02-28 13:15:00",1325,-0.0152000000000001
"2019-02-28 13:16:00",1220,-0.00979999999999848
"2019-02-28 13:17:00",1845,0.0150000000000006
"2019-02-28 13:18:00",600,0.00999999999999801
"2019-02-28 13:19:00",1920,0.0200000000000031
"2019-02-28 13:20:00",2706,0.00999999999999801
"2019-02-28 13:21:00",2543,-0.000999999999997669
"2019-02-28 13:22:00",847,-0.00900000000000034
"2019-02-28 13:23:00",10300,-0.0399999999999991
"2019-02-28 13:24:00",2301,0.019999999999996
"2019-02-28 13:25:00",3400,0.0100000000000051
"2019-02-28 13:26:00",1038,0.00999999999999801
"2019-02-28 13:27:00",1765,0
"2019-02-28 13:28:00",3647,-0.00339999999999918
"2019-02-28 13:29:00",2490,-0.00270000000000437
"2019-02-28 13:30:00",3015,-0.0138999999999996
"2019-02-28 13:31:00",1382,-0.0149999999999935
"2019-02-28 13:32:00",1600,0.00499999999999545
"2019-02-28 13:33:00",3326,-0.018499999999996
"2019-02-28 13:34:00",1357,-0.0115000000000052
"2019-02-28 13:35:00",975,-0.00999999999999801
"2019-02-28 13:36:00",632,0.00500000000000256
"2019-02-28 13:37:00",1621,0.0215999999999994
"2019-02-28 13:38:00",4180,0.00339999999999918
"2019-02-28 13:39:00",1300,-0.000999999999997669
"2019-02-28 13:40:00",200,-0.0041000000000011
"2019-02-28 13:41:00",1250,9.99999999962142e-05
"2019-02-28 13:42:00",3700,-0.00499999999999545
"2019-02-28 13:43:00",3114,0.00499999999999545
"2019-02-28 13:44:00",4292,0.0149000000000044
"2019-02-28 13:45:00",200,-0.0099000000000018
"2019-02-28 13:46:00",4215,-0.0350000000000037
"2019-02-28 13:47:00",1602,-0.0148999999999972
"2019-02-28 13:48:00",2000,0.00520000000000209
"2019-02-28 13:49:00",500,0.0046999999999997
"2019-02-28 13:50:00",700,-0.00500000000000256
"2019-02-28 13:51:00",4709,0.00500000000000256
"2019-02-28 13:52:00",887,-0.0100000000000051
"2019-02-28 13:53:00",226,0.00500000000000256
"2019-02-28 13:54:00",4800,0.00500000000000256
"2019-02-28 13:55:00",6144,0.0300000000000011
"2019-02-28 13:56:00",5607,0.00999999999999801
"2019-02-28 13:57:00",5746,0.019999999999996
"2019-02-28 13:58:00",4245,-0.00999999999999801
"2019-02-28 13:59:00",7756,0.00999999999999801
"2019-02-28 14:00:00",815,0
"2019-02-28 14:01:00",2830,0.0200000000000031
"2019-02-28 14:02:00",1195,-0.00999999999999801
"2019-02-28 14:03:00",100,0.00499999999999545
"2019-02-28 14:04:00",4902,-0.00499999999999545
"2019-02-28 14:05:00",3968,0.00999999999999801
"2019-02-28 14:06:00",902,0
"2019-02-28 14:07:00",700,0
"2019-02-28 14:08:00",400,0.00999999999999801
"2019-02-28 14:09:00",2320,-0.0229999999999961
"2019-02-28 14:10:00",314,-0.007000000000005
"2019-02-28 14:11:00",236,-0.00509999999999877
"2019-02-28 14:12:00",11583,0.00500000000000256
"2019-02-28 14:13:00",2892,9.99999999962142e-05
"2019-02-28 14:14:00",2715,-0.000999999999997669
"2019-02-28 14:15:00",3296,0.00800000000000267
"2019-02-28 14:16:00",2370,-0.027000000000001
"2019-02-28 14:17:00",2827,0
"2019-02-28 14:18:00",7149,0.0189999999999984
"2019-02-28 14:19:00",8259,-0.00900000000000034
"2019-02-28 14:20:00",1309,0.00500000000000256
"2019-02-28 14:21:00",3239,0.00499999999999545
"2019-02-28 14:22:00",5098,-0.00999999999999801
"2019-02-28 14:23:00",8793,0.0350000000000037
"2019-02-28 14:24:00",1720,0.00169999999999959
"2019-02-28 14:25:00",2568,0.0223000000000013
"2019-02-28 14:26:00",1629,0.00599999999999312
"2019-02-28 14:27:00",2463,0.00930000000000319
"2019-02-28 14:28:00",889,0.0146999999999977
"2019-02-28 14:29:00",5613,-0.0339999999999989
"2019-02-28 14:30:00",2254,-0.00499999999999545
"2019-02-28 14:31:00",1237,0.00999999999999801
"2019-02-28 14:32:00",8733,-0.00999999999999801
"2019-02-28 14:33:00",7483,0.00679999999999836
"2019-02-28 14:34:00",3359,0.0081999999999951
"2019-02-28 14:35:00",2698,-0.00999999999999801
"2019-02-28 14:36:00",5300,-0.00499999999999545
"2019-02-28 14:37:00",13869,0.029999999999994
"2019-02-28 14:38:00",5559,-0.0150000000000006
"2019-02-28 14:39:00",5400,-0.00499999999999545
"2019-02-28 14:40:00",2800,-0.00500000000000256
"2019-02-28 14:41:00",6360,-0.019999999999996
"2019-02-28 14:42:00",4828,0.019999999999996
"2019-02-28 14:43:00",8126,0.00500000000000256
"2019-02-28 14:44:00",13375,-0.0150000000000006
"2019-02-28 14:45:00",4741,-0.0300000000000011
"2019-02-28 14:46:00",2927,0
"2019-02-28 14:47:00",8880,0.0399999999999991
"2019-02-28 14:48:00",5342,0.00400000000000489
"2019-02-28 14:49:00",3898,0.000999999999997669
"2019-02-28 14:50:00",3231,-0.00500000000000256
"2019-02-28 14:51:00",2818,0
"2019-02-28 14:52:00",10491,0
"2019-02-28 14:53:00",3820,0
"2019-02-28 14:54:00",16409,0
"2019-02-28 14:55:00",16222,-0.00399999999999778
"2019-02-28 14:56:00",9818,-0.0159999999999982
"2019-02-28 14:57:00",18021,-0.0300000000000011
"2019-02-28 14:58:00",25427,0.0349999999999966
"2019-02-28 14:59:00",54503,-0.0399999999999991
"2019-03-01 08:30:00",21561,0.1128
"2019-03-01 08:31:00",3070,-0.00280000000000058
"2019-03-01 08:32:00",2572,0.0200000000000031
"2019-03-01 08:33:00",9484,0.0249999999999986
"2019-03-01 08:34:00",2500,-0.0249999999999986
"2019-03-01 08:35:00",13014,0.00999999999999801
"2019-03-01 08:36:00",6922,-0.00999999999999801
"2019-03-01 08:37:00",3600,0.0150000000000006
"2019-03-01 08:38:00",8504,0.0449999999999946
"2019-03-01 08:39:00",9447,0.00500000000000256
"2019-03-01 08:40:00",4850,-0.00999999999999801
"2019-03-01 08:41:00",4431,0.0499999999999972
"2019-03-01 08:42:00",3350,-0.0349999999999966
"2019-03-01 08:43:00",2428,0
"2019-03-01 08:44:00",3150,0.019999999999996
"2019-03-01 08:45:00",8458,0.0500000000000043
"2019-03-01 08:46:00",2800,0.00999999999999801
"2019-03-01 08:47:00",3423,-0.00500000000000256
"2019-03-01 08:48:00",3514,-0.00999999999999801
"2019-03-01 08:49:00",10666,-0.0249999999999986
"2019-03-01 08:50:00",6950,0.0150000000000006
"2019-03-01 08:51:00",6301,0.00499999999999545
"2019-03-01 08:52:00",31500,0.0100000000000051
"2019-03-01 08:53:00",11570,-0.0100000000000051
"2019-03-01 08:54:00",10693,0
"2019-03-01 08:55:00",5050,0.0100000000000051
"2019-03-01 08:56:00",10530,0.0150000000000006
"2019-03-01 08:57:00",13452,-0.0250000000000057
"2019-03-01 08:58:00",1975,0.0100000000000051
"2019-03-01 08:59:00",17997,0.00999999999999801
"2019-03-01 09:00:00",6624,0.0349999999999966
"2019-03-01 09:01:00",4025,-0.0749999999999957
"2019-03-01 09:02:00",10618,0.0399999999999991
"2019-03-01 09:03:00",7426,0.0200000000000031
"2019-03-01 09:04:00",3144,0.00999999999999801
"2019-03-01 09:05:00",5064,-0.0249999999999986
"2019-03-01 09:06:00",7474,0.0449999999999946
"2019-03-01 09:07:00",841,0.0029000000000039
"2019-03-01 09:08:00",2552,-0.00789999999999935
"2019-03-01 09:09:00",2465,0.0349999999999966
"2019-03-01 09:10:00",8644,-0.0150000000000006
"2019-03-01 09:11:00",5806,-0.0150000000000006
"2019-03-01 09:12:00",5337,0.0200000000000031
"2019-03-01 09:13:00",7138,-0.00999999999999801
"2019-03-01 09:14:00",4927,0.0300000000000011
"2019-03-01 09:15:00",7123,-0.0350000000000037
"2019-03-01 09:16:00",4900,0.00999999999999801
"2019-03-01 09:17:00",3717,0.00500000000000256
"2019-03-01 09:18:00",3800,-0.00500000000000256
"2019-03-01 09:19:00",2300,-0.00999999999999801
"2019-03-01 09:20:00",30962,-0.0150000000000006
"2019-03-01 09:21:00",2316,0.0200000000000031
"2019-03-01 09:22:00",5208,-0.0200000000000031
"2019-03-01 09:23:00",7547,-0.019999999999996
"2019-03-01 09:24:00",13510,-0.0650000000000048
"2019-03-01 09:25:00",4955,-0.00499999999999545
"2019-03-01 09:26:00",6579,0.0499999999999972
"2019-03-01 09:27:00",4800,-0.0600000000000023
"2019-03-01 09:28:00",2086,0.0100000000000051
"2019-03-01 09:29:00",5426,0.00499999999999545
"2019-03-01 09:30:00",14639,-0.0349999999999966
"2019-03-01 09:31:00",16797,-0.0549999999999997
"2019-03-01 09:32:00",14852,0.0249999999999986
"2019-03-01 09:33:00",11892,-0.0399999999999991
"2019-03-01 09:34:00",5461,0.00999999999999801
"2019-03-01 09:35:00",7267,-0.0349999999999966
"2019-03-01 09:36:00",2622,0.0249999999999986
"2019-03-01 09:37:00",2000,-0.0249999999999986
"2019-03-01 09:38:00",3683,0
"2019-03-01 09:39:00",4727,-0.00500000000000256
"2019-03-01 09:40:00",4886,-0.0249999999999986
"2019-03-01 09:41:00",7068,0.0349999999999966
"2019-03-01 09:42:00",3612,0.0150000000000006
"2019-03-01 09:43:00",12461,0.0300000000000011
"2019-03-01 09:44:00",4117,0.00999999999999801
"2019-03-01 09:45:00",3033,0.0116000000000014
"2019-03-01 09:46:00",2970,0.0234000000000023
"2019-03-01 09:47:00",1400,-0.0100000000000051
"2019-03-01 09:48:00",2707,0.0150000000000006
"2019-03-01 09:49:00",2966,-0.0150000000000006
"2019-03-01 09:50:00",6100,-0.029999999999994
"2019-03-01 09:51:00",6543,0.00499999999999545
"2019-03-01 09:52:00",9836,0.00500000000000256
"2019-03-01 09:53:00",8103,0.0300000000000011
"2019-03-01 09:54:00",2500,0.00999999999999801
"2019-03-01 09:55:00",7219,-0.00999999999999801
"2019-03-01 09:56:00",4800,0.0150000000000006
"2019-03-01 09:57:00",3743,-0.00500000000000256
"2019-03-01 09:58:00",4474,-0.00489999999999924
"2019-03-01 09:59:00",1600,0.0249000000000024
"2019-03-01 10:00:00",7050,-0.0300000000000011
"2019-03-01 10:01:00",12327,-0.0100000000000051
"2019-03-01 10:02:00",3103,0.0300000000000011
"2019-03-01 10:03:00",2457,-0.0599999999999952
"2019-03-01 10:04:00",2845,0
"2019-03-01 10:05:00",3516,0.00999999999999801
"2019-03-01 10:06:00",3008,-0.0399999999999991
"2019-03-01 10:07:00",2402,-0.0249999999999986
"2019-03-01 10:08:00",4000,-0.0250000000000057
"2019-03-01 10:09:00",121384,0
"2019-03-01 10:10:00",47534,-0.0549999999999997
"2019-03-01 10:11:00",9807,-0.0399999999999991
"2019-03-01 10:12:00",8785,0.0249999999999986
"2019-03-01 10:13:00",19016,-0.019999999999996
"2019-03-01 10:14:00",8862,0.00999999999999801
"2019-03-01 10:15:00",9596,0
"2019-03-01 10:16:00",1705,0.0215000000000032
"2019-03-01 10:17:00",3906,-0.0115000000000052
"2019-03-01 10:18:00",2350,0.0200000000000031
"2019-03-01 10:19:00",1269,-0.0249999999999986
"2019-03-01 10:20:00",5580,-0.0150000000000006
"2019-03-01 10:21:00",1900,-0.00509999999999877
"2019-03-01 10:22:00",3100,0.00509999999999877
"2019-03-01 10:23:00",3717,0.00999999999999801
"2019-03-01 10:24:00",1437,0
"2019-03-01 10:25:00",2831,-0.00999999999999801
"2019-03-01 10:26:00",6620,-0.0200000000000031
"2019-03-01 10:27:00",8084,0.0300000000000011
"2019-03-01 10:28:00",6686,-0.0300000000000011
"2019-03-01 10:29:00",5057,0
"2019-03-01 10:30:00",1800,0.0150000000000006
"2019-03-01 10:31:00",20702,-0.0249999999999986
"2019-03-01 10:32:00",40323,-0.0150000000000006
"2019-03-01 10:33:00",19353,-0.0549999999999997
"2019-03-01 10:34:00",4800,0.0350000000000037
"2019-03-01 10:35:00",2924,0.0249999999999986
"2019-03-01 10:36:00",1776,0.0198999999999998
"2019-03-01 10:37:00",2918,0.0400999999999954
"2019-03-01 10:38:00",5566,0.0299000000000049
"2019-03-01 10:39:00",3860,-0.00330000000000297
"2019-03-01 10:40:00",3711,-0.00659999999999883
"2019-03-01 10:41:00",5180,0.0499999999999972
"2019-03-01 10:42:00",1385,0.0200000000000031
"2019-03-01 10:43:00",4179,-0.00439999999999685
"2019-03-01 10:44:00",900,-0.00560000000000116
"2019-03-01 10:45:00",5100,-0.00500000000000256
"2019-03-01 10:46:00",625,-0.0150000000000006
"2019-03-01 10:47:00",500,0.0350000000000037
"2019-03-01 10:48:00",400,0.0150000000000006
"2019-03-01 10:49:00",1200,-0.0200000000000031
"2019-03-01 10:50:00",2422,0.00999999999999801
"2019-03-01 10:51:00",5124,-0.0300000000000011
"2019-03-01 10:52:00",3650,-0.0399999999999991
"2019-03-01 10:53:00",9348,-0.0399999999999991
"2019-03-01 10:54:00",4150,0.00999999999999801
"2019-03-01 10:55:00",2361,-0.0399999999999991
"2019-03-01 10:56:00",1414,0.0500000000000043
"2019-03-01 10:57:00",8397,0.00999999999999801
"2019-03-01 10:58:00",800,-0.0300000000000011
"2019-03-01 10:59:00",1207,-0.019999999999996
"2019-03-01 11:00:00",1850,0.0150000000000006
"2019-03-01 11:01:00",5693,-0.0150000000000006
"2019-03-01 11:02:00",3122,-0.00500000000000256
"2019-03-01 11:03:00",1400,0.0150000000000006
"2019-03-01 11:04:00",1900,0.00500000000000256
"2019-03-01 11:05:00",879,0.0149999999999935
"2019-03-01 11:06:00",450,-0.019999999999996
"2019-03-01 11:07:00",432,-0.00999999999999801
"2019-03-01 11:08:00",2638,-0.0100000000000051
"2019-03-01 11:09:00",2446,-0.019999999999996
"2019-03-01 11:10:00",800,-0.0150000000000006
"2019-03-01 11:11:00",5968,0.00999999999999801
"2019-03-01 11:12:00",3500,-0.019999999999996
"2019-03-01 11:13:00",13262,0.029999999999994
"2019-03-01 11:14:00",3332,0
"2019-03-01 11:15:00",3500,-0.029999999999994
"2019-03-01 11:16:00",1300,0
"2019-03-01 11:17:00",4400,0
"2019-03-01 11:18:00",1160,0.0115999999999943
"2019-03-01 11:19:00",1864,0.0134000000000043
"2019-03-01 11:20:00",600,0.00499999999999545
"2019-03-01 11:21:00",1636,-0.00499999999999545
"2019-03-01 11:22:00",1043,-0.00500000000000256
"2019-03-01 11:23:00",1632,0.00500000000000256
"2019-03-01 11:24:00",2100,0.00999999999999801
"2019-03-01 11:25:00",700,0.00999999999999801
"2019-03-01 11:26:00",1049,0.00500000000000256
"2019-03-01 11:27:00",2111,0.00500000000000256
"2019-03-01 11:28:00",6800,-0.0195000000000007
"2019-03-01 11:29:00",1789,0.00949999999999562
"2019-03-01 11:30:00",2793,0
"2019-03-01 11:31:00",1447,0
"2019-03-01 11:32:00",407,-0.00499999999999545
"2019-03-01 11:33:00",4044,-0.0150000000000006
"2019-03-01 11:34:00",1174,0.00999999999999801
"2019-03-01 11:35:00",500,0.00500000000000256
"2019-03-01 11:36:00",1474,0.00499999999999545
"2019-03-01 11:37:00",3021,-0.00499999999999545
"2019-03-01 11:38:00",1647,0.00999999999999801
"2019-03-01 11:39:00",1722,0.00999999999999801
"2019-03-01 11:40:00",1100,-0.00499999999999545
"2019-03-01 11:41:00",1790,0.00999999999999801
"2019-03-01 11:42:00",1390,0
"2019-03-01 11:43:00",2130,0.00999999999999801
"2019-03-01 11:44:00",3539,0
"2019-03-01 11:45:00",525,-0.0034999999999954
"2019-03-01 11:46:00",1422,-0.00150000000000006
"2019-03-01 11:47:00",735,0.00499999999999545
"2019-03-01 11:48:00",300,0.00999999999999801
"2019-03-01 11:49:00",6950,0.0150000000000006
"2019-03-01 11:50:00",3693,-0.00499999999999545
"2019-03-01 11:51:00",1797,-0.0150000000000006
"2019-03-01 11:52:00",1333,0.0150000000000006
"2019-03-01 11:53:00",1748,0.0266999999999982
"2019-03-01 11:54:00",2100,-0.00169999999999959
"2019-03-01 11:55:00",7999,-0.0200000000000031
"2019-03-01 11:56:00",3300,0.0100000000000051
"2019-03-01 11:57:00",2900,-0.00500000000000256
"2019-03-01 11:58:00",3636,0.00500000000000256
"2019-03-01 11:59:00",731,0
"2019-03-01 12:00:00",550,-0.00500000000000256
"2019-03-01 12:01:00",2618,0.00500000000000256
"2019-03-01 12:02:00",3443,-0.0100000000000051
"2019-03-01 12:03:00",3666,0.0100000000000051
"2019-03-01 12:04:00",3626,-0.0100000000000051
"2019-03-01 12:05:00",6649,-0.0249999999999986
"2019-03-01 12:06:00",2092,0.00999999999999801
"2019-03-01 12:07:00",300,0
"2019-03-01 12:08:00",2410,0.0100000000000051
"2019-03-01 12:09:00",3300,0
"2019-03-01 12:10:00",4400,0.00499999999999545
"2019-03-01 12:11:00",630,0.00500000000000256
"2019-03-01 12:12:00",1115,0.00900000000000034
"2019-03-01 12:13:00",2268,0.0210000000000008
"2019-03-01 12:14:00",3704,0.00999999999999801
"2019-03-01 12:15:00",3399,0.00999999999999801
"2019-03-01 12:16:00",3800,0
"2019-03-01 12:17:00",5891,0.0150000000000006
"2019-03-01 12:18:00",1751,-0.00499999999999545
"2019-03-01 12:19:00",600,-0.00430000000000064
"2019-03-01 12:20:00",1595,-0.000700000000001921
"2019-03-01 12:21:00",500,0
"2019-03-01 12:22:00",2941,-0.0223999999999975
"2019-03-01 12:23:00",2157,-0.00260000000000105
"2019-03-01 12:24:00",815,0
"2019-03-01 12:25:00",9487,0.00489999999999924
"2019-03-01 12:26:00",1509,-0.0249000000000024
"2019-03-01 12:27:00",1100,0.00500000000000256
"2019-03-01 12:28:00",6701,0.00500000000000256
"2019-03-01 12:29:00",600,0.00999999999999801
"2019-03-01 12:30:00",3665,0.00999999999999801
"2019-03-01 12:31:00",600,-0.00999999999999801
"2019-03-01 12:32:00",4447,-0.00500000000000256
"2019-03-01 12:33:00",5032,-0.00999999999999801
"2019-03-01 12:34:00",8687,-0.0200000000000031
"2019-03-01 12:35:00",700,0.00500000000000256
"2019-03-01 12:36:00",2421,-0.00999999999999801
"2019-03-01 12:37:00",500,-0.0100000000000051
"2019-03-01 12:38:00",4130,-0.00999999999999801
"2019-03-01 12:39:00",400,-0.00999999999999801
"2019-03-01 12:40:00",3100,0.019999999999996
"2019-03-01 12:41:00",1300,0.0100000000000051
"2019-03-01 12:42:00",1080,0
"2019-03-01 12:43:00",2600,0.00999999999999801
"2019-03-01 12:44:00",2755,0.00500000000000256
"2019-03-01 12:45:00",490,-0.00500000000000256
"2019-03-01 12:46:00",2855,0
"2019-03-01 12:47:00",2000,-0.00999999999999801
"2019-03-01 12:48:00",8493,-0.0100000000000051
"2019-03-01 12:49:00",840,0
"2019-03-01 12:50:00",2800,-0.00999999999999801
"2019-03-01 12:51:00",1300,-0.019999999999996
"2019-03-01 12:52:00",2936,0.0150000000000006
"2019-03-01 12:53:00",1378,0.00499999999999545
"2019-03-01 12:54:00",1121,0
"2019-03-01 12:55:00",10458,-0.0300000000000011
"2019-03-01 12:56:00",3736,0
"2019-03-01 12:57:00",2422,0.0100000000000051
"2019-03-01 12:58:00",1879,0
"2019-03-01 12:59:00",4200,-0.0200000000000031
"2019-03-01 13:00:00",2714,0.00999999999999801
"2019-03-01 13:01:00",3790,0.00500000000000256
"2019-03-01 13:02:00",2645,-0.0150000000000006
"2019-03-01 13:03:00",531,0
"2019-03-01 13:04:00",2700,0.0101000000000013
"2019-03-01 13:05:00",2999,0.00489999999999924
"2019-03-01 13:06:00",2054,0
"2019-03-01 13:07:00",1300,0.00999999999999801
"2019-03-01 13:08:00",6154,-0.0206999999999979
"2019-03-01 13:09:00",7001,-0.00430000000000064
"2019-03-01 13:10:00",2048,0
"2019-03-01 13:11:00",803,0.00999999999999801
"2019-03-01 13:12:00",7467,-0.00499999999999545
"2019-03-01 13:13:00",4787,-0.0150000000000006
"2019-03-01 13:14:00",2792,0
"2019-03-01 13:15:00",1305,-0.00500000000000256
"2019-03-01 13:16:00",1125,0.00500000000000256
"2019-03-01 13:17:00",869,-0.00500000000000256
"2019-03-01 13:18:00",7558,0.0350000000000037
"2019-03-01 13:19:00",5863,0.00499999999999545
"2019-03-01 13:20:00",1297,0.000700000000001921
"2019-03-01 13:21:00",5022,0.0242999999999967
"2019-03-01 13:22:00",2200,0.0200000000000031
"2019-03-01 13:23:00",2143,0.00999999999999801
"2019-03-01 13:24:00",27795,0.00140000000000384
"2019-03-01 13:25:00",2700,-0.0213999999999999
"2019-03-01 13:26:00",1276,-0.00489999999999924
"2019-03-01 13:27:00",2959,0.00489999999999924
"2019-03-01 13:28:00",3597,-0.00650000000000261
"2019-03-01 13:29:00",4414,0.00650000000000261
"2019-03-01 13:30:00",2386,0.00999999999999801
"2019-03-01 13:31:00",965,-0.0200000000000031
"2019-03-01 13:32:00",3499,-0.0149999999999935
"2019-03-01 13:33:00",800,-0.00500000000000256
"2019-03-01 13:34:00",1001,0.00500000000000256
"2019-03-01 13:35:00",8874,0.0149999999999935
"2019-03-01 13:36:00",1417,0
"2019-03-01 13:37:00",5247,-0.00999999999999801
"2019-03-01 13:38:00",2497,-0.00499999999999545
"2019-03-01 13:39:00",5091,-0.0200000000000031
"2019-03-01 13:40:00",1300,0
"2019-03-01 13:41:00",1350,-0.00500000000000256
"2019-03-01 13:42:00",1600,0.00500000000000256
"2019-03-01 13:43:00",5505,0.00500000000000256
"2019-03-01 13:44:00",3930,0
"2019-03-01 13:45:00",2700,-0.0200000000000031
"2019-03-01 13:46:00",4048,-0.00500000000000256
"2019-03-01 13:47:00",2526,-0.00649999999999551
"2019-03-01 13:48:00",700,0.00150000000000006
"2019-03-01 13:49:00",1878,0
"2019-03-01 13:50:00",3210,0.0274999999999963
"2019-03-01 13:51:00",2400,0.00450000000000017
"2019-03-01 13:52:00",1511,0.0180000000000007
"2019-03-01 13:53:00",1290,0.0101000000000013
"2019-03-01 13:54:00",2400,0.0099000000000018
"2019-03-01 13:55:00",1575,0
"2019-03-01 13:56:00",6739,-0.0150000000000006
"2019-03-01 13:57:00",1210,-0.00500000000000256
"2019-03-01 13:58:00",1108,0
"2019-03-01 13:59:00",3500,0.0150000000000006
"2019-03-01 14:00:00",6328,-0.0249999999999986
"2019-03-01 14:01:00",1250,0.00999999999999801
"2019-03-01 14:02:00",2930,-0.00999999999999801
"2019-03-01 14:03:00",4022,-0.00900000000000034
"2019-03-01 14:04:00",2500,0.00399999999999778
"2019-03-01 14:05:00",3909,-0.00499999999999545
"2019-03-01 14:06:00",4477,0.00499999999999545
"2019-03-01 14:07:00",4534,-0.00499999999999545
"2019-03-01 14:08:00",2072,0
"2019-03-01 14:09:00",2735,-0.0200000000000031
"2019-03-01 14:10:00",4257,-0.0298999999999978
"2019-03-01 14:11:00",7799,0.0148999999999972
"2019-03-01 14:12:00",4817,-0.0150000000000006
"2019-03-01 14:13:00",1100,0.00250000000000483
"2019-03-01 14:14:00",4509,0.0109999999999957
"2019-03-01 14:15:00",11295,-0.0234999999999985
"2019-03-01 14:16:00",2633,0
"2019-03-01 14:17:00",5808,0.00500000000000256
"2019-03-01 14:18:00",300,0
"2019-03-01 14:19:00",3064,-0.0100000000000051
"2019-03-01 14:20:00",905,0.00500000000000256
"2019-03-01 14:21:00",2140,-0.00500000000000256
"2019-03-01 14:22:00",6356,-0.00499999999999545
"2019-03-01 14:23:00",3487,-0.0100000000000051
"2019-03-01 14:24:00",52467,-0.00999999999999801
"2019-03-01 14:25:00",19946,-0.0300000000000011
"2019-03-01 14:26:00",5036,-0.019999999999996
"2019-03-01 14:27:00",8670,0
"2019-03-01 14:28:00",7543,0.0300000000000011
"2019-03-01 14:29:00",4656,0.0349999999999966
"2019-03-01 14:30:00",7180,-0.0249999999999986
"2019-03-01 14:31:00",3773,0
"2019-03-01 14:32:00",12576,-0.0200000000000031
"2019-03-01 14:33:00",767,0
"2019-03-01 14:34:00",6069,-0.019999999999996
"2019-03-01 14:35:00",30750,0.019999999999996
"2019-03-01 14:36:00",7900,0.0300000000000011
"2019-03-01 14:37:00",8415,0
"2019-03-01 14:38:00",1200,-0.00999999999999801
"2019-03-01 14:39:00",9270,0.00999999999999801
"2019-03-01 14:40:00",1352,0
"2019-03-01 14:41:00",13967,0.0200000000000031
"2019-03-01 14:42:00",10460,0.0349999999999966
"2019-03-01 14:43:00",16668,-0.00999999999999801
"2019-03-01 14:44:00",18717,0.0349999999999966
"2019-03-01 14:45:00",14435,-0.0300000000000011
"2019-03-01 14:46:00",17288,-0.00999999999999801
"2019-03-01 14:47:00",4620,-0.0249999999999986
"2019-03-01 14:48:00",7757,0.0150000000000006
"2019-03-01 14:49:00",5943,0.019999999999996
"2019-03-01 14:50:00",13298,0.0250000000000057
"2019-03-01 14:51:00",6770,0.0150000000000006
"2019-03-01 14:52:00",18286,-0.0200000000000031
"2019-03-01 14:53:00",6518,0.0399999999999991
"2019-03-01 14:54:00",10931,-0.0399999999999991
"2019-03-01 14:55:00",9217,0.0150000000000006
"2019-03-01 14:56:00",12376,0.0450000000000017
"2019-03-01 14:57:00",13135,0.019999999999996
"2019-03-01 14:58:00",14084,0.0399999999999991
"2019-03-01 14:59:00",23948,0.0250000000000057
"2019-03-01 15:02:00",16364,-0.00500000000000256
"2019-03-01 15:15:00",0,0
"2019-03-04 08:30:00",37403,-0.0799999999999983
"2019-03-04 08:31:00",11521,0.00199999999999534
"2019-03-04 08:32:00",3240,-0.0172999999999988
"2019-03-04 08:33:00",4934,0.0217999999999989
"2019-03-04 08:34:00",5800,0.017000000000003
"2019-03-04 08:35:00",17596,0.0165000000000006
"2019-03-04 08:36:00",22807,0.0549999999999997
"2019-03-04 08:37:00",2800,-0.0350000000000037
"2019-03-04 08:38:00",11995,-0.0150000000000006
"2019-03-04 08:39:00",10027,-0.0449999999999946
"2019-03-04 08:40:00",2312,0.019999999999996
"2019-03-04 08:41:00",18924,0.0200000000000031
"2019-03-04 08:42:00",3925,0.00999999999999801
"2019-03-04 08:43:00",4883,-0.019999999999996
"2019-03-04 08:44:00",4704,0.019999999999996
"2019-03-04 08:45:00",4835,-0.00999999999999801
"2019-03-04 08:46:00",2170,0.019999999999996
"2019-03-04 08:47:00",2395,0.0100000000000051
"2019-03-04 08:48:00",200,-0.0100000000000051
"2019-03-04 08:49:00",3100,-0.0399999999999991
"2019-03-04 08:50:00",1500,0
"2019-03-04 08:51:00",1574,-0.0148999999999972
"2019-03-04 08:52:00",3019,-0.0251000000000019
"2019-03-04 08:53:00",3540,-0.00849999999999795
"2019-03-04 08:54:00",4490,0.0285000000000011
"2019-03-04 08:55:00",2600,0.00999999999999801
"2019-03-04 08:56:00",7456,0.0150000000000006
"2019-03-04 08:57:00",587,0.0150000000000006
"2019-03-04 08:58:00",1827,-0.0300000000000011
"2019-03-04 08:59:00",2379,0.00999999999999801
"2019-03-04 09:00:00",1360,0.0100000000000051
"2019-03-04 09:01:00",4750,-0.0100000000000051
"2019-03-04 09:02:00",2572,-0.0300000000000011
"2019-03-04 09:03:00",4549,-0.0129999999999981
"2019-03-04 09:04:00",3307,-0.0169999999999959
"2019-03-04 09:05:00",13876,0
"2019-03-04 09:06:00",1941,-0.0100000000000051
"2019-03-04 09:07:00",8902,-0.019999999999996
"2019-03-04 09:08:00",4039,0.00999999999999801
"2019-03-04 09:09:00",5455,0
"2019-03-04 09:10:00",4894,-0.0350999999999999
"2019-03-04 09:11:00",7041,0.0300999999999974
"2019-03-04 09:12:00",1832,-0.0207999999999942
"2019-03-04 09:13:00",13904,0.0157999999999987
"2019-03-04 09:14:00",7039,0.00999999999999801
"2019-03-04 09:15:00",7989,0.000199999999999534
"2019-03-04 09:16:00",4694,0.0397999999999996
"2019-03-04 09:17:00",9311,-0.00999999999999801
"2019-03-04 09:18:00",8287,-0.00999999999999801
"2019-03-04 09:19:00",3269,0.0150000000000006
"2019-03-04 09:20:00",12362,-0.0250000000000057
"2019-03-04 09:21:00",3469,0
"2019-03-04 09:22:00",9416,0
"2019-03-04 09:23:00",5080,-0.019999999999996
"2019-03-04 09:24:00",1852,0.00999999999999801
"2019-03-04 09:25:00",2100,0.0200000000000031
"2019-03-04 09:26:00",6701,0.0150000000000006
"2019-03-04 09:27:00",21062,-0.0100000000000051
"2019-03-04 09:28:00",4059,0.00500000000000256
"2019-03-04 09:29:00",33265,0.019999999999996
"2019-03-04 09:30:00",2700,-0.00999999999999801
"2019-03-04 09:31:00",8703,-0.00999999999999801
"2019-03-04 09:32:00",10033,-0.00999999999999801
"2019-03-04 09:33:00",5999,0.00999999999999801
"2019-03-04 09:34:00",2400,-0.0200000000000031
"2019-03-04 09:35:00",2477,-0.00589999999999691
"2019-03-04 09:36:00",2170,0.015900000000002
"2019-03-04 09:37:00",1468,-0.00619999999999976
"2019-03-04 09:38:00",1200,0.00619999999999976
"2019-03-04 09:39:00",2095,0.00999999999999801
"2019-03-04 09:40:00",2522,-0.00619999999999976
"2019-03-04 09:41:00",2064,-0.0138000000000034
"2019-03-04 09:42:00",3843,-0.00499999999999545
"2019-03-04 09:43:00",1475,0
"2019-03-04 09:44:00",2462,0.00499999999999545
"2019-03-04 09:45:00",2144,0.00619999999999976
"2019-03-04 09:46:00",1584,-0.00619999999999976
"2019-03-04 09:47:00",2865,-0.00999999999999801
"2019-03-04 09:48:00",3512,0.0300000000000011
"2019-03-04 09:49:00",700,0.019999999999996
"2019-03-04 09:50:00",1300,-0.0399999999999991
"2019-03-04 09:51:00",933,-0.019999999999996
"2019-03-04 09:52:00",13389,-0.0200000000000031
"2019-03-04 09:53:00",1200,0.00500000000000256
"2019-03-04 09:54:00",1450,-0.0249999999999986
"2019-03-04 09:55:00",6421,0.019999999999996
"2019-03-04 09:56:00",3027,-0.019999999999996
"2019-03-04 09:57:00",4402,-0.0100000000000051
"2019-03-04 09:58:00",3244,0.0230999999999995
"2019-03-04 09:59:00",3843,0.00190000000000623
"2019-03-04 10:00:00",988,0.0197000000000003
"2019-03-04 10:01:00",960,-0.0147000000000048
"2019-03-04 10:02:00",3200,0
"2019-03-04 10:03:00",2920,0.0200000000000031
"2019-03-04 10:04:00",2900,-0.0249999999999986
"2019-03-04 10:05:00",4204,-0.0100000000000051
"2019-03-04 10:06:00",3328,0.0150000000000006
"2019-03-04 10:07:00",4508,-0.0300000000000011
"2019-03-04 10:08:00",2400,-0.00999999999999801
"2019-03-04 10:09:00",5449,-0.0499999999999972
"2019-03-04 10:10:00",7318,0.019999999999996
"2019-03-04 10:11:00",2769,0.00500000000000256
"2019-03-04 10:12:00",1400,0.0349999999999966
"2019-03-04 10:13:00",3550,-0.019999999999996
"2019-03-04 10:14:00",2200,0
"2019-03-04 10:15:00",4221,0
"2019-03-04 10:16:00",6614,0.0399999999999991
"2019-03-04 10:17:00",3308,0.00999999999999801
"2019-03-04 10:18:00",2428,0.00480000000000302
"2019-03-04 10:19:00",4200,0.00519999999999499
"2019-03-04 10:20:00",4474,-0.019999999999996
"2019-03-04 10:21:00",3565,-0.0200000000000031
"2019-03-04 10:22:00",15133,-0.019999999999996
"2019-03-04 10:23:00",3923,-0.00999999999999801
"2019-03-04 10:24:00",13249,-0.0100000000000051
"2019-03-04 10:25:00",16604,0.0300000000000011
"2019-03-04 10:26:00",4495,0
"2019-03-04 10:27:00",10058,0
"2019-03-04 10:28:00",6114,0
"2019-03-04 10:29:00",8824,-0.00999999999999801
"2019-03-04 10:30:00",27849,0
"2019-03-04 10:31:00",18355,-0.0200000000000031
"2019-03-04 10:32:00",19283,0.0200000000000031
"2019-03-04 10:33:00",29566,-0.0551999999999992
"2019-03-04 10:34:00",22180,-0.00980000000000558
"2019-03-04 10:35:00",33173,0.0200000000000031
"2019-03-04 10:36:00",12105,0.0200000000000031
"2019-03-04 10:37:00",11945,-0.0250000000000057
"2019-03-04 10:38:00",9547,0
"2019-03-04 10:39:00",2491,0.0100000000000051
"2019-03-04 10:40:00",5216,-0.0250000000000057
"2019-03-04 10:41:00",6749,0.0150000000000006
"2019-03-04 10:42:00",3495,-0.0399999999999991
"2019-03-04 10:43:00",6350,-0.0399999999999991
"2019-03-04 10:44:00",13564,-0.0300000000000011
"2019-03-04 10:45:00",8527,0
"2019-03-04 10:46:00",7683,0.0399999999999991
"2019-03-04 10:47:00",3716,-0.019999999999996
"2019-03-04 10:48:00",10260,0.0399999999999991
"2019-03-04 10:49:00",3559,-0.0300000000000011
"2019-03-04 10:50:00",3450,0.0350000000000037
"2019-03-04 10:51:00",3900,-0.00500000000000256
"2019-03-04 10:52:00",6064,-0.0399999999999991
"2019-03-04 10:53:00",7938,0
"2019-03-04 10:54:00",3504,0
"2019-03-04 10:55:00",8345,-0.0600000000000023
"2019-03-04 10:56:00",7809,-0.00999999999999801
"2019-03-04 10:57:00",5500,0
"2019-03-04 10:58:00",1560,0.0300000000000011
"2019-03-04 10:59:00",1728,0
"2019-03-04 11:00:00",4847,0.00999999999999801
"2019-03-04 11:01:00",5715,0.0401000000000025
"2019-03-04 11:02:00",5400,0.0198999999999998
"2019-03-04 11:03:00",3554,-0.0200000000000031
"2019-03-04 11:04:00",6200,-0.00999999999999801
"2019-03-04 11:05:00",4296,-0.0300000000000011
"2019-03-04 11:06:00",3585,-0.0200000000000031
"2019-03-04 11:07:00",4194,0.0100000000000051
"2019-03-04 11:08:00",2850,0
"2019-03-04 11:09:00",1871,0.00999999999999801
"2019-03-04 11:10:00",2605,0.00240000000000151
"2019-03-04 11:11:00",2950,-0.0224000000000046
"2019-03-04 11:12:00",4366,-0.00999999999999801
"2019-03-04 11:13:00",1780,0.00999999999999801
"2019-03-04 11:14:00",18098,-0.019999999999996
"2019-03-04 11:15:00",1904,0.0300000000000011
"2019-03-04 11:16:00",4052,-0.0700000000000003
"2019-03-04 11:17:00",5060,0
"2019-03-04 11:18:00",8835,0.00499999999999545
"2019-03-04 11:19:00",3653,-0.00499999999999545
"2019-03-04 11:20:00",10180,0.0399999999999991
"2019-03-04 11:21:00",5660,0.00999999999999801
"2019-03-04 11:22:00",4598,0.00999999999999801
"2019-03-04 11:23:00",2491,-0.00999999999999801
"2019-03-04 11:24:00",2526,-0.019999999999996
"2019-03-04 11:25:00",2235,-0.0100000000000051
"2019-03-04 11:26:00",2657,0
"2019-03-04 11:27:00",4460,0.0334000000000003
"2019-03-04 11:28:00",5400,0.026600000000002
"2019-03-04 11:29:00",2184,0.00999999999999801
"2019-03-04 11:30:00",1837,0
"2019-03-04 11:31:00",2700,-0.00999999999999801
"2019-03-04 11:32:00",2286,0.0200000000000031
"2019-03-04 11:33:00",3294,0
"2019-03-04 11:34:00",7170,-0.00520000000000209
"2019-03-04 11:35:00",4850,-0.014800000000001
"2019-03-04 11:36:00",1339,-0.0399999999999991
"2019-03-04 11:37:00",1555,-0.00999999999999801
"2019-03-04 11:38:00",2029,-0.0200000000000031
"2019-03-04 11:39:00",7705,0.0200000000000031
"2019-03-04 11:40:00",2689,-0.0358000000000018
"2019-03-04 11:41:00",2278,0.0257999999999967
"2019-03-04 11:42:00",1200,0.0200000000000031
"2019-03-04 11:43:00",1531,0.0300000000000011
"2019-03-04 11:44:00",4605,-0.0300000000000011
"2019-03-04 11:45:00",2796,-0.0180000000000007
"2019-03-04 11:46:00",1900,0.0129999999999981
"2019-03-04 11:47:00",3260,-0.0549999999999997
"2019-03-04 11:48:00",5317,-0.00999999999999801
"2019-03-04 11:49:00",910,0.0300000000000011
"2019-03-04 11:50:00",2820,0.025500000000001
"2019-03-04 11:51:00",300,-0.015500000000003
"2019-03-04 11:52:00",1000,0.00999999999999801
"2019-03-04 11:53:00",3240,-0.00999999999999801
"2019-03-04 11:54:00",4500,-0.00999999999999801
"2019-03-04 11:55:00",4300,0
"2019-03-04 11:56:00",2990,-0.0200000000000031
"2019-03-04 11:57:00",2100,0.0100000000000051
"2019-03-04 11:58:00",1923,0
"2019-03-04 11:59:00",1854,0.00999999999999801
"2019-03-04 12:00:00",1975,-0.0200000000000031
"2019-03-04 12:01:00",1966,-0.019999999999996
"2019-03-04 12:02:00",3777,0.019999999999996
"2019-03-04 12:03:00",1000,0
"2019-03-04 12:04:00",1600,-0.0399999999999991
"2019-03-04 12:05:00",4019,0.0399999999999991
"2019-03-04 12:06:00",5090,0
"2019-03-04 12:07:00",1125,-0.00999999999999801
"2019-03-04 12:08:00",1184,-0.0200000000000031
"2019-03-04 12:09:00",2000,0.0200000000000031
"2019-03-04 12:10:00",3037,0.0244999999999962
"2019-03-04 12:11:00",1900,-0.0244999999999962
"2019-03-04 12:12:00",16139,0.0142000000000024
"2019-03-04 12:13:00",1000,0.000799999999998136
"2019-03-04 12:14:00",1366,0.0349999999999966
"2019-03-04 12:15:00",2360,0
"2019-03-04 12:16:00",4044,0.0100000000000051
"2019-03-04 12:17:00",1614,-0.0100000000000051
"2019-03-04 12:18:00",6033,0.0100000000000051
"2019-03-04 12:19:00",2926,0
"2019-03-04 12:20:00",9157,0.00999999999999801
"2019-03-04 12:21:00",2711,0.015500000000003
"2019-03-04 12:22:00",2591,-0.015500000000003
"2019-03-04 12:23:00",1100,0
"2019-03-04 12:24:00",2518,0.00999999999999801
"2019-03-04 12:25:00",11300,-0.0300000000000011
"2019-03-04 12:26:00",2400,0.0100000000000051
"2019-03-04 12:27:00",1100,0.0150000000000006
"2019-03-04 12:28:00",4125,0.0399999999999991
"2019-03-04 12:29:00",2123,0.00499999999999545
"2019-03-04 12:30:00",2715,0
"2019-03-04 12:31:00",3825,-0.019999999999996
"2019-03-04 12:32:00",2583,0
"2019-03-04 12:33:00",1670,-0.00850000000000506
"2019-03-04 12:34:00",3524,-0.00150000000000006
"2019-03-04 12:35:00",3875,-0.019999999999996
"2019-03-04 12:36:00",2538,0
"2019-03-04 12:37:00",1600,0.0249999999999986
"2019-03-04 12:38:00",1550,0.00500000000000256
"2019-03-04 12:39:00",4767,-0.0299000000000049
"2019-03-04 12:40:00",900,0.0099000000000018
"2019-03-04 12:41:00",3500,0.0150000000000006
"2019-03-04 12:42:00",1449,-0.00500000000000256
"2019-03-04 12:43:00",21800,0.0300000000000011
"2019-03-04 12:44:00",5700,0.0100000000000051
"2019-03-04 12:45:00",2188,-0.0200000000000031
"2019-03-04 12:46:00",1612,-0.00999999999999801
"2019-03-04 12:47:00",1100,0.00999999999999801
"2019-03-04 12:48:00",3900,0.0200000000000031
"2019-03-04 12:49:00",15279,0.019999999999996
"2019-03-04 12:50:00",2145,0.0150000000000006
"2019-03-04 12:51:00",1832,-0.00500000000000256
"2019-03-04 12:52:00",1533,0.0100000000000051
"2019-03-04 12:53:00",4522,0.019999999999996
"2019-03-04 12:54:00",8445,0.0350000000000037
"2019-03-04 12:55:00",1535,0
"2019-03-04 12:56:00",800,-0.0249999999999986
"2019-03-04 12:57:00",5627,-0.0227000000000004
"2019-03-04 12:58:00",570,-0.00180000000000291
"2019-03-04 12:59:00",3181,0.0245000000000033
"2019-03-04 13:00:00",2343,0.00999999999999801
"2019-03-04 13:01:00",2286,9.99999999962142e-05
"2019-03-04 13:02:00",3000,-0.0100999999999942
"2019-03-04 13:03:00",3508,0.019999999999996
"2019-03-04 13:04:00",13030,0.00500000000000256
"2019-03-04 13:05:00",998,-0.00489999999999924
"2019-03-04 13:06:00",3066,0.0148999999999972
"2019-03-04 13:07:00",1399,-0.00500000000000256
"2019-03-04 13:08:00",5314,0.00500000000000256
"2019-03-04 13:09:00",3001,-0.0150000000000006
"2019-03-04 13:10:00",978,0.000300000000002854
"2019-03-04 13:11:00",2100,-0.000300000000002854
"2019-03-04 13:12:00",2903,0.0200000000000031
"2019-03-04 13:13:00",5366,0.00999999999999801
"2019-03-04 13:14:00",4603,0
"2019-03-04 13:15:00",3600,0
"2019-03-04 13:16:00",700,0.0300000000000011
"2019-03-04 13:17:00",1805,-0.00789999999999935
"2019-03-04 13:18:00",400,-0.0121000000000038
"2019-03-04 13:19:00",2409,0.0150000000000006
"2019-03-04 13:20:00",3262,-0.00399999999999778
"2019-03-04 13:21:00",2464,-0.00600000000000023
"2019-03-04 13:22:00",900,0.0249999999999986
"2019-03-04 13:23:00",1285,0.00480000000000302
"2019-03-04 13:24:00",6631,0.000199999999999534
"2019-03-04 13:25:00",971,0.019999999999996
"2019-03-04 13:26:00",3675,-0.00499999999999545
"2019-03-04 13:27:00",3635,0.0274999999999963
"2019-03-04 13:28:00",6210,-0.00750000000000028
"2019-03-04 13:29:00",2100,-0.0300000000000011
"2019-03-04 13:30:00",4600,-0.019999999999996
"2019-03-04 13:31:00",1400,-0.00500000000000256
"2019-03-04 13:32:00",7455,-0.00999999999999801
"2019-03-04 13:33:00",6225,-0.0249999999999986
"2019-03-04 13:34:00",2457,-0.0185000000000031
"2019-03-04 13:35:00",6220,0.00849999999999795
"2019-03-04 13:36:00",2200,0.00500000000000256
"2019-03-04 13:37:00",5943,0
"2019-03-04 13:38:00",1528,-0.00999999999999801
"2019-03-04 13:39:00",818,0
"2019-03-04 13:40:00",5409,0.0450000000000017
"2019-03-04 13:41:00",3650,-0.0100000000000051
"2019-03-04 13:42:00",500,-0.00499999999999545
"2019-03-04 13:43:00",3071,-0.0100000000000051
"2019-03-04 13:44:00",3047,0.00500000000000256
"2019-03-04 13:45:00",1600,-0.00849999999999795
"2019-03-04 13:46:00",1300,-0.00200000000000244
"2019-03-04 13:47:00",3500,-0.00950000000000273
"2019-03-04 13:48:00",1600,-0.00489999999999924
"2019-03-04 13:49:00",200,-9.99999999962142e-05
"2019-03-04 13:50:00",3842,0.0150000000000006
"2019-03-04 13:51:00",3042,0.0499999999999972
"2019-03-04 13:52:00",2018,-0.0035000000000025
"2019-03-04 13:53:00",7953,-0.0163999999999973
"2019-03-04 13:54:00",1239,-0.00509999999999877
"2019-03-04 13:55:00",681,-0.0116999999999976
"2019-03-04 13:56:00",4445,0.0105999999999966
"2019-03-04 13:57:00",3221,-0.0238999999999976
"2019-03-04 13:58:00",2688,0.0034999999999954
"2019-03-04 13:59:00",2032,-0.018499999999996
"2019-03-04 14:00:00",5100,-0.0249999999999986
"2019-03-04 14:01:00",2401,-0.0300000000000011
"2019-03-04 14:02:00",2800,0.0300000000000011
"2019-03-04 14:03:00",1100,-0.00690000000000168
"2019-03-04 14:04:00",3835,0.011099999999999
"2019-03-04 14:05:00",1000,-0.00419999999999732
"2019-03-04 14:06:00",1200,-0.0100000000000051
"2019-03-04 14:07:00",8718,0.0153000000000034
"2019-03-04 14:08:00",2631,0.0246999999999957
"2019-03-04 14:09:00",7703,-0.019999999999996
"2019-03-04 14:10:00",2400,0.00999999999999801
"2019-03-04 14:11:00",5643,0.00999999999999801
"2019-03-04 14:12:00",1257,0
"2019-03-04 14:13:00",1459,-0.00999999999999801
"2019-03-04 14:14:00",1300,-0.00999999999999801
"2019-03-04 14:15:00",3544,-0.0150000000000006
"2019-03-04 14:16:00",4056,0.00999999999999801
"2019-03-04 14:17:00",708,-0.00499999999999545
"2019-03-04 14:18:00",4610,0.0163999999999973
"2019-03-04 14:19:00",7321,0.0236000000000018
"2019-03-04 14:20:00",5518,0.019999999999996
"2019-03-04 14:21:00",6264,0.007000000000005
"2019-03-04 14:22:00",3827,-0.017000000000003
"2019-03-04 14:23:00",2030,-0.00999999999999801
"2019-03-04 14:24:00",6577,0.0285000000000011
"2019-03-04 14:25:00",3450,0.0289999999999964
"2019-03-04 14:26:00",800,0.0125000000000028
"2019-03-04 14:27:00",2511,0.0182999999999964
"2019-03-04 14:28:00",6707,-0.00829999999999842
"2019-03-04 14:29:00",3008,-0.0200000000000031
"2019-03-04 14:30:00",11219,0.0249000000000024
"2019-03-04 14:31:00",16391,0.00010000000000332
"2019-03-04 14:32:00",8731,0.0149999999999935
"2019-03-04 14:33:00",12108,0.0300000000000011
"2019-03-04 14:34:00",4445,-0.00999999999999801
"2019-03-04 14:35:00",9199,0.0249999999999986
"2019-03-04 14:36:00",4051,0.0127000000000024
"2019-03-04 14:37:00",11679,0.0322999999999993
"2019-03-04 14:38:00",6604,-0.00999999999999801
"2019-03-04 14:39:00",5103,-0.0350000000000037
"2019-03-04 14:40:00",6625,0.0150000000000006
"2019-03-04 14:41:00",4961,-0.0150000000000006
"2019-03-04 14:42:00",12982,-0.00999999999999801
"2019-03-04 14:43:00",4444,0
"2019-03-04 14:44:00",8536,0.0249999999999986
"2019-03-04 14:45:00",6589,-0.019999999999996
"2019-03-04 14:46:00",6096,0.00499999999999545
"2019-03-04 14:47:00",5742,-0.00999999999999801
"2019-03-04 14:48:00",6900,0.00999999999999801
"2019-03-04 14:49:00",6021,-0.0249999999999986
"2019-03-04 14:50:00",3773,0.00999999999999801
"2019-03-04 14:51:00",20270,-0.00999999999999801
"2019-03-04 14:52:00",2200,-0.00999999999999801
"2019-03-04 14:53:00",21712,0.00499999999999545
"2019-03-04 14:54:00",10169,0
"2019-03-04 14:55:00",13025,-0.0132999999999939
"2019-03-04 14:56:00",11549,0.0382999999999996
"2019-03-04 14:57:00",5591,-0.0100000000000051
"2019-03-04 14:58:00",18598,0.0399999999999991
"2019-03-04 14:59:00",45350,0.240000000000002
"2019-03-04 15:02:00",35617,-0.18
"2019-03-04 15:15:00",0,0
"2019-03-05 08:30:00",25417,-0.189999999999998
"2019-03-05 08:31:00",1716,0.0150000000000006
"2019-03-05 08:32:00",1100,-0.00500000000000256
"2019-03-05 08:33:00",5936,0.0399999999999991
"2019-03-05 08:34:00",800,0.0200000000000031
"2019-03-05 08:35:00",11059,0.0168999999999997
"2019-03-05 08:36:00",4753,0.00309999999999633
"2019-03-05 08:37:00",8006,0.0100000000000051
"2019-03-05 08:38:00",19138,0
"2019-03-05 08:39:00",14813,0
"2019-03-05 08:40:00",4904,0.029999999999994
"2019-03-05 08:41:00",4500,-0.0149999999999935
"2019-03-05 08:42:00",5203,0.0349999999999966
"2019-03-05 08:43:00",3300,-0.0499999999999972
"2019-03-05 08:44:00",2700,-0.0100000000000051
"2019-03-05 08:45:00",8864,0.0100000000000051
"2019-03-05 08:46:00",8546,-0.0200000000000031
"2019-03-05 08:47:00",3497,-0.00999999999999801
"2019-03-05 08:48:00",4735,0.00999999999999801
"2019-03-05 08:49:00",4600,0.00999999999999801
"2019-03-05 08:50:00",4556,0.0300000000000011
"2019-03-05 08:51:00",2601,0.00500000000000256
"2019-03-05 08:52:00",2000,-0.0350000000000037
"2019-03-05 08:53:00",11095,-0.0399999999999991
"2019-03-05 08:54:00",3503,0.0300000000000011
"2019-03-05 08:55:00",4153,0.00999999999999801
"2019-03-05 08:56:00",1200,0
"2019-03-05 08:57:00",6069,0
"2019-03-05 08:58:00",550,-0.019999999999996
"2019-03-05 08:59:00",6277,0
"2019-03-05 09:00:00",5213,0
"2019-03-05 09:01:00",700,0.0300000000000011
"2019-03-05 09:02:00",2227,0.00999999999999801
"2019-03-05 09:03:00",2289,-0.0200000000000031
"2019-03-05 09:04:00",5199,-0.0300000000000011
"2019-03-05 09:05:00",6227,0.0200000000000031
"2019-03-05 09:06:00",4500,-0.0300000000000011
"2019-03-05 09:07:00",2260,0.0200000000000031
"2019-03-05 09:08:00",1426,0.00999999999999801
"2019-03-05 09:09:00",1815,-0.00999999999999801
"2019-03-05 09:10:00",2311,0
"2019-03-05 09:11:00",6113,-0.0100000000000051
"2019-03-05 09:12:00",1600,0.0200000000000031
"2019-03-05 09:13:00",4840,-0.0200000000000031
"2019-03-05 09:14:00",1905,0.0300000000000011
"2019-03-05 09:15:00",1640,-0.0259
"2019-03-05 09:16:00",2800,-0.0240999999999971
"2019-03-05 09:17:00",5861,0.00999999999999801
"2019-03-05 09:18:00",1620,0.0200000000000031
"2019-03-05 09:19:00",3435,-0.0249999999999986
"2019-03-05 09:20:00",1976,-0.00500000000000256
"2019-03-05 09:21:00",5576,0.00999999999999801
"2019-03-05 09:22:00",1992,-0.00999999999999801
"2019-03-05 09:23:00",2225,0.00999999999999801
"2019-03-05 09:24:00",1700,0.0399999999999991
"2019-03-05 09:25:00",3655,-0.0349999999999966
"2019-03-05 09:26:00",2646,-0.00999999999999801
"2019-03-05 09:27:00",2290,0.0249999999999986
"2019-03-05 09:28:00",4525,-0.0600000000000023
"2019-03-05 09:29:00",7130,0.0200000000000031
"2019-03-05 09:30:00",27430,0.0249999999999986
"2019-03-05 09:31:00",2700,0.0150000000000006
"2019-03-05 09:32:00",2685,0.019999999999996
"2019-03-05 09:33:00",1000,-0.00999999999999801
"2019-03-05 09:34:00",8281,0.00999999999999801
"2019-03-05 09:35:00",5300,0
"2019-03-05 09:36:00",6400,0
"2019-03-05 09:37:00",3000,0
"2019-03-05 09:38:00",2162,0
"2019-03-05 09:39:00",2400,0
"2019-03-05 09:40:00",1800,0.0100000000000051
"2019-03-05 09:41:00",2360,-0.0200000000000031
"2019-03-05 09:42:00",4301,-0.0300000000000011
"2019-03-05 09:43:00",2100,0.00999999999999801
"2019-03-05 09:44:00",1600,-0.00999999999999801
"2019-03-05 09:45:00",7177,0.0200000000000031
"2019-03-05 09:46:00",2199,-0.0150000000000006
"2019-03-05 09:47:00",900,-0.00500000000000256
"2019-03-05 09:48:00",2300,-0.00849999999999795
"2019-03-05 09:49:00",2599,0.0035000000000025
"2019-03-05 09:50:00",1000,-0.00500000000000256
"2019-03-05 09:51:00",1300,0.019999999999996
"2019-03-05 09:52:00",2415,0.0200000000000031
"2019-03-05 09:53:00",1712,0.00999999999999801
"2019-03-05 09:54:00",2489,0.0100000000000051
"2019-03-05 09:55:00",5978,0.029999999999994
"2019-03-05 09:56:00",3754,-0.00999999999999801
"2019-03-05 09:57:00",1634,0.0200000000000031
"2019-03-05 09:58:00",822,-0.0100000000000051
"2019-03-05 09:59:00",2150,0.0200000000000031
"2019-03-05 10:00:00",4291,0.0200000000000031
"2019-03-05 10:01:00",6768,0.00999999999999801
"2019-03-05 10:02:00",7769,0
"2019-03-05 10:03:00",4915,-0.00999999999999801
"2019-03-05 10:04:00",862,-0.0300000000000011
"2019-03-05 10:05:00",2467,-0.0100000000000051
"2019-03-05 10:06:00",1400,-0.019999999999996
"2019-03-05 10:07:00",5767,0.00999999999999801
"2019-03-05 10:08:00",3800,0
"2019-03-05 10:09:00",9175,0.0450000000000017
"2019-03-05 10:10:00",7456,0.0300000000000011
"2019-03-05 10:11:00",10413,-0.00500000000000256
"2019-03-05 10:12:00",4712,-0.00999999999999801
"2019-03-05 10:13:00",5074,0
"2019-03-05 10:14:00",6375,0.0150000000000006
"2019-03-05 10:15:00",3894,0.00499999999999545
"2019-03-05 10:16:00",6589,-0.00999999999999801
"2019-03-05 10:17:00",3559,0.0063999999999993
"2019-03-05 10:18:00",1951,-0.0131000000000014
"2019-03-05 10:19:00",3230,0.00670000000000215
"2019-03-05 10:20:00",3906,0.00999999999999801
"2019-03-05 10:21:00",1915,0
"2019-03-05 10:22:00",8736,-0.029999999999994
"2019-03-05 10:23:00",11100,-0.00250000000000483
"2019-03-05 10:24:00",16325,-0.00750000000000028
"2019-03-05 10:25:00",2311,0.0300000000000011
"2019-03-05 10:26:00",2163,-0.00999999999999801
"2019-03-05 10:27:00",4667,-0.00359999999999872
"2019-03-05 10:28:00",34273,-0.0164000000000044
"2019-03-05 10:29:00",3526,-0.0249999999999986
"2019-03-05 10:30:00",1840,0
"2019-03-05 10:31:00",3000,0.00500000000000256
"2019-03-05 10:32:00",10010,0
"2019-03-05 10:33:00",12882,0
"2019-03-05 10:34:00",5467,0.019999999999996
"2019-03-05 10:35:00",6243,-0.00499999999999545
"2019-03-05 10:36:00",6785,0
"2019-03-05 10:37:00",2003,-0.0100000000000051
"2019-03-05 10:38:00",1050,-0.00499999999999545
"2019-03-05 10:39:00",1600,0.00499999999999545
"2019-03-05 10:40:00",2318,-0.00110000000000099
"2019-03-05 10:41:00",5980,0.0111000000000061
"2019-03-05 10:42:00",300,0.00499999999999545
"2019-03-05 10:43:00",2444,-0.00999999999999801
"2019-03-05 10:44:00",6379,-0.0150000000000006
"2019-03-05 10:45:00",5361,0.00999999999999801
"2019-03-05 10:46:00",2000,0.00500000000000256
"2019-03-05 10:47:00",400,-0.00999999999999801
"2019-03-05 10:48:00",13109,0.0150000000000006
"2019-03-05 10:49:00",400,-0.00500000000000256
"2019-03-05 10:50:00",5075,-0.0300000000000011
"2019-03-05 10:51:00",1200,0.0200000000000031
"2019-03-05 10:52:00",2539,-0.0399999999999991
"2019-03-05 10:53:00",2700,-0.0200000000000031
"2019-03-05 10:54:00",784,0
"2019-03-05 10:55:00",1350,0.0300000000000011
"2019-03-05 10:56:00",437,0
"2019-03-05 10:57:00",1928,0.00999999999999801
"2019-03-05 10:58:00",1300,0.0200000000000031
"2019-03-05 10:59:00",2700,-0.0300000000000011
"2019-03-05 11:00:00",3004,0.00999999999999801
"2019-03-05 11:01:00",3500,0
"2019-03-05 11:02:00",1400,-0.00609999999999644
"2019-03-05 11:03:00",1968,-0.00890000000000413
"2019-03-05 11:04:00",3500,0.0249999999999986
"2019-03-05 11:05:00",998,0.0100000000000051
"2019-03-05 11:06:00",1920,0
"2019-03-05 11:07:00",2314,0
"2019-03-05 11:08:00",600,-0.00500000000000256
"2019-03-05 11:09:00",900,-0.0150000000000006
"2019-03-05 11:10:00",2300,0.0200000000000031
"2019-03-05 11:11:00",1398,0.0150000000000006
"2019-03-05 11:12:00",1507,-0.0150000000000006
"2019-03-05 11:13:00",1140,0.00499999999999545
"2019-03-05 11:14:00",3600,-0.00499999999999545
"2019-03-05 11:15:00",2079,0
"2019-03-05 11:16:00",5360,0.00999999999999801
"2019-03-05 11:17:00",100,0.00500000000000256
"2019-03-05 11:18:00",3505,-0.00500000000000256
"2019-03-05 11:19:00",2739,0.00300000000000011
"2019-03-05 11:20:00",2801,0.017000000000003
"2019-03-05 11:21:00",14891,0.00459999999999638
"2019-03-05 11:22:00",13368,0.000399999999999068
"2019-03-05 11:23:00",7359,0.00250000000000483
"2019-03-05 11:24:00",7568,0.00569999999999737
"2019-03-05 11:25:00",3100,-0.00319999999999965
"2019-03-05 11:26:00",1200,-0.0138000000000034
"2019-03-05 11:27:00",2092,-0.00619999999999976
"2019-03-05 11:28:00",2800,0
"2019-03-05 11:29:00",4500,0.0100000000000051
"2019-03-05 11:30:00",3733,0.00999999999999801
"2019-03-05 11:31:00",3600,0.0300000000000011
"2019-03-05 11:32:00",1450,-0.0100000000000051
"2019-03-05 11:33:00",500,0
"2019-03-05 11:34:00",1150,0.0153999999999996
"2019-03-05 11:35:00",1770,0.00460000000000349
"2019-03-05 11:36:00",1700,-0.00500000000000256
"2019-03-05 11:37:00",22973,-0.0249999999999986
"2019-03-05 11:38:00",2131,0
"2019-03-05 11:39:00",4695,0
"2019-03-05 11:40:00",5105,0.00999999999999801
"2019-03-05 11:41:00",1400,-0.00289999999999679
"2019-03-05 11:42:00",1949,0.00289999999999679
"2019-03-05 11:43:00",300,-0.00499999999999545
"2019-03-05 11:44:00",5706,0.0150000000000006
"2019-03-05 11:45:00",1364,-0.0200000000000031
"2019-03-05 11:46:00",700,0.00999999999999801
"2019-03-05 11:47:00",600,-0.00989999999999469
"2019-03-05 11:48:00",3700,-0.0101000000000013
"2019-03-05 11:49:00",1000,0
"2019-03-05 11:50:00",3128,-0.00999999999999801
"2019-03-05 11:51:00",4300,0.00999999999999801
"2019-03-05 11:52:00",888,0.00999999999999801
"2019-03-05 11:53:00",1040,0.00999999999999801
"2019-03-05 11:54:00",3200,0.0200000000000031
"2019-03-05 11:55:00",300,0
"2019-03-05 11:56:00",3805,0
"2019-03-05 11:57:00",1050,0.0200000000000031
"2019-03-05 11:58:00",400,0
"2019-03-05 11:59:00",5436,0.0249999999999986
"2019-03-05 12:00:00",3785,0.00499999999999545
"2019-03-05 12:01:00",2500,0
"2019-03-05 12:02:00",2300,-0.00999999999999801
"2019-03-05 12:03:00",3200,0.00489999999999924
"2019-03-05 12:04:00",700,-0.00489999999999924
"2019-03-05 12:05:00",2350,0.00999999999999801
"2019-03-05 12:06:00",3044,0
"2019-03-05 12:07:00",2358,-0.019999999999996
"2019-03-05 12:08:00",3115,0.0150000000000006
"2019-03-05 12:09:00",4510,0.00839999999999463
"2019-03-05 12:10:00",225,0.0035000000000025
"2019-03-05 12:11:00",150,0.00010000000000332
"2019-03-05 12:12:00",2701,0.00300000000000011
"2019-03-05 12:13:00",600,0.00999999999999801
"2019-03-05 12:14:00",3026,0.0150000000000006
"2019-03-05 12:15:00",1676,-0.00500000000000256
"2019-03-05 12:16:00",1800,-0.019999999999996
"2019-03-05 12:17:00",800,-0.0100000000000051
"2019-03-05 12:18:00",1402,-0.019999999999996
"2019-03-05 12:19:00",400,-0.00999999999999801
"2019-03-05 12:20:00",3249,0
"2019-03-05 12:21:00",5860,0.00999999999999801
"2019-03-05 12:22:00",600,-0.00500000000000256
"2019-03-05 12:23:00",2346,0
"2019-03-05 12:24:00",5130,-0.0249999999999986
"2019-03-05 12:25:00",600,-0.00999999999999801
"2019-03-05 12:26:00",1100,0
"2019-03-05 12:27:00",765,-0.00980000000000558
"2019-03-05 12:28:00",4738,0.00480000000000302
"2019-03-05 12:29:00",2396,-0.0200000000000031
"2019-03-05 12:30:00",1300,0.0200000000000031
"2019-03-05 12:31:00",5915,-0.00500000000000256
"2019-03-05 12:32:00",1159,0.00500000000000256
"2019-03-05 12:33:00",714,-0.00500000000000256
"2019-03-05 12:34:00",500,0.0100000000000051
"2019-03-05 12:35:00",1815,0.0249999999999986
"2019-03-05 12:36:00",1900,-0.00500000000000256
"2019-03-05 12:37:00",2769,0.0167000000000002
"2019-03-05 12:38:00",2700,0.013300000000001
"2019-03-05 12:39:00",700,-0.019999999999996
"2019-03-05 12:40:00",5400,-0.00500000000000256
"2019-03-05 12:41:00",1707,0
"2019-03-05 12:42:00",2870,0.00500000000000256
"2019-03-05 12:43:00",2460,-0.0100000000000051
"2019-03-05 12:44:00",500,0.00500000000000256
"2019-03-05 12:45:00",2457,0
"2019-03-05 12:46:00",3723,0.00500000000000256
"2019-03-05 12:47:00",1375,-0.0100000000000051
"2019-03-05 12:48:00",600,0
"2019-03-05 12:49:00",200,-0.00999999999999801
"2019-03-05 12:50:00",2428,0.00630000000000308
"2019-03-05 12:51:00",2160,-0.0163000000000011
"2019-03-05 12:52:00",600,0
"2019-03-05 12:53:00",2187,0.00999999999999801
"2019-03-05 12:54:00",5454,-0.0200000000000031
"2019-03-05 12:55:00",3593,0.0100000000000051
"2019-03-05 12:56:00",500,0
"2019-03-05 12:57:00",6777,-0.0200000000000031
"2019-03-05 12:58:00",2389,0.0281999999999982
"2019-03-05 12:59:00",1500,0.00180000000000291
"2019-03-05 13:00:00",799,0
"2019-03-05 13:01:00",200,0
"2019-03-05 13:02:00",1719,0
"2019-03-05 13:03:00",2446,0.00999999999999801
"2019-03-05 13:04:00",1800,0.0100000000000051
"2019-03-05 13:05:00",2186,0.00999999999999801
"2019-03-05 13:06:00",5731,-0.00670000000000215
"2019-03-05 13:07:00",3395,0.00670000000000215
"2019-03-05 13:08:00",1357,0.00999999999999801
"2019-03-05 13:09:00",260,0.00719999999999743
"2019-03-05 13:10:00",415,-0.00499999999999545
"2019-03-05 13:11:00",5159,0.0328000000000017
"2019-03-05 13:12:00",6534,-0.00500000000000256
"2019-03-05 13:13:00",6531,-0.0300000000000011
"2019-03-05 13:14:00",1940,0.00999999999999801
"2019-03-05 13:15:00",1252,0
"2019-03-05 13:16:00",1451,0
"2019-03-05 13:17:00",1200,0
"2019-03-05 13:18:00",680,-0.00999999999999801
"2019-03-05 13:19:00",1400,0.0150000000000006
"2019-03-05 13:20:00",2994,0.0234000000000023
"2019-03-05 13:21:00",11829,0.0115999999999943
"2019-03-05 13:22:00",200,0
"2019-03-05 13:23:00",4815,-0.00999999999999801
"2019-03-05 13:24:00",3800,-0.0150000000000006
"2019-03-05 13:25:00",5098,0.00500000000000256
"2019-03-05 13:26:00",2700,-0.0200000000000031
"2019-03-05 13:27:00",1801,-0.00999999999999801
"2019-03-05 13:28:00",3824,-0.00500000000000256
"2019-03-05 13:29:00",6248,-0.00999999999999801
"2019-03-05 13:30:00",3881,0
"2019-03-05 13:31:00",6434,0.0151000000000039
"2019-03-05 13:32:00",2745,0.00489999999999924
"2019-03-05 13:33:00",3554,0.00499999999999545
"2019-03-05 13:34:00",15017,0
"2019-03-05 13:35:00",2644,-0.00999999999999801
"2019-03-05 13:36:00",2919,-0.00900000000000034
"2019-03-05 13:37:00",600,0.00399999999999778
"2019-03-05 13:38:00",6760,0.00260000000000105
"2019-03-05 13:39:00",6311,-0.0075999999999965
"2019-03-05 13:40:00",820,0.00999999999999801
"2019-03-05 13:41:00",3409,-0.00999999999999801
"2019-03-05 13:42:00",107,-0.00500000000000256
"2019-03-05 13:43:00",4796,0.0150000000000006
"2019-03-05 13:44:00",2845,-0.00999999999999801
"2019-03-05 13:45:00",1050,0
"2019-03-05 13:46:00",4246,-0.0200000000000031
"2019-03-05 13:47:00",1007,0
"2019-03-05 13:48:00",3127,-0.00329999999999586
"2019-03-05 13:49:00",558,-0.00670000000000215
"2019-03-05 13:50:00",35124,-0.0499999999999972
"2019-03-05 13:51:00",11360,0.0209999999999937
"2019-03-05 13:52:00",4196,0.00400000000000489
"2019-03-05 13:53:00",2523,0.00499999999999545
"2019-03-05 13:54:00",2885,-0.0075999999999965
"2019-03-05 13:55:00",2378,0.00260000000000105
"2019-03-05 13:56:00",2437,-0.0104000000000042
"2019-03-05 13:57:00",1851,0.0254000000000048
"2019-03-05 13:58:00",1370,0.0165999999999968
"2019-03-05 13:59:00",1601,-0.0165999999999968
"2019-03-05 14:00:00",2305,-0.00500000000000256
"2019-03-05 14:01:00",3867,0.00500000000000256
"2019-03-05 14:02:00",3553,0.0349999999999966
"2019-03-05 14:03:00",2250,0.00500000000000256
"2019-03-05 14:04:00",4558,0.000499999999995282
"2019-03-05 14:05:00",3085,-0.0204999999999984
"2019-03-05 14:06:00",6020,-0.00999999999999801
"2019-03-05 14:07:00",4024,-0.0150000000000006
"2019-03-05 14:08:00",6017,0.00500000000000256
"2019-03-05 14:09:00",4112,-0.0150000000000006
"2019-03-05 14:10:00",2400,0.0150000000000006
"2019-03-05 14:11:00",2919,-0.0100000000000051
"2019-03-05 14:12:00",5582,-0.00999999999999801
"2019-03-05 14:13:00",948,-0.00670000000000215
"2019-03-05 14:14:00",899,-0.00329999999999586
"2019-03-05 14:15:00",3239,0
"2019-03-05 14:16:00",2439,0.0274000000000001
"2019-03-05 14:17:00",1907,0.00260000000000105
"2019-03-05 14:18:00",2131,0
"2019-03-05 14:19:00",2392,0.00999999999999801
"2019-03-05 14:20:00",1315,0
"2019-03-05 14:21:00",3805,-0.0200000000000031
"2019-03-05 14:22:00",1935,-0.029999999999994
"2019-03-05 14:23:00",6843,0.029999999999994
"2019-03-05 14:24:00",2500,0.0100000000000051
"2019-03-05 14:25:00",4519,-0.0100000000000051
"2019-03-05 14:26:00",1659,-0.0170999999999992
"2019-03-05 14:27:00",4178,-0.0128999999999948
"2019-03-05 14:28:00",3888,0.0249999999999986
"2019-03-05 14:29:00",800,-0.00500000000000256
"2019-03-05 14:30:00",3073,-0.00150000000000006
"2019-03-05 14:31:00",5950,-0.0035000000000025
"2019-03-05 14:32:00",4206,-0.019999999999996
"2019-03-05 14:33:00",1645,-0.00500000000000256
"2019-03-05 14:34:00",3929,0
"2019-03-05 14:35:00",4735,0.0200000000000031
"2019-03-05 14:36:00",2043,0.0169999999999959
"2019-03-05 14:37:00",900,-0.0069999999999979
"2019-03-05 14:38:00",425,-0.00500000000000256
"2019-03-05 14:39:00",1413,-0.00499999999999545
"2019-03-05 14:40:00",8333,0.00999999999999801
"2019-03-05 14:41:00",2400,0
"2019-03-05 14:42:00",2507,0.013300000000001
"2019-03-05 14:43:00",7328,-0.013300000000001
"2019-03-05 14:44:00",9916,0.00500000000000256
"2019-03-05 14:45:00",8666,0
"2019-03-05 14:46:00",29296,0.0249999999999986
"2019-03-05 14:47:00",20928,0.00500000000000256
"2019-03-05 14:48:00",9973,0.0150000000000006
"2019-03-05 14:49:00",4421,-0.00500000000000256
"2019-03-05 14:50:00",7844,0
"2019-03-05 14:51:00",5181,-0.00999999999999801
"2019-03-05 14:52:00",23074,0.0150000000000006
"2019-03-05 14:53:00",19402,-0.0150000000000006
"2019-03-05 14:54:00",25424,-0.0100000000000051
"2019-03-05 14:55:00",9563,0
"2019-03-05 14:56:00",16026,0.0600000000000023
"2019-03-05 14:57:00",8620,-0.0150000000000006
"2019-03-05 14:58:00",28536,0.0298999999999978
"2019-03-05 14:59:00",21710,0.190100000000001
"2019-03-05 15:01:00",15973,-0.199999999999996
"2019-03-05 15:15:00",0,0
"2019-03-06 08:30:00",45877,-0.0200000000000031
"2019-03-06 08:31:00",21955,0.0949999999999989
"2019-03-06 08:32:00",10834,-0.019999999999996
"2019-03-06 08:33:00",11309,0.00499999999999545
"2019-03-06 08:34:00",3201,-0.0300000000000011
"2019-03-06 08:35:00",6351,0.0100000000000051
"2019-03-06 08:36:00",13314,0.0399999999999991
"2019-03-06 08:37:00",6899,0.00999999999999801
"2019-03-06 08:38:00",5606,-0.00999999999999801
"2019-03-06 08:39:00",2808,-0.0200000000000031
"2019-03-06 08:40:00",7196,-0.0249999999999986
"2019-03-06 08:41:00",5429,-0.0150000000000006
"2019-03-06 08:42:00",5576,-0.0399999999999991
"2019-03-06 08:43:00",2400,0.0350000000000037
"2019-03-06 08:44:00",4786,-0.0650000000000048
"2019-03-06 08:45:00",4600,0
"2019-03-06 08:46:00",6819,-0.0150000000000006
"2019-03-06 08:47:00",4126,-0.0300000000000011
"2019-03-06 08:48:00",2760,0.0250000000000057
"2019-03-06 08:49:00",2600,-0.0200000000000031
"2019-03-06 08:50:00",6377,0.00500000000000256
"2019-03-06 08:51:00",5877,-0.0217999999999989
"2019-03-06 08:52:00",5413,-0.0232000000000028
"2019-03-06 08:53:00",6750,0.0300000000000011
"2019-03-06 08:54:00",2379,0.00999999999999801
"2019-03-06 08:55:00",4206,0.0249999999999986
"2019-03-06 08:56:00",13825,-0.00499999999999545
"2019-03-06 08:57:00",3608,0.019999999999996
"2019-03-06 08:58:00",2300,-0.0150000000000006
"2019-03-06 08:59:00",3275,0.0150000000000006
"2019-03-06 09:00:00",4600,-0.0300000000000011
"2019-03-06 09:01:00",2738,0.0100000000000051
"2019-03-06 09:02:00",2900,-0.0399999999999991
"2019-03-06 09:03:00",4400,0.00999999999999801
"2019-03-06 09:04:00",3573,0.00999999999999801
"2019-03-06 09:05:00",4343,0.0150000000000006
"2019-03-06 09:06:00",2760,0.0200000000000031
"2019-03-06 09:07:00",4748,0.0249999999999986
"2019-03-06 09:08:00",4600,0.0300000000000011
"2019-03-06 09:09:00",3347,0.00999999999999801
"2019-03-06 09:10:00",5750,-0.0200000000000031
"2019-03-06 09:11:00",2779,0.00500000000000256
"2019-03-06 09:12:00",2108,-0.0200000000000031
"2019-03-06 09:13:00",6408,-0.0249999999999986
"2019-03-06 09:14:00",59464,0.0799999999999983
"2019-03-06 09:15:00",8498,0.00940000000000651
"2019-03-06 09:16:00",4640,-0.0244
"2019-03-06 09:17:00",4700,0.0401999999999987
"2019-03-06 09:18:00",3280,-0.0401999999999987
"2019-03-06 09:19:00",8520,-0.0150000000000006
"2019-03-06 09:20:00",5741,0.0150000000000006
"2019-03-06 09:21:00",12467,0.019999999999996
"2019-03-06 09:22:00",7915,0.0150000000000006
"2019-03-06 09:23:00",1808,0.00500000000000256
"2019-03-06 09:24:00",11645,-0.0350000000000037
"2019-03-06 09:25:00",6428,-0.00499999999999545
"2019-03-06 09:26:00",9123,-0.0200000000000031
"2019-03-06 09:27:00",2600,-0.0200000000000031
"2019-03-06 09:28:00",2100,0
"2019-03-06 09:29:00",2117,-0.0549999999999997
"2019-03-06 09:30:00",2296,0.0700000000000003
"2019-03-06 09:31:00",1100,0.00500000000000256
"2019-03-06 09:32:00",9555,-0.0450000000000017
"2019-03-06 09:33:00",3040,-0.0326999999999984
"2019-03-06 09:34:00",4406,-0.0373000000000019
"2019-03-06 09:35:00",13900,0.0200000000000031
"2019-03-06 09:36:00",12602,0.00999999999999801
"2019-03-06 09:37:00",6500,0.0200000000000031
"2019-03-06 09:38:00",2380,-0.00619999999999976
"2019-03-06 09:39:00",9559,0.00619999999999976
"2019-03-06 09:40:00",5267,-0.0350000000000037
"2019-03-06 09:41:00",11500,0.0150000000000006
"2019-03-06 09:42:00",10703,0.00999999999999801
"2019-03-06 09:43:00",6775,-0.00499999999999545
"2019-03-06 09:44:00",13176,0.0206999999999979
"2019-03-06 09:45:00",11894,0.0243000000000038
"2019-03-06 09:46:00",4184,-0.0100000000000051
"2019-03-06 09:47:00",13889,-0.00999999999999801
"2019-03-06 09:48:00",10994,-0.0150000000000006
"2019-03-06 09:49:00",11719,-0.00500000000000256
"2019-03-06 09:50:00",5409,-0.029999999999994
"2019-03-06 09:51:00",2918,0
"2019-03-06 09:52:00",6388,-0.0100000000000051
"2019-03-06 09:53:00",12342,-0.00999999999999801
"2019-03-06 09:54:00",10176,0.00999999999999801
"2019-03-06 09:55:00",9054,0
"2019-03-06 09:56:00",2063,0
"2019-03-06 09:57:00",5550,-0.0300000000000011
"2019-03-06 09:58:00",13001,0.00500000000000256
"2019-03-06 09:59:00",1000,-0.00500000000000256
"2019-03-06 10:00:00",2900,0.0200000000000031
"2019-03-06 10:01:00",2000,0.0200000000000031
"2019-03-06 10:02:00",4247,-0.0100000000000051
"2019-03-06 10:03:00",2000,0.0200000000000031
"2019-03-06 10:04:00",6300,-0.00500000000000256
"2019-03-06 10:05:00",10702,0.0750000000000028
"2019-03-06 10:06:00",4763,-0.0200000000000031
"2019-03-06 10:07:00",3100,0.0549999999999997
"2019-03-06 10:08:00",3210,0.0150000000000006
"2019-03-06 10:09:00",24432,0.0150000000000006
"2019-03-06 10:10:00",6647,-0.0150000000000006
"2019-03-06 10:11:00",2749,-0.019999999999996
"2019-03-06 10:12:00",3119,0.019999999999996
"2019-03-06 10:13:00",1760,-0.0150000000000006
"2019-03-06 10:14:00",14629,0.0150000000000006
"2019-03-06 10:15:00",2985,-0.00499999999999545
"2019-03-06 10:16:00",2545,-0.00500000000000256
"2019-03-06 10:17:00",6358,-0.0200000000000031
"2019-03-06 10:18:00",3309,-0.0144999999999982
"2019-03-06 10:19:00",5196,-0.0154999999999959
"2019-03-06 10:20:00",15167,0
"2019-03-06 10:21:00",3920,-0.0200000000000031
"2019-03-06 10:22:00",3500,0.0249999999999986
"2019-03-06 10:23:00",4800,-0.0135000000000005
"2019-03-06 10:24:00",1560,-0.0165000000000006
"2019-03-06 10:25:00",1197,-0.00769999999999982
"2019-03-06 10:26:00",2500,0.047699999999999
"2019-03-06 10:27:00",2449,0.00500000000000256
"2019-03-06 10:28:00",1849,-0.0176999999999978
"2019-03-06 10:29:00",2205,-0.00229999999999819
"2019-03-06 10:30:00",6647,0.019999999999996
"2019-03-06 10:31:00",1300,0.0249999999999986
"2019-03-06 10:32:00",2356,0.00500000000000256
"2019-03-06 10:33:00",2993,-0.0300000000000011
"2019-03-06 10:34:00",1556,0.00999999999999801
"2019-03-06 10:35:00",4700,-0.00999999999999801
"2019-03-06 10:36:00",8156,0.0300000000000011
"2019-03-06 10:37:00",1250,0
"2019-03-06 10:38:00",5479,-0.00999999999999801
"2019-03-06 10:39:00",2400,-0.0250000000000057
"2019-03-06 10:40:00",1800,0.00500000000000256
"2019-03-06 10:41:00",300,0.00500000000000256
"2019-03-06 10:42:00",6206,0.00499999999999545
"2019-03-06 10:43:00",2697,0.0100000000000051
"2019-03-06 10:44:00",1845,-0.0300000000000011
"2019-03-06 10:45:00",6593,-0.0200000000000031
"2019-03-06 10:46:00",2327,0.00400000000000489
"2019-03-06 10:47:00",200,-0.00400000000000489
"2019-03-06 10:48:00",1400,-0.019999999999996
"2019-03-06 10:49:00",1409,-0.0500000000000043
"2019-03-06 10:50:00",2171,-0.0109999999999957
"2019-03-06 10:51:00",1546,-0.0190000000000055
"2019-03-06 10:52:00",10766,0.00210000000000576
"2019-03-06 10:53:00",2398,-0.014800000000001
"2019-03-06 10:54:00",3017,-0.0123000000000033
"2019-03-06 10:55:00",2025,-0.0150000000000006
"2019-03-06 10:56:00",600,0.0399999999999991
"2019-03-06 10:57:00",1144,0
"2019-03-06 10:58:00",1463,-0.029999999999994
"2019-03-06 10:59:00",899,0.00999999999999801
"2019-03-06 11:00:00",2415,0.0300000000000011
"2019-03-06 11:01:00",3689,0.00999999999999801
"2019-03-06 11:02:00",1272,0.0300000000000011
"2019-03-06 11:03:00",3023,-0.00999999999999801
"2019-03-06 11:04:00",2222,9.99999999962142e-05
"2019-03-06 11:05:00",1706,-0.00690000000000168
"2019-03-06 11:06:00",1600,0.0268000000000015
"2019-03-06 11:07:00",4780,0.0300000000000011
"2019-03-06 11:08:00",1750,0
"2019-03-06 11:09:00",600,0.0150000000000006
"2019-03-06 11:10:00",912,-0.0103000000000009
"2019-03-06 11:11:00",1000,0.0253000000000014
"2019-03-06 11:12:00",2800,-0.00999999999999801
"2019-03-06 11:13:00",600,0.00999999999999801
"2019-03-06 11:14:00",3117,-0.00999999999999801
"2019-03-06 11:15:00",2801,-0.0200000000000031
"2019-03-06 11:16:00",2143,0.00999999999999801
"2019-03-06 11:17:00",800,-0.019999999999996
"2019-03-06 11:18:00",1006,-0.0100000000000051
"2019-03-06 11:19:00",925,-0.019999999999996
"2019-03-06 11:20:00",900,0.019999999999996
"2019-03-06 11:21:00",1588,-0.0148999999999972
"2019-03-06 11:22:00",1420,-0.00509999999999877
"2019-03-06 11:23:00",1712,0.0221000000000018
"2019-03-06 11:24:00",728,-0.0221000000000018
"2019-03-06 11:25:00",1550,0
"2019-03-06 11:26:00",1560,0
"2019-03-06 11:27:00",2000,-0.00500000000000256
"2019-03-06 11:28:00",2326,-0.00289999999999679
"2019-03-06 11:29:00",1589,-0.00710000000000122
"2019-03-06 11:30:00",2838,0.0249999999999986
"2019-03-06 11:31:00",2100,-0.00730000000000075
"2019-03-06 11:32:00",1200,0.0172999999999988
"2019-03-06 11:33:00",2000,-0.019999999999996
"2019-03-06 11:34:00",300,0.0300000000000011
"2019-03-06 11:35:00",1411,0
"2019-03-06 11:36:00",1200,-0.0100000000000051
"2019-03-06 11:37:00",1500,0.0200000000000031
"2019-03-06 11:38:00",300,0.00430000000000064
"2019-03-06 11:39:00",200,-0.0343000000000018
"2019-03-06 11:40:00",400,0
"2019-03-06 11:41:00",800,0.0200000000000031
"2019-03-06 11:42:00",2727,0.00450000000000017
"2019-03-06 11:43:00",1100,-0.0245000000000033
"2019-03-06 11:44:00",655,0.0198999999999998
"2019-03-06 11:45:00",1570,0.00010000000000332
"2019-03-06 11:46:00",425,-0.0100000000000051
"2019-03-06 11:47:00",1044,-0.00389999999999446
"2019-03-06 11:48:00",4160,-0.0361000000000047
"2019-03-06 11:49:00",3347,0.0100000000000051
"2019-03-06 11:50:00",4715,0
"2019-03-06 11:51:00",900,0.0168999999999997
"2019-03-06 11:52:00",1998,-0.00690000000000168
"2019-03-06 11:53:00",7884,-0.0200000000000031
"2019-03-06 11:54:00",1500,0
"2019-03-06 11:55:00",400,0
"2019-03-06 11:56:00",1759,0
"2019-03-06 11:57:00",1428,0.0100000000000051
"2019-03-06 11:58:00",1884,-0.0200000000000031
"2019-03-06 11:59:00",2900,-0.0150000000000006
"2019-03-06 12:00:00",1400,0.00500000000000256
"2019-03-06 12:01:00",900,0
"2019-03-06 12:02:00",980,0
"2019-03-06 12:03:00",2210,0
"2019-03-06 12:04:00",2200,0.00389999999999446
"2019-03-06 12:05:00",2296,-0.00389999999999446
"2019-03-06 12:06:00",1000,0.00499999999999545
"2019-03-06 12:07:00",2003,-0.0249999999999986
"2019-03-06 12:08:00",2014,0
"2019-03-06 12:09:00",3362,0
"2019-03-06 12:10:00",700,0.0200000000000031
"2019-03-06 12:11:00",500,-0.0100000000000051
"2019-03-06 12:12:00",800,-0.0124999999999957
"2019-03-06 12:13:00",700,-0.00750000000000028
"2019-03-06 12:14:00",650,-0.0069999999999979
"2019-03-06 12:15:00",367,-0.00960000000000605
"2019-03-06 12:16:00",925,0.0166000000000039
"2019-03-06 12:17:00",2196,0.0249999999999986
"2019-03-06 12:18:00",2661,0.0339999999999989
"2019-03-06 12:19:00",1203,0.00100000000000477
"2019-03-06 12:20:00",200,0
"2019-03-06 12:21:00",2986,-0.0200000000000031
"2019-03-06 12:22:00",2045,-0.00390000000000157
"2019-03-06 12:23:00",2950,-0.011099999999999
"2019-03-06 12:24:00",2628,0.00500000000000256
"2019-03-06 12:25:00",5156,0.019999999999996
"2019-03-06 12:26:00",4795,0.0249999999999986
"2019-03-06 12:27:00",1800,-0.0134999999999934
"2019-03-06 12:28:00",4910,-0.0115000000000052
"2019-03-06 12:29:00",1543,0.0200000000000031
"2019-03-06 12:30:00",2995,0.0150000000000006
"2019-03-06 12:31:00",1850,-0.00500000000000256
"2019-03-06 12:32:00",1047,-0.00399999999999778
"2019-03-06 12:33:00",2658,0.00399999999999778
"2019-03-06 12:34:00",350,0.00999999999999801
"2019-03-06 12:35:00",900,-0.00999999999999801
"2019-03-06 12:36:00",500,0.00999999999999801
"2019-03-06 12:37:00",500,-0.019999999999996
"2019-03-06 12:38:00",300,0.00999999999999801
"2019-03-06 12:39:00",1000,0.0350000000000037
"2019-03-06 12:40:00",1092,-0.0150000000000006
"2019-03-06 12:41:00",600,-0.0200000000000031
"2019-03-06 12:42:00",665,0.00359999999999872
"2019-03-06 12:43:00",425,0.0114000000000019
"2019-03-06 12:44:00",2109,-0.00500000000000256
"2019-03-06 12:45:00",450,0
"2019-03-06 12:46:00",1347,0.00150000000000006
"2019-03-06 12:47:00",783,0.00190000000000623
"2019-03-06 12:48:00",25188,-0.00340000000000629
"2019-03-06 12:49:00",4100,0.00500000000000256
"2019-03-06 12:50:00",2678,0.00500000000000256
"2019-03-06 12:51:00",3624,-0.0200000000000031
"2019-03-06 12:52:00",200,0
"2019-03-06 12:53:00",1100,0.0152000000000001
"2019-03-06 12:54:00",3445,0.014800000000001
"2019-03-06 12:55:00",1501,0.0349999999999966
"2019-03-06 12:56:00",2602,-0.00489999999999924
"2019-03-06 12:57:00",989,-0.0100999999999942
"2019-03-06 12:58:00",2048,0
"2019-03-06 12:59:00",2015,-0.0200000000000031
"2019-03-06 13:00:00",1070,0.0200000000000031
"2019-03-06 13:01:00",275,0.00499999999999545
"2019-03-06 13:02:00",3100,0.00500000000000256
"2019-03-06 13:03:00",1411,0.019999999999996
"2019-03-06 13:04:00",100,0.0100000000000051
"2019-03-06 13:05:00",3173,-0.0100000000000051
"2019-03-06 13:06:00",1680,-0.00849999999999795
"2019-03-06 13:07:00",2600,-0.0114999999999981
"2019-03-06 13:08:00",3550,0.0153999999999996
"2019-03-06 13:09:00",1250,0.00459999999999638
"2019-03-06 13:10:00",3600,0.0138999999999996
"2019-03-06 13:11:00",510,-0.00389999999999446
"2019-03-06 13:12:00",2459,0.0249999999999986
"2019-03-06 13:14:00",1734,-0.00500000000000256
"2019-03-06 13:15:00",1700,-0.00999999999999801
"2019-03-06 13:16:00",5515,-0.027000000000001
"2019-03-06 13:17:00",3795,0.0069999999999979
"2019-03-06 13:18:00",5474,-0.00709999999999411
"2019-03-06 13:19:00",2870,-0.0228999999999999
"2019-03-06 13:20:00",6180,0.0114999999999981
"2019-03-06 13:21:00",1000,0.00849999999999795
"2019-03-06 13:22:00",4196,-0.0150000000000006
"2019-03-06 13:23:00",2453,0.0300000000000011
"2019-03-06 13:24:00",1300,0.00500000000000256
"2019-03-06 13:25:00",1680,0
"2019-03-06 13:26:00",4184,-0.0150000000000006
"2019-03-06 13:27:00",4429,0.0150000000000006
"2019-03-06 13:28:00",413,-0.0152000000000001
"2019-03-06 13:29:00",759,-0.00110000000000099
"2019-03-06 13:30:00",9927,-0.00870000000000459
"2019-03-06 13:31:00",1846,-0.00999999999999801
"2019-03-06 13:32:00",2400,0.0200000000000031
"2019-03-06 13:33:00",2719,-0.0300000000000011
"2019-03-06 13:34:00",3736,-0.0150000000000006
"2019-03-06 13:35:00",6400,-0.0150000000000006
"2019-03-06 13:36:00",5072,0.0300000000000011
"2019-03-06 13:37:00",1892,0.019999999999996
"2019-03-06 13:38:00",1504,-0.019999999999996
"2019-03-06 13:39:00",1017,-0.0150000000000006
"2019-03-06 13:40:00",1700,-0.0249999999999986
"2019-03-06 13:41:00",2104,-0.0249999999999986
"2019-03-06 13:42:00",1515,0
"2019-03-06 13:43:00",1250,-0.00520000000000209
"2019-03-06 13:44:00",2200,-0.014800000000001
"2019-03-06 13:45:00",2152,0.0200000000000031
"2019-03-06 13:46:00",1097,0
"2019-03-06 13:47:00",9000,0.00999999999999801
"2019-03-06 13:48:00",648,0.00499999999999545
"2019-03-06 13:49:00",1268,-0.0349999999999966
"2019-03-06 13:50:00",2029,0.00999999999999801
"2019-03-06 13:51:00",1955,0.0100000000000051
"2019-03-06 13:52:00",444,-0.0200000000000031
"2019-03-06 13:53:00",1351,0.0300000000000011
"2019-03-06 13:54:00",1560,-0.00999999999999801
"2019-03-06 13:55:00",2600,-0.0100000000000051
"2019-03-06 13:56:00",4582,-0.00999999999999801
"2019-03-06 13:57:00",1169,0.0200000000000031
"2019-03-06 13:58:00",2023,-0.0200000000000031
"2019-03-06 13:59:00",3207,-0.0300000000000011
"2019-03-06 14:00:00",8991,0.0249999999999986
"2019-03-06 14:01:00",2630,-0.0150000000000006
"2019-03-06 14:02:00",2286,0.0150000000000006
"2019-03-06 14:03:00",800,0
"2019-03-06 14:04:00",2417,0.00500000000000256
"2019-03-06 14:05:00",3800,-0.00999999999999801
"2019-03-06 14:06:00",4606,0
"2019-03-06 14:07:00",3027,0
"2019-03-06 14:08:00",2123,0
"2019-03-06 14:09:00",2009,-0.0100000000000051
"2019-03-06 14:10:00",2027,0.00500000000000256
"2019-03-06 14:11:00",4628,0.0150000000000006
"2019-03-06 14:12:00",2589,-0.00999999999999801
"2019-03-06 14:13:00",4328,0.0349999999999966
"2019-03-06 14:14:00",4389,-0.0106999999999999
"2019-03-06 14:15:00",1237,-0.0141999999999953
"2019-03-06 14:16:00",9576,-0.00510000000000588
"2019-03-06 14:17:00",2124,0
"2019-03-06 14:18:00",5375,0
"2019-03-06 14:19:00",2568,0.0349000000000004
"2019-03-06 14:20:00",2316,0.00010000000000332
"2019-03-06 14:21:00",3400,0
"2019-03-06 14:22:00",4918,-0.0200000000000031
"2019-03-06 14:23:00",1557,-0.00999999999999801
"2019-03-06 14:24:00",4449,0.0101000000000013
"2019-03-06 14:25:00",3103,-0.00509999999999877
"2019-03-06 14:26:00",2786,0.019999999999996
"2019-03-06 14:27:00",1613,-0.0105999999999966
"2019-03-06 14:28:00",5077,0.0255999999999972
"2019-03-06 14:29:00",3137,0.0399999999999991
"2019-03-06 14:30:00",7504,0.0150000000000006
"2019-03-06 14:31:00",11999,0.00999999999999801
"2019-03-06 14:32:00",20267,-0.0349999999999966
"2019-03-06 14:33:00",12185,-0.0176999999999978
"2019-03-06 14:34:00",11178,0.0126999999999953
"2019-03-06 14:35:00",6900,0
"2019-03-06 14:36:00",7460,-0.00499999999999545
"2019-03-06 14:37:00",3908,0.00499999999999545
"2019-03-06 14:38:00",6496,-0.0249999999999986
"2019-03-06 14:39:00",13662,0.00500000000000256
"2019-03-06 14:40:00",5033,0.0150000000000006
"2019-03-06 14:41:00",2500,0.019999999999996
"2019-03-06 14:42:00",3954,0
"2019-03-06 14:43:00",3535,0.0130000000000052
"2019-03-06 14:44:00",2464,0.0269999999999939
"2019-03-06 14:45:00",6003,-0.0700000000000003
"2019-03-06 14:46:00",1303,0.0100000000000051
"2019-03-06 14:47:00",1200,-0.00890000000000413
"2019-03-06 14:48:00",3184,0.00890000000000413
"2019-03-06 14:49:00",2015,0.019999999999996
"2019-03-06 14:50:00",4418,0.0450000000000017
"2019-03-06 14:51:00",10699,-0.0249999999999986
"2019-03-06 14:52:00",4767,0.00499999999999545
"2019-03-06 14:53:00",6954,0.00500000000000256
"2019-03-06 14:54:00",16184,-0.0399999999999991
"2019-03-06 14:55:00",6499,0.0600000000000023
"2019-03-06 14:56:00",10877,0.00999999999999801
"2019-03-06 14:57:00",9732,-0.00999999999999801
"2019-03-06 14:58:00",20527,-0.0300000000000011
"2019-03-06 14:59:00",38750,0.240000000000002
"2019-03-06 15:02:00",23663,-0.200000000000003
"2019-03-06 15:15:00",0,0
"2019-03-07 08:30:00",34719,-0.302700000000002
"2019-03-07 08:31:00",6815,0.00270000000000437
"2019-03-07 08:32:00",10700,-0.0400000000000063
"2019-03-07 08:33:00",10204,-0.019999999999996
"2019-03-07 08:34:00",23722,-0.0200000000000031
"2019-03-07 08:35:00",97537,-0.019999999999996
"2019-03-07 08:36:00",24584,0.0300000000000011
"2019-03-07 08:37:00",16495,0
"2019-03-07 08:38:00",19546,-0.0200000000000031
"2019-03-07 08:39:00",9829,-0.0300000000000011
"2019-03-07 08:40:00",10288,0
"2019-03-07 08:41:00",7864,-0.0399999999999991
"2019-03-07 08:42:00",8483,-0.0450000000000017
"2019-03-07 08:43:00",9907,0.0150000000000006
"2019-03-07 08:44:00",5291,0.0200000000000031
"2019-03-07 08:45:00",19691,-0.0799999999999983
"2019-03-07 08:46:00",10940,-0.0200000000000031
"2019-03-07 08:47:00",6500,0.0200000000000031
"2019-03-07 08:48:00",4600,-0.0300000000000011
"2019-03-07 08:49:00",11929,-0.0500000000000043
"2019-03-07 08:50:00",13601,-0.0300000000000011
"2019-03-07 08:51:00",8500,-0.00999999999999801
"2019-03-07 08:52:00",4846,-0.00999999999999801
"2019-03-07 08:53:00",20133,-0.0399999999999991
"2019-03-07 08:54:00",4584,0.00999999999999801
"2019-03-07 08:55:00",3170,0
"2019-03-07 08:56:00",6400,-0.0150000000000006
"2019-03-07 08:57:00",4988,0.00500000000000256
"2019-03-07 08:58:00",2703,0
"2019-03-07 08:59:00",5791,0.0700000000000003
"2019-03-07 09:00:00",5500,-0.000199999999999534
"2019-03-07 09:01:00",27317,-0.0298000000000016
"2019-03-07 09:02:00",4402,-0.0300000000000011
"2019-03-07 09:03:00",5648,0.0399999999999991
"2019-03-07 09:04:00",2945,0
"2019-03-07 09:05:00",26419,0.0399999999999991
"2019-03-07 09:06:00",5428,-0.0300000000000011
"2019-03-07 09:07:00",6762,0.0200000000000031
"2019-03-07 09:08:00",2200,0.00999999999999801
"2019-03-07 09:09:00",1892,0.0100000000000051
"2019-03-07 09:10:00",4277,-0.0200000000000031
"2019-03-07 09:11:00",5229,0
"2019-03-07 09:12:00",20979,-0.0600000000000023
"2019-03-07 09:13:00",4430,0.0100000000000051
"2019-03-07 09:14:00",6006,0.029999999999994
"2019-03-07 09:15:00",1100,0
"2019-03-07 09:16:00",2900,0.0300000000000011
"2019-03-07 09:17:00",3720,-0.0899999999999963
"2019-03-07 09:18:00",6571,-0.0300000000000011
"2019-03-07 09:19:00",3229,0.00999999999999801
"2019-03-07 09:20:00",600,-0.0300000000000011
"2019-03-07 09:21:00",4706,0.0300000000000011
"2019-03-07 09:22:00",3632,0.0300000000000011
"2019-03-07 09:23:00",1200,0.0300000000000011
"2019-03-07 09:24:00",4400,-0.00999999999999801
"2019-03-07 09:25:00",8500,0.00999999999999801
"2019-03-07 09:26:00",4467,0.0600000000000023
"2019-03-07 09:27:00",4700,0.00999999999999801
"2019-03-07 09:28:00",3027,0
"2019-03-07 09:29:00",2150,0.0099000000000018
"2019-03-07 09:30:00",2296,-0.0176000000000016
"2019-03-07 09:31:00",4821,0.0311000000000021
"2019-03-07 09:32:00",2100,0.0165999999999968
"2019-03-07 09:33:00",3340,0.014400000000002
"2019-03-07 09:34:00",5419,0.00560000000000116
"2019-03-07 09:35:00",7786,0
"2019-03-07 09:36:00",3143,-0.0100000000000051
"2019-03-07 09:37:00",2700,-0.00999999999999801
"2019-03-07 09:38:00",3405,-0.0200000000000031
"2019-03-07 09:39:00",3765,0.0200000000000031
"2019-03-07 09:40:00",1901,-0.00999999999999801
"2019-03-07 09:41:00",4067,0.00999999999999801
"2019-03-07 09:42:00",2022,0.00999999999999801
"2019-03-07 09:43:00",17197,-0.0499999999999972
"2019-03-07 09:44:00",6009,0.00999999999999801
"2019-03-07 09:45:00",3000,0.0500000000000043
"2019-03-07 09:46:00",2992,0.019999999999996
"2019-03-07 09:47:00",5300,0.00999999999999801
"2019-03-07 09:48:00",6836,-0.0230999999999995
"2019-03-07 09:49:00",4059,0.0331000000000046
"2019-03-07 09:50:00",5200,-0.0300000000000011
"2019-03-07 09:51:00",4200,0.00999999999999801
"2019-03-07 09:52:00",6602,-0.019999999999996
"2019-03-07 09:53:00",5683,0.019999999999996
"2019-03-07 09:54:00",3816,0.0300000000000011
"2019-03-07 09:55:00",10491,0
"2019-03-07 09:56:00",1008,-0.0450000000000017
"2019-03-07 09:57:00",1680,-0.0124999999999957
"2019-03-07 09:58:00",1999,-0.0355000000000061
"2019-03-07 09:59:00",1100,-0.0268999999999977
"2019-03-07 10:00:00",6285,0.0198999999999998
"2019-03-07 10:01:00",4548,-0.0399999999999991
"2019-03-07 10:02:00",2589,0.00999999999999801
"2019-03-07 10:03:00",4524,0.0399999999999991
"2019-03-07 10:04:00",2020,-0.0599999999999952
"2019-03-07 10:05:00",2257,0.00999999999999801
"2019-03-07 10:06:00",4928,-0.0300000000000011
"2019-03-07 10:07:00",3572,-0.0300000000000011
"2019-03-07 10:08:00",2447,0
"2019-03-07 10:09:00",6008,0.0300000000000011
"2019-03-07 10:10:00",800,0
"2019-03-07 10:11:00",12000,0
"2019-03-07 10:12:00",2600,0.0249999999999986
"2019-03-07 10:13:00",5925,-0.029999999999994
"2019-03-07 10:14:00",5358,0.0449999999999946
"2019-03-07 10:15:00",800,-0.0300000000000011
"2019-03-07 10:16:00",1701,-0.029999999999994
"2019-03-07 10:17:00",3399,0.0315999999999974
"2019-03-07 10:18:00",3300,-0.0416000000000025
"2019-03-07 10:19:00",2200,0.0100000000000051
"2019-03-07 10:20:00",1618,0.0148999999999972
"2019-03-07 10:21:00",7900,-0.0448999999999984
"2019-03-07 10:22:00",1824,0.00999999999999801
"2019-03-07 10:23:00",1100,0.0063999999999993
"2019-03-07 10:24:00",3550,-0.0063999999999993
"2019-03-07 10:25:00",3710,0.00999999999999801
"2019-03-07 10:26:00",11010,0.0200000000000031
"2019-03-07 10:27:00",7405,-0.0198999999999998
"2019-03-07 10:28:00",1200,-0.00010000000000332
"2019-03-07 10:29:00",7404,0.0200000000000031
"2019-03-07 10:30:00",25323,-0.0399999999999991
"2019-03-07 10:31:00",8578,0.0799999999999983
"2019-03-07 10:32:00",6567,0.0200000000000031
"2019-03-07 10:33:00",21980,0.00499999999999545
"2019-03-07 10:34:00",8477,0.0350000000000037
"2019-03-07 10:35:00",5586,-0.0100000000000051
"2019-03-07 10:36:00",1800,0.0200000000000031
"2019-03-07 10:37:00",3701,0.00999999999999801
"2019-03-07 10:38:00",15231,-0.00999999999999801
"2019-03-07 10:39:00",5902,-0.00999999999999801
"2019-03-07 10:40:00",6545,-0.0300000000000011
"2019-03-07 10:41:00",900,-0.00999999999999801
"2019-03-07 10:42:00",600,0.029999999999994
"2019-03-07 10:43:00",1470,0.0100000000000051
"2019-03-07 10:44:00",5050,-0.0150000000000006
"2019-03-07 10:45:00",12750,0.0349999999999966
"2019-03-07 10:46:00",6900,-0.0399999999999991
"2019-03-07 10:47:00",6820,-0.0300000000000011
"2019-03-07 10:48:00",900,0
"2019-03-07 10:49:00",2525,-0.019999999999996
"2019-03-07 10:50:00",2090,-0.0322000000000031
"2019-03-07 10:51:00",2500,-0.0277999999999992
"2019-03-07 10:52:00",2850,0.0499999999999972
"2019-03-07 10:53:00",1163,-0.00999999999999801
"2019-03-07 10:54:00",3624,0.0200000000000031
"2019-03-07 10:55:00",5362,0.00999999999999801
"2019-03-07 10:56:00",1220,0.0150000000000006
"2019-03-07 10:57:00",3000,0.0150000000000006
"2019-03-07 10:58:00",4546,0
"2019-03-07 10:59:00",1900,0.00999999999999801
"2019-03-07 11:00:00",800,-0.00999999999999801
"2019-03-07 11:01:00",4088,-0.0300000000000011
"2019-03-07 11:02:00",3200,0.0249999999999986
"2019-03-07 11:03:00",1962,-0.0279999999999987
"2019-03-07 11:04:00",1400,0.0129999999999981
"2019-03-07 11:05:00",1200,-0.00999999999999801
"2019-03-07 11:06:00",7412,0.0499999999999972
"2019-03-07 11:07:00",985,-0.00999999999999801
"2019-03-07 11:08:00",5795,-0.019999999999996
"2019-03-07 11:09:00",1155,0
"2019-03-07 11:10:00",2999,0.00999999999999801
"2019-03-07 11:11:00",400,0
"2019-03-07 11:12:00",500,-0.0150000000000006
"2019-03-07 11:13:00",1300,-0.00500000000000256
"2019-03-07 11:14:00",1850,0.0200000000000031
"2019-03-07 11:15:00",1470,0
"2019-03-07 11:16:00",5289,0
"2019-03-07 11:17:00",1030,0
"2019-03-07 11:18:00",5261,-0.0150000000000006
"2019-03-07 11:19:00",1205,-0.00500000000000256
"2019-03-07 11:20:00",7976,-0.00999999999999801
"2019-03-07 11:21:00",10505,-0.00999999999999801
"2019-03-07 11:22:00",2405,0.0155999999999992
"2019-03-07 11:23:00",2500,0.00439999999999685
"2019-03-07 11:24:00",5914,0.0232000000000028
"2019-03-07 11:25:00",3471,0.00679999999999836
"2019-03-07 11:26:00",1537,0.0200000000000031
"2019-03-07 11:27:00",6500,0.0150000000000006
"2019-03-07 11:28:00",1244,0.00859999999999417
"2019-03-07 11:29:00",2300,-0.0235999999999947
"2019-03-07 11:30:00",2000,-0.0100000000000051
"2019-03-07 11:31:00",1529,0.0100000000000051
"2019-03-07 11:32:00",10100,-0.0600000000000023
"2019-03-07 11:33:00",7706,0.0499999999999972
"2019-03-07 11:34:00",2300,0.0700000000000003
"2019-03-07 11:35:00",1200,-0.0399999999999991
"2019-03-07 11:36:00",2500,0.0100000000000051
"2019-03-07 11:37:00",400,0.00999999999999801
"2019-03-07 11:38:00",3349,0.0131000000000014
"2019-03-07 11:39:00",2530,-0.0230999999999995
"2019-03-07 11:40:00",600,-0.00500000000000256
"2019-03-07 11:41:00",1100,-0.00500000000000256
"2019-03-07 11:42:00",1807,-0.00309999999999633
"2019-03-07 11:43:00",1200,-0.0168999999999997
"2019-03-07 11:44:00",4100,0
"2019-03-07 11:45:00",2092,0.019999999999996
"2019-03-07 11:46:00",1500,-0.019999999999996
"2019-03-07 11:47:00",6402,-0.0200000000000031
"2019-03-07 11:48:00",3600,-0.019999999999996
"2019-03-07 11:49:00",2765,0.0249999999999986
"2019-03-07 11:50:00",1300,0
"2019-03-07 11:51:00",1400,-0.00500000000000256
"2019-03-07 11:52:00",1530,0.00999999999999801
"2019-03-07 11:53:00",900,0.0200000000000031
"2019-03-07 11:54:00",4787,0.0300000000000011
"2019-03-07 11:55:00",5155,0.00999999999999801
"2019-03-07 11:56:00",1620,0.000199999999999534
"2019-03-07 11:57:00",1300,-0.000199999999999534
"2019-03-07 11:58:00",1220,-0.00999999999999801
"2019-03-07 11:59:00",1300,-0.00999999999999801
"2019-03-07 12:00:00",600,-0.0200000000000031
"2019-03-07 12:01:00",1000,-0.0200000000000031
"2019-03-07 12:02:00",1683,0.0200000000000031
"2019-03-07 12:03:00",1000,0
"2019-03-07 12:04:00",3672,-0.0300000000000011
"2019-03-07 12:05:00",4700,0.00500000000000256
"2019-03-07 12:06:00",2043,-0.0249999999999986
"2019-03-07 12:07:00",1200,-0.0100000000000051
"2019-03-07 12:08:00",2300,0
"2019-03-07 12:09:00",2300,0
"2019-03-07 12:10:00",3239,0.00500000000000256
"2019-03-07 12:11:00",1600,0.019999999999996
"2019-03-07 12:12:00",1198,-0.00499999999999545
"2019-03-07 12:13:00",600,0.0300000000000011
"2019-03-07 12:14:00",1600,0
"2019-03-07 12:15:00",6300,0.0300000000000011
"2019-03-07 12:16:00",1800,-0.0250000000000057
"2019-03-07 12:17:00",3700,-0.00499999999999545
"2019-03-07 12:18:00",7769,-0.0200000000000031
"2019-03-07 12:19:00",9673,-0.00999999999999801
"2019-03-07 12:20:00",6000,-0.00500000000000256
"2019-03-07 12:21:00",1500,-0.0249999999999986
"2019-03-07 12:22:00",8332,0.00999999999999801
"2019-03-07 12:23:00",2317,0.0150000000000006
"2019-03-07 12:24:00",1276,-0.00499999999999545
"2019-03-07 12:25:00",6343,0.0063999999999993
"2019-03-07 12:26:00",3562,0.00359999999999872
"2019-03-07 12:27:00",3300,0
"2019-03-07 12:28:00",1386,0
"2019-03-07 12:29:00",800,0.00999999999999801
"2019-03-07 12:30:00",6122,0.00999999999999801
"2019-03-07 12:31:00",2400,-0.029999999999994
"2019-03-07 12:32:00",4400,-0.0250000000000057
"2019-03-07 12:33:00",13807,-0.00499999999999545
"2019-03-07 12:34:00",7944,-0.0150000000000006
"2019-03-07 12:35:00",2200,0.00499999999999545
"2019-03-07 12:36:00",2634,-0.00300000000000011
"2019-03-07 12:37:00",5700,-0.0119999999999933
"2019-03-07 12:38:00",2400,0
"2019-03-07 12:39:00",1100,0.029999999999994
"2019-03-07 12:40:00",1794,0.00500000000000256
"2019-03-07 12:41:00",4194,-0.00999999999999801
"2019-03-07 12:42:00",800,0.00999999999999801
"2019-03-07 12:43:00",900,-0.00999999999999801
"2019-03-07 12:44:00",2231,0.00999999999999801
"2019-03-07 12:45:00",3750,0
"2019-03-07 12:46:00",2300,0
"2019-03-07 12:47:00",2631,0.00999999999999801
"2019-03-07 12:48:00",1940,-0.00999999999999801
"2019-03-07 12:49:00",6833,0.00500000000000256
"2019-03-07 12:50:00",4708,0.0150000000000006
"2019-03-07 12:51:00",2642,0.00369999999999493
"2019-03-07 12:52:00",7162,-0.0186999999999955
"2019-03-07 12:53:00",4023,-0.00500000000000256
"2019-03-07 12:54:00",12309,-0.00999999999999801
"2019-03-07 12:55:00",3300,0.019999999999996
"2019-03-07 12:56:00",3340,-0.00499999999999545
"2019-03-07 12:57:00",3400,-0.00500000000000256
"2019-03-07 12:58:00",1128,0
"2019-03-07 12:59:00",4535,-0.00999999999999801
"2019-03-07 13:00:00",6600,0.0449999999999946
"2019-03-07 13:01:00",4379,-0.0149999999999935
"2019-03-07 13:02:00",5593,0.00499999999999545
"2019-03-07 13:03:00",4500,0.00500000000000256
"2019-03-07 13:04:00",3391,-0.015500000000003
"2019-03-07 13:05:00",6378,-0.0444999999999993
"2019-03-07 13:06:00",3324,0.00999999999999801
"2019-03-07 13:07:00",3622,0.00500000000000256
"2019-03-07 13:08:00",5670,0.0150000000000006
"2019-03-07 13:09:00",4139,0.00999999999999801
"2019-03-07 13:10:00",2319,0.00500000000000256
"2019-03-07 13:11:00",2721,-0.00500000000000256
"2019-03-07 13:12:00",2720,-0.0150000000000006
"2019-03-07 13:13:00",2371,0.00500000000000256
"2019-03-07 13:14:00",1400,-0.00500000000000256
"2019-03-07 13:15:00",6102,0.00500000000000256
"2019-03-07 13:16:00",1900,0.00999999999999801
"2019-03-07 13:17:00",4206,0.0249999999999986
"2019-03-07 13:18:00",4305,0.00500000000000256
"2019-03-07 13:19:00",5746,0.0129999999999981
"2019-03-07 13:20:00",4431,0.017000000000003
"2019-03-07 13:21:00",1200,-0.00999999999999801
"2019-03-07 13:22:00",15295,-0.0100000000000051
"2019-03-07 13:23:00",6544,-0.00519999999999499
"2019-03-07 13:24:00",9461,-0.0313000000000017
"2019-03-07 13:25:00",3468,-0.00849999999999795
"2019-03-07 13:26:00",1902,-0.00500000000000256
"2019-03-07 13:27:00",2650,0.0249999999999986
"2019-03-07 13:28:00",801,-0.00499999999999545
"2019-03-07 13:29:00",2100,-0.0100000000000051
"2019-03-07 13:30:00",2300,0.00500000000000256
"2019-03-07 13:31:00",5034,-0.0200000000000031
"2019-03-07 13:32:00",900,0.00500000000000256
"2019-03-07 13:33:00",3995,-0.0300000000000011
"2019-03-07 13:34:00",1400,-0.00999999999999801
"2019-03-07 13:35:00",1942,0.019999999999996
"2019-03-07 13:36:00",1600,0
"2019-03-07 13:37:00",1200,0
"2019-03-07 13:38:00",3862,-0.00999999999999801
"2019-03-07 13:39:00",5903,-0.0300000000000011
"2019-03-07 13:40:00",2776,0.0200000000000031
"2019-03-07 13:41:00",8232,-0.0249999999999986
"2019-03-07 13:42:00",5752,-0.000500000000002387
"2019-03-07 13:43:00",5060,0.000500000000002387
"2019-03-07 13:44:00",6726,-0.00500000000000256
"2019-03-07 13:45:00",6138,0.00999999999999801
"2019-03-07 13:46:00",5359,-0.0399999999999991
"2019-03-07 13:47:00",6803,0.00500000000000256
"2019-03-07 13:48:00",5808,-0.00999999999999801
"2019-03-07 13:49:00",3270,0.00499999999999545
"2019-03-07 13:50:00",2000,-0.019999999999996
"2019-03-07 13:51:00",6045,0.00999999999999801
"2019-03-07 13:52:00",16431,-0.0200000000000031
"2019-03-07 13:53:00",3122,0
"2019-03-07 13:54:00",6143,0.0350000000000037
"2019-03-07 13:55:00",4766,-0.0150000000000006
"2019-03-07 13:56:00",1720,0.0399999999999991
"2019-03-07 13:57:00",6832,-0.0150000000000006
"2019-03-07 13:58:00",3347,-0.0150000000000006
"2019-03-07 13:59:00",4025,0.0122
"2019-03-07 14:00:00",4891,-0.00719999999999743
"2019-03-07 14:01:00",5355,-0.0150000000000006
"2019-03-07 14:02:00",5159,-0.00999999999999801
"2019-03-07 14:03:00",900,-0.0100000000000051
"2019-03-07 14:04:00",400,0.0200000000000031
"2019-03-07 14:05:00",1200,0
"2019-03-07 14:06:00",3944,0.00500000000000256
"2019-03-07 14:07:00",5745,0.0249999999999986
"2019-03-07 14:08:00",6445,0.00999999999999801
"2019-03-07 14:09:00",4800,-0.00999999999999801
"2019-03-07 14:10:00",4356,-0.0300000000000011
"2019-03-07 14:11:00",7877,-0.0200000000000031
"2019-03-07 14:12:00",4085,0.0100000000000051
"2019-03-07 14:13:00",2699,-0.0100000000000051
"2019-03-07 14:14:00",18156,-0.0180999999999969
"2019-03-07 14:15:00",2297,0.0180999999999969
"2019-03-07 14:16:00",6946,-0.0150000000000006
"2019-03-07 14:17:00",2112,0.0250000000000057
"2019-03-07 14:18:00",11157,-0.0200000000000031
"2019-03-07 14:19:00",5517,0.0300000000000011
"2019-03-07 14:20:00",9796,-0.0150000000000006
"2019-03-07 14:21:00",2515,0.0200000000000031
"2019-03-07 14:22:00",5166,-0.0250000000000057
"2019-03-07 14:23:00",3075,-0.00999999999999801
"2019-03-07 14:24:00",6061,0.00500000000000256
"2019-03-07 14:25:00",5640,0.0300000000000011
"2019-03-07 14:26:00",2823,-0.00500000000000256
"2019-03-07 14:27:00",7281,-0.0150000000000006
"2019-03-07 14:28:00",1800,0.00500000000000256
"2019-03-07 14:29:00",3450,-0.0300000000000011
"2019-03-07 14:30:00",14931,-0.00500000000000256
"2019-03-07 14:31:00",2094,-0.00169999999999959
"2019-03-07 14:32:00",4313,-0.013300000000001
"2019-03-07 14:33:00",3310,0.0100000000000051
"2019-03-07 14:34:00",7555,-0.0150000000000006
"2019-03-07 14:35:00",13969,0.0349999999999966
"2019-03-07 14:36:00",4242,0
"2019-03-07 14:37:00",4326,0.00999999999999801
"2019-03-07 14:38:00",6987,0
"2019-03-07 14:39:00",21249,0.0150000000000006
"2019-03-07 14:40:00",6243,-0.0148999999999972
"2019-03-07 14:41:00",7287,-0.0200999999999993
"2019-03-07 14:42:00",4815,-0.00849999999999795
"2019-03-07 14:43:00",4230,0.0034999999999954
"2019-03-07 14:44:00",6405,-0.00499999999999545
"2019-03-07 14:45:00",11032,0.0249999999999986
"2019-03-07 14:46:00",8391,-0.0100000000000051
"2019-03-07 14:47:00",8133,-0.00499999999999545
"2019-03-07 14:48:00",4815,0
"2019-03-07 14:49:00",2447,-0.0200000000000031
"2019-03-07 14:50:00",12957,-0.00249999999999773
"2019-03-07 14:51:00",22151,-0.00249999999999773
"2019-03-07 14:52:00",9973,0
"2019-03-07 14:53:00",10636,-0.0100000000000051
"2019-03-07 14:54:00",14705,0.0100000000000051
"2019-03-07 14:55:00",29997,-0.0100000000000051
"2019-03-07 14:56:00",17933,0.0250000000000057
"2019-03-07 14:57:00",17078,-0.00500000000000256
"2019-03-07 14:58:00",27573,-0.0150000000000006
"2019-03-07 14:59:00",27314,0
"2019-03-07 15:02:00",19009,0
"2019-03-07 15:15:00",0,0
"2019-03-08 08:30:00",129516,-1.14
"2019-03-08 08:31:00",13711,0.0499999999999972
"2019-03-08 08:32:00",6619,-0.019999999999996
"2019-03-08 08:33:00",23109,-0.0850000000000009
"2019-03-08 08:34:00",11817,-0.0249999999999986
"2019-03-08 08:35:00",15244,0.00999999999999801
"2019-03-08 08:36:00",46771,-0.0300000000000011
"2019-03-08 08:37:00",23314,0.0300000000000011
"2019-03-08 08:38:00",27245,0.0499999999999972
"2019-03-08 08:39:00",23929,-0.019999999999996
"2019-03-08 08:40:00",20697,-0.0249999999999986
"2019-03-08 08:41:00",56669,0.0150000000000006
"2019-03-08 08:42:00",22928,0.0599999999999952
"2019-03-08 08:43:00",7256,-0.0399999999999991
"2019-03-08 08:44:00",12125,0.00999999999999801
"2019-03-08 08:45:00",6627,0.0650000000000048
"2019-03-08 08:46:00",8139,-0.0600000000000023
"2019-03-08 08:47:00",3891,0.0330000000000013
"2019-03-08 08:48:00",12373,0.00200000000000244
"2019-03-08 08:49:00",6149,0.0150000000000006
"2019-03-08 08:50:00",4177,0.0149999999999935
"2019-03-08 08:51:00",2400,-0.019999999999996
"2019-03-08 08:52:00",12139,-0.0300000000000011
"2019-03-08 08:53:00",24246,-0.00249999999999773
"2019-03-08 08:54:00",98277,0.0424999999999969
"2019-03-08 08:55:00",26210,0.00999999999999801
"2019-03-08 08:56:00",19386,-0.00999999999999801
"2019-03-08 08:57:00",7894,0.0150000000000006
"2019-03-08 08:58:00",9604,0.00500000000000256
"2019-03-08 08:59:00",37273,-0.0200000000000031
"2019-03-08 09:00:00",35235,-0.00999999999999801
"2019-03-08 09:01:00",36588,-0.0300000000000011
"2019-03-08 09:02:00",23001,-0.0200000000000031
"2019-03-08 09:03:00",6572,0.0700000000000003
"2019-03-08 09:04:00",10908,0.0200000000000031
"2019-03-08 09:05:00",6089,-0.0499999999999972
"2019-03-08 09:06:00",17935,-0.0382999999999996
"2019-03-08 09:07:00",85376,0.0282999999999944
"2019-03-08 09:08:00",43929,0.0100000000000051
"2019-03-08 09:09:00",46244,0.0466999999999942
"2019-03-08 09:10:00",10864,0.00330000000000297
"2019-03-08 09:11:00",54935,0
"2019-03-08 09:12:00",26819,0.00999999999999801
"2019-03-08 09:13:00",45241,-0.00999999999999801
"2019-03-08 09:14:00",18410,-0.00249999999999773
"2019-03-08 09:15:00",21422,0.0124999999999957
"2019-03-08 09:16:00",40943,-0.00999999999999801
"2019-03-08 09:17:00",18879,0.0200000000000031
"2019-03-08 09:18:00",12257,-0.0200000000000031
"2019-03-08 09:19:00",4338,0.00999999999999801
"2019-03-08 09:20:00",10124,0.0200000000000031
"2019-03-08 09:21:00",21322,0.0499999999999972
"2019-03-08 09:22:00",10517,0.00500000000000256
"2019-03-08 09:23:00",2633,-0.00500000000000256
"2019-03-08 09:24:00",7902,0.0300000000000011
"2019-03-08 09:25:00",6326,0.0200000000000031
"2019-03-08 09:26:00",7134,0.00999999999999801
"2019-03-08 09:27:00",7226,0.0150000000000006
"2019-03-08 09:28:00",6679,-0.0249999999999986
"2019-03-08 09:29:00",8372,0.0249999999999986
"2019-03-08 09:30:00",4428,0.00499999999999545
"2019-03-08 09:31:00",7622,-0.0293999999999954
"2019-03-08 09:32:00",3338,0.00939999999999941
"2019-03-08 09:33:00",3597,0.00500000000000256
"2019-03-08 09:34:00",8555,-0.0100000000000051
"2019-03-08 09:35:00",15302,0.0249999999999986
"2019-03-08 09:36:00",19835,0.0300000000000011
"2019-03-08 09:37:00",23845,0
"2019-03-08 09:38:00",6500,-0.0300000000000011
"2019-03-08 09:39:00",22681,0
"2019-03-08 09:40:00",17218,-0.00999999999999801
"2019-03-08 09:41:00",31127,0
"2019-03-08 09:42:00",9464,0.00590000000000401
"2019-03-08 09:43:00",18417,0.0390999999999977
"2019-03-08 09:44:00",8094,0.0499999999999972
"2019-03-08 09:45:00",5406,0.00500000000000256
"2019-03-08 09:46:00",6411,0
"2019-03-08 09:47:00",34347,0.0260999999999996
"2019-03-08 09:48:00",117151,0.0189000000000021
"2019-03-08 09:49:00",42979,0.0450000000000017
"2019-03-08 09:50:00",21021,-0.0250000000000057
"2019-03-08 09:51:00",46728,0.00500000000000256
"2019-03-08 09:52:00",93398,-0.0200000000000031
"2019-03-08 09:53:00",14078,-0.0599999999999952
"2019-03-08 09:54:00",16024,-0.0300000000000011
"2019-03-08 09:55:00",10102,0.0300000000000011
"2019-03-08 09:56:00",22024,-0.00500000000000256
"2019-03-08 09:57:00",3608,-0.0249999999999986
"2019-03-08 09:58:00",14163,0
"2019-03-08 09:59:00",9860,-0.0399999999999991
"2019-03-08 10:00:00",18151,0.0300000000000011
"2019-03-08 10:01:00",42310,-0.0150000000000006
"2019-03-08 10:02:00",14896,-0.00500000000000256
"2019-03-08 10:03:00",21613,-0.00500000000000256
"2019-03-08 10:04:00",13383,0.00500000000000256
"2019-03-08 10:05:00",7851,0.00500000000000256
"2019-03-08 10:06:00",6747,0.0349999999999966
"2019-03-08 10:07:00",3168,-0.0249999999999986
"2019-03-08 10:08:00",6033,-0.0350000000000037
"2019-03-08 10:09:00",2775,0.0100000000000051
"2019-03-08 10:10:00",12070,0.00999999999999801
"2019-03-08 10:11:00",10071,0.00999999999999801
"2019-03-08 10:12:00",5042,0.0300000000000011
"2019-03-08 10:13:00",9379,0.0549999999999997
"2019-03-08 10:14:00",8365,-0.0249999999999986
"2019-03-08 10:15:00",2831,-0.0200000000000031
"2019-03-08 10:16:00",8853,-0.019999999999996
"2019-03-08 10:17:00",6749,0.0150000000000006
"2019-03-08 10:18:00",3610,-0.0249999999999986
"2019-03-08 10:19:00",16995,-0.0200000000000031
"2019-03-08 10:20:00",21850,-0.0300000000000011
"2019-03-08 10:21:00",8476,0.00500000000000256
"2019-03-08 10:22:00",24817,0.00499999999999545
"2019-03-08 10:23:00",12177,-0.00129999999999342
"2019-03-08 10:24:00",9965,-0.00870000000000459
"2019-03-08 10:25:00",22788,0.0150000000000006
"2019-03-08 10:26:00",17801,0.00999999999999801
"2019-03-08 10:27:00",15220,0.00500000000000256
"2019-03-08 10:28:00",50892,-0.00999999999999801
"2019-03-08 10:29:00",19942,-0.0200000000000031
"2019-03-08 10:30:00",14168,-0.0249999999999986
"2019-03-08 10:31:00",9573,0.0150000000000006
"2019-03-08 10:32:00",20129,-0.0200000000000031
"2019-03-08 10:33:00",45899,0.0150000000000006
"2019-03-08 10:34:00",23169,-0.0150000000000006
"2019-03-08 10:35:00",8052,-0.0449999999999946
"2019-03-08 10:36:00",5092,0.0249999999999986
"2019-03-08 10:37:00",9940,0.00999999999999801
"2019-03-08 10:38:00",7274,-0.00999999999999801
"2019-03-08 10:39:00",9290,-0.00999999999999801
"2019-03-08 10:40:00",2690,-0.0100000000000051
"2019-03-08 10:41:00",22100,-0.00499999999999545
"2019-03-08 10:42:00",20320,0.019999999999996
"2019-03-08 10:43:00",33989,0
"2019-03-08 10:44:00",10361,0.0102000000000046
"2019-03-08 10:45:00",7166,0.024799999999999
"2019-03-08 10:46:00",1100,0
"2019-03-08 10:47:00",1579,0
"2019-03-08 10:48:00",1530,0
"2019-03-08 10:49:00",3034,0
"2019-03-08 10:50:00",5674,-0.0549999999999997
"2019-03-08 10:51:00",12131,-0.00500000000000256
"2019-03-08 10:52:00",10308,-0.0200000000000031
"2019-03-08 10:53:00",14925,0.0150000000000006
"2019-03-08 10:54:00",9189,0
"2019-03-08 10:55:00",7933,-0.0300000000000011
"2019-03-08 10:56:00",17508,-0.029999999999994
"2019-03-08 10:57:00",13931,-0.00500000000000256
"2019-03-08 10:58:00",4329,0.0150000000000006
"2019-03-08 10:59:00",11675,-0.0549999999999997
"2019-03-08 11:00:00",3500,0.00999999999999801
"2019-03-08 11:01:00",1910,0
"2019-03-08 11:02:00",2400,0.00999999999999801
"2019-03-08 11:03:00",2220,0
"2019-03-08 11:04:00",8650,-0.019999999999996
"2019-03-08 11:05:00",7200,0
"2019-03-08 11:06:00",4582,0.00999999999999801
"2019-03-08 11:07:00",14490,0.0249999999999986
"2019-03-08 11:08:00",3500,0.00500000000000256
"2019-03-08 11:09:00",808,-0.0200000000000031
"2019-03-08 11:10:00",6574,0.0200000000000031
"2019-03-08 11:11:00",2402,0.0101000000000013
"2019-03-08 11:12:00",1187,-0.00010000000000332
"2019-03-08 11:13:00",4767,0.0099000000000018
"2019-03-08 11:14:00",4502,0.00509999999999877
"2019-03-08 11:15:00",2825,0.00999999999999801
"2019-03-08 11:16:00",11436,0.00500000000000256
"2019-03-08 11:17:00",2479,-0.019999999999996
"2019-03-08 11:18:00",1470,0.00509999999999877
"2019-03-08 11:19:00",26268,-0.0251000000000019
"2019-03-08 11:20:00",5907,0.0200000000000031
"2019-03-08 11:21:00",2344,-0.0200000000000031
"2019-03-08 11:22:00",6289,0.0150000000000006
"2019-03-08 11:23:00",1800,0.00999999999999801
"2019-03-08 11:24:00",3715,-0.0450000000000017
"2019-03-08 11:25:00",1805,0.0228999999999999
"2019-03-08 11:26:00",3653,0.0271000000000043
"2019-03-08 11:27:00",8469,0
"2019-03-08 11:28:00",3823,0.019999999999996
"2019-03-08 11:29:00",3193,-0.00999999999999801
"2019-03-08 11:30:00",3919,0
"2019-03-08 11:31:00",7100,0.0150000000000006
"2019-03-08 11:32:00",2539,-0.0349999999999966
"2019-03-08 11:33:00",2629,0
"2019-03-08 11:34:00",9069,0.0149999999999935
"2019-03-08 11:35:00",4078,-0.0149999999999935
"2019-03-08 11:36:00",7009,0.00329999999999586
"2019-03-08 11:37:00",3100,-0.00329999999999586
"2019-03-08 11:38:00",1841,-0.0200000000000031
"2019-03-08 11:39:00",2709,0.00999999999999801
"2019-03-08 11:40:00",3722,-0.00999999999999801
"2019-03-08 11:41:00",8244,0
"2019-03-08 11:42:00",7386,0
"2019-03-08 11:43:00",6878,0.00500000000000256
"2019-03-08 11:44:00",2050,0.00499999999999545
"2019-03-08 11:45:00",3756,0.00500000000000256
"2019-03-08 11:46:00",1382,-0.00999999999999801
"2019-03-08 11:47:00",4600,-0.0200000000000031
"2019-03-08 11:48:00",3866,-0.00939999999999941
"2019-03-08 11:49:00",3119,0.00439999999999685
"2019-03-08 11:50:00",4528,-0.0075999999999965
"2019-03-08 11:51:00",3200,0.0075999999999965
"2019-03-08 11:52:00",800,-0.00999999999999801
"2019-03-08 11:53:00",3280,-0.0165000000000006
"2019-03-08 11:54:00",1898,0.00650000000000261
"2019-03-08 11:55:00",2400,-0.00500000000000256
"2019-03-08 11:56:00",1710,-0.00999999999999801
"2019-03-08 11:57:00",4677,0.0150000000000006
"2019-03-08 11:58:00",5760,0.0137999999999963
"2019-03-08 11:59:00",2027,0.00150000000000006
"2019-03-08 12:00:00",3100,0.00970000000000226
"2019-03-08 12:01:00",945,-0.00489999999999924
"2019-03-08 12:02:00",460,0.00489999999999924
"2019-03-08 12:03:00",425,0.000500000000002387
"2019-03-08 12:04:00",5301,-0.015500000000003
"2019-03-08 12:05:00",3746,0.00999999999999801
"2019-03-08 12:06:00",5931,0.0200000000000031
"2019-03-08 12:07:00",2465,0
"2019-03-08 12:08:00",6442,0
"2019-03-08 12:09:00",3402,0
"2019-03-08 12:10:00",13215,0.00500000000000256
"2019-03-08 12:11:00",4997,0.019999999999996
"2019-03-08 12:12:00",1900,0
"2019-03-08 12:13:00",2697,-0.00139999999999674
"2019-03-08 12:14:00",10037,0.000999999999997669
"2019-03-08 12:15:00",5078,-0.0146000000000015
"2019-03-08 12:16:00",4825,0
"2019-03-08 12:17:00",5866,0
"2019-03-08 12:18:00",4373,-0.00499999999999545
"2019-03-08 12:19:00",7214,0.00499999999999545
"2019-03-08 12:20:00",100,-0.00499999999999545
"2019-03-08 12:21:00",8894,-0.0150000000000006
"2019-03-08 12:22:00",3114,-0.0100000000000051
"2019-03-08 12:23:00",700,-0.00999999999999801
"2019-03-08 12:24:00",12826,0.0200000000000031
"2019-03-08 12:25:00",1703,0
"2019-03-08 12:26:00",4538,-0.00910000000000366
"2019-03-08 12:27:00",1800,-0.000799999999998136
"2019-03-08 12:28:00",6650,0.0198999999999998
"2019-03-08 12:29:00",1058,-0.0150000000000006
"2019-03-08 12:30:00",2400,0
"2019-03-08 12:31:00",3098,-0.0150000000000006
"2019-03-08 12:32:00",6670,-0.00999999999999801
"2019-03-08 12:33:00",5949,-0.00999999999999801
"2019-03-08 12:34:00",499,0.00659999999999883
"2019-03-08 12:35:00",5385,0.000900000000001455
"2019-03-08 12:36:00",5067,-0.0127000000000024
"2019-03-08 12:37:00",6739,0.0313000000000017
"2019-03-08 12:38:00",4044,0.00389999999999446
"2019-03-08 12:39:00",9944,0
"2019-03-08 12:40:00",5400,0.00500000000000256
"2019-03-08 12:41:00",6239,0.0150000000000006
"2019-03-08 12:42:00",6369,0.0200000000000031
"2019-03-08 12:43:00",7341,-0.0100000000000051
"2019-03-08 12:44:00",4400,0.00180000000000291
"2019-03-08 12:45:00",4557,0.00820000000000221
"2019-03-08 12:46:00",8244,-0.0100000000000051
"2019-03-08 12:47:00",9601,0.0100000000000051
"2019-03-08 12:48:00",4798,-0.00250000000000483
"2019-03-08 12:49:00",1600,0.000199999999999534
"2019-03-08 12:50:00",4933,0.0023000000000053
"2019-03-08 12:51:00",2900,0.00499999999999545
"2019-03-08 12:52:00",2154,-0.00999999999999801
"2019-03-08 12:53:00",5486,0.019999999999996
"2019-03-08 12:54:00",2904,0.0150000000000006
"2019-03-08 12:55:00",6107,0
"2019-03-08 12:56:00",2100,0.0100000000000051
"2019-03-08 12:57:00",800,0.00900000000000034
"2019-03-08 12:58:00",3316,-0.00900000000000034
"2019-03-08 12:59:00",7469,0.019999999999996
"2019-03-08 13:00:00",1000,-0.00999999999999801
"2019-03-08 13:01:00",1100,-0.00999999999999801
"2019-03-08 13:02:00",2932,0.00619999999999976
"2019-03-08 13:03:00",1300,-0.0162000000000049
"2019-03-08 13:04:00",4479,0.0118000000000009
"2019-03-08 13:05:00",1439,-0.0118000000000009
"2019-03-08 13:06:00",2922,0.0100000000000051
"2019-03-08 13:07:00",1528,-0.00500000000000256
"2019-03-08 13:08:00",6497,-0.0150000000000006
"2019-03-08 13:09:00",5261,0.00010000000000332
"2019-03-08 13:10:00",3950,-0.00010000000000332
"2019-03-08 13:11:00",4400,0.0200000000000031
"2019-03-08 13:12:00",2500,-0.0100000000000051
"2019-03-08 13:13:00",6900,-0.00849999999999795
"2019-03-08 13:14:00",5655,-0.0114999999999981
"2019-03-08 13:15:00",4064,-0.00390000000000157
"2019-03-08 13:16:00",2928,-0.00390000000000157
"2019-03-08 13:17:00",6225,0.0178000000000011
"2019-03-08 13:18:00",9383,-0.00999999999999801
"2019-03-08 13:19:00",300,-0.00500000000000256
"2019-03-08 13:20:00",7153,0.00619999999999976
"2019-03-08 13:21:00",4871,0.0138000000000034
"2019-03-08 13:22:00",9590,-0.0100000000000051
"2019-03-08 13:23:00",4126,0.0350999999999999
"2019-03-08 13:24:00",3136,0.0099000000000018
"2019-03-08 13:25:00",2900,-0.0150000000000006
"2019-03-08 13:26:00",1613,0.00500000000000256
"2019-03-08 13:27:00",6809,-0.00500000000000256
"2019-03-08 13:28:00",4744,0.00500000000000256
"2019-03-08 13:29:00",1620,0.00500000000000256
"2019-03-08 13:30:00",5445,0.029999999999994
"2019-03-08 13:31:00",5393,0.00500000000000256
"2019-03-08 13:32:00",9124,0.00500000000000256
"2019-03-08 13:33:00",7300,0.0150000000000006
"2019-03-08 13:34:00",672,0
"2019-03-08 13:35:00",2400,0.00499999999999545
"2019-03-08 13:36:00",2898,0
"2019-03-08 13:37:00",3250,0
"2019-03-08 13:38:00",2914,0.0180000000000007
"2019-03-08 13:39:00",4276,-0.00300000000000011
"2019-03-08 13:40:00",5726,0.00500000000000256
"2019-03-08 13:41:00",4877,0.0150000000000006
"2019-03-08 13:42:00",6878,0.0099000000000018
"2019-03-08 13:43:00",8512,9.99999999962142e-05
"2019-03-08 13:44:00",5344,-0.00500000000000256
"2019-03-08 13:45:00",5405,-0.00999999999999801
"2019-03-08 13:46:00",1229,0
"2019-03-08 13:47:00",9204,0
"2019-03-08 13:48:00",31682,-0.00500000000000256
"2019-03-08 13:49:00",1951,-0.00499999999999545
"2019-03-08 13:50:00",10059,0.019999999999996
"2019-03-08 13:51:00",9374,0.0100000000000051
"2019-03-08 13:52:00",12268,-0.00500000000000256
"2019-03-08 13:53:00",23616,0.00500000000000256
"2019-03-08 13:54:00",5465,-0.00500000000000256
"2019-03-08 13:55:00",7100,0.00500000000000256
"2019-03-08 13:56:00",6376,-0.0150000000000006
"2019-03-08 13:57:00",3200,-0.0200000000000031
"2019-03-08 13:58:00",2276,0.0249999999999986
"2019-03-08 13:59:00",2914,-0.019999999999996
"2019-03-08 14:00:00",12040,0.00999999999999801
"2019-03-08 14:01:00",2415,0.0099000000000018
"2019-03-08 14:02:00",4914,9.99999999962142e-05
"2019-03-08 14:03:00",15337,0.00500000000000256
"2019-03-08 14:04:00",20413,0.0150000000000006
"2019-03-08 14:05:00",5169,-0.00500000000000256
"2019-03-08 14:06:00",4129,-0.00499999999999545
"2019-03-08 14:07:00",3150,-0.0150000000000006
"2019-03-08 14:08:00",7384,0.0399999999999991
"2019-03-08 14:09:00",8820,-0.0150000000000006
"2019-03-08 14:10:00",6060,-0.00999999999999801
"2019-03-08 14:11:00",4470,0.00499999999999545
"2019-03-08 14:12:00",3900,-0.019999999999996
"2019-03-08 14:13:00",9310,0.00499999999999545
"2019-03-08 14:14:00",5586,0.00500000000000256
"2019-03-08 14:15:00",6659,0
"2019-03-08 14:16:00",2220,-0.0150000000000006
"2019-03-08 14:17:00",6716,-0.0349999999999966
"2019-03-08 14:18:00",300,0.00999999999999801
"2019-03-08 14:19:00",13776,0
"2019-03-08 14:20:00",5120,-0.00500000000000256
"2019-03-08 14:21:00",5152,-0.00999999999999801
"2019-03-08 14:22:00",3200,0.00999999999999801
"2019-03-08 14:23:00",12743,0.00500000000000256
"2019-03-08 14:24:00",7493,0
"2019-03-08 14:25:00",5475,0.019999999999996
"2019-03-08 14:26:00",34024,0.0300000000000011
"2019-03-08 14:27:00",12498,-0.00499999999999545
"2019-03-08 14:28:00",23990,0.00999999999999801
"2019-03-08 14:29:00",23596,-0.0150000000000006
"2019-03-08 14:30:00",16365,0.00999999999999801
"2019-03-08 14:31:00",52289,0.0150000000000006
"2019-03-08 14:32:00",31718,0.0100000000000051
"2019-03-08 14:33:00",16390,-0.0100000000000051
"2019-03-08 14:34:00",8673,0.00500000000000256
"2019-03-08 14:35:00",37332,-0.00999999999999801
"2019-03-08 14:36:00",23162,0.00999999999999801
"2019-03-08 14:37:00",19124,0
"2019-03-08 14:38:00",12960,0.019999999999996
"2019-03-08 14:39:00",13387,-0.00499999999999545
"2019-03-08 14:40:00",4600,0.00999999999999801
"2019-03-08 14:41:00",8544,0.00500000000000256
"2019-03-08 14:42:00",15728,0.00499999999999545
"2019-03-08 14:43:00",25418,0.0549999999999997
"2019-03-08 14:44:00",68062,0.0100000000000051
"2019-03-08 14:45:00",24001,-0.0250000000000057
"2019-03-08 14:46:00",14903,-0.0249999999999986
"2019-03-08 14:47:00",10683,-0.00499999999999545
"2019-03-08 14:48:00",16337,-0.0149000000000044
"2019-03-08 14:49:00",1884,-9.99999999962142e-05
"2019-03-08 14:50:00",15493,0.0150000000000006
"2019-03-08 14:51:00",6981,0.00499999999999545
"2019-03-08 14:52:00",14238,0.0249999999999986
"2019-03-08 14:53:00",12436,-0.019999999999996
"2019-03-08 14:54:00",14209,-0.00999999999999801
"2019-03-08 14:55:00",22959,0.00499999999999545
"2019-03-08 14:56:00",30113,0.0249999999999986
"2019-03-08 14:57:00",24556,-0.00499999999999545
"2019-03-08 14:58:00",18700,-0.0150000000000006
"2019-03-08 14:59:00",54589,0.0549999999999997
"2019-03-08 15:02:00",22802,-0.0200000000000031
"2019-03-08 15:15:00",0,0
"2019-03-11 08:30:00",49687,0.120000000000005
"2019-03-11 08:31:00",4417,0
"2019-03-11 08:32:00",14830,0.00999999999999801
"2019-03-11 08:33:00",24705,0.0249999999999986
"2019-03-11 08:34:00",7755,0.0249999999999986
"2019-03-11 08:35:00",18380,0.0900000000000034
"2019-03-11 08:36:00",24834,0.0150000000000006
"2019-03-11 08:37:00",14364,-0.0549999999999997
"2019-03-11 08:38:00",12908,0.0300000000000011
"2019-03-11 08:39:00",7500,0.0300000000000011
"2019-03-11 08:40:00",16166,0.0349999999999966
"2019-03-11 08:41:00",3674,-0.0249999999999986
"2019-03-11 08:42:00",8530,0
"2019-03-11 08:43:00",6073,0.00999999999999801
"2019-03-11 08:44:00",2956,-0.019999999999996
"2019-03-11 08:45:00",4619,-0.0323000000000064
"2019-03-11 08:46:00",6781,0.0223000000000013
"2019-03-11 08:47:00",3186,-0.0150000000000006
"2019-03-11 08:48:00",2811,-0.0249999999999986
"2019-03-11 08:49:00",1471,-0.019999999999996
"2019-03-11 08:50:00",3659,0.0399999999999991
"2019-03-11 08:51:00",1690,0.00999999999999801
"2019-03-11 08:52:00",2868,0.0200000000000031
"2019-03-11 08:53:00",1672,0.00999999999999801
"2019-03-11 08:54:00",2839,0.0150000000000006
"2019-03-11 08:55:00",4280,-0.0249999999999986
"2019-03-11 08:56:00",800,-0.0100000000000051
"2019-03-11 08:57:00",6907,0
"2019-03-11 08:58:00",6100,0.0200000000000031
"2019-03-11 08:59:00",2513,-0.00500000000000256
"2019-03-11 09:00:00",5200,0.0106000000000037
"2019-03-11 09:01:00",4919,0.034399999999998
"2019-03-11 09:02:00",1800,-0.0112999999999985
"2019-03-11 09:03:00",2401,0.0212999999999965
"2019-03-11 09:04:00",2835,0.00999999999999801
"2019-03-11 09:05:00",4940,-0.019999999999996
"2019-03-11 09:06:00",2800,0
"2019-03-11 09:07:00",5680,0
"2019-03-11 09:08:00",2098,-0.00999999999999801
"2019-03-11 09:09:00",4598,0.019999999999996
"2019-03-11 09:10:00",3529,-0.00999999999999801
"2019-03-11 09:11:00",5709,-0.00600000000000023
"2019-03-11 09:12:00",4650,-0.0339999999999989
"2019-03-11 09:13:00",7263,0.0399999999999991
"2019-03-11 09:14:00",2042,0
"2019-03-11 09:15:00",4248,-0.0260000000000034
"2019-03-11 09:16:00",999,0.0260000000000034
"2019-03-11 09:17:00",4384,-0.0350000000000037
"2019-03-11 09:18:00",6307,0.0350000000000037
"2019-03-11 09:19:00",1625,0.00999999999999801
"2019-03-11 09:20:00",5511,-0.0300000000000011
"2019-03-11 09:21:00",400,0
"2019-03-11 09:22:00",900,0.0166000000000039
"2019-03-11 09:23:00",2400,-0.0166000000000039
"2019-03-11 09:24:00",407,0
"2019-03-11 09:25:00",400,-0.00999999999999801
"2019-03-11 09:26:00",2168,-0.0063999999999993
"2019-03-11 09:27:00",2852,0.0163999999999973
"2019-03-11 09:28:00",200,-0.00999999999999801
"2019-03-11 09:29:00",401,0.00999999999999801
"2019-03-11 09:30:00",1139,-0.0200999999999993
"2019-03-11 09:31:00",100,-0.0260999999999996
"2019-03-11 09:32:00",4056,0.0262000000000029
"2019-03-11 09:33:00",1736,0.019999999999996
"2019-03-11 09:34:00",3900,-0.00999999999999801
"2019-03-11 09:35:00",1775,-0.00999999999999801
"2019-03-11 09:36:00",3878,-0.0200000000000031
"2019-03-11 09:37:00",4634,-0.019999999999996
"2019-03-11 09:38:00",634,0
"2019-03-11 09:39:00",1151,0.00989999999999469
"2019-03-11 09:40:00",1100,0.0101000000000013
"2019-03-11 09:41:00",2500,-0.0150000000000006
"2019-03-11 09:42:00",1252,-0.00499999999999545
"2019-03-11 09:43:00",3128,0.0163999999999973
"2019-03-11 09:44:00",1691,-0.00139999999999674
"2019-03-11 09:45:00",500,0
"2019-03-11 09:46:00",25978,0.0349999999999966
"2019-03-11 09:47:00",14163,0
"2019-03-11 09:48:00",1400,0.0200000000000031
"2019-03-11 09:49:00",4221,-0.0200000000000031
"2019-03-11 09:50:00",21389,0
"2019-03-11 09:51:00",4800,-0.00500000000000256
"2019-03-11 09:52:00",8425,-0.00499999999999545
"2019-03-11 09:53:00",25463,0.0249999999999986
"2019-03-11 09:54:00",14791,0.00500000000000256
"2019-03-11 09:55:00",31084,0
"2019-03-11 09:56:00",20094,0
"2019-03-11 09:57:00",14462,0
"2019-03-11 09:58:00",23894,0
"2019-03-11 09:59:00",15516,0.00999999999999801
"2019-03-11 10:00:00",25337,-0.00999999999999801
"2019-03-11 10:01:00",11359,0.00999999999999801
"2019-03-11 10:02:00",4835,-0.00999999999999801
"2019-03-11 10:03:00",4306,0.019999999999996
"2019-03-11 10:04:00",2146,0
"2019-03-11 10:05:00",9449,0
"2019-03-11 10:06:00",2700,0
"2019-03-11 10:07:00",3045,0
"2019-03-11 10:08:00",4012,0.00359999999999872
"2019-03-11 10:09:00",3579,-0.0135999999999967
"2019-03-11 10:10:00",1998,0
"2019-03-11 10:11:00",3086,0.0120000000000005
"2019-03-11 10:12:00",6797,0.00799999999999557
"2019-03-11 10:13:00",3689,-0.00999999999999801
"2019-03-11 10:14:00",18394,-0.00999999999999801
"2019-03-11 10:15:00",4700,0.0300000000000011
"2019-03-11 10:16:00",9389,-0.0100000000000051
"2019-03-11 10:17:00",15584,0.0250000000000057
"2019-03-11 10:18:00",25844,-0.0100000000000051
"2019-03-11 10:19:00",17927,-0.00499999999999545
"2019-03-11 10:20:00",2695,-0.0299000000000049
"2019-03-11 10:21:00",9960,0.0099000000000018
"2019-03-11 10:22:00",4806,0.00500000000000256
"2019-03-11 10:23:00",1339,-0.00500000000000256
"2019-03-11 10:24:00",2423,0.00999999999999801
"2019-03-11 10:25:00",3057,0.0100000000000051
"2019-03-11 10:26:00",1294,-0.0100000000000051
"2019-03-11 10:27:00",2746,0.0150000000000006
"2019-03-11 10:28:00",6156,0.00500000000000256
"2019-03-11 10:29:00",4347,0.0200000000000031
"2019-03-11 10:30:00",7558,-0.0100000000000051
"2019-03-11 10:31:00",4497,-0.019999999999996
"2019-03-11 10:32:00",3036,0.00999999999999801
"2019-03-11 10:33:00",4077,0.0249999999999986
"2019-03-11 10:34:00",15196,-0.0150000000000006
"2019-03-11 10:35:00",2751,-0.00999999999999801
"2019-03-11 10:36:00",2944,0.00999999999999801
"2019-03-11 10:37:00",7878,0.0350000000000037
"2019-03-11 10:38:00",4584,0
"2019-03-11 10:39:00",7313,-0.0249999999999986
"2019-03-11 10:40:00",4442,-0.00010000000000332
"2019-03-11 10:41:00",3807,-0.0099000000000018
"2019-03-11 10:42:00",4540,0.0100000000000051
"2019-03-11 10:43:00",7309,0.00999999999999801
"2019-03-11 10:44:00",713,-0.00849999999999795
"2019-03-11 10:45:00",3358,-0.00150000000000006
"2019-03-11 10:46:00",1738,-0.0200000000000031
"2019-03-11 10:47:00",959,0
"2019-03-11 10:48:00",2305,-0.00999999999999801
"2019-03-11 10:49:00",1946,0.00999999999999801
"2019-03-11 10:50:00",3603,0.0249999999999986
"2019-03-11 10:51:00",4752,-0.00999999999999801
"2019-03-11 10:52:00",4043,-0.00500000000000256
"2019-03-11 10:53:00",7337,0.0399999999999991
"2019-03-11 10:54:00",10881,-0.00999999999999801
"2019-03-11 10:55:00",4123,0.00999999999999801
"2019-03-11 10:56:00",11400,0.0167000000000002
"2019-03-11 10:57:00",8183,-0.0266999999999982
"2019-03-11 10:58:00",14154,0.0300000000000011
"2019-03-11 10:59:00",3536,0.00500000000000256
"2019-03-11 11:00:00",3042,-0.0150000000000006
"2019-03-11 11:01:00",5006,0
"2019-03-11 11:02:00",13425,0
"2019-03-11 11:03:00",7805,-0.0150000000000006
"2019-03-11 11:04:00",2176,0.0300000000000011
"2019-03-11 11:05:00",5559,0.0150000000000006
"2019-03-11 11:06:00",8494,-0.00670000000000215
"2019-03-11 11:07:00",8149,-0.00330000000000297
"2019-03-11 11:08:00",16290,-0.00999999999999801
"2019-03-11 11:09:00",4372,-0.00500000000000256
"2019-03-11 11:10:00",3205,0.00750000000000028
"2019-03-11 11:11:00",1350,-0.0100999999999942
"2019-03-11 11:12:00",1801,0.0075999999999965
"2019-03-11 11:13:00",3140,-0.00999999999999801
"2019-03-11 11:14:00",4700,-0.0100000000000051
"2019-03-11 11:15:00",2884,0
"2019-03-11 11:16:00",27229,0
"2019-03-11 11:17:00",17456,0
"2019-03-11 11:18:00",5520,0.00500000000000256
"2019-03-11 11:19:00",1916,0.00500000000000256
"2019-03-11 11:20:00",1629,0.00999999999999801
"2019-03-11 11:21:00",2303,-0.00999999999999801
"2019-03-11 11:22:00",4281,0
"2019-03-11 11:23:00",3511,0
"2019-03-11 11:24:00",7489,0
"2019-03-11 11:25:00",1228,0.00359999999999872
"2019-03-11 11:26:00",1600,0.0063999999999993
"2019-03-11 11:27:00",1192,-0.0099000000000018
"2019-03-11 11:28:00",5836,-0.0101000000000013
"2019-03-11 11:29:00",20123,0
"2019-03-11 11:30:00",8274,0
"2019-03-11 11:31:00",1554,0.0250000000000057
"2019-03-11 11:32:00",2211,-0.00500000000000256
"2019-03-11 11:33:00",4507,-0.0249999999999986
"2019-03-11 11:34:00",7984,0.0349999999999966
"2019-03-11 11:35:00",300,0.0100000000000051
"2019-03-11 11:36:00",2993,0.0141999999999953
"2019-03-11 11:37:00",1345,-0.0191999999999979
"2019-03-11 11:38:00",2923,0
"2019-03-11 11:39:00",300,-0.0150000000000006
"2019-03-11 11:40:00",2003,0
"2019-03-11 11:41:00",1500,0
"2019-03-11 11:42:00",1400,-0.00999999999999801
"2019-03-11 11:43:00",5074,0
"2019-03-11 11:44:00",1625,0.0249999999999986
"2019-03-11 11:45:00",1914,-0.0189999999999984
"2019-03-11 11:46:00",250,0.0101999999999975
"2019-03-11 11:47:00",205,-0.00619999999999976
"2019-03-11 11:48:00",6775,-0.0200000000000031
"2019-03-11 11:49:00",13151,0.00690000000000168
"2019-03-11 11:50:00",5693,-0.0167999999999964
"2019-03-11 11:51:00",4252,0.00989999999999469
"2019-03-11 11:52:00",7423,0.0150000000000006
"2019-03-11 11:53:00",2795,-0.00499999999999545
"2019-03-11 11:54:00",1934,0.00499999999999545
"2019-03-11 11:55:00",300,0
"2019-03-11 11:56:00",500,0.0300000000000011
"2019-03-11 11:57:00",8754,-0.0111999999999952
"2019-03-11 11:58:00",244,-0.00380000000000535
"2019-03-11 11:59:00",1205,-0.00499999999999545
"2019-03-11 12:00:00",8892,0.0109999999999957
"2019-03-11 12:01:00",1200,0.00900000000000034
"2019-03-11 12:02:00",1400,-0.00499999999999545
"2019-03-11 12:03:00",4355,0.00999999999999801
"2019-03-11 12:04:00",4372,0
"2019-03-11 12:05:00",1155,-0.00999999999999801
"2019-03-11 12:06:00",3301,0.00499999999999545
"2019-03-11 12:07:00",5549,-0.00999999999999801
"2019-03-11 12:08:00",100,0
"2019-03-11 12:09:00",6743,-0.0150000000000006
"2019-03-11 12:10:00",787,0.00999999999999801
"2019-03-11 12:11:00",143,0.00480000000000302
"2019-03-11 12:12:00",1800,0.00419999999999732
"2019-03-11 12:13:00",2805,0.00619999999999976
"2019-03-11 12:14:00",2555,0.00480000000000302
"2019-03-11 12:15:00",595,-0.00500000000000256
"2019-03-11 12:16:00",2254,0.00500000000000256
"2019-03-11 12:17:00",526,0
"2019-03-11 12:18:00",1032,-0.0200000000000031
"2019-03-11 12:19:00",1800,0
"2019-03-11 12:20:00",1301,0.0100000000000051
"2019-03-11 12:21:00",1545,0
"2019-03-11 12:22:00",3324,0.00379999999999825
"2019-03-11 12:23:00",194,-0.00379999999999825
"2019-03-11 12:24:00",1160,-0.0150000000000006
"2019-03-11 12:25:00",2497,-0.00339999999999918
"2019-03-11 12:26:00",2915,0.0149999999999935
"2019-03-11 12:27:00",600,0.00840000000000174
"2019-03-11 12:28:00",2594,0
"2019-03-11 12:29:00",600,-0.00499999999999545
"2019-03-11 12:30:00",3496,0.00999999999999801
"2019-03-11 12:31:00",4113,-0.00500000000000256
"2019-03-11 12:32:00",3781,-0.0311000000000021
"2019-03-11 12:33:00",1115,0.00110000000000099
"2019-03-11 12:34:00",2101,0.00500000000000256
"2019-03-11 12:35:00",1025,0
"2019-03-11 12:36:00",161,0.013300000000001
"2019-03-11 12:37:00",700,0.0116999999999976
"2019-03-11 12:38:00",3061,0.00180000000000291
"2019-03-11 12:39:00",1074,0.00319999999999965
"2019-03-11 12:40:00",2994,0.00499999999999545
"2019-03-11 12:41:00",3164,0.0150000000000006
"2019-03-11 12:42:00",11516,-0.00999999999999801
"2019-03-11 12:43:00",3997,-0.00500000000000256
"2019-03-11 12:44:00",14403,0.00490000000000634
"2019-03-11 12:45:00",4053,-0.0099000000000018
"2019-03-11 12:46:00",15000,0.00999999999999801
"2019-03-11 12:47:00",1566,0
"2019-03-11 12:48:00",3161,0
"2019-03-11 12:49:00",800,-0.00999999999999801
"2019-03-11 12:50:00",200,-0.00999999999999801
"2019-03-11 12:51:00",1500,-0.0134000000000043
"2019-03-11 12:52:00",3265,-0.00649999999999551
"2019-03-11 12:53:00",1300,0.0298999999999978
"2019-03-11 12:54:00",924,-0.0172000000000025
"2019-03-11 12:55:00",2226,0.0137
"2019-03-11 12:56:00",100,-0.00649999999999551
"2019-03-11 12:57:00",1383,0.0168999999999997
"2019-03-11 12:58:00",7277,0.0130999999999943
"2019-03-11 12:59:00",900,0.00500000000000256
"2019-03-11 13:00:00",3647,-0.00500000000000256
"2019-03-11 13:01:00",2300,-0.00999999999999801
"2019-03-11 13:02:00",1101,0.00999999999999801
"2019-03-11 13:03:00",300,-0.00999999999999801
"2019-03-11 13:04:00",800,0
"2019-03-11 13:05:00",4117,0
"2019-03-11 13:06:00",1180,0.00999999999999801
"2019-03-11 13:07:00",2825,0.0200000000000031
"2019-03-11 13:08:00",6347,-0.00500000000000256
"2019-03-11 13:09:00",944,0.00180000000000291
"2019-03-11 13:10:00",2596,0.00820000000000221
"2019-03-11 13:11:00",400,0
"2019-03-11 13:12:00",3235,-0.0119000000000042
"2019-03-11 13:13:00",800,0.00690000000000168
"2019-03-11 13:14:00",1205,0.00500000000000256
"2019-03-11 13:15:00",4900,0.00499999999999545
"2019-03-11 13:16:00",7422,0
"2019-03-11 13:17:00",1400,-0.00499999999999545
"2019-03-11 13:18:00",698,0.00499999999999545
"2019-03-11 13:19:00",45832,0.0135000000000005
"2019-03-11 13:20:00",11386,0.00650000000000261
"2019-03-11 13:21:00",5950,-0.00999999999999801
"2019-03-11 13:22:00",800,0
"2019-03-11 13:23:00",3075,0.00499999999999545
"2019-03-11 13:24:00",6626,-0.0017999999999958
"2019-03-11 13:25:00",26195,0.0167999999999964
"2019-03-11 13:26:00",2029,-0.00999999999999801
"2019-03-11 13:27:00",7828,-0.00500000000000256
"2019-03-11 13:28:00",2383,0.00600000000000023
"2019-03-11 13:29:00",220,0.00209999999999866
"2019-03-11 13:30:00",2015,0.00189999999999912
"2019-03-11 13:31:00",4523,0
"2019-03-11 13:32:00",5629,-0.0149999999999935
"2019-03-11 13:33:00",1000,0
"2019-03-11 13:34:00",5900,0.00499999999999545
"2019-03-11 13:35:00",499,-0.00499999999999545
"2019-03-11 13:36:00",9532,0.00559999999999405
"2019-03-11 13:37:00",2014,-0.00559999999999405
"2019-03-11 13:38:00",7659,0.0249999999999986
"2019-03-11 13:39:00",11411,-0.0249999999999986
"2019-03-11 13:40:00",3525,-0.00730000000000075
"2019-03-11 13:41:00",1301,-0.00270000000000437
"2019-03-11 13:42:00",1273,0.0100000000000051
"2019-03-11 13:43:00",7936,-0.0200000000000031
"2019-03-11 13:44:00",14500,0.00130000000000052
"2019-03-11 13:45:00",2508,-0.00130000000000052
"2019-03-11 13:46:00",275,0.00560000000000116
"2019-03-11 13:47:00",2976,0.00439999999999685
"2019-03-11 13:48:00",20824,0.0100000000000051
"2019-03-11 13:49:00",7113,-0.00250000000000483
"2019-03-11 13:50:00",1625,0.00250000000000483
"2019-03-11 13:51:00",10620,0
"2019-03-11 13:52:00",1610,0
"2019-03-11 13:53:00",16349,-0.00250000000000483
"2019-03-11 13:54:00",2776,0.00250000000000483
"2019-03-11 13:55:00",2731,0
"2019-03-11 13:56:00",1201,0.0165999999999968
"2019-03-11 13:58:00",10846,-0.00160000000000338
"2019-03-11 13:59:00",10540,-0.00919999999999987
"2019-03-11 14:00:00",6102,-0.000799999999998136
"2019-03-11 14:01:00",5904,-0.00499999999999545
"2019-03-11 14:02:00",4855,0.00539999999999452
"2019-03-11 14:03:00",4914,0.00850000000000506
"2019-03-11 14:04:00",1405,0.00609999999999644
"2019-03-11 14:05:00",400,0
"2019-03-11 14:06:00",1521,-0.00999999999999801
"2019-03-11 14:07:00",1346,-0.00339999999999918
"2019-03-11 14:08:00",200,-0.000199999999999534
"2019-03-11 14:09:00",1300,-0.0063999999999993
"2019-03-11 14:10:00",9855,0.00499999999999545
"2019-03-11 14:11:00",2332,0
"2019-03-11 14:12:00",1468,0.00500000000000256
"2019-03-11 14:13:00",6907,0.0150000000000006
"2019-03-11 14:14:00",4420,0.0150000000000006
"2019-03-11 14:15:00",1704,-0.00650000000000261
"2019-03-11 14:16:00",6888,-0.0185000000000031
"2019-03-11 14:17:00",100,0.00500000000000256
"2019-03-11 14:18:00",2817,-0.019999999999996
"2019-03-11 14:19:00",5551,0.00999999999999801
"2019-03-11 14:20:00",2738,0.00999999999999801
"2019-03-11 14:21:00",1985,-0.00999999999999801
"2019-03-11 14:22:00",4267,0.0197999999999965
"2019-03-11 14:23:00",10197,-0.0197999999999965
"2019-03-11 14:24:00",2557,0.00999999999999801
"2019-03-11 14:25:00",12005,-0.019999999999996
"2019-03-11 14:26:00",2817,0
"2019-03-11 14:27:00",3600,0
"2019-03-11 14:28:00",19699,0.00999999999999801
"2019-03-11 14:29:00",9062,-0.00999999999999801
"2019-03-11 14:30:00",5693,0
"2019-03-11 14:31:00",8100,0
"2019-03-11 14:32:00",4261,0.0249999999999986
"2019-03-11 14:33:00",9619,-0.0249999999999986
"2019-03-11 14:34:00",3914,0
"2019-03-11 14:35:00",2862,-0.0200000000000031
"2019-03-11 14:36:00",1872,-0.00999999999999801
"2019-03-11 14:37:00",2194,0.00499999999999545
"2019-03-11 14:38:00",2699,0.0150000000000006
"2019-03-11 14:39:00",1685,-0.019999999999996
"2019-03-11 14:40:00",8733,-0.0100000000000051
"2019-03-11 14:41:00",2920,0.00660000000000593
"2019-03-11 14:42:00",3883,-0.026600000000002
"2019-03-11 14:43:00",1350,-0.00999999999999801
"2019-03-11 14:44:00",7617,0.019999999999996
"2019-03-11 14:45:00",8640,-0.00999999999999801
"2019-03-11 14:46:00",7241,-0.0350000000000037
"2019-03-11 14:47:00",8726,0.0150000000000006
"2019-03-11 14:48:00",4712,-0.019999999999996
"2019-03-11 14:49:00",31224,-0.00500000000000256
"2019-03-11 14:50:00",5764,-0.0150000000000006
"2019-03-11 14:51:00",20429,0.00999999999999801
"2019-03-11 14:52:00",4536,-0.00999999999999801
"2019-03-11 14:53:00",19517,-0.0150000000000006
"2019-03-11 14:54:00",20758,0.0100000000000051
"2019-03-11 14:55:00",15741,-0.0350000000000037
"2019-03-11 14:56:00",13755,0.0200000000000031
"2019-03-11 14:57:00",9028,0
"2019-03-11 14:58:00",28379,0.0349999999999966
"2019-03-11 14:59:00",34866,-0.0249999999999986
"2019-03-11 15:02:00",16783,0.019999999999996
"2019-03-11 15:15:00",0,0
"2019-03-12 08:30:00",38426,-0.0409999999999968
"2019-03-12 08:31:00",5818,-0.0189999999999984
"2019-03-12 08:32:00",6912,0.00999999999999801
"2019-03-12 08:33:00",16521,0.00999999999999801
"2019-03-12 08:34:00",3992,0.0300000000000011
"2019-03-12 08:35:00",10662,0.0200000000000031
"2019-03-12 08:36:00",12032,0.0249999999999986
"2019-03-12 08:37:00",19270,0.0249999999999986
"2019-03-12 08:38:00",12224,0.0200000000000031
"2019-03-12 08:39:00",21429,0.00750000000000028
"2019-03-12 08:40:00",43981,0.0404999999999944
"2019-03-12 08:41:00",6607,0.0519999999999996
"2019-03-12 08:42:00",11607,0.0099000000000018
"2019-03-12 08:43:00",15433,0.0401000000000025
"2019-03-12 08:44:00",9150,-0.0700000000000003
"2019-03-12 08:45:00",8722,0.0499999999999972
"2019-03-12 08:46:00",5436,-0.0150000000000006
"2019-03-12 08:47:00",35061,0.0350000000000037
"2019-03-12 08:48:00",13123,0
"2019-03-12 08:49:00",16309,0.0399999999999991
"2019-03-12 08:50:00",8500,-0.00999999999999801
"2019-03-12 08:51:00",6793,0.00999999999999801
"2019-03-12 08:52:00",3702,0
"2019-03-12 08:53:00",5877,-0.0172999999999988
"2019-03-12 08:54:00",9919,0.00730000000000075
"2019-03-12 08:55:00",2571,-0.0100000000000051
"2019-03-12 08:56:00",5625,-0.0165999999999968
"2019-03-12 08:57:00",1860,-0.00339999999999918
"2019-03-12 08:58:00",2365,-0.0200000000000031
"2019-03-12 08:59:00",7367,0.0100000000000051
"2019-03-12 09:00:00",22235,0.0399999999999991
"2019-03-12 09:01:00",7562,-0.0200000000000031
"2019-03-12 09:02:00",11894,0
"2019-03-12 09:03:00",18599,0
"2019-03-12 09:04:00",13559,0
"2019-03-12 09:05:00",11158,0.00999999999999801
"2019-03-12 09:06:00",16513,-0.00999999999999801
"2019-03-12 09:07:00",5970,0.0300000000000011
"2019-03-12 09:08:00",5970,-0.0200000000000031
"2019-03-12 09:09:00",4060,0
"2019-03-12 09:10:00",3000,0
"2019-03-12 09:11:00",2952,0
"2019-03-12 09:12:00",5950,0
"2019-03-12 09:13:00",8810,-0.00999999999999801
"2019-03-12 09:14:00",9285,0
"2019-03-12 09:15:00",23140,0.0150000000000006
"2019-03-12 09:16:00",15713,0.0150000000000006
"2019-03-12 09:17:00",13772,-0.0249999999999986
"2019-03-12 09:18:00",13473,0.0249999999999986
"2019-03-12 09:19:00",13500,0.0138000000000034
"2019-03-12 09:20:00",6988,-0.00380000000000535
"2019-03-12 09:21:00",3712,0.0200000000000031
"2019-03-12 09:22:00",4118,-0.00999999999999801
"2019-03-12 09:23:00",5501,0.0143999999999949
"2019-03-12 09:24:00",7765,0.00560000000000116
"2019-03-12 09:25:00",20979,0.00500000000000256
"2019-03-12 09:26:00",10617,0.0150000000000006
"2019-03-12 09:27:00",27515,-0.0100000000000051
"2019-03-12 09:28:00",7299,-0.00569999999999737
"2019-03-12 09:29:00",26510,0.00569999999999737
"2019-03-12 09:30:00",28689,0.0250000000000057
"2019-03-12 09:31:00",6764,-0.0250000000000057
"2019-03-12 09:32:00",12544,-0.0399999999999991
"2019-03-12 09:33:00",14352,0.0350000000000037
"2019-03-12 09:34:00",21834,0.0150000000000006
"2019-03-12 09:35:00",6981,0
"2019-03-12 09:36:00",12436,0.019999999999996
"2019-03-12 09:37:00",9353,0.00100000000000477
"2019-03-12 09:38:00",12060,0.0189999999999984
"2019-03-12 09:39:00",6152,-0.00999999999999801
"2019-03-12 09:40:00",11435,0
"2019-03-12 09:41:00",8361,0.0149999999999935
"2019-03-12 09:42:00",7016,-0.00499999999999545
"2019-03-12 09:43:00",1676,-0.00500000000000256
"2019-03-12 09:44:00",9442,-0.0150000000000006
"2019-03-12 09:45:00",11258,0
"2019-03-12 09:46:00",65438,-0.00249999999999773
"2019-03-12 09:47:00",21024,0.0125000000000028
"2019-03-12 09:48:00",11968,0
"2019-03-12 09:49:00",8736,0.019999999999996
"2019-03-12 09:50:00",3229,0.0249999999999986
"2019-03-12 09:51:00",17078,-0.0150000000000006
"2019-03-12 09:52:00",9590,0.0130000000000052
"2019-03-12 09:53:00",10477,-0.0262000000000029
"2019-03-12 09:54:00",9812,-0.00679999999999836
"2019-03-12 09:55:00",11996,-0.0200000000000031
"2019-03-12 09:56:00",702,0.0200000000000031
"2019-03-12 09:57:00",4754,0.0266999999999982
"2019-03-12 09:58:00",10059,0
"2019-03-12 09:59:00",5327,0.013300000000001
"2019-03-12 10:00:00",6112,-0.0099000000000018
"2019-03-12 10:01:00",3996,0.0099000000000018
"2019-03-12 10:02:00",1519,-0.00999999999999801
"2019-03-12 10:03:00",3930,-0.0500000000000043
"2019-03-12 10:04:00",14021,-0.00499999999999545
"2019-03-12 10:05:00",4041,0.00499999999999545
"2019-03-12 10:06:00",5098,0.0300000000000011
"2019-03-12 10:07:00",10491,-0.0300000000000011
"2019-03-12 10:08:00",23343,-0.00499999999999545
"2019-03-12 10:09:00",54674,0.0349999999999966
"2019-03-12 10:10:00",14767,-0.0300000000000011
"2019-03-12 10:11:00",12278,-0.00999999999999801
"2019-03-12 10:12:00",7700,-0.0200000000000031
"2019-03-12 10:13:00",11370,-0.0499999999999972
"2019-03-12 10:14:00",5725,-0.0499999999999972
"2019-03-12 10:15:00",14849,0.029999999999994
"2019-03-12 10:16:00",1265,0.0100000000000051
"2019-03-12 10:17:00",975,0
"2019-03-12 10:18:00",2318,-0.0146000000000015
"2019-03-12 10:19:00",3533,0.0146000000000015
"2019-03-12 10:20:00",1997,0.00999999999999801
"2019-03-12 10:21:00",500,0
"2019-03-12 10:22:00",1000,0.0191999999999979
"2019-03-12 10:23:00",1500,-0.0191999999999979
"2019-03-12 10:24:00",4408,0
"2019-03-12 10:25:00",1009,-0.00999999999999801
"2019-03-12 10:26:00",4722,0
"2019-03-12 10:27:00",10800,0.019999999999996
"2019-03-12 10:28:00",1819,-0.00499999999999545
"2019-03-12 10:29:00",2316,0.019599999999997
"2019-03-12 10:30:00",3300,0.00540000000000163
"2019-03-12 10:31:00",1000,0
"2019-03-12 10:32:00",2400,0
"2019-03-12 10:33:00",4400,0.00999999999999801
"2019-03-12 10:34:00",1002,0.0300000000000011
"2019-03-12 10:35:00",1850,0.0200000000000031
"2019-03-12 10:36:00",14344,0.0399999999999991
"2019-03-12 10:37:00",3711,0.0150000000000006
"2019-03-12 10:38:00",3266,-0.00500000000000256
"2019-03-12 10:39:00",700,-0.00999999999999801
"2019-03-12 10:40:00",2081,-0.0101000000000013
"2019-03-12 10:41:00",900,-0.0099000000000018
"2019-03-12 10:42:00",300,0.0200000000000031
"2019-03-12 10:43:00",3582,-0.0361000000000047
"2019-03-12 10:44:00",673,0.00610000000000355
"2019-03-12 10:45:00",1685,-0.00999999999999801
"2019-03-12 10:46:00",9600,-0.0200000000000031
"2019-03-12 10:47:00",4108,-0.0200000000000031
"2019-03-12 10:48:00",2654,-0.00999999999999801
"2019-03-12 10:49:00",2752,0.0300000000000011
"2019-03-12 10:50:00",5013,0.00619999999999976
"2019-03-12 10:51:00",2824,-0.0161999999999978
"2019-03-12 10:52:00",7002,0
"2019-03-12 10:53:00",10867,0
"2019-03-12 10:54:00",11350,0.00999999999999801
"2019-03-12 10:55:00",982,0.00999999999999801
"2019-03-12 10:56:00",3620,0
"2019-03-12 10:57:00",1700,-0.00999999999999801
"2019-03-12 10:58:00",2341,-0.00999999999999801
"2019-03-12 10:59:00",2200,0
"2019-03-12 11:00:00",3499,0
"2019-03-12 11:01:00",15934,0
"2019-03-12 11:02:00",4402,0
"2019-03-12 11:03:00",8314,0
"2019-03-12 11:04:00",1850,0.0137999999999963
"2019-03-12 11:05:00",4503,-0.0187999999999988
"2019-03-12 11:06:00",2860,0.0249999999999986
"2019-03-12 11:07:00",1400,0.0200000000000031
"2019-03-12 11:08:00",1575,-0.0167000000000002
"2019-03-12 11:09:00",5000,0.0266999999999982
"2019-03-12 11:10:00",1250,0
"2019-03-12 11:11:00",1547,-0.019999999999996
"2019-03-12 11:12:00",1388,0
"2019-03-12 11:13:00",500,0
"2019-03-12 11:14:00",1104,0.019999999999996
"2019-03-12 11:15:00",4075,-0.00999999999999801
"2019-03-12 11:16:00",600,0
"2019-03-12 11:17:00",1500,-0.0200000000000031
"2019-03-12 11:18:00",2426,0.0100000000000051
"2019-03-12 11:19:00",4049,0
"2019-03-12 11:20:00",1400,0
"2019-03-12 11:21:00",10638,0
"2019-03-12 11:22:00",23402,-0.0300000000000011
"2019-03-12 11:23:00",16532,-0.00250000000000483
"2019-03-12 11:24:00",25413,0.00250000000000483
"2019-03-12 11:25:00",13201,0.00499999999999545
"2019-03-12 11:26:00",8289,-0.00750000000000028
"2019-03-12 11:27:00",3967,0.032500000000006
"2019-03-12 11:28:00",4700,-0.0200000000000031
"2019-03-12 11:29:00",3698,-0.00500000000000256
"2019-03-12 11:30:00",1600,-0.00499999999999545
"2019-03-12 11:31:00",9035,-0.0300000000000011
"2019-03-12 11:32:00",700,0.00999999999999801
"2019-03-12 11:33:00",1028,-0.00999999999999801
"2019-03-12 11:34:00",8495,-0.0300000000000011
"2019-03-12 11:35:00",20357,0.00999999999999801
"2019-03-12 11:36:00",2647,-0.019999999999996
"2019-03-12 11:37:00",4030,0.00999999999999801
"2019-03-12 11:38:00",1100,0
"2019-03-12 11:39:00",2950,-0.0099000000000018
"2019-03-12 11:40:00",250,0.0035000000000025
"2019-03-12 11:41:00",9643,0.0264000000000024
"2019-03-12 11:42:00",700,-0.0300000000000011
"2019-03-12 11:43:00",7900,-0.0100000000000051
"2019-03-12 11:44:00",1290,0.0100000000000051
"2019-03-12 11:45:00",2200,0
"2019-03-12 11:46:00",400,0.019999999999996
"2019-03-12 11:47:00",685,-0.00999999999999801
"2019-03-12 11:48:00",945,-0.00999999999999801
"2019-03-12 11:49:00",1121,0.0101000000000013
"2019-03-12 11:50:00",400,-0.00010000000000332
"2019-03-12 11:51:00",645,-0.00999999999999801
"2019-03-12 11:52:00",500,-0.00500000000000256
"2019-03-12 11:53:00",1068,0.00500000000000256
"2019-03-12 11:54:00",400,0.00999999999999801
"2019-03-12 11:55:00",1000,0.0165000000000006
"2019-03-12 11:56:00",887,-0.0108000000000033
"2019-03-12 11:57:00",1029,0.00430000000000064
"2019-03-12 11:58:00",300,-0.00999999999999801
"2019-03-12 11:59:00",1284,0
"2019-03-12 12:00:00",1426,0
"2019-03-12 12:01:00",1600,0.0300000000000011
"2019-03-12 12:03:00",2825,-0.0300000000000011
"2019-03-12 12:04:00",5400,-0.00500000000000256
"2019-03-12 12:05:00",200,-0.00499999999999545
"2019-03-12 12:06:00",3365,0.00999999999999801
"2019-03-12 12:07:00",5680,0.0200000000000031
"2019-03-12 12:08:00",1000,0.019999999999996
"2019-03-12 12:09:00",500,0.00500000000000256
"2019-03-12 12:10:00",1912,-0.0150000000000006
"2019-03-12 12:11:00",400,-0.0200000000000031
"2019-03-12 12:12:00",4525,0.0200000000000031
"2019-03-12 12:13:00",898,0
"2019-03-12 12:14:00",810,-0.0300000000000011
"2019-03-12 12:15:00",1284,0.00500000000000256
"2019-03-12 12:16:00",2800,-0.00500000000000256
"2019-03-12 12:17:00",700,0.00999999999999801
"2019-03-12 12:18:00",501,-0.00659999999999883
"2019-03-12 12:19:00",929,-0.00339999999999918
"2019-03-12 12:20:00",800,0
"2019-03-12 12:21:00",1700,0.00999999999999801
"2019-03-12 12:22:00",3360,-0.00999999999999801
"2019-03-12 12:23:00",4284,0.0300000000000011
"2019-03-12 12:24:00",1515,-0.0155999999999992
"2019-03-12 12:25:00",2900,-0.00450000000000017
"2019-03-12 12:26:00",667,9.99999999962142e-05
"2019-03-12 12:27:00",1133,0
"2019-03-12 12:28:00",100,0
"2019-03-12 12:29:00",1036,0
"2019-03-12 12:30:00",2341,0.0100000000000051
"2019-03-12 12:31:00",1625,-0.0200000000000031
"2019-03-12 12:32:00",400,-0.00999999999999801
"2019-03-12 12:33:00",800,-0.0100000000000051
"2019-03-12 12:34:00",1666,0.00500000000000256
"2019-03-12 12:35:00",1608,0
"2019-03-12 12:36:00",1050,-0.000300000000002854
"2019-03-12 12:37:00",1315,0.00530000000000541
"2019-03-12 12:39:00",4066,0.00999999999999801
"2019-03-12 12:40:00",560,-0.00739999999999696
"2019-03-12 12:42:00",400,-0.00260000000000105
"2019-03-12 12:43:00",500,0.00499999999999545
"2019-03-12 12:44:00",1000,0.00500000000000256
"2019-03-12 12:45:00",400,0.0200000000000031
"2019-03-12 12:46:00",5227,-0.0100000000000051
"2019-03-12 12:47:00",1080,0
"2019-03-12 12:48:00",300,0.00880000000000081
"2019-03-12 12:49:00",1805,0.00120000000000431
"2019-03-12 12:50:00",712,-0.00660000000000593
"2019-03-12 12:51:00",7780,-0.0233999999999952
"2019-03-12 12:52:00",1262,0.00999999999999801
"2019-03-12 12:53:00",2757,0.0200000000000031
"2019-03-12 12:54:00",2708,-0.0100000000000051
"2019-03-12 12:55:00",1600,-0.00999999999999801
"2019-03-12 12:56:00",2107,0
"2019-03-12 12:57:00",632,0
"2019-03-12 12:58:00",4575,-0.00999999999999801
"2019-03-12 12:59:00",1000,0
"2019-03-12 13:00:00",500,-0.0100000000000051
"2019-03-12 13:01:00",18808,0
"2019-03-12 13:02:00",3348,0.00310000000000343
"2019-03-12 13:03:00",4700,0.0219000000000023
"2019-03-12 13:04:00",23332,0.019999999999996
"2019-03-12 13:05:00",2877,0.0142999999999986
"2019-03-12 13:06:00",2563,-0.00159999999999627
"2019-03-12 13:07:00",1200,-0.00769999999999982
"2019-03-12 13:08:00",1000,-0.00500000000000256
"2019-03-12 13:09:00",437,-0.00139999999999674
"2019-03-12 13:10:00",3900,0.0163999999999973
"2019-03-12 13:11:00",6278,0
"2019-03-12 13:12:00",3324,0
"2019-03-12 13:13:00",8316,-0.0150000000000006
"2019-03-12 13:14:00",700,-0.00499999999999545
"2019-03-12 13:15:00",1213,-0.00500000000000256
"2019-03-12 13:16:00",6075,0.00999999999999801
"2019-03-12 13:17:00",6217,0
"2019-03-12 13:18:00",9195,-0.00499999999999545
"2019-03-12 13:19:00",1333,-0.0100000000000051
"2019-03-12 13:20:00",3019,-0.00939999999999941
"2019-03-12 13:21:00",8405,-0.000599999999998602
"2019-03-12 13:22:00",1741,0.00999999999999801
"2019-03-12 13:23:00",4430,-0.00999999999999801
"2019-03-12 13:24:00",5657,-0.00500000000000256
"2019-03-12 13:25:00",14433,-0.00999999999999801
"2019-03-12 13:26:00",7800,0.0150000000000006
"2019-03-12 13:27:00",5044,-0.00500000000000256
"2019-03-12 13:28:00",2620,0.00500000000000256
"2019-03-12 13:29:00",6805,0
"2019-03-12 13:30:00",5306,0.00999999999999801
"2019-03-12 13:31:00",1327,0.0150000000000006
"2019-03-12 13:32:00",235,0.00500000000000256
"2019-03-12 13:33:00",607,-0.00999999999999801
"2019-03-12 13:34:00",7169,-0.0200000000000031
"2019-03-12 13:35:00",5903,0
"2019-03-12 13:36:00",2000,-0.00500000000000256
"2019-03-12 13:37:00",7987,-0.00999999999999801
"2019-03-12 13:38:00",3431,0.00500000000000256
"2019-03-12 13:39:00",3135,0.00999999999999801
"2019-03-12 13:40:00",214,0
"2019-03-12 13:41:00",7240,0
"2019-03-12 13:42:00",3604,0
"2019-03-12 13:43:00",1300,0
"2019-03-12 13:44:00",200,-0.00999999999999801
"2019-03-12 13:45:00",400,0.00499999999999545
"2019-03-12 13:46:00",3387,0.00169999999999959
"2019-03-12 13:47:00",400,0.00330000000000297
"2019-03-12 13:48:00",800,0
"2019-03-12 13:49:00",1400,-0.00999999999999801
"2019-03-12 13:50:00",4679,-0.00500000000000256
"2019-03-12 13:51:00",1791,0.00509999999999877
"2019-03-12 13:52:00",7545,0.0149000000000044
"2019-03-12 13:53:00",1817,-0.0150000000000006
"2019-03-12 13:54:00",3200,-0.0238000000000014
"2019-03-12 13:55:00",700,-0.0011999999999972
"2019-03-12 13:56:00",6293,-0.0150000000000006
"2019-03-12 13:57:00",504,0.00999999999999801
"2019-03-12 13:58:00",3000,-0.00500000000000256
"2019-03-12 13:59:00",922,-0.00499999999999545
"2019-03-12 14:00:00",5026,-0.0300000000000011
"2019-03-12 14:01:00",2736,0.019999999999996
"2019-03-12 14:02:00",2700,0.0099000000000018
"2019-03-12 14:03:00",1070,0.0101000000000013
"2019-03-12 14:04:00",1430,-0.00999999999999801
"2019-03-12 14:05:00",2800,-0.0100000000000051
"2019-03-12 14:06:00",1204,0
"2019-03-12 14:07:00",7021,-0.00999999999999801
"2019-03-12 14:08:00",2249,-0.00999999999999801
"2019-03-12 14:09:00",6754,0.0150000000000006
"2019-03-12 14:10:00",4747,-0.00500000000000256
"2019-03-12 14:11:00",1774,-0.00999999999999801
"2019-03-12 14:12:00",2129,-0.0100000000000051
"2019-03-12 14:13:00",1811,-0.00999999999999801
"2019-03-12 14:14:00",3787,0
"2019-03-12 14:15:00",1227,-0.019999999999996
"2019-03-12 14:16:00",4306,-0.0193000000000012
"2019-03-12 14:17:00",4802,0.0242999999999967
"2019-03-12 14:18:00",1641,-0.00499999999999545
"2019-03-12 14:19:00",2500,-0.0300000000000011
"2019-03-12 14:20:00",5699,0
"2019-03-12 14:21:00",2212,0
"2019-03-12 14:22:00",8321,0.019999999999996
"2019-03-12 14:23:00",5028,0.0200000000000031
"2019-03-12 14:24:00",7845,0.019999999999996
"2019-03-12 14:25:00",6200,-0.00999999999999801
"2019-03-12 14:26:00",2900,0.00999999999999801
"2019-03-12 14:27:00",3128,0.0200000000000031
"2019-03-12 14:28:00",4335,-0.0200000000000031
"2019-03-12 14:29:00",9815,0.0100000000000051
"2019-03-12 14:30:00",4184,-0.0100000000000051
"2019-03-12 14:31:00",10412,-0.0249999999999986
"2019-03-12 14:32:00",8102,0.00500000000000256
"2019-03-12 14:33:00",5385,-0.00999999999999801
"2019-03-12 14:34:00",7831,0.00499999999999545
"2019-03-12 14:35:00",7980,-0.0150999999999968
"2019-03-12 14:36:00",7461,-0.0099000000000018
"2019-03-12 14:37:00",4420,-0.00999999999999801
"2019-03-12 14:38:00",7253,-0.00999999999999801
"2019-03-12 14:39:00",8498,0.00999999999999801
"2019-03-12 14:40:00",14405,0.019999999999996
"2019-03-12 14:41:00",7312,0
"2019-03-12 14:42:00",7767,0
"2019-03-12 14:43:00",17346,0.0300000000000011
"2019-03-12 14:44:00",10321,0.0300000000000011
"2019-03-12 14:45:00",12671,0.00500000000000256
"2019-03-12 14:46:00",11662,-0.0150000000000006
"2019-03-12 14:47:00",9633,-0.0100000000000051
"2019-03-12 14:48:00",5681,-0.00499999999999545
"2019-03-12 14:49:00",12989,-0.00500000000000256
"2019-03-12 14:50:00",10050,0.00500000000000256
"2019-03-12 14:51:00",9097,0
"2019-03-12 14:52:00",10866,0
"2019-03-12 14:53:00",10422,0
"2019-03-12 14:54:00",27117,-0.0150000000000006
"2019-03-12 14:55:00",22099,-0.0200000000000031
"2019-03-12 14:56:00",19133,-0.0150000000000006
"2019-03-12 14:57:00",25040,0.0150000000000006
"2019-03-12 14:58:00",25309,-0.029999999999994
"2019-03-12 14:59:00",72063,-0.0300000000000011
"2019-03-12 15:02:00",43072,0.0300000000000011
"2019-03-12 15:15:00",0,0
"2019-03-13 08:30:00",65077,0.93
"2019-03-13 08:31:00",24722,0
"2019-03-13 08:32:00",8029,0.0149999999999935
"2019-03-13 08:33:00",14406,-0.0149999999999935
"2019-03-13 08:34:00",5807,0.0249999999999986
"2019-03-13 08:35:00",19538,-0.0450000000000017
"2019-03-13 08:36:00",22614,0.0200000000000031
"2019-03-13 08:37:00",5582,0.00999999999999801
"2019-03-13 08:38:00",10168,0.0300000000000011
"2019-03-13 08:39:00",23767,0.019999999999996
"2019-03-13 08:40:00",10707,0
"2019-03-13 08:41:00",17184,0.0200000000000031
"2019-03-13 08:42:00",20237,0.00999999999999801
"2019-03-13 08:43:00",21875,0.0300000000000011
"2019-03-13 08:44:00",10801,-0.0200000000000031
"2019-03-13 08:45:00",3645,-0.0349999999999966
"2019-03-13 08:46:00",9816,-0.0350000000000037
"2019-03-13 08:47:00",4122,-0.019999999999996
"2019-03-13 08:48:00",16630,0
"2019-03-13 08:49:00",17352,-0.0200000000000031
"2019-03-13 08:50:00",6900,0.0150000000000006
"2019-03-13 08:51:00",3359,-0.0150000000000006
"2019-03-13 08:52:00",4093,0
"2019-03-13 08:53:00",6055,0.0399999999999991
"2019-03-13 08:54:00",4448,0
"2019-03-13 08:55:00",6215,0.0300000000000011
"2019-03-13 08:56:00",3100,0
"2019-03-13 08:57:00",2665,0.0300000000000011
"2019-03-13 08:58:00",1200,-0.00999999999999801
"2019-03-13 08:59:00",3256,-0.00500000000000256
"2019-03-13 09:00:00",9684,0
"2019-03-13 09:01:00",1150,0
"2019-03-13 09:02:00",28003,0.00999999999999801
"2019-03-13 09:03:00",5845,0.0150000000000006
"2019-03-13 09:04:00",6389,0.0150000000000006
"2019-03-13 09:05:00",2911,-0.0124999999999957
"2019-03-13 09:06:00",24889,0.0274999999999963
"2019-03-13 09:07:00",4840,0
"2019-03-13 09:08:00",21581,-0.0499999999999972
"2019-03-13 09:09:00",8999,-0.0399999999999991
"2019-03-13 09:10:00",3898,-0.0101000000000013
"2019-03-13 09:11:00",8917,-0.0298999999999978
"2019-03-13 09:12:00",15343,0.019999999999996
"2019-03-13 09:13:00",9900,0.0150000000000006
"2019-03-13 09:14:00",7408,-0.0249999999999986
"2019-03-13 09:15:00",4685,-0.0399999999999991
"2019-03-13 09:16:00",5566,0.00999999999999801
"2019-03-13 09:17:00",5460,0.0499999999999972
"2019-03-13 09:18:00",10639,-0.00999999999999801
"2019-03-13 09:19:00",9119,0
"2019-03-13 09:20:00",9458,0.00999999999999801
"2019-03-13 09:21:00",10452,0
"2019-03-13 09:22:00",4831,-0.029999999999994
"2019-03-13 09:23:00",2598,0
"2019-03-13 09:24:00",5076,0.00999999999999801
"2019-03-13 09:25:00",4424,0.0399999999999991
"2019-03-13 09:26:00",4914,0.00500000000000256
"2019-03-13 09:27:00",4446,0.00989999999999469
"2019-03-13 09:28:00",1000,0.00010000000000332
"2019-03-13 09:29:00",3189,0.0150000000000006
"2019-03-13 09:30:00",16366,0.0700000000000003
"2019-03-13 09:31:00",3106,0.00999999999999801
"2019-03-13 09:32:00",4545,0.0300000000000011
"2019-03-13 09:33:00",2781,0.019999999999996
"2019-03-13 09:34:00",17110,-0.019999999999996
"2019-03-13 09:35:00",7305,0
"2019-03-13 09:36:00",4702,0
"2019-03-13 09:37:00",959,-0.0200000000000031
"2019-03-13 09:38:00",4365,0.0300000000000011
"2019-03-13 09:39:00",7813,0.00180000000000291
"2019-03-13 09:40:00",2515,-0.0118000000000009
"2019-03-13 09:41:00",2400,0.00500000000000256
"2019-03-13 09:42:00",7602,-0.0250000000000057
"2019-03-13 09:43:00",5540,0.0250000000000057
"2019-03-13 09:44:00",10361,-0.0200000000000031
"2019-03-13 09:45:00",7769,0.0150000000000006
"2019-03-13 09:46:00",8938,-0.00999999999999801
"2019-03-13 09:47:00",12538,0.00989999999999469
"2019-03-13 09:48:00",12842,-0.0198999999999998
"2019-03-13 09:49:00",13935,-0.00999999999999801
"2019-03-13 09:50:00",15779,0.0200000000000031
"2019-03-13 09:51:00",1885,0.00999999999999801
"2019-03-13 09:52:00",5708,0.0146000000000015
"2019-03-13 09:53:00",26698,-0.0446000000000026
"2019-03-13 09:54:00",6125,0.0300000000000011
"2019-03-13 09:55:00",4350,0
"2019-03-13 09:56:00",8312,0
"2019-03-13 09:57:00",14638,-0.0300000000000011
"2019-03-13 09:58:00",28583,0.0150000000000006
"2019-03-13 09:59:00",20626,-0.0549999999999997
"2019-03-13 10:00:00",5309,0.019999999999996
"2019-03-13 10:01:00",5400,0.0200000000000031
"2019-03-13 10:02:00",5508,0.0129999999999981
"2019-03-13 10:03:00",4550,-0.00300000000000011
"2019-03-13 10:04:00",4677,-0.0150000000000006
"2019-03-13 10:05:00",4200,0.00500000000000256
"2019-03-13 10:06:00",7360,-0.00500000000000256
"2019-03-13 10:07:00",5861,0.0200000000000031
"2019-03-13 10:08:00",10357,0.00999999999999801
"2019-03-13 10:09:00",4322,-0.0249999999999986
"2019-03-13 10:10:00",6846,-0.0249999999999986
"2019-03-13 10:11:00",7620,0.0349999999999966
"2019-03-13 10:12:00",5229,-0.0249999999999986
"2019-03-13 10:13:00",8501,-0.00500000000000256
"2019-03-13 10:14:00",5575,0.00850000000000506
"2019-03-13 10:15:00",9682,0.00150000000000006
"2019-03-13 10:16:00",8026,0
"2019-03-13 10:17:00",9695,-0.0100000000000051
"2019-03-13 10:18:00",20641,0
"2019-03-13 10:19:00",25667,0.0200000000000031
"2019-03-13 10:20:00",3145,-0.0200000000000031
"2019-03-13 10:21:00",10011,-0.019999999999996
"2019-03-13 10:22:00",7000,0.0150000000000006
"2019-03-13 10:23:00",10623,0
"2019-03-13 10:24:00",25975,0.0300000000000011
"2019-03-13 10:25:00",8641,0.0150000000000006
"2019-03-13 10:26:00",11466,0.0150000000000006
"2019-03-13 10:27:00",5077,-0.00500000000000256
"2019-03-13 10:28:00",4100,0.00999999999999801
"2019-03-13 10:29:00",8096,0
"2019-03-13 10:30:00",15748,-0.00499999999999545
"2019-03-13 10:31:00",7212,-0.00500000000000256
"2019-03-13 10:32:00",11128,0.0150000000000006
"2019-03-13 10:33:00",8599,0.00999999999999801
"2019-03-13 10:34:00",16320,0.0150000000000006
"2019-03-13 10:35:00",12669,0
"2019-03-13 10:36:00",4137,0.00999999999999801
"2019-03-13 10:37:00",4176,0.00500000000000256
"2019-03-13 10:38:00",6770,-0.0350000000000037
"2019-03-13 10:39:00",7699,0
"2019-03-13 10:40:00",37107,0.0200000000000031
"2019-03-13 10:41:00",8662,0.00999999999999801
"2019-03-13 10:42:00",9124,0.0200000000000031
"2019-03-13 10:43:00",6642,0.0069999999999979
"2019-03-13 10:44:00",5589,-0.00200000000000244
"2019-03-13 10:45:00",20858,0.00500000000000256
"2019-03-13 10:46:00",6710,0
"2019-03-13 10:47:00",15459,0.0200000000000031
"2019-03-13 10:48:00",4156,-0.00500000000000256
"2019-03-13 10:49:00",15901,-0.00500000000000256
"2019-03-13 10:50:00",13803,-0.00499999999999545
"2019-03-13 10:51:00",4175,-0.00500000000000256
"2019-03-13 10:52:00",8148,0
"2019-03-13 10:53:00",5000,0.00999999999999801
"2019-03-13 10:54:00",8846,-0.029999999999994
"2019-03-13 10:55:00",17004,0
"2019-03-13 10:56:00",7807,0
"2019-03-13 10:57:00",2613,-0.0250000000000057
"2019-03-13 10:58:00",7572,-0.018499999999996
"2019-03-13 10:59:00",6328,0.00849999999999795
"2019-03-13 11:00:00",11300,-0.00500000000000256
"2019-03-13 11:01:00",1459,0.0263000000000062
"2019-03-13 11:02:00",8071,0.0137999999999963
"2019-03-13 11:03:00",8085,-0.00459999999999638
"2019-03-13 11:04:00",4209,-0.00550000000000495
"2019-03-13 11:05:00",11745,0.0100000000000051
"2019-03-13 11:06:00",18805,0.00499999999999545
"2019-03-13 11:07:00",9502,-0.00499999999999545
"2019-03-13 11:08:00",6972,-0.0300000000000011
"2019-03-13 11:09:00",2633,-0.0200000000000031
"2019-03-13 11:10:00",7758,-0.00999999999999801
"2019-03-13 11:11:00",4600,0.00500000000000256
"2019-03-13 11:12:00",6411,-0.0150000000000006
"2019-03-13 11:13:00",6716,-0.0200000000000031
"2019-03-13 11:14:00",8426,-0.00999999999999801
"2019-03-13 11:15:00",3303,0.019999999999996
"2019-03-13 11:16:00",13337,-0.00999999999999801
"2019-03-13 11:17:00",12391,-0.0200000000000031
"2019-03-13 11:18:00",2195,0
"2019-03-13 11:19:00",6491,-0.019999999999996
"2019-03-13 11:20:00",12004,0
"2019-03-13 11:21:00",2838,0
"2019-03-13 11:22:00",1603,0.00999999999999801
"2019-03-13 11:23:00",2111,0.0099000000000018
"2019-03-13 11:24:00",5235,-0.00229999999999819
"2019-03-13 11:25:00",1723,-0.0122
"2019-03-13 11:26:00",1637,-0.00540000000000163
"2019-03-13 11:27:00",9249,-0.00999999999999801
"2019-03-13 11:28:00",12638,0.00999999999999801
"2019-03-13 11:29:00",9608,0
"2019-03-13 11:30:00",25103,0.00500000000000256
"2019-03-13 11:31:00",46675,-0.0450000000000017
"2019-03-13 11:32:00",50395,-0.00999999999999801
"2019-03-13 11:33:00",19988,-0.0200000000000031
"2019-03-13 11:34:00",22066,0.100000000000001
"2019-03-13 11:35:00",6366,0.00999999999999801
"2019-03-13 11:36:00",4635,0.0200000000000031
"2019-03-13 11:37:00",12531,-0.0100000000000051
"2019-03-13 11:38:00",1724,0
"2019-03-13 11:39:00",6560,0
"2019-03-13 11:40:00",4419,0.0150000000000006
"2019-03-13 11:41:00",4248,0.0350000000000037
"2019-03-13 11:42:00",2166,0.019999999999996
"2019-03-13 11:43:00",7090,0
"2019-03-13 11:44:00",800,0.0200000000000031
"2019-03-13 11:45:00",7419,-0.0300000000000011
"2019-03-13 11:46:00",6549,-0.00999999999999801
"2019-03-13 11:47:00",16733,0
"2019-03-13 11:48:00",1050,0
"2019-03-13 11:49:00",1180,-0.0100000000000051
"2019-03-13 11:50:00",4015,0.0100000000000051
"2019-03-13 11:51:00",19430,0.0300000000000011
"2019-03-13 11:52:00",4300,0
"2019-03-13 11:53:00",1000,0
"2019-03-13 11:54:00",3015,0.00999999999999801
"2019-03-13 11:55:00",1645,0
"2019-03-13 11:56:00",2920,0.00999999999999801
"2019-03-13 11:57:00",1484,0.0150000000000006
"2019-03-13 11:58:00",3391,0.0249999999999986
"2019-03-13 11:59:00",13294,0.0150000000000006
"2019-03-13 12:00:00",1002,0.00500000000000256
"2019-03-13 12:01:00",600,0.00999999999999801
"2019-03-13 12:02:00",21926,-0.019999999999996
"2019-03-13 12:03:00",7162,0.00999999999999801
"2019-03-13 12:04:00",4520,0.0249999999999986
"2019-03-13 12:05:00",5546,0.0349999999999966
"2019-03-13 12:06:00",1440,0
"2019-03-13 12:07:00",3084,-0.029999999999994
"2019-03-13 12:08:00",11769,0
"2019-03-13 12:09:00",1894,0
"2019-03-13 12:10:00",4671,0
"2019-03-13 12:11:00",6708,0.00499999999999545
"2019-03-13 12:12:00",4460,0.0200000000000031
"2019-03-13 12:13:00",3698,-0.0202000000000027
"2019-03-13 12:14:00",6068,0.00520000000000209
"2019-03-13 12:15:00",9574,0
"2019-03-13 12:16:00",7179,-0.00999999999999801
"2019-03-13 12:17:00",700,0
"2019-03-13 12:18:00",2434,0.00719999999999743
"2019-03-13 12:19:00",2005,0.00780000000000314
"2019-03-13 12:20:00",1669,0.0149999999999935
"2019-03-13 12:21:00",11200,-0.00999999999999801
"2019-03-13 12:22:00",1947,0.0249999999999986
"2019-03-13 12:23:00",5900,-0.0150000000000006
"2019-03-13 12:24:00",1100,-0.00999999999999801
"2019-03-13 12:25:00",4558,0.00679999999999836
"2019-03-13 12:26:00",2400,-0.00679999999999836
"2019-03-13 12:27:00",26507,0.0200000000000031
"2019-03-13 12:28:00",4543,-0.00500000000000256
"2019-03-13 12:29:00",15989,-0.00500000000000256
"2019-03-13 12:30:00",10977,-0.00999999999999801
"2019-03-13 12:31:00",3500,-0.00499999999999545
"2019-03-13 12:32:00",15699,0.0174999999999983
"2019-03-13 12:33:00",9460,-0.00250000000000483
"2019-03-13 12:34:00",10508,-0.0192999999999941
"2019-03-13 12:35:00",1200,0.0142999999999986
"2019-03-13 12:36:00",8378,-0.00500000000000256
"2019-03-13 12:37:00",2940,-0.00499999999999545
"2019-03-13 12:38:00",4251,0.00999999999999801
"2019-03-13 12:39:00",1600,-0.00500000000000256
"2019-03-13 12:40:00",2273,0
"2019-03-13 12:41:00",2452,0.00330000000000297
"2019-03-13 12:42:00",7173,-0.00330000000000297
"2019-03-13 12:43:00",5600,0.00500000000000256
"2019-03-13 12:44:00",800,-0.00999999999999801
"2019-03-13 12:45:00",4252,-0.0035000000000025
"2019-03-13 12:46:00",6196,-0.00650000000000261
"2019-03-13 12:47:00",6451,0.0165000000000006
"2019-03-13 12:48:00",8337,-0.00829999999999842
"2019-03-13 12:49:00",6119,-0.00820000000000221
"2019-03-13 12:50:00",4320,0.0150000000000006
"2019-03-13 12:51:00",6264,0.0200000000000031
"2019-03-13 12:52:00",9274,-0.0200000000000031
"2019-03-13 12:53:00",5421,0.0300000000000011
"2019-03-13 12:54:00",1070,0.0249999999999986
"2019-03-13 12:55:00",6636,-0.019999999999996
"2019-03-13 12:56:00",1650,0.00499999999999545
"2019-03-13 12:57:00",1600,-0.0150000000000006
"2019-03-13 12:58:00",1491,-0.00499999999999545
"2019-03-13 12:59:00",7050,0.0300000000000011
"2019-03-13 13:00:00",9200,-0.0100000000000051
"2019-03-13 13:01:00",16811,0.0100000000000051
"2019-03-13 13:02:00",7418,0
"2019-03-13 13:03:00",4932,0.00999999999999801
"2019-03-13 13:04:00",14429,0.00999999999999801
"2019-03-13 13:05:00",15879,-0.00999999999999801
"2019-03-13 13:06:00",2100,0.00999999999999801
"2019-03-13 13:07:00",14346,-0.00999999999999801
"2019-03-13 13:08:00",4659,0
"2019-03-13 13:09:00",4027,0.0150000000000006
"2019-03-13 13:10:00",4545,-0.00999999999999801
"2019-03-13 13:11:00",1155,0.00499999999999545
"2019-03-13 13:12:00",700,0
"2019-03-13 13:13:00",541,0.00500000000000256
"2019-03-13 13:14:00",1200,-0.00100000000000477
"2019-03-13 13:15:00",1300,0.00100000000000477
"2019-03-13 13:16:00",3841,0.00499999999999545
"2019-03-13 13:17:00",2858,0.00500000000000256
"2019-03-13 13:18:00",3800,0.0150000000000006
"2019-03-13 13:19:00",2661,0
"2019-03-13 13:20:00",800,-0.00500000000000256
"2019-03-13 13:21:00",12842,0.0350000000000037
"2019-03-13 13:22:00",7562,0
"2019-03-13 13:23:00",4086,0
"2019-03-13 13:24:00",6800,0.00999999999999801
"2019-03-13 13:25:00",8120,0.00500000000000256
"2019-03-13 13:26:00",6032,-0.00500000000000256
"2019-03-13 13:27:00",739,0.00500000000000256
"2019-03-13 13:28:00",10933,0.0249999999999986
"2019-03-13 13:29:00",2942,-0.00999999999999801
"2019-03-13 13:30:00",2249,0.00499999999999545
"2019-03-13 13:31:00",5657,0.0100000000000051
"2019-03-13 13:32:00",11075,-0.0350000000000037
"2019-03-13 13:33:00",2967,0.00999999999999801
"2019-03-13 13:34:00",2900,-0.0100999999999942
"2019-03-13 13:35:00",2001,0.0150999999999968
"2019-03-13 13:36:00",2075,0
"2019-03-13 13:37:00",8336,0.0198999999999998
"2019-03-13 13:38:00",4109,-0.00489999999999924
"2019-03-13 13:39:00",11303,0.00999999999999801
"2019-03-13 13:40:00",2500,0
"2019-03-13 13:41:00",7107,0
"2019-03-13 13:42:00",11488,0.0100000000000051
"2019-03-13 13:43:00",9452,0.0149999999999935
"2019-03-13 13:44:00",6210,0.00500000000000256
"2019-03-13 13:45:00",31343,-0.109999999999999
"2019-03-13 13:46:00",15074,0.0450000000000017
"2019-03-13 13:47:00",17534,-0.0500000000000043
"2019-03-13 13:48:00",3805,-0.0176999999999978
"2019-03-13 13:49:00",7328,0.0163000000000011
"2019-03-13 13:50:00",10546,-0.0185999999999993
"2019-03-13 13:51:00",4270,0.0150000000000006
"2019-03-13 13:52:00",21071,-0.0147000000000048
"2019-03-13 13:53:00",5910,0.0341000000000022
"2019-03-13 13:54:00",8923,0.0255999999999972
"2019-03-13 13:55:00",9240,0.00500000000000256
"2019-03-13 13:56:00",7670,0.0200000000000031
"2019-03-13 13:57:00",2661,-0.0100000000000051
"2019-03-13 13:58:00",8076,0.0250000000000057
"2019-03-13 13:59:00",3154,0.00499999999999545
"2019-03-13 14:00:00",9495,-0.019999999999996
"2019-03-13 14:01:00",2904,0
"2019-03-13 14:02:00",8024,0.00499999999999545
"2019-03-13 14:03:00",6236,0.0414999999999992
"2019-03-13 14:04:00",4454,0.00850000000000506
"2019-03-13 14:05:00",14048,0.0249999999999986
"2019-03-13 14:06:00",4739,-0.00999999999999801
"2019-03-13 14:07:00",5794,0
"2019-03-13 14:08:00",7218,-0.0200000000000031
"2019-03-13 14:09:00",6192,0.0125000000000028
"2019-03-13 14:10:00",2860,0.00750000000000028
"2019-03-13 14:11:00",4138,0.00499999999999545
"2019-03-13 14:12:00",10653,-0.00999999999999801
"2019-03-13 14:13:00",11483,0.00500000000000256
"2019-03-13 14:14:00",54448,-0.00500000000000256
"2019-03-13 14:15:00",16881,0.0249999999999986
"2019-03-13 14:16:00",10400,0.0150000000000006
"2019-03-13 14:17:00",10210,-0.00500000000000256
"2019-03-13 14:18:00",19611,0.0100000000000051
"2019-03-13 14:19:00",9709,0.00499999999999545
"2019-03-13 14:20:00",5955,0.0100000000000051
"2019-03-13 14:21:00",6581,-0.0350000000000037
"2019-03-13 14:22:00",8138,0.0150000000000006
"2019-03-13 14:23:00",6396,-0.0150000000000006
"2019-03-13 14:24:00",6277,-0.00499999999999545
"2019-03-13 14:25:00",10600,-0.0200000000000031
"2019-03-13 14:26:00",2550,0.0249000000000024
"2019-03-13 14:27:00",5361,9.99999999962142e-05
"2019-03-13 14:28:00",15360,-0.00999999999999801
"2019-03-13 14:29:00",5541,-0.00500000000000256
"2019-03-13 14:30:00",8475,-0.00499999999999545
"2019-03-13 14:31:00",11724,0
"2019-03-13 14:32:00",5625,0.0339999999999989
"2019-03-13 14:33:00",9733,0.0210000000000008
"2019-03-13 14:34:00",10325,0.00499999999999545
"2019-03-13 14:35:00",8705,-0.00999999999999801
"2019-03-13 14:36:00",5241,0.0150000000000006
"2019-03-13 14:37:00",14500,0.0150000000000006
"2019-03-13 14:38:00",1973,0.019999999999996
"2019-03-13 14:39:00",8917,0
"2019-03-13 14:40:00",11418,0.0100000000000051
"2019-03-13 14:41:00",5751,0
"2019-03-13 14:42:00",7074,0
"2019-03-13 14:43:00",10541,0.00999999999999801
"2019-03-13 14:44:00",14206,0
"2019-03-13 14:45:00",25611,0.00999999999999801
"2019-03-13 14:46:00",5817,-0.00999999999999801
"2019-03-13 14:47:00",8553,-0.00999999999999801
"2019-03-13 14:48:00",5872,0
"2019-03-13 14:49:00",15575,0
"2019-03-13 14:50:00",18510,0.019999999999996
"2019-03-13 14:51:00",3425,0.00500000000000256
"2019-03-13 14:52:00",19131,-0.00150000000000006
"2019-03-13 14:53:00",9982,-0.0035000000000025
"2019-03-13 14:54:00",13638,0.00500000000000256
"2019-03-13 14:55:00",27853,0.0249999999999986
"2019-03-13 14:56:00",18498,-0.0249999999999986
"2019-03-13 14:57:00",17564,0.00500000000000256
"2019-03-13 14:58:00",35688,-0.00500000000000256
"2019-03-13 14:59:00",45772,-0.0150000000000006
"2019-03-13 15:02:00",26446,-0.00999999999999801
"2019-03-13 15:15:00",0,0
"2019-03-14 08:30:00",44737,0.109999999999999
"2019-03-14 08:31:00",29694,0.00499999999999545
"2019-03-14 08:32:00",31790,0.0250000000000057
"2019-03-14 08:33:00",11749,0.019999999999996
"2019-03-14 08:34:00",6178,0.0399999999999991
"2019-03-14 08:35:00",17187,0.0300000000000011
"2019-03-14 08:36:00",12429,0.00500000000000256
"2019-03-14 08:37:00",6300,0
"2019-03-14 08:38:00",10580,0.019999999999996
"2019-03-14 08:39:00",25140,-0.019999999999996
"2019-03-14 08:40:00",13124,-0.0200000000000031
"2019-03-14 08:41:00",9274,0
"2019-03-14 08:42:00",9921,0.0450000000000017
"2019-03-14 08:43:00",23153,-0.00999999999999801
"2019-03-14 08:44:00",10768,-0.0200000000000031
"2019-03-14 08:45:00",6800,-0.0300000000000011
"2019-03-14 08:46:00",2000,0.0200000000000031
"2019-03-14 08:47:00",10269,0.0499999999999972
"2019-03-14 08:48:00",4679,0.0249999999999986
"2019-03-14 08:49:00",5098,-0.0449999999999946
"2019-03-14 08:50:00",5880,0.0449999999999946
"2019-03-14 08:51:00",7647,-0.0249999999999986
"2019-03-14 08:52:00",10287,0
"2019-03-14 08:53:00",3000,-0.0249999999999986
"2019-03-14 08:54:00",3609,0.0350000000000037
"2019-03-14 08:55:00",6505,0.00999999999999801
"2019-03-14 08:56:00",8146,0.00999999999999801
"2019-03-14 08:57:00",8258,-0.019999999999996
"2019-03-14 08:58:00",16762,0.00499999999999545
"2019-03-14 08:59:00",6819,-0.00499999999999545
"2019-03-14 09:00:00",9858,0.019999999999996
"2019-03-14 09:01:00",6875,-0.019999999999996
"2019-03-14 09:02:00",11168,0.0499999999999972
"2019-03-14 09:03:00",2592,-0.00999999999999801
"2019-03-14 09:04:00",4100,-0.0300000000000011
"2019-03-14 09:05:00",3000,0.019999999999996
"2019-03-14 09:06:00",6270,-0.019999999999996
"2019-03-14 09:07:00",1501,-0.0500000000000043
"2019-03-14 09:08:00",5346,-0.0236999999999981
"2019-03-14 09:09:00",4343,-0.00130000000000052
"2019-03-14 09:10:00",5840,0.00500000000000256
"2019-03-14 09:11:00",8252,0.0150000000000006
"2019-03-14 09:12:00",12560,-0.0200000000000031
"2019-03-14 09:13:00",5419,-0.00499999999999545
"2019-03-14 09:14:00",11987,0.00999999999999801
"2019-03-14 09:15:00",2805,-0.00999999999999801
"2019-03-14 09:16:00",6379,-0.0450000000000017
"2019-03-14 09:17:00",8527,0.00999999999999801
"2019-03-14 09:18:00",3450,0.0204999999999984
"2019-03-14 09:19:00",11946,-0.025500000000001
"2019-03-14 09:20:00",4312,0.00500000000000256
"2019-03-14 09:21:00",3299,0
"2019-03-14 09:22:00",2708,-0.00999999999999801
"2019-03-14 09:23:00",2968,0.00499999999999545
"2019-03-14 09:24:00",2949,0.0100000000000051
"2019-03-14 09:25:00",1956,0.00999999999999801
"2019-03-14 09:26:00",2702,0.00999999999999801
"2019-03-14 09:27:00",2610,0.0100000000000051
"2019-03-14 09:28:00",3246,-0.0300000000000011
"2019-03-14 09:29:00",2637,-0.0100000000000051
"2019-03-14 09:30:00",5134,-0.0399999999999991
"2019-03-14 09:31:00",22829,-0.00499999999999545
"2019-03-14 09:32:00",72070,0.00999999999999801
"2019-03-14 09:33:00",26873,0.00500000000000256
"2019-03-14 09:34:00",11723,0.00999999999999801
"2019-03-14 09:35:00",8399,-0.00500000000000256
"2019-03-14 09:36:00",10116,-0.019999999999996
"2019-03-14 09:37:00",11303,0.00499999999999545
"2019-03-14 09:38:00",8532,0.0200000000000031
"2019-03-14 09:39:00",2824,0.00999999999999801
"2019-03-14 09:40:00",9220,0.0200000000000031
"2019-03-14 09:41:00",2724,0
"2019-03-14 09:42:00",3865,0.00999999999999801
"2019-03-14 09:43:00",9104,-0.0300000000000011
"2019-03-14 09:44:00",8062,-0.0300000000000011
"2019-03-14 09:45:00",5757,-0.019999999999996
"2019-03-14 09:46:00",4090,0.019999999999996
"2019-03-14 09:47:00",6072,0.0150000000000006
"2019-03-14 09:48:00",2410,0
"2019-03-14 09:49:00",6786,0.0150000000000006
"2019-03-14 09:50:00",6619,0
"2019-03-14 09:51:00",4301,-0.0150000000000006
"2019-03-14 09:52:00",5552,0
"2019-03-14 09:53:00",3813,-0.00499999999999545
"2019-03-14 09:54:00",1097,-0.0100000000000051
"2019-03-14 09:55:00",18565,-0.00999999999999801
"2019-03-14 09:56:00",10054,-0.00500000000000256
"2019-03-14 09:57:00",4112,-0.0349999999999966
"2019-03-14 09:58:00",3436,0
"2019-03-14 09:59:00",8502,-0.00500000000000256
"2019-03-14 10:00:00",17193,-0.00499999999999545
"2019-03-14 10:01:00",11124,-0.0200000000000031
"2019-03-14 10:02:00",15783,-0.00999999999999801
"2019-03-14 10:03:00",11465,0.00499999999999545
"2019-03-14 10:04:00",6326,-0.00999999999999801
"2019-03-14 10:05:00",7197,0.0350000000000037
"2019-03-14 10:06:00",2900,0
"2019-03-14 10:07:00",5260,0.0150000000000006
"2019-03-14 10:08:00",10746,0.00499999999999545
"2019-03-14 10:09:00",8051,-0.019999999999996
"2019-03-14 10:10:00",7272,-0.0150000000000006
"2019-03-14 10:11:00",10077,0.0349999999999966
"2019-03-14 10:12:00",13803,0.00500000000000256
"2019-03-14 10:13:00",6100,0
"2019-03-14 10:14:00",8684,-0.00500000000000256
"2019-03-14 10:15:00",3527,-0.00499999999999545
"2019-03-14 10:16:00",11231,0.0150000000000006
"2019-03-14 10:17:00",2263,0.029999999999994
"2019-03-14 10:18:00",4728,-0.0150000000000006
"2019-03-14 10:19:00",1359,-0.0149999999999935
"2019-03-14 10:20:00",2225,-0.0250000000000057
"2019-03-14 10:21:00",8964,-0.00499999999999545
"2019-03-14 10:22:00",7441,0.0150000000000006
"2019-03-14 10:23:00",1400,-0.00500000000000256
"2019-03-14 10:24:00",2000,-0.00999999999999801
"2019-03-14 10:25:00",10667,-0.0150000000000006
"2019-03-14 10:26:00",2510,-0.0200000000000031
"2019-03-14 10:27:00",3150,0.00500000000000256
"2019-03-14 10:28:00",5063,0
"2019-03-14 10:29:00",6235,0.00999999999999801
"2019-03-14 10:30:00",2756,-0.019999999999996
"2019-03-14 10:31:00",4789,-0.00500000000000256
"2019-03-14 10:32:00",10641,0.00500000000000256
"2019-03-14 10:33:00",3782,-0.00500000000000256
"2019-03-14 10:34:00",6226,0.0349999999999966
"2019-03-14 10:35:00",1695,0
"2019-03-14 10:36:00",5673,-0.00999999999999801
"2019-03-14 10:37:00",800,0.00999999999999801
"2019-03-14 10:38:00",3926,0.0150000000000006
"2019-03-14 10:39:00",4516,0.00500000000000256
"2019-03-14 10:40:00",6717,0
"2019-03-14 10:41:00",665,0.00999999999999801
"2019-03-14 10:42:00",4907,0.0100000000000051
"2019-03-14 10:43:00",9472,0.00499999999999545
"2019-03-14 10:44:00",8864,0.0450000000000017
"2019-03-14 10:45:00",3198,0.00999999999999801
"2019-03-14 10:46:00",700,0
"2019-03-14 10:47:00",11532,0.0300000000000011
"2019-03-14 10:48:00",5304,0.00900000000000034
"2019-03-14 10:49:00",3044,-0.00399999999999778
"2019-03-14 10:50:00",3100,0.0150000000000006
"2019-03-14 10:51:00",7179,-0.0300000000000011
"2019-03-14 10:52:00",2442,0.019999999999996
"2019-03-14 10:53:00",3974,-0.00499999999999545
"2019-03-14 10:54:00",1300,0.00999999999999801
"2019-03-14 10:55:00",1789,-0.0150000000000006
"2019-03-14 10:56:00",3492,0.00999999999999801
"2019-03-14 10:57:00",3813,0
"2019-03-14 10:58:00",10417,0
"2019-03-14 10:59:00",2339,0
"2019-03-14 11:00:00",3024,0.0200000000000031
"2019-03-14 11:01:00",2300,-0.00500000000000256
"2019-03-14 11:02:00",3860,-0.00499999999999545
"2019-03-14 11:03:00",2118,-0.0200000000000031
"2019-03-14 11:04:00",1500,0.00999999999999801
"2019-03-14 11:05:00",4592,-0.00499999999999545
"2019-03-14 11:06:00",3200,0.0150000000000006
"2019-03-14 11:07:00",1910,0
"2019-03-14 11:08:00",5000,0.0349999999999966
"2019-03-14 11:09:00",6390,-0.00500000000000256
"2019-03-14 11:10:00",5100,0.0100000000000051
"2019-03-14 11:11:00",1669,-0.0110000000000028
"2019-03-14 11:12:00",700,-0.0189999999999984
"2019-03-14 11:13:00",3346,-0.0069999999999979
"2019-03-14 11:14:00",3548,-0.00300000000000011
"2019-03-14 11:15:00",4850,0
"2019-03-14 11:16:00",1514,0
"2019-03-14 11:17:00",1606,0.019999999999996
"2019-03-14 11:18:00",3193,-0.00999999999999801
"2019-03-14 11:19:00",1860,0
"2019-03-14 11:20:00",7810,-0.00999999999999801
"2019-03-14 11:21:00",2400,-0.0200000000000031
"2019-03-14 11:22:00",1560,0
"2019-03-14 11:23:00",800,-0.0349999999999966
"2019-03-14 11:24:00",4354,0.00999999999999801
"2019-03-14 11:25:00",3160,-0.00500000000000256
"2019-03-14 11:26:00",1406,0.0200000000000031
"2019-03-14 11:27:00",4717,0
"2019-03-14 11:28:00",2132,0.00999999999999801
"2019-03-14 11:29:00",4300,-0.0200000000000031
"2019-03-14 11:30:00",2549,0
"2019-03-14 11:31:00",14485,0
"2019-03-14 11:32:00",2538,-0.000999999999997669
"2019-03-14 11:33:00",6891,-0.00900000000000034
"2019-03-14 11:34:00",9500,-0.0499999999999972
"2019-03-14 11:35:00",8444,0.0150000000000006
"2019-03-14 11:36:00",18751,-0.0350000000000037
"2019-03-14 11:37:00",6352,0
"2019-03-14 11:38:00",3893,-0.0101000000000013
"2019-03-14 11:39:00",3872,0.00010000000000332
"2019-03-14 11:40:00",2100,0.0298999999999978
"2019-03-14 11:41:00",3499,-0.0148999999999972
"2019-03-14 11:42:00",4569,0.00500000000000256
"2019-03-14 11:43:00",4567,0
"2019-03-14 11:44:00",2500,0.00499999999999545
"2019-03-14 11:45:00",3375,-0.00999999999999801
"2019-03-14 11:46:00",12804,0.0150000000000006
"2019-03-14 11:47:00",3374,0
"2019-03-14 11:48:00",15962,0.0300000000000011
"2019-03-14 11:49:00",4318,0.019999999999996
"2019-03-14 11:50:00",3760,0
"2019-03-14 11:51:00",2071,0.0200000000000031
"2019-03-14 11:52:00",1100,0
"2019-03-14 11:53:00",1735,-0.0150000000000006
"2019-03-14 11:54:00",2988,0.0150000000000006
"2019-03-14 11:55:00",2690,0
"2019-03-14 11:56:00",11020,0
"2019-03-14 11:57:00",6065,0.0300000000000011
"2019-03-14 11:58:00",4182,0.00499999999999545
"2019-03-14 11:59:00",3042,0.0150000000000006
"2019-03-14 12:00:00",6594,-9.99999999962142e-05
"2019-03-14 12:01:00",15871,9.99999999962142e-05
"2019-03-14 12:02:00",8737,-0.0150000000000006
"2019-03-14 12:03:00",2600,-0.00499999999999545
"2019-03-14 12:04:00",1367,-0.0035000000000025
"2019-03-14 12:05:00",4947,0.0035000000000025
"2019-03-14 12:06:00",5078,0.00999999999999801
"2019-03-14 12:07:00",4382,-0.0200000000000031
"2019-03-14 12:08:00",1049,0
"2019-03-14 12:09:00",3572,0
"2019-03-14 12:10:00",1400,0.0100000000000051
"2019-03-14 12:11:00",2002,-0.00500000000000256
"2019-03-14 12:12:00",4846,0.0106999999999999
"2019-03-14 12:13:00",6875,-0.00569999999999737
"2019-03-14 12:14:00",600,-0.00500000000000256
"2019-03-14 12:15:00",1100,0.00500000000000256
"2019-03-14 12:16:00",5589,-0.00010000000000332
"2019-03-14 12:17:00",2150,-0.0099000000000018
"2019-03-14 12:18:00",706,-0.0300000000000011
"2019-03-14 12:19:00",4333,0.0100000000000051
"2019-03-14 12:20:00",2512,-0.0100000000000051
"2019-03-14 12:21:00",3626,-0.00999999999999801
"2019-03-14 12:22:00",1200,-0.0150000000000006
"2019-03-14 12:23:00",2700,0.00500000000000256
"2019-03-14 12:24:00",1452,-0.00610000000000355
"2019-03-14 12:25:00",800,0.00110000000000099
"2019-03-14 12:26:00",1109,-0.0122
"2019-03-14 12:27:00",2327,0.00720000000000454
"2019-03-14 12:28:00",1500,0.00989999999999469
"2019-03-14 12:29:00",600,-0.00489999999999924
"2019-03-14 12:30:00",1300,-0.00499999999999545
"2019-03-14 12:31:00",3137,-0.0100000000000051
"2019-03-14 12:32:00",2278,0.0099000000000018
"2019-03-14 12:33:00",17950,-0.00489999999999924
"2019-03-14 12:34:00",9359,-0.0150000000000006
"2019-03-14 12:35:00",1082,0.00999999999999801
"2019-03-14 12:36:00",677,-0.019999999999996
"2019-03-14 12:37:00",1900,-0.0200000000000031
"2019-03-14 12:38:00",2348,0.0100000000000051
"2019-03-14 12:39:00",7464,0.00509999999999877
"2019-03-14 12:40:00",1088,-0.00980000000000558
"2019-03-14 12:41:00",895,-0.00539999999999452
"2019-03-14 12:42:00",200,-0.0198999999999998
"2019-03-14 12:43:00",6946,0.0198999999999998
"2019-03-14 12:44:00",6000,-0.0100000000000051
"2019-03-14 12:45:00",8854,0.0101000000000013
"2019-03-14 12:46:00",2161,0.0200000000000031
"2019-03-14 12:47:00",500,0
"2019-03-14 12:48:00",2428,0.00499999999999545
"2019-03-14 12:49:00",3162,0.00500000000000256
"2019-03-14 12:50:00",800,0.00999999999999801
"2019-03-14 12:51:00",2932,-0.0300999999999974
"2019-03-14 12:52:00",1550,-0.0123999999999995
"2019-03-14 12:53:00",11600,0.00750000000000028
"2019-03-14 12:54:00",10663,-0.000500000000002387
"2019-03-14 12:55:00",2800,-0.00450000000000017
"2019-03-14 12:56:00",2121,0
"2019-03-14 12:57:00",14235,-0.00999999999999801
"2019-03-14 12:58:00",3924,0.00999999999999801
"2019-03-14 12:59:00",8919,0.0099000000000018
"2019-03-14 13:00:00",8873,0.0101000000000013
"2019-03-14 13:01:00",4200,-0.00500000000000256
"2019-03-14 13:02:00",2900,-0.0349999999999966
"2019-03-14 13:03:00",5520,0.019999999999996
"2019-03-14 13:04:00",2600,-0.0124999999999957
"2019-03-14 13:05:00",3885,0.00249999999999773
"2019-03-14 13:06:00",1626,0.00999999999999801
"2019-03-14 13:07:00",1200,0.0150000000000006
"2019-03-14 13:08:00",1200,-0.0150000000000006
"2019-03-14 13:09:00",5333,0.0099000000000018
"2019-03-14 13:10:00",2707,-0.0148999999999972
"2019-03-14 13:11:00",4259,0.0150000000000006
"2019-03-14 13:12:00",1335,0
"2019-03-14 13:13:00",500,-0.00500000000000256
"2019-03-14 13:14:00",2513,-0.00999999999999801
"2019-03-14 13:15:00",4407,-0.00130000000000052
"2019-03-14 13:16:00",1056,0.00580000000000069
"2019-03-14 13:17:00",7997,0.0183999999999997
"2019-03-14 13:18:00",1320,0.00209999999999866
"2019-03-14 13:19:00",3750,0.019999999999996
"2019-03-14 13:20:00",2692,-0.00499999999999545
"2019-03-14 13:21:00",9588,0.00159999999999627
"2019-03-14 13:22:00",12371,0.0234000000000023
"2019-03-14 13:23:00",1685,0.0298999999999978
"2019-03-14 13:24:00",2454,-0.0198999999999998
"2019-03-14 13:25:00",3600,-0.00999999999999801
"2019-03-14 13:26:00",3214,0
"2019-03-14 13:27:00",7819,-0.00999999999999801
"2019-03-14 13:28:00",4330,-0.0200000000000031
"2019-03-14 13:29:00",604,0.00999999999999801
"2019-03-14 13:30:00",3253,-0.00999999999999801
"2019-03-14 13:31:00",1108,-0.00999999999999801
"2019-03-14 13:32:00",1900,-0.00999999999999801
"2019-03-14 13:33:00",1463,-0.0099000000000018
"2019-03-14 13:34:00",3313,-0.0101000000000013
"2019-03-14 13:35:00",16899,0.0150000000000006
"2019-03-14 13:36:00",3910,-0.00500000000000256
"2019-03-14 13:37:00",400,-0.019999999999996
"2019-03-14 13:38:00",1100,-0.0200000000000031
"2019-03-14 13:39:00",3202,0.0300000000000011
"2019-03-14 13:40:00",900,-0.00500000000000256
"2019-03-14 13:41:00",3729,0.0100000000000051
"2019-03-14 13:42:00",1100,0.00499999999999545
"2019-03-14 13:43:00",4289,0
"2019-03-14 13:44:00",4441,0
"2019-03-14 13:45:00",1074,0.00500000000000256
"2019-03-14 13:46:00",3167,0.00500000000000256
"2019-03-14 13:47:00",200,0
"2019-03-14 13:48:00",1138,-0.0100000000000051
"2019-03-14 13:49:00",996,0.0100000000000051
"2019-03-14 13:50:00",6958,0
"2019-03-14 13:51:00",2190,-0.00500000000000256
"2019-03-14 13:52:00",11138,0.00999999999999801
"2019-03-14 13:53:00",1020,0.00500000000000256
"2019-03-14 13:54:00",2418,0
"2019-03-14 13:55:00",12286,0.00999999999999801
"2019-03-14 13:56:00",10588,-0.00999999999999801
"2019-03-14 13:57:00",5728,0.00999999999999801
"2019-03-14 13:58:00",5000,-0.019999999999996
"2019-03-14 13:59:00",3366,-0.0200000000000031
"2019-03-14 14:00:00",3600,-0.0200000000000031
"2019-03-14 14:01:00",450,0
"2019-03-14 14:02:00",1200,-0.019999999999996
"2019-03-14 14:03:00",4864,-0.00500000000000256
"2019-03-14 14:04:00",7006,0.0301000000000045
"2019-03-14 14:05:00",8137,0.0198999999999998
"2019-03-14 14:06:00",1600,0
"2019-03-14 14:07:00",10218,0
"2019-03-14 14:08:00",202,-0.00110000000000099
"2019-03-14 14:09:00",2043,0.00110000000000099
"2019-03-14 14:10:00",4527,-0.00500000000000256
"2019-03-14 14:11:00",1436,0
"2019-03-14 14:12:00",925,0.00999999999999801
"2019-03-14 14:13:00",2799,-0.0128999999999948
"2019-03-14 14:14:00",5314,0.0128999999999948
"2019-03-14 14:15:00",925,-0.00489999999999924
"2019-03-14 14:16:00",2500,0.00489999999999924
"2019-03-14 14:17:00",2808,-0.00499999999999545
"2019-03-14 14:18:00",2900,0.00139999999999674
"2019-03-14 14:19:00",300,-0.0063999999999993
"2019-03-14 14:20:00",2393,-0.00999999999999801
"2019-03-14 14:21:00",2660,0
"2019-03-14 14:22:00",4883,0.00549999999999784
"2019-03-14 14:23:00",300,-0.0105000000000004
"2019-03-14 14:24:00",740,0
"2019-03-14 14:25:00",994,-0.0217999999999989
"2019-03-14 14:26:00",3260,0.0217999999999989
"2019-03-14 14:27:00",2570,0.00500000000000256
"2019-03-14 14:28:00",1300,0.0150000000000006
"2019-03-14 14:29:00",1740,0
"2019-03-14 14:30:00",5402,0.00499999999999545
"2019-03-14 14:31:00",8255,0
"2019-03-14 14:32:00",3051,0.0150000000000006
"2019-03-14 14:33:00",3672,-0.019999999999996
"2019-03-14 14:34:00",1715,-0.0250000000000057
"2019-03-14 14:35:00",13260,0.00500000000000256
"2019-03-14 14:36:00",5504,-0.0249999999999986
"2019-03-14 14:37:00",12978,0.019999999999996
"2019-03-14 14:38:00",23552,-0.00499999999999545
"2019-03-14 14:39:00",26602,-0.00809999999999889
"2019-03-14 14:40:00",9590,0.00919999999999987
"2019-03-14 14:41:00",2645,-0.00610000000000355
"2019-03-14 14:42:00",5129,-0.0300000000000011
"2019-03-14 14:43:00",10387,0.0200000000000031
"2019-03-14 14:44:00",1525,0.00499999999999545
"2019-03-14 14:45:00",4659,-0.00999999999999801
"2019-03-14 14:46:00",6976,0.0200000000000031
"2019-03-14 14:47:00",3190,0
"2019-03-14 14:48:00",3765,0
"2019-03-14 14:49:00",9590,0.00999999999999801
"2019-03-14 14:50:00",4126,0.00399999999999778
"2019-03-14 14:51:00",3952,-0.00399999999999778
"2019-03-14 14:52:00",9285,-0.00500000000000256
"2019-03-14 14:53:00",5998,0.0100000000000051
"2019-03-14 14:54:00",9293,-0.0150000000000006
"2019-03-14 14:55:00",7848,0.0150000000000006
"2019-03-14 14:56:00",5813,-0.00500000000000256
"2019-03-14 14:57:00",4565,0.00500000000000256
"2019-03-14 14:58:00",5960,-0.0099000000000018
"2019-03-14 14:59:00",42293,-0.0101000000000013
"2019-03-14 15:02:00",19105,0.00999999999999801
"2019-03-14 15:15:00",0,0
"2019-03-15 08:30:00",50709,0.140000000000001
"2019-03-15 08:31:00",6950,0.0200000000000031
"2019-03-15 08:32:00",6900,0.019999999999996
"2019-03-15 08:33:00",6637,0
"2019-03-15 08:34:00",4586,0
"2019-03-15 08:35:00",5505,-0.00999999999999801
"2019-03-15 08:36:00",2203,0.0200000000000031
"2019-03-15 08:37:00",6411,0.0101000000000013
"2019-03-15 08:38:00",8223,-0.0101000000000013
"2019-03-15 08:39:00",2922,-0.0100000000000051
"2019-03-15 08:40:00",4502,-0.00999999999999801
"2019-03-15 08:41:00",3157,0
"2019-03-15 08:42:00",5487,0.0300000000000011
"2019-03-15 08:43:00",21046,0.00500000000000256
"2019-03-15 08:44:00",12677,0.0349999999999966
"2019-03-15 08:45:00",12997,-0.0334999999999965
"2019-03-15 08:46:00",27573,0.0334999999999965
"2019-03-15 08:47:00",5532,0.0159999999999982
"2019-03-15 08:48:00",3142,0.0240000000000009
"2019-03-15 08:49:00",2415,-0.00269999999999726
"2019-03-15 08:50:00",3680,-0.00730000000000075
"2019-03-15 08:51:00",10906,0.00999999999999801
"2019-03-15 08:52:00",1921,-0.019999999999996
"2019-03-15 08:53:00",2907,0
"2019-03-15 08:54:00",3364,0
"2019-03-15 08:55:00",8998,0.019999999999996
"2019-03-15 08:56:00",2525,-0.0300000000000011
"2019-03-15 08:57:00",4042,-0.023299999999999
"2019-03-15 08:58:00",2662,-0.0266999999999982
"2019-03-15 08:59:00",2550,0.00300000000000011
"2019-03-15 09:00:00",3975,-0.0129999999999981
"2019-03-15 09:01:00",1000,-0.0100000000000051
"2019-03-15 09:02:00",3567,-0.029999999999994
"2019-03-15 09:03:00",10560,0
"2019-03-15 09:04:00",1195,0.00999999999999801
"2019-03-15 09:05:00",3505,0
"2019-03-15 09:06:00",2300,-0.0150000000000006
"2019-03-15 09:07:00",4517,-0.00500000000000256
"2019-03-15 09:08:00",4450,0
"2019-03-15 09:09:00",2474,-0.0130999999999943
"2019-03-15 09:10:00",5318,-0.0469000000000008
"2019-03-15 09:11:00",4033,0.019999999999996
"2019-03-15 09:12:00",6900,0.027000000000001
"2019-03-15 09:13:00",1500,0.00300000000000011
"2019-03-15 09:14:00",5357,-0.00999999999999801
"2019-03-15 09:15:00",9557,-0.0549999999999997
"2019-03-15 09:16:00",5273,0.00499999999999545
"2019-03-15 09:17:00",1900,0.00500000000000256
"2019-03-15 09:18:00",1286,0.0150000000000006
"2019-03-15 09:19:00",8427,0.0399999999999991
"2019-03-15 09:20:00",3900,0.0200000000000031
"2019-03-15 09:21:00",3461,0.00999999999999801
"2019-03-15 09:22:00",4100,-0.00999999999999801
"2019-03-15 09:23:00",6563,0
"2019-03-15 09:24:00",1900,0.00499999999999545
"2019-03-15 09:25:00",5985,0.0350000000000037
"2019-03-15 09:26:00",5500,0.019999999999996
"2019-03-15 09:27:00",5700,-0.00999999999999801
"2019-03-15 09:28:00",9577,-0.00189999999999912
"2019-03-15 09:29:00",14260,0.0420999999999978
"2019-03-15 09:30:00",30082,0.0698000000000008
"2019-03-15 09:31:00",5442,-0.019999999999996
"2019-03-15 09:32:00",8373,0.019999999999996
"2019-03-15 09:33:00",9988,-0.0300000000000011
"2019-03-15 09:34:00",6119,0
"2019-03-15 09:35:00",4683,-0.0300000000000011
"2019-03-15 09:36:00",3854,0.0100000000000051
"2019-03-15 09:37:00",12455,0.0300000000000011
"2019-03-15 09:38:00",2923,0.00329999999999586
"2019-03-15 09:39:00",2400,-0.023299999999999
"2019-03-15 09:40:00",8991,-0.0399999999999991
"2019-03-15 09:41:00",2160,0.00999999999999801
"2019-03-15 09:42:00",4997,-0.00999999999999801
"2019-03-15 09:43:00",4033,-0.00999999999999801
"2019-03-15 09:44:00",2033,0.00999999999999801
"2019-03-15 09:45:00",2729,-0.0262000000000029
"2019-03-15 09:46:00",3285,0.0362000000000009
"2019-03-15 09:47:00",5571,-0.00999999999999801
"2019-03-15 09:48:00",2300,0.00999999999999801
"2019-03-15 09:49:00",3017,0
"2019-03-15 09:50:00",3311,0.0300000000000011
"2019-03-15 09:51:00",5985,0.00829999999999842
"2019-03-15 09:52:00",4799,-0.00829999999999842
"2019-03-15 09:53:00",7921,-0.0150000000000006
"2019-03-15 09:54:00",1459,-0.0300000000000011
"2019-03-15 09:55:00",3165,-0.00499999999999545
"2019-03-15 09:56:00",5700,0.00499999999999545
"2019-03-15 09:57:00",6711,0.0150000000000006
"2019-03-15 09:58:00",14219,0.0300000000000011
"2019-03-15 09:59:00",11512,-0.00500000000000256
"2019-03-15 10:00:00",6095,0.00500000000000256
"2019-03-15 10:01:00",2000,0.00459999999999638
"2019-03-15 10:02:00",2600,-0.0145999999999944
"2019-03-15 10:03:00",5996,0
"2019-03-15 10:04:00",2510,0.00999999999999801
"2019-03-15 10:05:00",8909,0.00999999999999801
"2019-03-15 10:06:00",5712,0.0200000000000031
"2019-03-15 10:07:00",6440,0.00999999999999801
"2019-03-15 10:08:00",2000,-9.99999999962142e-05
"2019-03-15 10:09:00",2716,9.99999999962142e-05
"2019-03-15 10:10:00",1825,-0.0300000000000011
"2019-03-15 10:11:00",4400,0
"2019-03-15 10:12:00",2608,-0.00499999999999545
"2019-03-15 10:13:00",9029,0.0118999999999971
"2019-03-15 10:14:00",2002,-0.0118999999999971
"2019-03-15 10:15:00",5028,0.00499999999999545
"2019-03-15 10:16:00",7052,0.0200000000000031
"2019-03-15 10:17:00",3657,-0.00999999999999801
"2019-03-15 10:18:00",4851,0.0399999999999991
"2019-03-15 10:19:00",2175,0.0150000000000006
"2019-03-15 10:20:00",9671,0.00499999999999545
"2019-03-15 10:21:00",2000,-0.00999999999999801
"2019-03-15 10:22:00",4552,-0.00999999999999801
"2019-03-15 10:23:00",5716,0.019999999999996
"2019-03-15 10:24:00",5900,-0.00499999999999545
"2019-03-15 10:25:00",3297,0.00499999999999545
"2019-03-15 10:26:00",3137,-0.00999999999999801
"2019-03-15 10:27:00",2200,0
"2019-03-15 10:28:00",4182,-0.0200000000000031
"2019-03-15 10:29:00",1649,-0.00499999999999545
"2019-03-15 10:30:00",15126,-0.0450000000000017
"2019-03-15 10:31:00",7205,-0.0200000000000031
"2019-03-15 10:32:00",8449,-0.00999999999999801
"2019-03-15 10:33:00",8317,0.0200000000000031
"2019-03-15 10:34:00",3109,-0.00010000000000332
"2019-03-15 10:35:00",12349,-0.00999999999999801
"2019-03-15 10:36:00",13822,-0.0099000000000018
"2019-03-15 10:37:00",18628,-0.00999999999999801
"2019-03-15 10:38:00",8165,0.019999999999996
"2019-03-15 10:39:00",39333,0.0200000000000031
"2019-03-15 10:40:00",10580,-0.0300000000000011
"2019-03-15 10:41:00",13270,0.0399000000000029
"2019-03-15 10:42:00",5132,0.0150999999999968
"2019-03-15 10:43:00",2100,-0.0150999999999968
"2019-03-15 10:44:00",5241,-0.0200000000000031
"2019-03-15 10:45:00",1966,0.0350999999999999
"2019-03-15 10:46:00",11297,0.00500000000000256
"2019-03-15 10:47:00",9626,0.00999999999999801
"2019-03-15 10:48:00",11618,0.0200000000000031
"2019-03-15 10:49:00",20445,0.0700000000000003
"2019-03-15 10:50:00",25404,-0.0300000000000011
"2019-03-15 10:51:00",4100,-0.0500000000000043
"2019-03-15 10:52:00",11868,-0.00999999999999801
"2019-03-15 10:53:00",37253,-0.0399999999999991
"2019-03-15 10:54:00",3209,-0.00999999999999801
"2019-03-15 10:55:00",1100,0.0100999999999942
"2019-03-15 10:56:00",2658,-0.0100999999999942
"2019-03-15 10:57:00",10217,-0.0200000000000031
"2019-03-15 10:58:00",7209,0.00999999999999801
"2019-03-15 10:59:00",7379,0
"2019-03-15 11:00:00",11106,0.0100000000000051
"2019-03-15 11:01:00",5106,0.00499999999999545
"2019-03-15 11:02:00",9037,-0.019999999999996
"2019-03-15 11:03:00",6308,0.0249999999999986
"2019-03-15 11:04:00",24194,0.00999999999999801
"2019-03-15 11:05:00",10760,0.0249999999999986
"2019-03-15 11:06:00",7822,-0.00499999999999545
"2019-03-15 11:07:00",4275,0.019999999999996
"2019-03-15 11:08:00",5570,0.0299000000000049
"2019-03-15 11:09:00",4137,0.0100999999999942
"2019-03-15 11:10:00",3492,0.0099000000000018
"2019-03-15 11:11:00",2419,-0.0148999999999972
"2019-03-15 11:12:00",7004,0.0249000000000024
"2019-03-15 11:13:00",3185,9.99999999962142e-05
"2019-03-15 11:14:00",6650,-0.0101000000000013
"2019-03-15 11:15:00",12025,-0.0198999999999998
"2019-03-15 11:16:00",4228,0
"2019-03-15 11:17:00",4535,0.0200000000000031
"2019-03-15 11:18:00",10100,0.0249999999999986
"2019-03-15 11:19:00",5839,0.00500000000000256
"2019-03-15 11:20:00",3768,-0.0150000000000006
"2019-03-15 11:21:00",2750,0.00499999999999545
"2019-03-15 11:22:00",1900,0.0100000000000051
"2019-03-15 11:23:00",6808,0.00499999999999545
"2019-03-15 11:24:00",4064,0.0150000000000006
"2019-03-15 11:25:00",5362,-0.019999999999996
"2019-03-15 11:26:00",9344,-0.0200000000000031
"2019-03-15 11:27:00",6430,-0.0099000000000018
"2019-03-15 11:28:00",7119,-0.0101000000000013
"2019-03-15 11:29:00",20266,0.0250000000000057
"2019-03-15 11:30:00",45773,0.0548999999999964
"2019-03-15 11:31:00",31124,-0.0349000000000004
"2019-03-15 11:32:00",36704,-0.0399999999999991
"2019-03-15 11:33:00",28466,-0.0450000000000017
"2019-03-15 11:34:00",21385,-0.0549999999999997
"2019-03-15 11:35:00",10052,0.0200000000000031
"2019-03-15 11:36:00",35100,0.0150000000000006
"2019-03-15 11:37:00",28553,-0.046599999999998
"2019-03-15 11:38:00",11108,0.00659999999999883
"2019-03-15 11:39:00",7435,0.019999999999996
"2019-03-15 11:40:00",831,0.00500000000000256
"2019-03-15 11:41:00",7882,0.00370000000000203
"2019-03-15 11:42:00",3400,-0.00870000000000459
"2019-03-15 11:43:00",1450,-0.00999999999999801
"2019-03-15 11:44:00",1200,0.0300000000000011
"2019-03-15 11:45:00",2748,-0.0178000000000011
"2019-03-15 11:46:00",700,-0.00220000000000198
"2019-03-15 11:47:00",2955,0.0100000000000051
"2019-03-15 11:48:00",2957,-0.0200000000000031
"2019-03-15 11:49:00",1100,-0.00500000000000256
"2019-03-15 11:50:00",1540,0.0150000000000006
"2019-03-15 11:51:00",1000,0
"2019-03-15 11:52:00",5110,0.00500000000000256
"2019-03-15 11:53:00",8518,-0.0350000000000037
"2019-03-15 11:54:00",1900,0.0100000000000051
"2019-03-15 11:55:00",700,0.0150000000000006
"2019-03-15 11:56:00",4330,-0.0150000000000006
"2019-03-15 11:57:00",2997,0.0249999999999986
"2019-03-15 11:58:00",1700,-0.0131999999999977
"2019-03-15 11:59:00",508,0.00319999999999965
"2019-03-15 12:00:00",616,0
"2019-03-15 12:01:00",700,0
"2019-03-15 12:02:00",2434,0.0137999999999963
"2019-03-15 12:03:00",4979,-0.0187999999999988
"2019-03-15 12:04:00",700,-0.00500000000000256
"2019-03-15 12:05:00",535,0.00400000000000489
"2019-03-15 12:06:00",4426,-0.0191000000000017
"2019-03-15 12:07:00",3675,-0.00339999999999918
"2019-03-15 12:08:00",2156,0.00849999999999795
"2019-03-15 12:09:00",300,-0.00500000000000256
"2019-03-15 12:10:00",1300,-0.00499999999999545
"2019-03-15 12:11:00",6851,-0.0150000000000006
"2019-03-15 12:12:00",2107,-0.00900000000000034
"2019-03-15 12:13:00",2250,0.00679999999999836
"2019-03-15 12:14:00",1500,0.0121000000000038
"2019-03-15 12:15:00",2840,-0.0100000000000051
"2019-03-15 12:16:00",1535,0.0100000000000051
"2019-03-15 12:17:00",1700,-0.00380000000000535
"2019-03-15 12:18:00",1900,-0.00609999999999644
"2019-03-15 12:19:00",27067,-0.0301000000000045
"2019-03-15 12:20:00",2700,0.0300000000000011
"2019-03-15 12:21:00",7002,-0.019999999999996
"2019-03-15 12:22:00",6517,9.99999999962142e-05
"2019-03-15 12:23:00",1000,0.0130000000000052
"2019-03-15 12:24:00",1099,-0.00800000000000267
"2019-03-15 12:25:00",1900,-0.00999999999999801
"2019-03-15 12:26:00",3007,-0.0200000000000031
"2019-03-15 12:27:00",3538,-0.00500000000000256
"2019-03-15 12:28:00",10640,0.0300000000000011
"2019-03-15 12:29:00",4716,-0.00999999999999801
"2019-03-15 12:30:00",1008,0.00999999999999801
"2019-03-15 12:31:00",555,0.0100000000000051
"2019-03-15 12:32:00",3795,-0.0200000000000031
"2019-03-15 12:33:00",400,0.0369000000000028
"2019-03-15 12:34:00",6000,0.00309999999999633
"2019-03-15 12:35:00",2100,0.00999999999999801
"2019-03-15 12:36:00",11908,-0.00999999999999801
"2019-03-15 12:37:00",3210,0.0200000000000031
"2019-03-15 12:38:00",2818,-0.0100000000000051
"2019-03-15 12:39:00",2981,-0.00999999999999801
"2019-03-15 12:40:00",1250,-0.019999999999996
"2019-03-15 12:41:00",6179,0
"2019-03-15 12:42:00",2900,0.019999999999996
"2019-03-15 12:43:00",7433,0.00500000000000256
"2019-03-15 12:44:00",4343,0.00999999999999801
"2019-03-15 12:45:00",1892,0.00999999999999801
"2019-03-15 12:46:00",900,0.00500000000000256
"2019-03-15 12:47:00",2000,0.00500000000000256
"2019-03-15 12:48:00",5542,-0.0100000000000051
"2019-03-15 12:49:00",3344,0.0100000000000051
"2019-03-15 12:50:00",3631,0.019999999999996
"2019-03-15 12:51:00",2209,0
"2019-03-15 12:52:00",7893,0
"2019-03-15 12:53:00",3987,-0.0150000000000006
"2019-03-15 12:54:00",2760,-0.00999999999999801
"2019-03-15 12:55:00",8140,0
"2019-03-15 12:56:00",2288,0.00999999999999801
"2019-03-15 12:57:00",3758,0.00500000000000256
"2019-03-15 12:58:00",8731,-0.00500000000000256
"2019-03-15 12:59:00",1000,0
"2019-03-15 13:00:00",2919,-0.0167000000000002
"2019-03-15 13:01:00",1975,-0.00329999999999586
"2019-03-15 13:02:00",700,0
"2019-03-15 13:03:00",1955,-0.00500000000000256
"2019-03-15 13:04:00",3412,-0.0189999999999984
"2019-03-15 13:05:00",6179,-0.00600000000000023
"2019-03-15 13:06:00",2078,-0.0150000000000006
"2019-03-15 13:07:00",2355,0.0150000000000006
"2019-03-15 13:08:00",1036,-0.00999999999999801
"2019-03-15 13:09:00",2399,-0.0041000000000011
"2019-03-15 13:10:00",1400,-0.000900000000001455
"2019-03-15 13:11:00",10700,-0.0150000000000006
"2019-03-15 13:12:00",5166,0
"2019-03-15 13:13:00",1800,-0.00010000000000332
"2019-03-15 13:14:00",2195,-0.0198999999999998
"2019-03-15 13:15:00",984,0
"2019-03-15 13:16:00",750,0.00500000000000256
"2019-03-15 13:17:00",2496,-0.0150000000000006
"2019-03-15 13:18:00",3805,0.0063999999999993
"2019-03-15 13:19:00",8200,0.00860000000000127
"2019-03-15 13:20:00",4491,-0.00500000000000256
"2019-03-15 13:21:00",401,0.00500000000000256
"2019-03-15 13:22:00",5112,0
"2019-03-15 13:23:00",4903,-0.00200000000000244
"2019-03-15 13:24:00",4808,-0.0179999999999936
"2019-03-15 13:25:00",1388,0.00499999999999545
"2019-03-15 13:26:00",5018,0.0200000000000031
"2019-03-15 13:27:00",2400,0.00999999999999801
"2019-03-15 13:28:00",3107,-0.00500000000000256
"2019-03-15 13:29:00",14532,-0.00709999999999411
"2019-03-15 13:30:00",2056,0.0087999999999937
"2019-03-15 13:31:00",7008,-0.00669999999999504
"2019-03-15 13:32:00",910,0.00999999999999801
"2019-03-15 13:33:00",5710,0.00889999999999702
"2019-03-15 13:34:00",2613,-0.000499999999995282
"2019-03-15 13:35:00",2004,-0.00339999999999918
"2019-03-15 13:36:00",1871,0.00999999999999801
"2019-03-15 13:37:00",3236,0.0249999999999986
"2019-03-15 13:38:00",4472,0.00500000000000256
"2019-03-15 13:39:00",7051,0
"2019-03-15 13:40:00",1808,0
"2019-03-15 13:41:00",2264,-0.00500000000000256
"2019-03-15 13:42:00",1490,0.0163000000000011
"2019-03-15 13:43:00",1538,0.00370000000000203
"2019-03-15 13:44:00",1400,-0.0300000000000011
"2019-03-15 13:45:00",1300,-0.0200000000000031
"2019-03-15 13:46:00",2481,0.0100000000000051
"2019-03-15 13:47:00",3550,0
"2019-03-15 13:48:00",1634,0
"2019-03-15 13:49:00",14535,0.00999999999999801
"2019-03-15 13:50:00",3326,-0.0200000000000031
"2019-03-15 13:51:00",6456,0
"2019-03-15 13:52:00",4995,-0.0150000000000006
"2019-03-15 13:53:00",2447,0.0100000000000051
"2019-03-15 13:54:00",4600,0
"2019-03-15 13:55:00",2769,0.0150000000000006
"2019-03-15 13:56:00",1516,0.0046999999999997
"2019-03-15 13:57:00",9818,0.000299999999995748
"2019-03-15 13:58:00",2037,-0.00509999999999877
"2019-03-15 13:59:00",3533,0.0101000000000013
"2019-03-15 14:00:00",503,0
"2019-03-15 14:01:00",5846,-0.00999999999999801
"2019-03-15 14:02:00",600,0.00499999999999545
"2019-03-15 14:03:00",4553,-0.00249999999999773
"2019-03-15 14:04:00",12665,0.00249999999999773
"2019-03-15 14:05:00",8622,-0.00499999999999545
"2019-03-15 14:06:00",7296,0.00999999999999801
"2019-03-15 14:07:00",6830,-0.00999999999999801
"2019-03-15 14:08:00",1100,-0.0124000000000066
"2019-03-15 14:09:00",2125,0.0174000000000021
"2019-03-15 14:10:00",3302,-0.019999999999996
"2019-03-15 14:11:00",2000,0.00499999999999545
"2019-03-15 14:12:00",800,0.0200000000000031
"2019-03-15 14:13:00",10220,0.00499999999999545
"2019-03-15 14:14:00",4002,-0.00999999999999801
"2019-03-15 14:15:00",5682,0
"2019-03-15 14:16:00",3950,0
"2019-03-15 14:17:00",3800,0
"2019-03-15 14:18:00",1560,-0.00919999999999987
"2019-03-15 14:19:00",1149,0.00420000000000442
"2019-03-15 14:20:00",1831,0
"2019-03-15 14:21:00",1250,0
"2019-03-15 14:22:00",500,-0.00500000000000256
"2019-03-15 14:23:00",1350,-0.00500000000000256
"2019-03-15 14:24:00",800,0.00500000000000256
"2019-03-15 14:25:00",200,-0.00500000000000256
"2019-03-15 14:26:00",1383,-0.00999999999999801
"2019-03-15 14:27:00",604,-0.00999999999999801
"2019-03-15 14:28:00",7178,0.0150000000000006
"2019-03-15 14:29:00",3202,-0.0150000000000006
"2019-03-15 14:30:00",6900,-0.0300000000000011
"2019-03-15 14:31:00",2795,0.0300000000000011
"2019-03-15 14:32:00",1530,-0.0099000000000018
"2019-03-15 14:33:00",3410,0.0099000000000018
"2019-03-15 14:34:00",6678,-0.0100000000000051
"2019-03-15 14:35:00",1215,-0.019999999999996
"2019-03-15 14:36:00",4032,0.00999999999999801
"2019-03-15 14:37:00",2377,0
"2019-03-15 14:38:00",13352,0.0150000000000006
"2019-03-15 14:39:00",2500,0
"2019-03-15 14:40:00",3473,0.0150000000000006
"2019-03-15 14:41:00",1747,0.00500000000000256
"2019-03-15 14:42:00",9872,-0.00500000000000256
"2019-03-15 14:43:00",2714,-0.0150000000000006
"2019-03-15 14:44:00",29239,0.00500000000000256
"2019-03-15 14:45:00",9865,-0.00500000000000256
"2019-03-15 14:46:00",3207,0
"2019-03-15 14:47:00",2076,-0.00500000000000256
"2019-03-15 14:48:00",7820,0.00010000000000332
"2019-03-15 14:49:00",5200,0.00489999999999924
"2019-03-15 14:50:00",8207,-0.0150000000000006
"2019-03-15 14:51:00",6632,0.0150000000000006
"2019-03-15 14:52:00",15108,0.00500000000000256
"2019-03-15 14:53:00",7582,-0.00500000000000256
"2019-03-15 14:54:00",4500,0
"2019-03-15 14:55:00",11600,0.00500000000000256
"2019-03-15 14:56:00",10595,-0.00500000000000256
"2019-03-15 14:57:00",21097,0
"2019-03-15 14:58:00",42882,-0.00999999999999801
"2019-03-15 14:59:00",46257,0.00499999999999545
"2019-03-15 15:02:00",78466,0.0600000000000023
"2019-03-15 15:15:00",0,0
"2019-03-18 08:30:00",85017,0.393100000000004
"2019-03-18 08:31:00",8165,0.0168999999999997
"2019-03-18 08:32:00",7201,0.0399999999999991
"2019-03-18 08:33:00",3600,0.0249999999999986
"2019-03-18 08:34:00",6217,0.00500000000000256
"2019-03-18 08:35:00",7111,0.0449999999999946
"2019-03-18 08:36:00",8103,0.00500000000000256
"2019-03-18 08:37:00",5609,0.0399999999999991
"2019-03-18 08:38:00",4363,0.0200000000000031
"2019-03-18 08:39:00",9643,0.00999999999999801
"2019-03-18 08:40:00",9267,0.00999999999999801
"2019-03-18 08:41:00",2091,0
"2019-03-18 08:42:00",7178,-0.00999999999999801
"2019-03-18 08:43:00",5148,0
"2019-03-18 08:44:00",2481,-0.00999999999999801
"2019-03-18 08:45:00",3439,-0.0250000000000057
"2019-03-18 08:46:00",5328,-0.00499999999999545
"2019-03-18 08:47:00",2717,-0.00999999999999801
"2019-03-18 08:48:00",8247,-0.0100000000000051
"2019-03-18 08:49:00",3821,0.0549999999999997
"2019-03-18 08:50:00",3708,-0.00499999999999545
"2019-03-18 08:51:00",5074,-0.0100000000000051
"2019-03-18 08:52:00",8749,0.0100000000000051
"2019-03-18 08:53:00",3202,-0.0100000000000051
"2019-03-18 08:54:00",11727,-0.0249999999999986
"2019-03-18 08:55:00",4467,-0.0294999999999987
"2019-03-18 08:56:00",9808,0.0193999999999974
"2019-03-18 08:57:00",2001,-0.024799999999999
"2019-03-18 08:58:00",4300,-0.0101000000000013
"2019-03-18 08:59:00",6582,0.0400000000000063
"2019-03-18 09:00:00",1196,0.00999999999999801
"2019-03-18 09:01:00",5275,0.00999999999999801
"2019-03-18 09:02:00",3940,0
"2019-03-18 09:03:00",4408,-0.00999999999999801
"2019-03-18 09:04:00",6272,-0.0200000000000031
"2019-03-18 09:05:00",9206,-0.0300000000000011
"2019-03-18 09:06:00",5480,0.018100000000004
"2019-03-18 09:07:00",3012,0.0249000000000024
"2019-03-18 09:08:00",9556,0.0069999999999979
"2019-03-18 09:09:00",4356,0.00999999999999801
"2019-03-18 09:10:00",6226,-0.00999999999999801
"2019-03-18 09:11:00",3221,-0.0200000000000031
"2019-03-18 09:12:00",4911,-0.00499999999999545
"2019-03-18 09:13:00",6168,-0.0350000000000037
"2019-03-18 09:14:00",3100,-0.0399999999999991
"2019-03-18 09:15:00",4622,0.0249999999999986
"2019-03-18 09:16:00",3649,0.00500000000000256
"2019-03-18 09:17:00",7678,0.0150000000000006
"2019-03-18 09:18:00",25608,-0.00460000000000349
"2019-03-18 09:19:00",3557,0.0146000000000015
"2019-03-18 09:20:00",4898,0.00999999999999801
"2019-03-18 09:21:00",934,-0.0150000000000006
"2019-03-18 09:22:00",3238,-0.00499999999999545
"2019-03-18 09:23:00",3700,0.00499999999999545
"2019-03-18 09:24:00",3208,0
"2019-03-18 09:25:00",4200,0.0100000000000051
"2019-03-18 09:26:00",7956,0
"2019-03-18 09:27:00",14278,0.00999999999999801
"2019-03-18 09:28:00",1448,-0.00999999999999801
"2019-03-18 09:29:00",5460,-0.0250000000000057
"2019-03-18 09:30:00",2172,0.00490000000000634
"2019-03-18 09:31:00",4684,-0.0114000000000019
"2019-03-18 09:32:00",8742,0.0214999999999961
"2019-03-18 09:33:00",6713,0
"2019-03-18 09:34:00",4986,0.0330000000000013
"2019-03-18 09:35:00",4744,-0.0330000000000013
"2019-03-18 09:36:00",2725,0
"2019-03-18 09:37:00",8776,-0.019999999999996
"2019-03-18 09:38:00",2375,-0.00999999999999801
"2019-03-18 09:39:00",4200,0.00999999999999801
"2019-03-18 09:40:00",4650,0.019999999999996
"2019-03-18 09:41:00",3480,0.0300000000000011
"2019-03-18 09:42:00",5581,-0.019999999999996
"2019-03-18 09:43:00",2602,0.0300000000000011
"2019-03-18 09:44:00",6324,0.00489999999999924
"2019-03-18 09:45:00",6630,-0.0549000000000035
"2019-03-18 09:46:00",4220,0.0399999999999991
"2019-03-18 09:47:00",3643,0.0200000000000031
"2019-03-18 09:48:00",6825,0
"2019-03-18 09:49:00",11552,0.019999999999996
"2019-03-18 09:50:00",8256,-0.00499999999999545
"2019-03-18 09:51:00",4718,0.00499999999999545
"2019-03-18 09:52:00",4708,0
"2019-03-18 09:53:00",4700,-0.00719999999999743
"2019-03-18 09:54:00",7481,-0.0300000000000011
"2019-03-18 09:55:00",5860,-0.0127999999999986
"2019-03-18 09:56:00",6810,0.00670000000000215
"2019-03-18 09:57:00",4810,0.0131999999999977
"2019-03-18 09:58:00",11043,-0.0099000000000018
"2019-03-18 09:59:00",7971,0.0100000000000051
"2019-03-18 10:00:00",11276,-0.0100000000000051
"2019-03-18 10:01:00",5325,0.0100000000000051
"2019-03-18 10:02:00",3734,0.00999999999999801
"2019-03-18 10:03:00",4350,-0.00999999999999801
"2019-03-18 10:04:00",4585,-0.0100000000000051
"2019-03-18 10:05:00",7677,0.0300000000000011
"2019-03-18 10:06:00",3156,-0.00999999999999801
"2019-03-18 10:07:00",6774,0
"2019-03-18 10:08:00",6816,0.0249999999999986
"2019-03-18 10:09:00",3516,0.0150000000000006
"2019-03-18 10:10:00",14150,-0.00999999999999801
"2019-03-18 10:11:00",6300,-0.00010000000000332
"2019-03-18 10:12:00",24026,-0.0148999999999972
"2019-03-18 10:13:00",5989,0.0150000000000006
"2019-03-18 10:14:00",13687,0.00999999999999801
"2019-03-18 10:15:00",6655,0
"2019-03-18 10:16:00",2374,0.00489999999999924
"2019-03-18 10:17:00",2857,-0.0249000000000024
"2019-03-18 10:18:00",6134,-0.019999999999996
"2019-03-18 10:19:00",5194,-0.00999999999999801
"2019-03-18 10:20:00",5572,0
"2019-03-18 10:21:00",6604,-0.0100000000000051
"2019-03-18 10:22:00",9949,0.0100000000000051
"2019-03-18 10:23:00",1717,0
"2019-03-18 10:24:00",6392,-0.0200000000000031
"2019-03-18 10:25:00",19448,0
"2019-03-18 10:26:00",7119,0
"2019-03-18 10:27:00",3522,0.00500000000000256
"2019-03-18 10:28:00",7466,0.0228999999999999
"2019-03-18 10:29:00",5603,-0.0029000000000039
"2019-03-18 10:30:00",7078,-0.00499999999999545
"2019-03-18 10:31:00",2906,0
"2019-03-18 10:32:00",6351,-0.0100000000000051
"2019-03-18 10:33:00",12945,0.00500000000000256
"2019-03-18 10:34:00",3750,-0.00500000000000256
"2019-03-18 10:35:00",9251,0.0200000000000031
"2019-03-18 10:36:00",5909,-0.0200000000000031
"2019-03-18 10:37:00",10754,-0.0300000000000011
"2019-03-18 10:38:00",4567,0.0200000000000031
"2019-03-18 10:39:00",9365,0
"2019-03-18 10:40:00",3520,0
"2019-03-18 10:41:00",20698,0
"2019-03-18 10:42:00",9628,0.0200000000000031
"2019-03-18 10:43:00",11602,0.00999999999999801
"2019-03-18 10:44:00",4539,-0.0200000000000031
"2019-03-18 10:45:00",3030,0.0138000000000034
"2019-03-18 10:46:00",2000,-0.00379999999999825
"2019-03-18 10:47:00",9427,-0.00500000000000256
"2019-03-18 10:48:00",5447,-0.00710000000000122
"2019-03-18 10:49:00",8451,0.0221000000000018
"2019-03-18 10:50:00",13659,0
"2019-03-18 10:51:00",6653,0.0450000000000017
"2019-03-18 10:52:00",8470,-0.0300000000000011
"2019-03-18 10:53:00",6109,0.0249999999999986
"2019-03-18 10:54:00",7311,0.00999999999999801
"2019-03-18 10:55:00",6500,-0.0150000000000006
"2019-03-18 10:56:00",10187,0
"2019-03-18 10:57:00",5699,-0.00499999999999545
"2019-03-18 10:58:00",2870,0
"2019-03-18 10:59:00",2391,-0.00500000000000256
"2019-03-18 11:00:00",2300,0.00999999999999801
"2019-03-18 11:01:00",10428,0.0249999999999986
"2019-03-18 11:02:00",1570,0
"2019-03-18 11:03:00",2750,0
"2019-03-18 11:04:00",1900,0.0100000000000051
"2019-03-18 11:05:00",2056,-0.0100000000000051
"2019-03-18 11:06:00",1154,0.0215000000000032
"2019-03-18 11:07:00",3440,-0.00150000000000006
"2019-03-18 11:08:00",1985,0
"2019-03-18 11:09:00",7284,0.0236999999999981
"2019-03-18 11:10:00",5168,-0.0236999999999981
"2019-03-18 11:11:00",5305,-0.0200000000000031
"2019-03-18 11:12:00",3950,0
"2019-03-18 11:13:00",4452,0
"2019-03-18 11:14:00",7294,0
"2019-03-18 11:15:00",2696,0.0100000000000051
"2019-03-18 11:16:00",1863,-0.0063999999999993
"2019-03-18 11:17:00",2325,0.0063999999999993
"2019-03-18 11:18:00",2246,0
"2019-03-18 11:19:00",5624,-0.00500000000000256
"2019-03-18 11:20:00",4481,0.00500000000000256
"2019-03-18 11:21:00",5112,-0.0100000000000051
"2019-03-18 11:22:00",1240,0
"2019-03-18 11:23:00",2531,-0.00499999999999545
"2019-03-18 11:24:00",1300,0.00649999999999551
"2019-03-18 11:25:00",1567,-0.00150000000000006
"2019-03-18 11:26:00",600,-0.00999999999999801
"2019-03-18 11:27:00",4200,0.0200000000000031
"2019-03-18 11:28:00",4551,0.019999999999996
"2019-03-18 11:29:00",2520,0.0100000000000051
"2019-03-18 11:30:00",18948,-0.0250000000000057
"2019-03-18 11:31:00",2900,0.0165000000000006
"2019-03-18 11:32:00",13732,-0.0364999999999966
"2019-03-18 11:33:00",10100,-0.0450000000000017
"2019-03-18 11:34:00",5300,0.0300000000000011
"2019-03-18 11:35:00",5530,0.028100000000002
"2019-03-18 11:36:00",13171,0.0319000000000003
"2019-03-18 11:37:00",9800,0
"2019-03-18 11:38:00",1533,0.019999999999996
"2019-03-18 11:39:00",300,0.00150000000000006
"2019-03-18 11:40:00",500,0.00849999999999795
"2019-03-18 11:41:00",9310,-0.029999999999994
"2019-03-18 11:42:00",470,0.00169999999999959
"2019-03-18 11:43:00",6614,0.023299999999999
"2019-03-18 11:44:00",3579,-0.0150000000000006
"2019-03-18 11:45:00",400,0.00999999999999801
"2019-03-18 11:46:00",725,-0.00499999999999545
"2019-03-18 11:47:00",7426,0.00499999999999545
"2019-03-18 11:48:00",1300,0
"2019-03-18 11:49:00",1167,0
"2019-03-18 11:50:00",2907,0
"2019-03-18 11:51:00",1749,0.00500000000000256
"2019-03-18 11:52:00",900,0.00499999999999545
"2019-03-18 11:53:00",4990,0.00500000000000256
"2019-03-18 11:54:00",1000,-0.00500000000000256
"2019-03-18 11:55:00",1800,0
"2019-03-18 11:56:00",1100,-0.00999999999999801
"2019-03-18 11:57:00",700,0.00150000000000006
"2019-03-18 11:58:00",2100,-0.00150000000000006
"2019-03-18 11:59:00",2041,0.00460000000000349
"2019-03-18 12:00:00",8054,-0.00460000000000349
"2019-03-18 12:01:00",282,-0.00499999999999545
"2019-03-18 12:02:00",904,-0.00500000000000256
"2019-03-18 12:03:00",6552,-0.00999999999999801
"2019-03-18 12:04:00",9815,0.00150000000000006
"2019-03-18 12:05:00",2860,0.0135000000000005
"2019-03-18 12:06:00",395,0
"2019-03-18 12:07:00",8261,0.0149999999999935
"2019-03-18 12:08:00",936,0
"2019-03-18 12:09:00",4473,-0.00499999999999545
"2019-03-18 12:10:00",400,-0.0035000000000025
"2019-03-18 12:11:00",300,0.0035000000000025
"2019-03-18 12:12:00",1406,-0.00500000000000256
"2019-03-18 12:13:00",2103,0.00999999999999801
"2019-03-18 12:14:00",67713,0.0100000000000051
"2019-03-18 12:15:00",2413,-0.00890000000000413
"2019-03-18 12:16:00",1299,-0.00110000000000099
"2019-03-18 12:17:00",2200,-0.00999999999999801
"2019-03-18 12:18:00",2379,-0.0150000000000006
"2019-03-18 12:19:00",900,0.00500000000000256
"2019-03-18 12:20:00",1850,0.00500000000000256
"2019-03-18 12:21:00",1173,-0.00500000000000256
"2019-03-18 12:22:00",5473,0.00999999999999801
"2019-03-18 12:23:00",8805,-0.00999999999999801
"2019-03-18 12:24:00",710,0.0150000000000006
"2019-03-18 12:25:00",1800,0.0150000000000006
"2019-03-18 12:26:00",600,0.0200000000000031
"2019-03-18 12:27:00",1900,0.00430000000000064
"2019-03-18 12:28:00",2075,-0.00280000000000769
"2019-03-18 12:29:00",4843,-0.00149999999999295
"2019-03-18 12:30:00",1100,-0.00660000000000593
"2019-03-18 12:31:00",1607,0.0216000000000065
"2019-03-18 12:32:00",3400,-0.0250000000000057
"2019-03-18 12:33:00",4900,0.0100000000000051
"2019-03-18 12:34:00",1437,0
"2019-03-18 12:35:00",1465,0.00349999999998829
"2019-03-18 12:36:00",1513,0.00150000000000716
"2019-03-18 12:37:00",1937,-0.00499999999999545
"2019-03-18 12:38:00",9361,0.019999999999996
"2019-03-18 12:39:00",1900,0.0100000000000051
"2019-03-18 12:40:00",1110,-0.00500000000000966
"2019-03-18 12:41:00",1700,-0.0134999999999934
"2019-03-18 12:42:00",3033,-0.0114999999999981
"2019-03-18 12:43:00",1430,0
"2019-03-18 12:44:00",4100,0.00999999999999091
"2019-03-18 12:45:00",1700,0.00150000000000716
"2019-03-18 12:46:00",1777,-0.00150000000000716
"2019-03-18 12:47:00",1862,-0.00999999999999091
"2019-03-18 12:48:00",600,0.00999999999999091
"2019-03-18 12:49:00",1034,0.0100000000000051
"2019-03-18 12:50:00",3662,0
"2019-03-18 12:51:00",6735,0.00499999999999545
"2019-03-18 12:52:00",2320,0.00500000000000966
"2019-03-18 12:53:00",4709,0
"2019-03-18 12:54:00",1580,0
"2019-03-18 12:55:00",5070,0.019999999999996
"2019-03-18 12:56:00",1633,-0.0100000000000051
"2019-03-18 12:57:00",1639,-0.0160999999999945
"2019-03-18 12:58:00",900,0.00610000000000355
"2019-03-18 12:59:00",1550,0.00999999999999091
"2019-03-18 13:00:00",3056,0.00500000000000966
"2019-03-18 13:01:00",3826,0.00499999999999545
"2019-03-18 13:02:00",1807,-0.0100000000000051
"2019-03-18 13:03:00",2307,0.0165999999999968
"2019-03-18 13:04:00",900,0.0234000000000094
"2019-03-18 13:05:00",3650,-0.026600000000002
"2019-03-18 13:06:00",500,0.00659999999999172
"2019-03-18 13:07:00",412,0.00150000000000716
"2019-03-18 13:08:00",1619,0.00490000000000634
"2019-03-18 13:09:00",500,0.00359999999999161
"2019-03-18 13:10:00",3702,-0.00499999999999545
"2019-03-18 13:11:00",2329,-0.0150000000000006
"2019-03-18 13:12:00",4369,-0.0200999999999993
"2019-03-18 13:13:00",1200,-0.0099000000000018
"2019-03-18 13:14:00",3600,-0.00499999999999545
"2019-03-18 13:15:00",2396,0.00499999999999545
"2019-03-18 13:16:00",5713,-0.0250000000000057
"2019-03-18 13:17:00",5035,-0.00999999999999801
"2019-03-18 13:18:00",2520,0.00500000000000256
"2019-03-18 13:19:00",4404,0.019999999999996
"2019-03-18 13:20:00",2015,-0.00499999999999545
"2019-03-18 13:21:00",1400,0
"2019-03-18 13:22:00",1293,-0.00499999999999545
"2019-03-18 13:23:00",5900,0.00499999999999545
"2019-03-18 13:24:00",4891,0
"2019-03-18 13:25:00",3844,0.00499999999999545
"2019-03-18 13:26:00",3280,0.0170999999999992
"2019-03-18 13:27:00",2756,-0.0126999999999953
"2019-03-18 13:28:00",500,-0.00440000000000396
"2019-03-18 13:29:00",4400,0
"2019-03-18 13:30:00",1583,-0.00999999999999091
"2019-03-18 13:31:00",900,-0.0100000000000051
"2019-03-18 13:32:00",2010,0
"2019-03-18 13:33:00",881,-0.00010000000000332
"2019-03-18 13:34:00",1664,-0.00989999999999469
"2019-03-18 13:35:00",3145,0.0180999999999969
"2019-03-18 13:36:00",2517,0.0219000000000023
"2019-03-18 13:37:00",3956,-0.00499999999999545
"2019-03-18 13:38:00",1300,0.00499999999999545
"2019-03-18 13:39:00",4652,0
"2019-03-18 13:40:00",17573,0
"2019-03-18 13:41:00",12500,-0.00499999999999545
"2019-03-18 13:42:00",7938,0.0148999999999972
"2019-03-18 13:43:00",6904,0.00199999999999534
"2019-03-18 13:44:00",10771,0.00809999999999889
"2019-03-18 13:45:00",17060,-0.00999999999999091
"2019-03-18 13:46:00",5315,0.0150000000000006
"2019-03-18 13:47:00",4300,-0.00300000000000011
"2019-03-18 13:48:00",1300,0.0179999999999865
"2019-03-18 13:49:00",3371,-0.00499999999999545
"2019-03-18 13:50:00",5255,-0.00499999999999545
"2019-03-18 13:51:00",813,0.00499999999999545
"2019-03-18 13:52:00",3095,0.0250000000000057
"2019-03-18 13:53:00",10804,0.00999999999999091
"2019-03-18 13:54:00",12992,0.0100000000000051
"2019-03-18 13:55:00",6028,-0.0100000000000051
"2019-03-18 13:56:00",1800,-0.019999999999996
"2019-03-18 13:57:00",1945,0.00379999999999825
"2019-03-18 13:58:00",4300,0.0011999999999972
"2019-03-18 13:59:00",410,0
"2019-03-18 14:00:00",5312,0
"2019-03-18 14:01:00",7705,-0.00999999999999091
"2019-03-18 14:02:00",4193,-0.019999999999996
"2019-03-18 14:03:00",400,-0.00500000000000966
"2019-03-18 14:04:00",1756,-0.019999999999996
"2019-03-18 14:05:00",4872,0.0250000000000057
"2019-03-18 14:06:00",2425,-0.0150000000000006
"2019-03-18 14:07:00",4710,-0.0100000000000051
"2019-03-18 14:08:00",4358,0
"2019-03-18 14:09:00",2225,0
"2019-03-18 14:10:00",700,0.0150000000000006
"2019-03-18 14:11:00",3500,0
"2019-03-18 14:12:00",503,-0.00499999999999545
"2019-03-18 14:13:00",5270,-0.0100000000000051
"2019-03-18 14:14:00",1600,0
"2019-03-18 14:15:00",5470,0.0349999999999966
"2019-03-18 14:16:00",6097,0.00509999999999877
"2019-03-18 14:17:00",697,0.0099000000000018
"2019-03-18 14:18:00",3279,0.019999999999996
"2019-03-18 14:19:00",2748,-0.019999999999996
"2019-03-18 14:20:00",2464,0
"2019-03-18 14:21:00",2600,-0.0100000000000051
"2019-03-18 14:22:00",4225,0
"2019-03-18 14:23:00",1733,0.0100000000000051
"2019-03-18 14:24:00",4495,0
"2019-03-18 14:25:00",17634,0.0300000000000011
"2019-03-18 14:26:00",3612,0.019999999999996
"2019-03-18 14:27:00",2937,-0.019999999999996
"2019-03-18 14:28:00",1155,0.0099000000000018
"2019-03-18 14:29:00",3852,-0.0249000000000024
"2019-03-18 14:30:00",14300,0.00499999999999545
"2019-03-18 14:31:00",3200,0.00500000000000966
"2019-03-18 14:32:00",9591,-0.00500000000000966
"2019-03-18 14:33:00",20392,0.0250000000000057
"2019-03-18 14:34:00",8708,0.0250000000000057
"2019-03-18 14:35:00",16534,0.0063999999999993
"2019-03-18 14:36:00",11088,-0.0364000000000004
"2019-03-18 14:37:00",12219,0
"2019-03-18 14:38:00",6692,-0.00500000000000966
"2019-03-18 14:39:00",6274,-0.00919999999999277
"2019-03-18 14:40:00",6435,-0.0058000000000078
"2019-03-18 14:41:00",3974,0.0150000000000006
"2019-03-18 14:42:00",3976,0.0200000000000102
"2019-03-18 14:43:00",2204,0
"2019-03-18 14:44:00",7587,0.0349999999999966
"2019-03-18 14:45:00",8679,0.0100000000000051
"2019-03-18 14:46:00",7202,0.00499999999999545
"2019-03-18 14:47:00",9724,-0.0150000000000006
"2019-03-18 14:48:00",4278,-0.00499999999999545
"2019-03-18 14:49:00",6521,0.00600000000000023
"2019-03-18 14:50:00",4681,-0.0160000000000053
"2019-03-18 14:51:00",13956,-0.00509999999999877
"2019-03-18 14:52:00",13697,-0.0183999999999997
"2019-03-18 14:53:00",13221,-0.00150000000000716
"2019-03-18 14:54:00",18576,-0.039999999999992
"2019-03-18 14:55:00",16890,-0.00500000000000966
"2019-03-18 14:56:00",10820,-0.00499999999999545
"2019-03-18 14:57:00",11684,0.00499999999999545
"2019-03-18 14:58:00",33776,0
"2019-03-18 14:59:00",36029,0
"2019-03-18 15:02:00",35809,0.00500000000000966
"2019-03-18 15:15:00",0,0
"2019-03-19 08:30:00",65392,0.489999999999995
"2019-03-19 08:31:00",19073,-0.019999999999996
"2019-03-19 08:32:00",10927,0.0549999999999926
"2019-03-19 08:33:00",12785,0.0150000000000006
"2019-03-19 08:34:00",6000,-0.0349999999999966
"2019-03-19 08:35:00",7520,0.0150000000000006
"2019-03-19 08:36:00",5296,0.0300000000000011
"2019-03-19 08:37:00",8869,-0.0250000000000057
"2019-03-19 08:38:00",3154,-0.00499999999999545
"2019-03-19 08:39:00",12000,0
"2019-03-19 08:40:00",14436,0
"2019-03-19 08:41:00",6160,-0.0499999999999972
"2019-03-19 08:42:00",12500,-0.0300000000000011
"2019-03-19 08:43:00",5840,-0.0100000000000051
"2019-03-19 08:44:00",10554,-0.039999999999992
"2019-03-19 08:45:00",12634,0.039999999999992
"2019-03-19 08:46:00",4041,-0.0150000000000006
"2019-03-19 08:47:00",6750,0
"2019-03-19 08:48:00",9020,0.00500000000000966
"2019-03-19 08:49:00",6164,-0.0200000000000102
"2019-03-19 08:50:00",9931,-0.019999999999996
"2019-03-19 08:51:00",11270,-0.019999999999996
"2019-03-19 08:52:00",6697,-0.0148000000000081
"2019-03-19 08:53:00",6594,0.00480000000000302
"2019-03-19 08:54:00",12832,0.0298999999999978
"2019-03-19 08:55:00",4752,-0.0099000000000018
"2019-03-19 08:56:00",12219,-0.00369999999999493
"2019-03-19 08:57:00",5707,-0.0063999999999993
"2019-03-19 08:58:00",9764,-0.0099000000000018
"2019-03-19 08:59:00",2802,-0.0150000000000006
"2019-03-19 09:00:00",6360,0.0250000000000057
"2019-03-19 09:01:00",2300,-0.0099000000000018
"2019-03-19 09:02:00",11721,0.0215999999999923
"2019-03-19 09:03:00",6446,-0.0216999999999956
"2019-03-19 09:04:00",4900,0.0100000000000051
"2019-03-19 09:05:00",3026,0.00999999999999091
"2019-03-19 09:06:00",11128,0
"2019-03-19 09:07:00",5931,-0.00339999999999918
"2019-03-19 09:08:00",1900,-0.0165999999999968
"2019-03-19 09:09:00",5798,0.0400000000000063
"2019-03-19 09:10:00",3600,-0.00010000000000332
"2019-03-19 09:11:00",6829,0.00499999999999545
"2019-03-19 09:12:00",2832,-0.0148999999999972
"2019-03-19 09:13:00",5263,-0.0150000000000006
"2019-03-19 09:14:00",15299,0.00499999999999545
"2019-03-19 09:15:00",12857,0
"2019-03-19 09:16:00",3318,0.00500000000000966
"2019-03-19 09:17:00",3221,-0.0150000000000006
"2019-03-19 09:18:00",1925,-0.0100000000000051
"2019-03-19 09:19:00",3167,0.0300000000000011
"2019-03-19 09:20:00",2547,-0.00440000000000396
"2019-03-19 09:21:00",6899,-0.0255999999999972
"2019-03-19 09:22:00",1337,-0.00499999999999545
"2019-03-19 09:23:00",14100,-0.00499999999999545
"2019-03-19 09:24:00",3090,-0.0100000000000051
"2019-03-19 09:25:00",3764,0.0100000000000051
"2019-03-19 09:26:00",3900,0
"2019-03-19 09:27:00",3600,0
"2019-03-19 09:28:00",6570,0
"2019-03-19 09:29:00",14100,-0.0150000000000006
"2019-03-19 09:30:00",14806,0.0150000000000006
"2019-03-19 09:31:00",2788,-0.0100000000000051
"2019-03-19 09:32:00",3155,0.0300000000000011
"2019-03-19 09:33:00",2299,-0.0100000000000051
"2019-03-19 09:34:00",3821,0.00499999999999545
"2019-03-19 09:35:00",4316,-0.00499999999999545
"2019-03-19 09:36:00",10247,0.00679999999999836
"2019-03-19 09:37:00",5359,0.00320000000000675
"2019-03-19 09:38:00",713,0.00999999999999091
"2019-03-19 09:39:00",3500,0.0100000000000051
"2019-03-19 09:40:00",1287,-0.0100999999999942
"2019-03-19 09:41:00",5085,-0.00490000000000634
"2019-03-19 09:42:00",4488,-0.0249999999999915
"2019-03-19 09:43:00",3588,-0.0200000000000102
"2019-03-19 09:44:00",39578,-0.0150000000000006
"2019-03-19 09:45:00",30047,0.0150000000000006
"2019-03-19 09:46:00",18133,0.00960000000000605
"2019-03-19 09:47:00",15691,0.0203999999999951
"2019-03-19 09:48:00",10270,0
"2019-03-19 09:49:00",4128,0.0100000000000051
"2019-03-19 09:50:00",1978,0.033299999999997
"2019-03-19 09:51:00",4385,-0.013300000000001
"2019-03-19 09:52:00",3344,0.00499999999999545
"2019-03-19 09:53:00",2300,-0.00499999999999545
"2019-03-19 09:54:00",7074,0
"2019-03-19 09:55:00",1725,-0.0100000000000051
"2019-03-19 09:56:00",2431,0
"2019-03-19 09:57:00",3860,-0.00999999999999091
"2019-03-19 09:58:00",7376,-0.0100000000000051
"2019-03-19 09:59:00",10645,-0.0150000000000006
"2019-03-19 10:00:00",6869,-0.00499999999999545
"2019-03-19 10:01:00",11969,0.0100000000000051
"2019-03-19 10:02:00",6566,-0.00010000000000332
"2019-03-19 10:03:00",3691,-0.0099000000000018
"2019-03-19 10:04:00",7101,-0.019999999999996
"2019-03-19 10:05:00",5020,-0.0100000000000051
"2019-03-19 10:06:00",5072,0.00499999999999545
"2019-03-19 10:07:00",3745,0.00490000000000634
"2019-03-19 10:08:00",5938,-0.0148999999999972
"2019-03-19 10:09:00",2938,0.0150000000000006
"2019-03-19 10:10:00",8168,-0.0200000000000102
"2019-03-19 10:11:00",3981,0.00500000000000966
"2019-03-19 10:12:00",9491,0.0150000000000006
"2019-03-19 10:13:00",1780,0
"2019-03-19 10:14:00",3388,0.00499999999999545
"2019-03-19 10:15:00",5682,-0.0100000000000051
"2019-03-19 10:16:00",13912,0.00490000000000634
"2019-03-19 10:17:00",23670,-0.0099000000000018
"2019-03-19 10:18:00",28078,-0.0100000000000051
"2019-03-19 10:19:00",3100,0
"2019-03-19 10:20:00",5298,0.0200000000000102
"2019-03-19 10:21:00",2503,0.019999999999996
"2019-03-19 10:22:00",2910,-0.019999999999996
"2019-03-19 10:23:00",1280,0.00999999999999091
"2019-03-19 10:24:00",1861,0
"2019-03-19 10:25:00",3499,-0.00499999999999545
"2019-03-19 10:26:00",3875,-0.00499999999999545
"2019-03-19 10:27:00",2561,-0.0100000000000051
"2019-03-19 10:28:00",874,-0.019999999999996
"2019-03-19 10:29:00",7740,-0.0200999999999993
"2019-03-19 10:30:00",2077,9.99999999891088e-05
"2019-03-19 10:31:00",8566,0
"2019-03-19 10:32:00",6338,0.0210000000000008
"2019-03-19 10:33:00",2100,-0.000999999999990564
"2019-03-19 10:34:00",12162,0.019999999999996
"2019-03-19 10:35:00",1800,0.019999999999996
"2019-03-19 10:36:00",1340,-0.019999999999996
"2019-03-19 10:37:00",2114,-0.00100000000000477
"2019-03-19 10:38:00",2494,0.0210000000000008
"2019-03-19 10:39:00",3778,-0.019999999999996
"2019-03-19 10:40:00",2900,0.0130999999999943
"2019-03-19 10:41:00",2473,-9.99999999891088e-05
"2019-03-19 10:42:00",1701,0.00699999999999079
"2019-03-19 10:43:00",1761,0.0200000000000102
"2019-03-19 10:44:00",5412,0.019999999999996
"2019-03-19 10:45:00",6054,0.0300000000000011
"2019-03-19 10:46:00",7872,0
"2019-03-19 10:47:00",9353,0.019999999999996
"2019-03-19 10:48:00",1900,0.0100000000000051
"2019-03-19 10:49:00",15772,0.00999999999999091
"2019-03-19 10:50:00",3156,0
"2019-03-19 10:51:00",5991,-0.019999999999996
"2019-03-19 10:52:00",3861,0
"2019-03-19 10:53:00",1225,-0.0300000000000011
"2019-03-19 10:54:00",3762,0
"2019-03-19 10:55:00",2318,0
"2019-03-19 10:56:00",3438,-0.0150000000000006
"2019-03-19 10:57:00",6799,0.0150000000000006
"2019-03-19 10:58:00",3913,-0.0100000000000051
"2019-03-19 10:59:00",3700,0
"2019-03-19 11:00:00",2429,0.0431000000000097
"2019-03-19 11:01:00",1403,0.0168999999999926
"2019-03-19 11:02:00",6534,0.0200000000000102
"2019-03-19 11:03:00",3047,-0.0153000000000105
"2019-03-19 11:04:00",1417,-0.0446999999999917
"2019-03-19 11:05:00",2616,0
"2019-03-19 11:06:00",1660,0.00999999999999091
"2019-03-19 11:07:00",1500,-0.00999999999999091
"2019-03-19 11:08:00",3443,0
"2019-03-19 11:09:00",3206,-0.0200000000000102
"2019-03-19 11:10:00",3117,0
"2019-03-19 11:11:00",2403,0.0100000000000051
"2019-03-19 11:12:00",8376,0.00620000000000687
"2019-03-19 11:13:00",2871,-0.00120000000001141
"2019-03-19 11:14:00",2160,-0.00509999999999877
"2019-03-19 11:15:00",3357,-0.0298999999999978
"2019-03-19 11:16:00",4071,-0.019999999999996
"2019-03-19 11:17:00",16070,0.00690000000000168
"2019-03-19 11:18:00",1700,-0.0126000000000062
"2019-03-19 11:19:00",2037,-0.00430000000000064
"2019-03-19 11:20:00",759,-0.00999999999999091
"2019-03-19 11:21:00",5720,0.00999999999999091
"2019-03-19 11:22:00",1666,0.0150000000000006
"2019-03-19 11:23:00",1200,-0.0035000000000025
"2019-03-19 11:24:00",1000,0.0183999999999997
"2019-03-19 11:25:00",1787,-0.0248999999999882
"2019-03-19 11:26:00",1400,0.00499999999999545
"2019-03-19 11:27:00",1229,-0.0100000000000051
"2019-03-19 11:28:00",11551,0
"2019-03-19 11:29:00",2150,0.0199000000000069
"2019-03-19 11:30:00",2000,-0.0099000000000018
"2019-03-19 11:31:00",8740,-0.0100000000000051
"2019-03-19 11:32:00",9450,0
"2019-03-19 11:33:00",2050,-0.00999999999999091
"2019-03-19 11:34:00",39443,-0.0401000000000096
"2019-03-19 11:35:00",8059,0.0100000000000051
"2019-03-19 11:36:00",4400,-0.0099000000000018
"2019-03-19 11:37:00",10389,-0.00379999999999825
"2019-03-19 11:38:00",5340,0.0138000000000034
"2019-03-19 11:39:00",3200,-0.0250000000000057
"2019-03-19 11:40:00",904,0.0150000000000006
"2019-03-19 11:41:00",22673,-0.0100000000000051
"2019-03-19 11:42:00",4675,-0.039999999999992
"2019-03-19 11:43:00",1300,0.00999999999999091
"2019-03-19 11:45:00",2430,0
"2019-03-19 11:46:00",17969,-0.0849999999999937
"2019-03-19 11:47:00",10822,0.0150000000000006
"2019-03-19 11:48:00",4699,-0.019999999999996
"2019-03-19 11:49:00",20688,-0.0900000000000034
"2019-03-19 11:50:00",11667,0
"2019-03-19 11:51:00",13611,0.0150000000000006
"2019-03-19 11:52:00",13000,0.0100000000000051
"2019-03-19 11:53:00",5905,-0.0150000000000006
"2019-03-19 11:54:00",4420,0.019999999999996
"2019-03-19 11:55:00",7222,0.019999999999996
"2019-03-19 11:56:00",5565,-0.00999999999999091
"2019-03-19 11:57:00",7808,0.039999999999992
"2019-03-19 11:58:00",8875,-0.00499999999999545
"2019-03-19 11:59:00",11992,0.00999999999999091
"2019-03-19 12:00:00",6293,-0.00499999999999545
"2019-03-19 12:01:00",3603,-0.0099000000000018
"2019-03-19 12:02:00",2032,-0.0100999999999942
"2019-03-19 12:03:00",14086,-0.0400000000000063
"2019-03-19 12:04:00",3550,0.0400000000000063
"2019-03-19 12:05:00",2257,0.00499999999999545
"2019-03-19 12:06:00",7800,0.0150000000000006
"2019-03-19 12:07:00",15789,-0.00499999999999545
"2019-03-19 12:08:00",10795,0
"2019-03-19 12:09:00",6540,0
"2019-03-19 12:10:00",9450,0
"2019-03-19 12:11:00",11347,0.0300000000000011
"2019-03-19 12:12:00",5457,-0.0150000000000006
"2019-03-19 12:13:00",13217,-0.0200000000000102
"2019-03-19 12:14:00",8268,0.0100000000000051
"2019-03-19 12:15:00",3657,-0.0267000000000053
"2019-03-19 12:16:00",3250,-0.0232999999999919
"2019-03-19 12:17:00",2015,0.019999999999996
"2019-03-19 12:18:00",1162,-0.019999999999996
"2019-03-19 12:19:00",3794,0
"2019-03-19 12:20:00",1300,0
"2019-03-19 12:21:00",5824,0
"2019-03-19 12:22:00",2334,-0.0100000000000051
"2019-03-19 12:23:00",3895,0
"2019-03-19 12:24:00",1724,-0.00999999999999091
"2019-03-19 12:25:00",3393,0.00659999999999172
"2019-03-19 12:26:00",1000,-0.00659999999999172
"2019-03-19 12:27:00",2335,0.019999999999996
"2019-03-19 12:28:00",1300,-0.0100000000000051
"2019-03-19 12:29:00",5001,-0.0300000000000011
"2019-03-19 12:30:00",1500,0
"2019-03-19 12:31:00",1008,0
"2019-03-19 12:32:00",3600,-0.0150000000000006
"2019-03-19 12:33:00",25487,0.0149000000000115
"2019-03-19 12:34:00",2700,0.0300999999999902
"2019-03-19 12:35:00",1400,0.0099000000000018
"2019-03-19 12:36:00",1634,-0.0099000000000018
"2019-03-19 12:37:00",2302,0.0150000000000006
"2019-03-19 12:38:00",7159,0.0250000000000057
"2019-03-19 12:39:00",2975,-0.0127999999999986
"2019-03-19 12:40:00",5111,0.0116000000000014
"2019-03-19 12:41:00",8032,-0.0187999999999988
"2019-03-19 12:42:00",2010,0
"2019-03-19 12:43:00",1558,0.00999999999999091
"2019-03-19 12:44:00",5991,0.00499999999999545
"2019-03-19 12:45:00",3044,-0.0149999999999864
"2019-03-19 12:46:00",1085,0.004099999999994
"2019-03-19 12:47:00",15853,-0.00969999999999516
"2019-03-19 12:48:00",2290,0.000599999999991496
"2019-03-19 12:49:00",4682,0.00500000000000966
"2019-03-19 12:50:00",1935,-0.007000000000005
"2019-03-19 12:51:00",1077,-0.00870000000000459
"2019-03-19 12:52:00",2627,0.00570000000000448
"2019-03-19 12:53:00",805,-0.0100000000000051
"2019-03-19 12:54:00",503,0.0100000000000051
"2019-03-19 12:55:00",2373,-0.0300000000000011
"2019-03-19 12:56:00",3781,-0.0100000000000051
"2019-03-19 12:57:00",2897,0.0150000000000006
"2019-03-19 12:58:00",5289,0.0150000000000006
"2019-03-19 12:59:00",1092,0.00520000000000209
"2019-03-19 13:00:00",3401,0.0148000000000081
"2019-03-19 13:01:00",2583,0.0149999999999864
"2019-03-19 13:02:00",4519,0.00500000000000966
"2019-03-19 13:03:00",300,-0.00500000000000966
"2019-03-19 13:04:00",3765,0.00500000000000966
"2019-03-19 13:05:00",5903,0.00499999999999545
"2019-03-19 13:06:00",732,0
"2019-03-19 13:07:00",1964,0
"2019-03-19 13:08:00",5059,-0.0100000000000051
"2019-03-19 13:09:00",3592,0.00500000000000966
"2019-03-19 13:10:00",7693,-0.0150000000000006
"2019-03-19 13:11:00",6941,0.00499999999999545
"2019-03-19 13:12:00",1727,-0.0103000000000009
"2019-03-19 13:13:00",6294,-0.0046999999999997
"2019-03-19 13:14:00",2425,-0.000199999999992428
"2019-03-19 13:15:00",9100,-0.00480000000000302
"2019-03-19 13:16:00",12891,-0.0499999999999972
"2019-03-19 13:17:00",3055,0
"2019-03-19 13:18:00",4067,0.019999999999996
"2019-03-19 13:19:00",4205,-0.0150000000000006
"2019-03-19 13:20:00",4760,-0.0150000000000006
"2019-03-19 13:21:00",1557,-0.0100000000000051
"2019-03-19 13:22:00",3946,-0.00499999999999545
"2019-03-19 13:23:00",2924,-0.019999999999996
"2019-03-19 13:24:00",11486,-0.019999999999996
"2019-03-19 13:25:00",19137,-0.0150000000000006
"2019-03-19 13:26:00",4025,0.00499999999999545
"2019-03-19 13:27:00",9693,0.0150000000000006
"2019-03-19 13:28:00",6010,0.0450000000000017
"2019-03-19 13:29:00",6778,0.0315999999999974
"2019-03-19 13:30:00",2106,-0.0165999999999968
"2019-03-19 13:31:00",2875,-0.0100000000000051
"2019-03-19 13:32:00",2400,0.019999999999996
"2019-03-19 13:33:00",1508,-0.00999999999999091
"2019-03-19 13:34:00",2100,0.00789999999999225
"2019-03-19 13:35:00",1000,0.00209999999999866
"2019-03-19 13:36:00",200,0
"2019-03-19 13:37:00",4266,-0.0249999999999915
"2019-03-19 13:38:00",3377,0
"2019-03-19 13:39:00",1307,-0.0200000000000102
"2019-03-19 13:40:00",3700,-0.00499999999999545
"2019-03-19 13:41:00",8825,0.0150000000000006
"2019-03-19 13:42:00",4192,-0.00499999999999545
"2019-03-19 13:43:00",1100,0.00999999999999091
"2019-03-19 13:44:00",2600,0
"2019-03-19 13:45:00",12418,-0.019999999999996
"2019-03-19 13:46:00",1000,0.00499999999999545
"2019-03-19 13:47:00",1612,0
"2019-03-19 13:48:00",3271,0.0150000000000006
"2019-03-19 13:49:00",9327,-0.00499999999999545
"2019-03-19 13:50:00",3980,0
"2019-03-19 13:51:00",4107,-0.00499999999999545
"2019-03-19 13:52:00",2505,0
"2019-03-19 13:53:00",5836,0.0150000000000006
"2019-03-19 13:54:00",5846,0.00499999999999545
"2019-03-19 13:55:00",3752,-0.00499999999999545
"2019-03-19 13:56:00",1413,-0.0100000000000051
"2019-03-19 13:57:00",1467,0.00499999999999545
"2019-03-19 13:58:00",4579,-0.0499999999999972
"2019-03-19 13:59:00",2646,0
"2019-03-19 14:00:00",1103,0.019999999999996
"2019-03-19 14:01:00",1904,-0.039999999999992
"2019-03-19 14:02:00",7019,-0.0100000000000051
"2019-03-19 14:03:00",8765,-0.00999999999999091
"2019-03-19 14:04:00",3525,0.00999999999999091
"2019-03-19 14:05:00",3041,0
"2019-03-19 14:06:00",9071,-0.00999999999999091
"2019-03-19 14:07:00",4009,0.0135999999999967
"2019-03-19 14:08:00",5601,-0.0236000000000018
"2019-03-19 14:09:00",2227,0.00499999999999545
"2019-03-19 14:10:00",10980,0.0200000000000102
"2019-03-19 14:11:00",3816,0.00999999999999091
"2019-03-19 14:12:00",7751,0.00500000000000966
"2019-03-19 14:13:00",16400,-0.0200000000000102
"2019-03-19 14:14:00",9440,-0.00749999999999318
"2019-03-19 14:15:00",10115,-0.00249999999999773
"2019-03-19 14:16:00",8960,0
"2019-03-19 14:17:00",7485,0.0249999999999915
"2019-03-19 14:18:00",8988,-0.0249999999999915
"2019-03-19 14:19:00",7239,-0.0150000000000077
"2019-03-19 14:20:00",11465,-0.00499999999999545
"2019-03-19 14:21:00",1908,-0.00500000000000256
"2019-03-19 14:22:00",6931,0.00999999999999801
"2019-03-19 14:23:00",4877,-0.0215999999999994
"2019-03-19 14:24:00",5084,-0.00339999999999918
"2019-03-19 14:25:00",5737,0.0200000000000031
"2019-03-19 14:26:00",5574,0.00499999999999545
"2019-03-19 14:27:00",5608,-0.00489999999999924
"2019-03-19 14:28:00",720,0.00489999999999924
"2019-03-19 14:29:00",2288,-0.0197000000000003
"2019-03-19 14:30:00",10530,-0.0152999999999963
"2019-03-19 14:31:00",17748,-0.0150000000000006
"2019-03-19 14:32:00",8742,0.0150000000000006
"2019-03-19 14:33:00",12723,0.00500000000000256
"2019-03-19 14:34:00",14266,-0.0100000000000051
"2019-03-19 14:35:00",28325,-0.0549999999999997
"2019-03-19 14:36:00",14954,0.00999999999999801
"2019-03-19 14:37:00",18817,0.00500000000000256
"2019-03-19 14:38:00",3960,0.00249999999999773
"2019-03-19 14:39:00",8320,-0.0075999999999965
"2019-03-19 14:40:00",7879,-0.0349000000000004
"2019-03-19 14:41:00",9432,0.00999999999999801
"2019-03-19 14:42:00",11087,-0.0148999999999972
"2019-03-19 14:43:00",10521,-0.00509999999999877
"2019-03-19 14:44:00",9970,0.019999999999996
"2019-03-19 14:45:00",24080,-0.00969999999999516
"2019-03-19 14:46:00",7153,-0.00530000000000541
"2019-03-19 14:47:00",11455,0.0350000000000037
"2019-03-19 14:48:00",14296,0.00499999999999545
"2019-03-19 14:49:00",11088,0.0250000000000057
"2019-03-19 14:50:00",49447,-0.0150000000000006
"2019-03-19 14:51:00",11668,-0.0150000000000006
"2019-03-19 14:52:00",12208,0.00499999999999545
"2019-03-19 14:53:00",7395,-0.00499999999999545
"2019-03-19 14:54:00",15200,-0.0150000000000006
"2019-03-19 14:55:00",32847,0.019999999999996
"2019-03-19 14:56:00",27096,0.0150000000000006
"2019-03-19 14:57:00",24377,0.0200000000000031
"2019-03-19 14:58:00",29310,0.00500000000000256
"2019-03-19 14:59:00",29377,0
"2019-03-19 15:02:00",21896,0
"2019-03-19 15:15:00",0,0
"2019-03-20 08:30:00",44197,-0.0100000000000051
"2019-03-20 08:31:00",12186,-0.019999999999996
"2019-03-20 08:32:00",25620,0.0159999999999982
"2019-03-20 08:33:00",9311,-0.00600000000000023
"2019-03-20 08:34:00",4583,0
"2019-03-20 08:35:00",5826,-0.00500000000000256
"2019-03-20 08:36:00",3900,0.00500000000000256
"2019-03-20 08:37:00",8890,-0.037700000000001
"2019-03-20 08:38:00",4000,-0.0223000000000013
"2019-03-20 08:39:00",7501,-0.00999999999999801
"2019-03-20 08:40:00",8215,-0.00999999999999801
"2019-03-20 08:41:00",5900,0.019999999999996
"2019-03-20 08:42:00",4600,-0.019999999999996
"2019-03-20 08:43:00",1864,0
"2019-03-20 08:44:00",3506,0.00999999999999801
"2019-03-20 08:45:00",1400,-0.0300000000000011
"2019-03-20 08:46:00",7151,0.0300000000000011
"2019-03-20 08:47:00",1822,-0.019999999999996
"2019-03-20 08:48:00",2413,0.00999999999999801
"2019-03-20 08:49:00",2447,0
"2019-03-20 08:50:00",2118,-0.00999999999999801
"2019-03-20 08:51:00",4431,0.0149999999999935
"2019-03-20 08:52:00",2350,0.0349000000000004
"2019-03-20 08:53:00",900,-0.0398999999999958
"2019-03-20 08:54:00",1100,0.00999999999999801
"2019-03-20 08:55:00",2201,-0.014400000000002
"2019-03-20 08:56:00",2313,0.00440000000000396
"2019-03-20 08:57:00",3100,-0.00600000000000023
"2019-03-20 08:58:00",9127,-0.0240000000000009
"2019-03-20 08:59:00",3132,-0.0200000000000031
"2019-03-20 09:00:00",3899,0.0300000000000011
"2019-03-20 09:01:00",3869,-0.0150000000000006
"2019-03-20 09:02:00",4233,-0.0100999999999942
"2019-03-20 09:03:00",2833,-0.0149000000000044
"2019-03-20 09:04:00",1300,-0.00319999999999965
"2019-03-20 09:05:00",4000,-0.0167999999999964
"2019-03-20 09:06:00",8755,-0.0100000000000051
"2019-03-20 09:07:00",14300,0.0100000000000051
"2019-03-20 09:08:00",17700,0.00499999999999545
"2019-03-20 09:09:00",2439,-0.00730000000000075
"2019-03-20 09:10:00",1641,-0.0227000000000004
"2019-03-20 09:11:00",9020,-0.019999999999996
"2019-03-20 09:12:00",2200,-0.00500000000000256
"2019-03-20 09:13:00",2563,-0.00999999999999801
"2019-03-20 09:14:00",2200,0.0399999999999991
"2019-03-20 09:15:00",10427,-0.00999999999999801
"2019-03-20 09:16:00",2914,0.00999999999999801
"2019-03-20 09:17:00",2671,-0.0150000000000006
"2019-03-20 09:18:00",2719,0.0350000000000037
"2019-03-20 09:19:00",3900,-0.0200000000000031
"2019-03-20 09:20:00",400,0
"2019-03-20 09:21:00",6615,-0.0249999999999986
"2019-03-20 09:22:00",9201,0.00499999999999545
"2019-03-20 09:23:00",5370,-0.00999999999999801
"2019-03-20 09:24:00",2618,-0.00499999999999545
"2019-03-20 09:25:00",3135,0.00999999999999801
"2019-03-20 09:26:00",1916,-0.00440000000000396
"2019-03-20 09:27:00",11135,0.0244
"2019-03-20 09:28:00",4541,0.0150000000000006
"2019-03-20 09:29:00",16642,0.0900000000000034
"2019-03-20 09:30:00",18110,0.129999999999995
"2019-03-20 09:31:00",2423,0.0399999999999991
"2019-03-20 09:32:00",13265,-0.00499999999999545
"2019-03-20 09:33:00",1200,-0.0350000000000037
"2019-03-20 09:34:00",6160,0.0100000000000051
"2019-03-20 09:35:00",11802,-0.0200000000000031
"2019-03-20 09:36:00",2819,0.00999999999999801
"2019-03-20 09:37:00",5611,-0.019999999999996
"2019-03-20 09:38:00",6925,-0.0200000000000031
"2019-03-20 09:39:00",11022,-0.0300000000000011
"2019-03-20 09:40:00",7548,0
"2019-03-20 09:41:00",9773,-0.019999999999996
"2019-03-20 09:42:00",10135,0.0600000000000023
"2019-03-20 09:43:00",17718,0.029999999999994
"2019-03-20 09:44:00",16808,-0.00999999999999801
"2019-03-20 09:45:00",5711,0.0499999999999972
"2019-03-20 09:46:00",3430,0
"2019-03-20 09:47:00",2770,-0.00499999999999545
"2019-03-20 09:48:00",5304,0.00499999999999545
"2019-03-20 09:49:00",7140,0.0100000000000051
"2019-03-20 09:50:00",8726,0
"2019-03-20 09:51:00",6100,0.019999999999996
"2019-03-20 09:52:00",4908,0.0187999999999988
"2019-03-20 09:53:00",2200,-0.0287999999999897
"2019-03-20 09:54:00",2795,-0.0200000000000102
"2019-03-20 09:55:00",7704,0.0450000000000017
"2019-03-20 09:56:00",4962,-0.00499999999999545
"2019-03-20 09:57:00",3826,-0.019999999999996
"2019-03-20 09:58:00",3400,0.00999999999999091
"2019-03-20 09:59:00",700,-0.00999999999999091
"2019-03-20 10:00:00",1100,0.039999999999992
"2019-03-20 10:01:00",4348,0
"2019-03-20 10:02:00",3984,0.0250000000000057
"2019-03-20 10:03:00",2853,-0.0400000000000063
"2019-03-20 10:04:00",973,0.0150000000000006
"2019-03-20 10:05:00",7493,0.0600000000000023
"2019-03-20 10:06:00",918,-0.0100000000000051
"2019-03-20 10:07:00",4642,0
"2019-03-20 10:08:00",7000,0.0150000000000006
"2019-03-20 10:09:00",2918,-0.0150000000000006
"2019-03-20 10:10:00",4818,-0.019999999999996
"2019-03-20 10:11:00",2982,0.0300000000000011
"2019-03-20 10:12:00",26109,-0.019999999999996
"2019-03-20 10:13:00",4592,0.019999999999996
"2019-03-20 10:14:00",1809,0.019999999999996
"2019-03-20 10:15:00",1100,0
"2019-03-20 10:16:00",2854,-0.0150000000000006
"2019-03-20 10:17:00",6450,0.0450000000000017
"2019-03-20 10:18:00",7188,0.0349999999999966
"2019-03-20 10:19:00",3518,-0.0131999999999977
"2019-03-20 10:20:00",1474,-0.0117999999999938
"2019-03-20 10:21:00",3955,0.039999999999992
"2019-03-20 10:22:00",3409,-0.019999999999996
"2019-03-20 10:23:00",2541,0.0100000000000051
"2019-03-20 10:24:00",3932,-0.0200000000000102
"2019-03-20 10:25:00",5095,-0.00999999999999091
"2019-03-20 10:26:00",1511,0.0150000000000006
"2019-03-20 10:27:00",5390,0.0349999999999966
"2019-03-20 10:28:00",7574,-0.0349999999999966
"2019-03-20 10:29:00",7015,0.0300000000000011
"2019-03-20 10:30:00",2484,-0.0150000000000006
"2019-03-20 10:31:00",4439,0
"2019-03-20 10:32:00",6035,0.00499999999999545
"2019-03-20 10:33:00",5317,-0.0100000000000051
"2019-03-20 10:34:00",600,-0.00969999999999516
"2019-03-20 10:35:00",2300,-0.00530000000000541
"2019-03-20 10:36:00",3400,0
"2019-03-20 10:37:00",4780,0.0300000000000011
"2019-03-20 10:38:00",4400,-0.0133999999999901
"2019-03-20 10:39:00",2700,0.00339999999999918
"2019-03-20 10:40:00",18441,0
"2019-03-20 10:41:00",8400,0
"2019-03-20 10:42:00",15900,-0.0250000000000057
"2019-03-20 10:43:00",600,-0.0150000000000006
"2019-03-20 10:44:00",3905,-0.00999999999999091
"2019-03-20 10:45:00",2741,0.0149999999999864
"2019-03-20 10:46:00",10617,-0.00499999999999545
"2019-03-20 10:47:00",3050,0.0126999999999953
"2019-03-20 10:48:00",3188,-0.0526999999999873
"2019-03-20 10:49:00",2840,0.00999999999999091
"2019-03-20 10:50:00",2756,0.0100000000000051
"2019-03-20 10:51:00",1028,0
"2019-03-20 10:52:00",6988,0.00690000000000168
"2019-03-20 10:53:00",7300,-0.00690000000000168
"2019-03-20 10:54:00",1300,-0.0100000000000051
"2019-03-20 10:55:00",4246,0.00500000000000966
"2019-03-20 10:56:00",19947,-0.00500000000000966
"2019-03-20 10:57:00",2508,0
"2019-03-20 10:58:00",10967,-0.019999999999996
"2019-03-20 10:59:00",7521,-0.0100000000000051
"2019-03-20 11:00:00",2300,0.0300000000000011
"2019-03-20 11:01:00",512,0
"2019-03-20 11:02:00",1000,-0.019999999999996
"2019-03-20 11:03:00",1016,0.0100000000000051
"2019-03-20 11:04:00",1100,0.00999999999999091
"2019-03-20 11:05:00",1484,0
"2019-03-20 11:06:00",4367,0.0100000000000051
"2019-03-20 11:07:00",2900,0.0249999999999915
"2019-03-20 11:08:00",2720,0.00500000000000966
"2019-03-20 11:09:00",1894,0
"2019-03-20 11:10:00",14081,0
"2019-03-20 11:11:00",2600,0
"2019-03-20 11:12:00",1691,0
"2019-03-20 11:13:00",808,-0.0300000000000011
"2019-03-20 11:14:00",5251,0
"2019-03-20 11:15:00",3456,-0.0100000000000051
"2019-03-20 11:16:00",3912,0.0300000000000011
"2019-03-20 11:17:00",3623,-0.019999999999996
"2019-03-20 11:18:00",1828,-0.019999999999996
"2019-03-20 11:19:00",4955,-0.0100000000000051
"2019-03-20 11:20:00",2645,-0.0135999999999967
"2019-03-20 11:21:00",6573,-0.0164000000000044
"2019-03-20 11:22:00",6900,-0.0100000000000051
"2019-03-20 11:23:00",15457,-0.0249999999999915
"2019-03-20 11:24:00",3245,-0.00500000000000966
"2019-03-20 11:25:00",18567,0
"2019-03-20 11:26:00",8246,-0.0299999999999869
"2019-03-20 11:27:00",5158,0.019999999999996
"2019-03-20 11:28:00",3947,-0.0100000000000051
"2019-03-20 11:29:00",37052,0
"2019-03-20 11:30:00",6907,0.0300000000000011
"2019-03-20 11:31:00",1117,-0.0150000000000006
"2019-03-20 11:32:00",10062,-0.0649999999999977
"2019-03-20 11:33:00",8436,-0.0349999999999966
"2019-03-20 11:34:00",15920,-0.0150000000000006
"2019-03-20 11:35:00",3366,0.0499999999999972
"2019-03-20 11:36:00",22986,-0.0499999999999972
"2019-03-20 11:37:00",10324,-0.0100000000000051
"2019-03-20 11:38:00",22431,0.0150000000000006
"2019-03-20 11:39:00",8173,0.0150000000000006
"2019-03-20 11:40:00",2612,0.0499999999999972
"2019-03-20 11:41:00",2977,-0.00999999999999091
"2019-03-20 11:42:00",2352,-0.0200000000000031
"2019-03-20 11:43:00",1300,0
"2019-03-20 11:44:00",4037,-0.00690000000000168
"2019-03-20 11:45:00",6408,0.00999999999999801
"2019-03-20 11:46:00",3583,0.00690000000000168
"2019-03-20 11:47:00",2721,0.019999999999996
"2019-03-20 11:48:00",5354,0
"2019-03-20 11:49:00",4900,-0.0150000000000006
"2019-03-20 11:50:00",700,0.00500000000000966
"2019-03-20 11:51:00",3578,-0.0099000000000018
"2019-03-20 11:52:00",7368,0.0046999999999997
"2019-03-20 11:53:00",4200,0.00520000000000209
"2019-03-20 11:54:00",2400,-0.0100000000000051
"2019-03-20 11:55:00",3770,-0.0150000000000006
"2019-03-20 11:56:00",9305,0
"2019-03-20 11:57:00",1032,0.00500000000000256
"2019-03-20 11:58:00",2493,0.00999999999999801
"2019-03-20 11:59:00",1000,0.019999999999996
"2019-03-20 12:00:00",3575,0.00500000000000966
"2019-03-20 12:01:00",1600,-0.000300000000009959
"2019-03-20 12:02:00",708,-0.0046999999999997
"2019-03-20 12:03:00",300,0
"2019-03-20 12:04:00",652,0
"2019-03-20 12:05:00",1650,-0.00999999999999091
"2019-03-20 12:06:00",1920,-0.0200000000000031
"2019-03-20 12:07:00",1008,0
"2019-03-20 12:08:00",1825,0.0200000000000031
"2019-03-20 12:09:00",2264,-0.0100000000000051
"2019-03-20 12:10:00",1602,0
"2019-03-20 12:11:00",3198,0.0100000000000051
"2019-03-20 12:12:00",1659,0.019999999999996
"2019-03-20 12:13:00",6221,0.0150000000000006
"2019-03-20 12:14:00",2897,-0.00499999999999545
"2019-03-20 12:15:00",1183,-0.013300000000001
"2019-03-20 12:16:00",1558,-0.00670000000000925
"2019-03-20 12:17:00",1158,0
"2019-03-20 12:19:00",1200,-0.00999999999999091
"2019-03-20 12:20:00",400,0
"2019-03-20 12:21:00",5960,0
"2019-03-20 12:22:00",1200,-0.0100000000000051
"2019-03-20 12:23:00",834,0.00499999999999545
"2019-03-20 12:24:00",828,-0.00499999999999545
"2019-03-20 12:25:00",1000,0
"2019-03-20 12:26:00",1711,0.00499999999999545
"2019-03-20 12:27:00",4600,-0.0249999999999986
"2019-03-20 12:28:00",1100,0.0100000000000051
"2019-03-20 12:29:00",3146,-0.00500000000000256
"2019-03-20 12:30:00",550,-0.00500000000000256
"2019-03-20 12:31:00",2506,0.00500000000000256
"2019-03-20 12:32:00",1600,0.0150000000000006
"2019-03-20 12:33:00",500,-0.00999999999999801
"2019-03-20 12:34:00",1969,-0.0168000000000035
"2019-03-20 12:35:00",5167,0.0168000000000035
"2019-03-20 12:36:00",1715,0.0174000000000021
"2019-03-20 12:37:00",7700,0.0225999999999971
"2019-03-20 12:38:00",540,-0.0150000000000006
"2019-03-20 12:39:00",1047,0.00499999999999545
"2019-03-20 12:40:00",600,-0.00999999999999091
"2019-03-20 12:41:00",200,0.00999999999999091
"2019-03-20 12:42:00",600,0
"2019-03-20 12:44:00",1200,0.0200000000000102
"2019-03-20 12:45:00",3162,-0.0300000000000011
"2019-03-20 12:46:00",3020,0
"2019-03-20 12:47:00",715,0.00690000000000168
"2019-03-20 12:48:00",200,-0.00690000000000168
"2019-03-20 12:49:00",5978,0.039999999999992
"2019-03-20 12:50:00",400,0
"2019-03-20 12:51:00",400,-0.00999999999999091
"2019-03-20 12:52:00",3517,0.0253999999999905
"2019-03-20 12:53:00",385,0.00459999999999638
"2019-03-20 12:54:00",1795,0.0100000000000051
"2019-03-20 12:55:00",6100,-0.0100000000000051
"2019-03-20 12:56:00",826,-0.00999999999999091
"2019-03-20 12:57:00",3849,-0.0100000000000051
"2019-03-20 12:58:00",8484,0.0300000000000011
"2019-03-20 12:59:00",3159,0
"2019-03-20 13:00:00",11254,0.0900000000000034
"2019-03-20 13:01:00",3960,0.0699999999999932
"2019-03-20 13:02:00",1927,0.0600000000000023
"2019-03-20 13:03:00",2522,0.019999999999996
"2019-03-20 13:04:00",3508,0.0600000000000023
"2019-03-20 13:05:00",3939,0.0100000000000051
"2019-03-20 13:06:00",1792,-0.0100000000000051
"2019-03-20 13:07:00",8189,-0.059599999999989
"2019-03-20 13:08:00",3554,0.00959999999999184
"2019-03-20 13:09:00",4201,0.019999999999996
"2019-03-20 13:10:00",7569,0.0500000000000114
"2019-03-20 13:11:00",3801,0
"2019-03-20 13:12:00",907,-0.0100000000000051
"2019-03-20 13:13:00",1550,0.00369999999999493
"2019-03-20 13:14:00",6238,0.0263000000000062
"2019-03-20 13:15:00",6928,-0.0300000000000011
"2019-03-20 13:16:00",3000,0.00319999999999254
"2019-03-20 13:17:00",1552,-0.0431999999999988
"2019-03-20 13:18:00",2623,-0.00499999999999545
"2019-03-20 13:19:00",7911,0.00499999999999545
"2019-03-20 13:20:00",11312,0
"2019-03-20 13:21:00",10112,0.0500000000000114
"2019-03-20 13:22:00",6308,-0.0350000000000108
"2019-03-20 13:23:00",10611,0.0600000000000023
"2019-03-20 13:24:00",14540,0.019999999999996
"2019-03-20 13:25:00",9683,0.0250000000000057
"2019-03-20 13:26:00",12662,0.0250000000000057
"2019-03-20 13:27:00",13844,0.0129000000000019
"2019-03-20 13:28:00",6494,0.0120999999999896
"2019-03-20 13:29:00",6221,0.0300000000000011
"2019-03-20 13:30:00",7376,-0.019999999999996
"2019-03-20 13:31:00",12153,0
"2019-03-20 13:32:00",8762,0.0900000000000034
"2019-03-20 13:33:00",6902,-0.00500000000000966
"2019-03-20 13:34:00",6428,-0.00499999999999545
"2019-03-20 13:35:00",5408,0
"2019-03-20 13:36:00",5527,-0.0100000000000051
"2019-03-20 13:37:00",6450,0.0300000000000011
"2019-03-20 13:38:00",16071,0.0467000000000013
"2019-03-20 13:39:00",7520,-0.0167000000000002
"2019-03-20 13:40:00",2400,-0.0499999999999972
"2019-03-20 13:41:00",3206,-0.019999999999996
"2019-03-20 13:42:00",4528,0.00999999999999091
"2019-03-20 13:43:00",3089,0.0350000000000108
"2019-03-20 13:44:00",8240,-0.0350000000000108
"2019-03-20 13:45:00",7472,0.0100000000000051
"2019-03-20 13:46:00",4890,0.019999999999996
"2019-03-20 13:47:00",5431,-0.019999999999996
"2019-03-20 13:48:00",4873,0.0100000000000051
"2019-03-20 13:49:00",5026,0.019999999999996
"2019-03-20 13:50:00",7379,0.019999999999996
"2019-03-20 13:51:00",3150,-0.00999999999999091
"2019-03-20 13:52:00",13097,0.0264999999999986
"2019-03-20 13:53:00",3700,0.00849999999999795
"2019-03-20 13:54:00",11158,-0.0400000000000063
"2019-03-20 13:55:00",6816,0.00500000000000966
"2019-03-20 13:56:00",4392,0.019999999999996
"2019-03-20 13:57:00",3054,0
"2019-03-20 13:58:00",3800,-0.0100000000000051
"2019-03-20 13:59:00",8556,0.0499999999999972
"2019-03-20 14:00:00",11717,-0.00629999999999598
"2019-03-20 14:01:00",8642,0.0163000000000011
"2019-03-20 14:02:00",7635,-0.0100000000000051
"2019-03-20 14:03:00",8234,-0.019999999999996
"2019-03-20 14:04:00",3920,-0.0232999999999919
"2019-03-20 14:05:00",2499,-0.0267000000000053
"2019-03-20 14:06:00",4041,0.019999999999996
"2019-03-20 14:07:00",1400,-0.0035000000000025
"2019-03-20 14:08:00",4610,-0.00149999999999295
"2019-03-20 14:09:00",4247,0.00499999999999545
"2019-03-20 14:10:00",10802,0.0300000000000011
"2019-03-20 14:11:00",17103,0.019999999999996
"2019-03-20 14:12:00",6898,-0.019999999999996
"2019-03-20 14:13:00",6750,0.024799999999999
"2019-03-20 14:14:00",4300,0.00520000000000209
"2019-03-20 14:15:00",6309,-0.00539999999999452
"2019-03-20 14:16:00",3915,-0.0146000000000015
"2019-03-20 14:17:00",400,0
"2019-03-20 14:18:00",1560,-0.0250000000000057
"2019-03-20 14:19:00",3187,-0.00499999999999545
"2019-03-20 14:20:00",3750,0
"2019-03-20 14:21:00",7507,-0.0100000000000051
"2019-03-20 14:22:00",6510,0.0200000000000102
"2019-03-20 14:23:00",3121,-0.0120000000000005
"2019-03-20 14:24:00",2581,0.00199999999999534
"2019-03-20 14:25:00",1705,-0.0100000000000051
"2019-03-20 14:26:00",900,0
"2019-03-20 14:27:00",6065,-0.0300000000000011
"2019-03-20 14:28:00",2304,-0.00999999999999091
"2019-03-20 14:29:00",4208,0
"2019-03-20 14:30:00",10994,-0.0200000000000102
"2019-03-20 14:31:00",5925,-0.0718999999999994
"2019-03-20 14:32:00",6820,-0.0130999999999943
"2019-03-20 14:33:00",6744,-0.0550000000000068
"2019-03-20 14:34:00",5804,0.0300000000000011
"2019-03-20 14:35:00",8116,0.0100000000000051
"2019-03-20 14:36:00",10847,0.0100000000000051
"2019-03-20 14:37:00",12522,-0.00500000000000966
"2019-03-20 14:38:00",3721,0.0100000000000051
"2019-03-20 14:39:00",7542,-0.019999999999996
"2019-03-20 14:40:00",4494,0.0150000000000006
"2019-03-20 14:41:00",4580,0.00499999999999545
"2019-03-20 14:42:00",2204,-0.019999999999996
"2019-03-20 14:43:00",9141,0.0249999999999915
"2019-03-20 14:44:00",5500,0.00500000000000966
"2019-03-20 14:45:00",6197,0.0385999999999882
"2019-03-20 14:46:00",6854,0.0264000000000095
"2019-03-20 14:47:00",9511,0.00999999999999091
"2019-03-20 14:48:00",2413,-0.0300000000000011
"2019-03-20 14:49:00",9884,-0.0149999999999864
"2019-03-20 14:50:00",16428,0.00499999999999545
"2019-03-20 14:51:00",24510,0.00499999999999545
"2019-03-20 14:52:00",13620,-0.0120000000000005
"2019-03-20 14:53:00",21453,-0.00300000000000011
"2019-03-20 14:54:00",10994,-0.039999999999992
"2019-03-20 14:55:00",20530,-0.0200000000000102
"2019-03-20 14:56:00",17953,0.0200000000000102
"2019-03-20 14:57:00",18919,0
"2019-03-20 14:58:00",15427,0.00999999999999091
"2019-03-20 14:59:00",38431,-0.0450000000000017
"2019-03-20 15:02:00",26770,0.00500000000000966
"2019-03-20 15:15:00",0,0
"2019-03-21 08:30:00",43327,-0.109999999999999
"2019-03-21 08:31:00",8334,0.0300000000000011
"2019-03-21 08:32:00",13656,-0.0327000000000055
"2019-03-21 08:33:00",11425,0.0126999999999953
"2019-03-21 08:34:00",24545,-0.019999999999996
"2019-03-21 08:35:00",14988,-0.0450000000000017
"2019-03-21 08:36:00",6662,0.0100000000000051
"2019-03-21 08:37:00",4122,0.00499999999999545
"2019-03-21 08:38:00",7041,0.0100000000000051
"2019-03-21 08:39:00",3807,-0.0550000000000068
"2019-03-21 08:40:00",24559,-0.019999999999996
"2019-03-21 08:41:00",11177,0.00499999999999545
"2019-03-21 08:42:00",7500,0.0300000000000011
"2019-03-21 08:43:00",10461,0.019999999999996
"2019-03-21 08:44:00",8288,0
"2019-03-21 08:45:00",4302,0.0200000000000102
"2019-03-21 08:46:00",6437,-0.0250000000000057
"2019-03-21 08:47:00",3600,0.0349999999999966
"2019-03-21 08:48:00",6100,0.0100000000000051
"2019-03-21 08:49:00",7589,-0.0499999999999972
"2019-03-21 08:50:00",15459,-0.019999999999996
"2019-03-21 08:51:00",7855,0.0299999999999869
"2019-03-21 08:52:00",22000,0
"2019-03-21 08:53:00",11419,-0.00999999999999091
"2019-03-21 08:54:00",6224,-0.019999999999996
"2019-03-21 08:55:00",7600,0.00999999999999091
"2019-03-21 08:56:00",8927,-0.00999999999999091
"2019-03-21 08:57:00",3048,0.0150000000000006
"2019-03-21 08:58:00",7164,0.0149999999999864
"2019-03-21 08:59:00",10866,-0.0349999999999966
"2019-03-21 09:00:00",10297,0.00500000000000966
"2019-03-21 09:01:00",2800,-0.0100000000000051
"2019-03-21 09:02:00",12983,-0.019999999999996
"2019-03-21 09:03:00",8437,-0.0100000000000051
"2019-03-21 09:04:00",5567,0.0450000000000017
"2019-03-21 09:05:00",6597,0.0100000000000051
"2019-03-21 09:06:00",2643,0.00499999999999545
"2019-03-21 09:07:00",6554,0
"2019-03-21 09:08:00",5330,-0.00499999999999545
"2019-03-21 09:09:00",2194,-0.00500000000000966
"2019-03-21 09:10:00",2400,0.0300000000000011
"2019-03-21 09:11:00",5055,-0.0198999999999927
"2019-03-21 09:12:00",8274,0.00629999999999598
"2019-03-21 09:13:00",4239,0.00359999999999161
"2019-03-21 09:14:00",3696,-0.00459999999999638
"2019-03-21 09:15:00",3030,0.00459999999999638
"2019-03-21 09:16:00",13144,-0.039999999999992
"2019-03-21 09:17:00",7856,-0.0100000000000051
"2019-03-21 09:18:00",2318,-0.0300000000000011
"2019-03-21 09:19:00",5155,-0.019999999999996
"2019-03-21 09:20:00",3685,0
"2019-03-21 09:21:00",4237,-0.0450000000000017
"2019-03-21 09:22:00",14605,0.0150000000000006
"2019-03-21 09:23:00",7100,-0.00999999999999091
"2019-03-21 09:24:00",5379,-0.00500000000000966
"2019-03-21 09:25:00",12211,0.0349999999999966
"2019-03-21 09:26:00",4000,0.0150000000000006
"2019-03-21 09:27:00",11973,0.00500000000000966
"2019-03-21 09:28:00",1700,0.00999999999999091
"2019-03-21 09:29:00",2680,0.0100000000000051
"2019-03-21 09:30:00",3745,0.019999999999996
"2019-03-21 09:31:00",1434,0.00500000000000966
"2019-03-21 09:32:00",6913,-0.0450000000000017
"2019-03-21 09:33:00",11659,-0.0100000000000051
"2019-03-21 09:34:00",2792,0.0300000000000011
"2019-03-21 09:35:00",4108,0
"2019-03-21 09:36:00",3100,-0.0150000000000006
"2019-03-21 09:37:00",1677,-0.0150000000000006
"2019-03-21 09:38:00",4800,0.0176000000000016
"2019-03-21 09:39:00",2330,0.00619999999999266
"2019-03-21 09:40:00",4222,-0.0237999999999943
"2019-03-21 09:41:00",1747,-0.0100000000000051
"2019-03-21 09:42:00",1700,0.0100000000000051
"2019-03-21 09:43:00",4758,-0.0349999999999966
"2019-03-21 09:44:00",1700,0.00130000000000052
"2019-03-21 09:45:00",16055,-0.0463000000000022
"2019-03-21 09:46:00",4095,-0.0100000000000051
"2019-03-21 09:47:00",4666,0
"2019-03-21 09:48:00",3632,-0.00319999999999254
"2019-03-21 09:49:00",3387,0.0181999999999931
"2019-03-21 09:50:00",1600,-0.0150000000000006
"2019-03-21 09:51:00",1000,0.0200000000000102
"2019-03-21 09:52:00",1955,0.00479999999998881
"2019-03-21 09:53:00",13924,0.0352000000000032
"2019-03-21 09:54:00",6891,0
"2019-03-21 09:55:00",4992,-0.039999999999992
"2019-03-21 09:56:00",2638,0.00999999999999091
"2019-03-21 09:57:00",1755,-0.00499999999999545
"2019-03-21 09:58:00",6475,0.0349999999999966
"2019-03-21 09:59:00",1699,0.0100000000000051
"2019-03-21 10:00:00",2250,0.0300000000000011
"2019-03-21 10:01:00",2618,0.00999999999999091
"2019-03-21 10:02:00",8827,0.00410000000000821
"2019-03-21 10:03:00",12018,0.00379999999999825
"2019-03-21 10:04:00",9553,-0.0178999999999974
"2019-03-21 10:05:00",9156,0.019999999999996
"2019-03-21 10:06:00",9331,0.00499999999999545
"2019-03-21 10:07:00",8085,0.0450000000000017
"2019-03-21 10:08:00",3348,-0.00999999999999091
"2019-03-21 10:09:00",7544,-0.0350000000000108
"2019-03-21 10:10:00",4155,0.00500000000000966
"2019-03-21 10:11:00",1400,-0.00500000000000966
"2019-03-21 10:12:00",2900,0.0150000000000006
"2019-03-21 10:13:00",5420,-0.00999999999999091
"2019-03-21 10:14:00",7115,-0.00500000000000966
"2019-03-21 10:15:00",5065,0.00500000000000966
"2019-03-21 10:16:00",3300,0.019999999999996
"2019-03-21 10:17:00",6754,0
"2019-03-21 10:18:00",3466,-0.0150000000000006
"2019-03-21 10:19:00",3186,-0.0150000000000006
"2019-03-21 10:20:00",2165,0
"2019-03-21 10:21:00",3680,-0.0100000000000051
"2019-03-21 10:22:00",2480,0.0100000000000051
"2019-03-21 10:23:00",2525,0.0300000000000011
"2019-03-21 10:24:00",3600,0.0150000000000006
"2019-03-21 10:25:00",3970,0.0150000000000006
"2019-03-21 10:26:00",5294,-0.0100000000000051
"2019-03-21 10:27:00",1800,-0.019999999999996
"2019-03-21 10:28:00",4577,-0.018100000000004
"2019-03-21 10:29:00",5058,-0.00189999999999202
"2019-03-21 10:30:00",2450,0.00999999999999091
"2019-03-21 10:31:00",5715,0.0100000000000051
"2019-03-21 10:32:00",6544,0.019999999999996
"2019-03-21 10:33:00",6010,-0.0300000000000011
"2019-03-21 10:34:00",4450,-0.0300000000000011
"2019-03-21 10:35:00",5229,-0.0300000000000011
"2019-03-21 10:36:00",7016,0
"2019-03-21 10:37:00",3878,0
"2019-03-21 10:38:00",2796,-0.019999999999996
"2019-03-21 10:39:00",9561,-0.0699999999999932
"2019-03-21 10:40:00",2801,0.0150000000000006
"2019-03-21 10:41:00",10376,0.0249999999999915
"2019-03-21 10:42:00",5498,0.0499999999999972
"2019-03-21 10:43:00",1200,0.0100000000000051
"2019-03-21 10:44:00",3767,0
"2019-03-21 10:45:00",2998,0.0400000000000063
"2019-03-21 10:46:00",13269,0.00999999999999091
"2019-03-21 10:47:00",2656,-0.0300000000000011
"2019-03-21 10:48:00",4678,0.0100000000000051
"2019-03-21 10:49:00",2197,0.0100000000000051
"2019-03-21 10:50:00",3100,0.0300000000000011
"2019-03-21 10:51:00",2792,0.00999999999999091
"2019-03-21 10:52:00",4637,-0.019999999999996
"2019-03-21 10:53:00",1470,0.0100000000000051
"2019-03-21 10:54:00",1959,0
"2019-03-21 10:55:00",1820,-0.00760000000001071
"2019-03-21 10:56:00",2645,0.0275000000000034
"2019-03-21 10:57:00",2968,-0.0198999999999927
"2019-03-21 10:58:00",5647,0.00489999999999213
"2019-03-21 10:59:00",4628,0.0250999999999948
"2019-03-21 11:00:00",5042,-0.00849999999999795
"2019-03-21 11:01:00",1117,-0.021499999999989
"2019-03-21 11:02:00",4010,-0.0400000000000063
"2019-03-21 11:03:00",1111,-0.0150000000000006
"2019-03-21 11:04:00",1100,-0.00499999999999545
"2019-03-21 11:05:00",952,0.0300000000000011
"2019-03-21 11:06:00",3177,0
"2019-03-21 11:07:00",1124,-0.0100000000000051
"2019-03-21 11:08:00",2557,-0.00520000000000209
"2019-03-21 11:09:00",700,-0.00480000000000302
"2019-03-21 11:10:00",3500,0.0200000000000102
"2019-03-21 11:11:00",2234,-0.00500000000000966
"2019-03-21 11:12:00",1661,-0.0148999999999972
"2019-03-21 11:13:00",7361,-0.00509999999999877
"2019-03-21 11:14:00",4192,-0.0100000000000051
"2019-03-21 11:15:00",1350,0.0150000000000006
"2019-03-21 11:16:00",1871,0
"2019-03-21 11:17:00",2223,-0.039999999999992
"2019-03-21 11:18:00",8082,-0.0400000000000063
"2019-03-21 11:19:00",4753,0.0035000000000025
"2019-03-21 11:20:00",2613,-0.0384999999999991
"2019-03-21 11:21:00",4446,-0.0349999999999966
"2019-03-21 11:22:00",5100,0.015900000000002
"2019-03-21 11:23:00",1775,-0.000900000000001455
"2019-03-21 11:24:00",3200,-0.0250000000000057
"2019-03-21 11:25:00",6054,-0.0100000000000051
"2019-03-21 11:26:00",900,-0.00729999999998654
"2019-03-21 11:27:00",3937,0.00229999999999109
"2019-03-21 11:28:00",9994,-0.019999999999996
"2019-03-21 11:29:00",12037,0.0150000000000006
"2019-03-21 11:30:00",11500,0.019999999999996
"2019-03-21 11:31:00",1400,0.0100000000000051
"2019-03-21 11:32:00",1273,-0.00500000000000966
"2019-03-21 11:33:00",6361,-0.0349999999999966
"2019-03-21 11:34:00",12586,-0.019999999999996
"2019-03-21 11:35:00",41018,-0.019999999999996
"2019-03-21 11:36:00",4402,-0.0400000000000063
"2019-03-21 11:37:00",1900,0.00999999999999801
"2019-03-21 11:38:00",2892,-0.00999999999999801
"2019-03-21 11:39:00",773,0
"2019-03-21 11:40:00",1953,0
"2019-03-21 11:41:00",3418,0.0200000000000031
"2019-03-21 11:42:00",2837,0.00499999999999545
"2019-03-21 11:43:00",1200,0
"2019-03-21 11:44:00",3402,-0.0150000000000006
"2019-03-21 11:45:00",499,0.00619999999999976
"2019-03-21 11:46:00",1900,-0.0161999999999978
"2019-03-21 11:47:00",800,0
"2019-03-21 11:48:00",4385,0
"2019-03-21 11:49:00",1218,0
"2019-03-21 11:50:00",2536,0.0300000000000011
"2019-03-21 11:51:00",2376,-0.0150000000000006
"2019-03-21 11:52:00",2696,-0.0165999999999968
"2019-03-21 11:53:00",2872,0.00159999999999627
"2019-03-21 11:54:00",893,0.00999999999999801
"2019-03-21 11:55:00",1200,0.0249999999999986
"2019-03-21 11:56:00",537,-0.00999999999999801
"2019-03-21 11:57:00",1220,-0.00499999999999545
"2019-03-21 11:58:00",1612,0.0149999999999935
"2019-03-21 11:59:00",29930,-0.019999999999996
"2019-03-21 12:00:00",1550,0.000300000000002854
"2019-03-21 12:01:00",1300,0.0397000000000034
"2019-03-21 12:02:00",1400,0.00999999999999091
"2019-03-21 12:03:00",1729,0.0250000000000057
"2019-03-21 12:04:00",1100,0.00849999999999795
"2019-03-21 12:05:00",4136,0.00149999999999295
"2019-03-21 12:06:00",5003,0.0100000000000051
"2019-03-21 12:07:00",4186,0
"2019-03-21 12:08:00",1200,-0.0100000000000051
"2019-03-21 12:09:00",319,-0.00999999999999091
"2019-03-21 12:10:00",581,-0.00790000000000646
"2019-03-21 12:11:00",364,-0.00209999999999866
"2019-03-21 12:12:00",1250,0.00500000000000966
"2019-03-21 12:13:00",459,-0.0100000000000051
"2019-03-21 12:14:00",500,-0.0150000000000006
"2019-03-21 12:15:00",2400,-0.0100000000000051
"2019-03-21 12:16:00",1514,-0.019999999999996
"2019-03-21 12:17:00",300,0.00499999999999545
"2019-03-21 12:18:00",500,0.0150000000000006
"2019-03-21 12:19:00",501,-0.00999999999999091
"2019-03-21 12:20:00",1275,0.00999999999999091
"2019-03-21 12:21:00",1245,0.00500000000000966
"2019-03-21 12:22:00",322,0.00499999999999545
"2019-03-21 12:23:00",2859,0.019999999999996
"2019-03-21 12:24:00",500,0
"2019-03-21 12:25:00",2172,0
"2019-03-21 12:26:00",300,0
"2019-03-21 12:27:00",1349,-0.00999999999999091
"2019-03-21 12:28:00",514,0.019999999999996
"2019-03-21 12:29:00",742,0.00999999999999091
"2019-03-21 12:30:00",200,0.0100000000000051
"2019-03-21 12:31:00",1700,0.0139000000000067
"2019-03-21 12:32:00",2685,0.0207999999999942
"2019-03-21 12:33:00",900,-0.0147000000000048
"2019-03-21 12:34:00",500,-0.0150000000000006
"2019-03-21 12:35:00",682,0.00500000000000966
"2019-03-21 12:36:00",1420,0.00999999999999091
"2019-03-21 12:37:00",2000,-0.00499999999999545
"2019-03-21 12:38:00",1764,-0.0150000000000006
"2019-03-21 12:39:00",300,0
"2019-03-21 12:40:00",4963,0.0100000000000051
"2019-03-21 12:41:00",3530,0
"2019-03-21 12:42:00",2200,0
"2019-03-21 12:43:00",804,0
"2019-03-21 12:44:00",600,0.00999999999999091
"2019-03-21 12:45:00",5073,-0.00999999999999091
"2019-03-21 12:46:00",1000,-0.0100000000000051
"2019-03-21 12:47:00",1186,0
"2019-03-21 12:48:00",1392,0.0100000000000051
"2019-03-21 12:49:00",1600,0.00999999999999091
"2019-03-21 12:50:00",300,0.0100000000000051
"2019-03-21 12:51:00",1034,0.0100000000000051
"2019-03-21 12:52:00",1870,-0.0150000000000006
"2019-03-21 12:53:00",2162,0.00499999999999545
"2019-03-21 12:54:00",4474,0.0150000000000006
"2019-03-21 12:55:00",3299,0.00499999999999545
"2019-03-21 12:56:00",815,0.00180000000000291
"2019-03-21 12:57:00",3880,-0.00530000000000541
"2019-03-21 12:58:00",6850,-0.00149999999999295
"2019-03-21 12:59:00",3229,0.0304000000000002
"2019-03-21 13:00:00",5917,0.0236000000000018
"2019-03-21 13:01:00",1557,-0.00400000000000489
"2019-03-21 13:02:00",3200,-0.0249999999999915
"2019-03-21 13:03:00",1650,-0.0232000000000028
"2019-03-21 13:04:00",1598,0.00820000000000221
"2019-03-21 13:05:00",2270,0.0249999999999915
"2019-03-21 13:06:00",700,0.0200000000000102
"2019-03-21 13:07:00",400,0.019999999999996
"2019-03-21 13:09:00",1000,0.00669999999999504
"2019-03-21 13:10:00",2940,-0.00669999999999504
"2019-03-21 13:11:00",3509,0.00499999999999545
"2019-03-21 13:12:00",1677,-0.0150000000000006
"2019-03-21 13:13:00",400,0.0100000000000051
"2019-03-21 13:14:00",1000,0
"2019-03-21 13:15:00",3620,-0.0250000000000057
"2019-03-21 13:16:00",2021,0.00500000000000966
"2019-03-21 13:17:00",1607,-0.00500000000000966
"2019-03-21 13:18:00",1350,-0.0249999999999915
"2019-03-21 13:19:00",3800,0.00999999999999091
"2019-03-21 13:20:00",2300,0.0100000000000051
"2019-03-21 13:21:00",3937,-0.0400000000000063
"2019-03-21 13:22:00",8655,0.0267000000000053
"2019-03-21 13:23:00",2150,-0.00180000000000291
"2019-03-21 13:24:00",11519,0.0200999999999993
"2019-03-21 13:25:00",2322,0.0204000000000093
"2019-03-21 13:26:00",4566,0.0145999999999873
"2019-03-21 13:27:00",4768,0
"2019-03-21 13:28:00",2317,-0.026299999999992
"2019-03-21 13:29:00",2500,0.0163000000000011
"2019-03-21 13:30:00",1700,-0.019999999999996
"2019-03-21 13:31:00",1286,0.00999999999999091
"2019-03-21 13:32:00",5100,0.019999999999996
"2019-03-21 13:33:00",2281,0
"2019-03-21 13:34:00",1335,-0.00999999999999091
"2019-03-21 13:35:00",1150,-0.00500000000000966
"2019-03-21 13:36:00",1000,0.00500000000000966
"2019-03-21 13:37:00",1576,0
"2019-03-21 13:38:00",600,-0.00500000000000966
"2019-03-21 13:39:00",1020,0.0201000000000136
"2019-03-21 13:40:00",1010,-0.0151000000000039
"2019-03-21 13:41:00",780,0
"2019-03-21 13:42:00",3669,0.019999999999996
"2019-03-21 13:43:00",159,-0.00499999999999545
"2019-03-21 13:44:00",1363,0.00979999999999848
"2019-03-21 13:45:00",2500,-0.00480000000000302
"2019-03-21 13:46:00",3443,0
"2019-03-21 13:47:00",3379,0
"2019-03-21 13:48:00",100,0
"2019-03-21 13:49:00",565,-0.00499999999999545
"2019-03-21 13:50:00",1723,-0.00500000000000966
"2019-03-21 13:51:00",1345,-0.0063999999999993
"2019-03-21 13:52:00",1005,-0.0135999999999967
"2019-03-21 13:53:00",1471,-0.00499999999999545
"2019-03-21 13:54:00",1356,0.00499999999999545
"2019-03-21 13:55:00",1950,-0.00999999999999091
"2019-03-21 13:56:00",1359,0
"2019-03-21 13:57:00",1195,-0.0200000000000102
"2019-03-21 13:58:00",8274,0
"2019-03-21 13:59:00",1125,0.00400000000000489
"2019-03-21 14:00:00",620,0.00600000000000023
"2019-03-21 14:01:00",950,0.0100000000000051
"2019-03-21 14:02:00",3664,0
"2019-03-21 14:03:00",1700,0.00999999999999091
"2019-03-21 14:04:00",1538,-0.00999999999999091
"2019-03-21 14:05:00",6038,0
"2019-03-21 14:06:00",2556,0.00169999999999959
"2019-03-21 14:07:00",1670,-0.00169999999999959
"2019-03-21 14:08:00",1805,0.0299999999999869
"2019-03-21 14:09:00",700,-0.019999999999996
"2019-03-21 14:10:00",5970,-0.0289999999999964
"2019-03-21 14:11:00",1768,-0.00499999999999545
"2019-03-21 14:12:00",1136,-0.00100000000000477
"2019-03-21 14:13:00",1692,-0.0139000000000067
"2019-03-21 14:14:00",4293,-0.00609999999998934
"2019-03-21 14:15:00",1400,0.00499999999999545
"2019-03-21 14:16:00",9800,-0.00499999999999545
"2019-03-21 14:17:00",1292,0
"2019-03-21 14:18:00",3269,0.0150999999999897
"2019-03-21 14:19:00",6843,0.0298000000000087
"2019-03-21 14:20:00",2081,0.00010000000000332
"2019-03-21 14:21:00",935,-0.029900000000012
"2019-03-21 14:22:00",3223,0.00490000000000634
"2019-03-21 14:23:00",4859,-0.0150000000000006
"2019-03-21 14:24:00",1919,0.019999999999996
"2019-03-21 14:25:00",586,0.00500000000000966
"2019-03-21 14:26:00",3477,-0.00500000000000966
"2019-03-21 14:27:00",973,0.0100000000000051
"2019-03-21 14:28:00",1137,-0.00339999999999918
"2019-03-21 14:29:00",3317,-0.0229999999999961
"2019-03-21 14:30:00",2508,-0.00860000000000127
"2019-03-21 14:31:00",914,-0.00500000000000966
"2019-03-21 14:32:00",3470,0
"2019-03-21 14:33:00",2764,0.0300000000000011
"2019-03-21 14:34:00",1794,-0.0300000000000011
"2019-03-21 14:35:00",3326,-0.0285999999999973
"2019-03-21 14:36:00",2417,0.0135999999999967
"2019-03-21 14:37:00",5454,0.0250000000000057
"2019-03-21 14:38:00",2684,0
"2019-03-21 14:39:00",1762,0.0100000000000051
"2019-03-21 14:40:00",2842,0
"2019-03-21 14:41:00",2188,0.019999999999996
"2019-03-21 14:42:00",4249,-0.0100000000000051
"2019-03-21 14:43:00",5461,0.0100000000000051
"2019-03-21 14:44:00",1501,0.00509999999999877
"2019-03-21 14:45:00",4649,-0.0301000000000045
"2019-03-21 14:46:00",6987,-0.0229999999999961
"2019-03-21 14:47:00",3835,0.00799999999999557
"2019-03-21 14:48:00",3847,0.0200000000000102
"2019-03-21 14:49:00",4755,-0.0200000000000102
"2019-03-21 14:50:00",7887,0.0100000000000051
"2019-03-21 14:51:00",5135,-0.0400000000000063
"2019-03-21 14:52:00",8516,0.0150000000000006
"2019-03-21 14:53:00",4432,0.00500000000000966
"2019-03-21 14:54:00",15123,0
"2019-03-21 14:55:00",7912,-0.00500000000000966
"2019-03-21 14:56:00",9512,0
"2019-03-21 14:57:00",7686,0.0150000000000006
"2019-03-21 14:58:00",26763,-0.0300000000000011
"2019-03-21 14:59:00",25237,-0.00999999999999091
"2019-03-21 15:02:00",22955,-0.0100000000000051
"2019-03-21 15:15:00",0,0
"2019-03-22 08:30:00",66021,-0.43
"2019-03-22 08:31:00",19404,0.0200000000000031
"2019-03-22 08:32:00",7490,0.019999999999996
"2019-03-22 08:33:00",10945,-0.0349999999999966
"2019-03-22 08:34:00",5301,-0.0649999999999977
"2019-03-22 08:35:00",14067,-0.0400000000000063
"2019-03-22 08:36:00",14584,-0.0999999999999943
"2019-03-22 08:37:00",12058,0.029999999999994
"2019-03-22 08:38:00",29933,-0.029999999999994
"2019-03-22 08:39:00",19695,0.019999999999996
"2019-03-22 08:40:00",11175,0.00999999999999801
"2019-03-22 08:41:00",4299,-0.00999999999999801
"2019-03-22 08:42:00",9150,0.0300000000000011
"2019-03-22 08:43:00",6700,0.0200000000000031
"2019-03-22 08:44:00",5943,-0.0500000000000043
"2019-03-22 08:45:00",4811,-0.0300000000000011
"2019-03-22 08:46:00",11659,-0.0499999999999972
"2019-03-22 08:47:00",6495,-0.0300000000000011
"2019-03-22 08:48:00",49605,-0.140000000000001
"2019-03-22 08:49:00",13017,0.0200000000000031
"2019-03-22 08:50:00",9254,0.019999999999996
"2019-03-22 08:51:00",3000,0.0600000000000023
"2019-03-22 08:52:00",1698,-0.0200000000000031
"2019-03-22 08:53:00",2640,-0.0700000000000003
"2019-03-22 08:54:00",6653,-0.00999999999999801
"2019-03-22 08:55:00",6458,-0.0600000000000023
"2019-03-22 08:56:00",6762,0
"2019-03-22 08:57:00",4519,-0.029999999999994
"2019-03-22 08:58:00",3200,-0.0100000000000051
"2019-03-22 08:59:00",2550,0
"2019-03-22 09:00:00",11008,0.0500000000000043
"2019-03-22 09:01:00",3308,0.0399999999999991
"2019-03-22 09:02:00",14232,-0.0236999999999981
"2019-03-22 09:03:00",4206,-0.0563000000000002
"2019-03-22 09:04:00",6017,-0.0250000000000057
"2019-03-22 09:05:00",4310,0.0250000000000057
"2019-03-22 09:06:00",3537,0.019999999999996
"2019-03-22 09:07:00",5735,-0.00499999999999545
"2019-03-22 09:08:00",6261,0.0249999999999986
"2019-03-22 09:09:00",5906,-0.0099000000000018
"2019-03-22 09:10:00",5548,-0.0200999999999993
"2019-03-22 09:11:00",4624,-0.0200000000000031
"2019-03-22 09:12:00",3763,0.0200000000000031
"2019-03-22 09:13:00",2000,-0.00370000000000203
"2019-03-22 09:14:00",2189,-0.0262999999999991
"2019-03-22 09:15:00",4796,-0.0315000000000012
"2019-03-22 09:16:00",3600,0.0414999999999992
"2019-03-22 09:17:00",3254,0.0450000000000017
"2019-03-22 09:18:00",4156,0.0420999999999978
"2019-03-22 09:19:00",3870,0.0629000000000062
"2019-03-22 09:20:00",7604,-0.0100000000000051
"2019-03-22 09:21:00",3977,0.0300000000000011
"2019-03-22 09:22:00",7137,-0.0150000000000006
"2019-03-22 09:23:00",6666,0.0150000000000006
"2019-03-22 09:24:00",1800,-0.0349999999999966
"2019-03-22 09:25:00",8899,-0.0350000000000037
"2019-03-22 09:26:00",8439,-0.0549999999999997
"2019-03-22 09:27:00",7180,0
"2019-03-22 09:28:00",4736,0.00500000000000256
"2019-03-22 09:29:00",8618,-0.0350000000000037
"2019-03-22 09:30:00",6731,0.0300000000000011
"2019-03-22 09:31:00",5555,-0.0150000000000006
"2019-03-22 09:32:00",12547,-0.0399999999999991
"2019-03-22 09:33:00",8091,0.0300000000000011
"2019-03-22 09:34:00",6300,-0.00500000000000256
"2019-03-22 09:35:00",7978,-0.0150000000000006
"2019-03-22 09:36:00",7886,0.0450000000000017
"2019-03-22 09:37:00",11311,0.0450000000000017
"2019-03-22 09:38:00",4050,-0.0399999999999991
"2019-03-22 09:39:00",4049,-0.0300000000000011
"2019-03-22 09:40:00",4534,-0.00999999999999801
"2019-03-22 09:41:00",9801,-0.0500000000000043
"2019-03-22 09:42:00",1718,-0.0489999999999995
"2019-03-22 09:43:00",13344,0.0140000000000029
"2019-03-22 09:44:00",11760,0.0399999999999991
"2019-03-22 09:45:00",8396,-0.0500000000000043
"2019-03-22 09:46:00",10147,-0.0349999999999966
"2019-03-22 09:47:00",7677,0.0300000000000011
"2019-03-22 09:48:00",6272,-0.00999999999999801
"2019-03-22 09:49:00",5901,-0.0500000000000043
"2019-03-22 09:50:00",4429,-0.0300000000000011
"2019-03-22 09:51:00",8331,0.0300000000000011
"2019-03-22 09:52:00",8469,0.00999999999999801
"2019-03-22 09:53:00",4302,-0.0399999999999991
"2019-03-22 09:54:00",3091,0.0200000000000031
"2019-03-22 09:55:00",2628,0.00999999999999801
"2019-03-22 09:56:00",5271,-0.00999999999999801
"2019-03-22 09:57:00",3185,-0.00500000000000256
"2019-03-22 09:58:00",5518,-0.0120999999999967
"2019-03-22 09:59:00",6728,-0.0129000000000019
"2019-03-22 10:00:00",29787,-0.0300000000000011
"2019-03-22 10:01:00",6320,-0.00999999999999801
"2019-03-22 10:02:00",4217,0
"2019-03-22 10:03:00",3344,0.00999999999999801
"2019-03-22 10:04:00",12451,-0.0399999999999991
"2019-03-22 10:05:00",5159,0
"2019-03-22 10:06:00",3958,0.0200000000000031
"2019-03-22 10:07:00",6437,0.0399999999999991
"2019-03-22 10:08:00",2300,-0.0450000000000017
"2019-03-22 10:09:00",4500,0.0150000000000006
"2019-03-22 10:10:00",9500,-0.0450000000000017
"2019-03-22 10:11:00",6998,0
"2019-03-22 10:12:00",3947,0.0350000000000037
"2019-03-22 10:13:00",4695,0.0399999999999991
"2019-03-22 10:14:00",4701,0.0499999999999972
"2019-03-22 10:15:00",5245,-0.00999999999999801
"2019-03-22 10:16:00",10405,-0.0200000000000031
"2019-03-22 10:17:00",13539,0.0500000000000043
"2019-03-22 10:18:00",8885,0.0124999999999957
"2019-03-22 10:19:00",6290,0.042500000000004
"2019-03-22 10:20:00",2482,-0.0549999999999997
"2019-03-22 10:21:00",5038,0.0069999999999979
"2019-03-22 10:22:00",5940,-0.0120000000000005
"2019-03-22 10:23:00",2639,0.00500000000000256
"2019-03-22 10:24:00",4818,0
"2019-03-22 10:25:00",3800,0.019999999999996
"2019-03-22 10:26:00",4915,-0.00999999999999801
"2019-03-22 10:27:00",7438,-0.0300000000000011
"2019-03-22 10:28:00",14075,-0.0349999999999966
"2019-03-22 10:29:00",4713,0.0249999999999986
"2019-03-22 10:30:00",4909,0
"2019-03-22 10:31:00",11312,0
"2019-03-22 10:32:00",3838,-0.00500000000000256
"2019-03-22 10:33:00",11064,-0.0150000000000006
"2019-03-22 10:34:00",2165,-0.0137
"2019-03-22 10:35:00",5248,-0.0334999999999965
"2019-03-22 10:36:00",4380,0.0471999999999966
"2019-03-22 10:37:00",3734,-0.0345999999999975
"2019-03-22 10:38:00",2000,-0.0103999999999971
"2019-03-22 10:39:00",1468,-0.00500000000000256
"2019-03-22 10:40:00",13532,0.00999999999999801
"2019-03-22 10:41:00",4203,-0.0349999999999966
"2019-03-22 10:42:00",5800,-0.0100000000000051
"2019-03-22 10:43:00",6417,-0.00499999999999545
"2019-03-22 10:44:00",8642,-0.00999999999999801
"2019-03-22 10:45:00",11240,-0.0150000000000006
"2019-03-22 10:46:00",4646,-0.0200000000000031
"2019-03-22 10:47:00",146552,-0.00500000000000256
"2019-03-22 10:48:00",25199,-0.00499999999999545
"2019-03-22 10:49:00",11694,0.00499999999999545
"2019-03-22 10:50:00",16054,-0.029999999999994
"2019-03-22 10:51:00",14420,0.00999999999999801
"2019-03-22 10:52:00",17388,0.00999999999999801
"2019-03-22 10:53:00",17103,-0.019999999999996
"2019-03-22 10:54:00",22066,-0.0150000000000006
"2019-03-22 10:55:00",45325,0.0649999999999977
"2019-03-22 10:56:00",6333,0.00999999999999801
"2019-03-22 10:57:00",12644,-0.00999999999999801
"2019-03-22 10:58:00",11872,-0.0300000000000011
"2019-03-22 10:59:00",10009,0
"2019-03-22 11:00:00",11869,0.0399999999999991
"2019-03-22 11:01:00",19132,0.0500000000000043
"2019-03-22 11:02:00",21887,-0.0200000000000031
"2019-03-22 11:03:00",7723,0.0298999999999978
"2019-03-22 11:04:00",7467,0.0401000000000025
"2019-03-22 11:05:00",69854,-0.0399999999999991
"2019-03-22 11:06:00",72024,0.019999999999996
"2019-03-22 11:07:00",72352,0.0250000000000057
"2019-03-22 11:08:00",12117,-0.0123999999999995
"2019-03-22 11:09:00",37577,0.017399999999995
"2019-03-22 11:10:00",6041,-0.00999999999999801
"2019-03-22 11:11:00",8356,0
"2019-03-22 11:12:00",2255,0.00999999999999801
"2019-03-22 11:13:00",2454,-0.0161999999999978
"2019-03-22 11:14:00",10934,-0.0138000000000034
"2019-03-22 11:15:00",10273,0.0500000000000043
"2019-03-22 11:16:00",7959,0.019999999999996
"2019-03-22 11:17:00",15904,0.0400000000000063
"2019-03-22 11:18:00",7300,-0.0100000000000051
"2019-03-22 11:19:00",6272,-0.0399999999999991
"2019-03-22 11:20:00",23058,0.00500000000000256
"2019-03-22 11:21:00",12498,0.0349999999999966
"2019-03-22 11:22:00",9117,-0.00999999999999801
"2019-03-22 11:23:00",5696,-0.0399999999999991
"2019-03-22 11:24:00",6988,0.019999999999996
"2019-03-22 11:25:00",2475,-0.0499999999999972
"2019-03-22 11:26:00",7960,0.0300000000000011
"2019-03-22 11:27:00",12532,-0.0200000000000031
"2019-03-22 11:28:00",3253,0.0100000000000051
"2019-03-22 11:29:00",12474,0.0399999999999991
"2019-03-22 11:30:00",28275,0.0300000000000011
"2019-03-22 11:31:00",14613,0
"2019-03-22 11:32:00",23320,0.0749999999999957
"2019-03-22 11:33:00",10080,-0.00499999999999545
"2019-03-22 11:34:00",8779,0
"2019-03-22 11:35:00",8774,0.00999999999999801
"2019-03-22 11:36:00",3596,0
"2019-03-22 11:37:00",1977,-0.00999999999999801
"2019-03-22 11:38:00",4328,-0.0600000000000023
"2019-03-22 11:39:00",1639,-0.0150000000000006
"2019-03-22 11:40:00",3525,-0.0549999999999997
"2019-03-22 11:41:00",3140,-0.00999999999999801
"2019-03-22 11:42:00",1600,-0.0400000000000063
"2019-03-22 11:43:00",8885,-0.019999999999996
"2019-03-22 11:44:00",3370,-0.00999999999999801
"2019-03-22 11:45:00",6108,-0.0300000000000011
"2019-03-22 11:46:00",6514,0.0450000000000017
"2019-03-22 11:47:00",9467,-0.0219000000000023
"2019-03-22 11:48:00",1600,0.0219000000000023
"2019-03-22 11:49:00",2414,0.0120999999999967
"2019-03-22 11:50:00",638,-0.0120999999999967
"2019-03-22 11:51:00",2944,0.0549999999999997
"2019-03-22 11:52:00",1845,0.0499999999999972
"2019-03-22 11:53:00",3250,-0.0249999999999986
"2019-03-22 11:54:00",1450,0.0150000000000006
"2019-03-22 11:55:00",1600,-0.0399999999999991
"2019-03-22 11:56:00",1618,-0.0450000000000017
"2019-03-22 11:57:00",8615,0.0249999999999986
"2019-03-22 11:58:00",2253,0
"2019-03-22 11:59:00",1700,0
"2019-03-22 12:00:00",3697,0.0350000000000037
"2019-03-22 12:01:00",300,0.0399999999999991
"2019-03-22 12:02:00",1700,-0.0100000000000051
"2019-03-22 12:03:00",2204,0
"2019-03-22 12:04:00",2700,0
"2019-03-22 12:05:00",845,0.00500000000000256
"2019-03-22 12:06:00",3100,0
"2019-03-22 12:07:00",3691,0.0249999999999986
"2019-03-22 12:08:00",2759,-0.00999999999999801
"2019-03-22 12:09:00",2350,0.0249999999999986
"2019-03-22 12:10:00",2800,-0.019999999999996
"2019-03-22 12:11:00",1392,-0.0100000000000051
"2019-03-22 12:12:00",800,0
"2019-03-22 12:13:00",2859,-0.0300000000000011
"2019-03-22 12:14:00",2936,0.0200000000000031
"2019-03-22 12:15:00",1381,-0.00520000000000209
"2019-03-22 12:16:00",3416,0.0152000000000001
"2019-03-22 12:17:00",2937,-0.019999999999996
"2019-03-22 12:18:00",3074,0.0349999999999966
"2019-03-22 12:19:00",900,-0.0150000000000006
"2019-03-22 12:20:00",3506,-0.0300000000000011
"2019-03-22 12:21:00",1500,0
"2019-03-22 12:22:00",1902,-0.00999999999999801
"2019-03-22 12:23:00",1239,-0.019999999999996
"2019-03-22 12:24:00",4950,0.0150000000000006
"2019-03-22 12:25:00",2990,0.0139999999999958
"2019-03-22 12:26:00",2988,0.0110000000000028
"2019-03-22 12:27:00",7723,-0.0150000000000006
"2019-03-22 12:28:00",700,-0.00999999999999801
"2019-03-22 12:29:00",3819,0.019999999999996
"2019-03-22 12:30:00",2599,0.0300000000000011
"2019-03-22 12:31:00",1100,0.0249999999999986
"2019-03-22 12:32:00",2600,0.0450000000000017
"2019-03-22 12:33:00",3294,-0.00500000000000256
"2019-03-22 12:34:00",750,-0.0274999999999963
"2019-03-22 12:35:00",13548,0.0174999999999983
"2019-03-22 12:36:00",2921,-0.00500000000000256
"2019-03-22 12:37:00",3272,-0.00999999999999801
"2019-03-22 12:38:00",3591,-0.0249999999999986
"2019-03-22 12:39:00",5544,0.019999999999996
"2019-03-22 12:40:00",6500,0.0400000000000063
"2019-03-22 12:41:00",2332,-0.0099000000000018
"2019-03-22 12:42:00",1789,-0.0151000000000039
"2019-03-22 12:43:00",4000,0.0100000000000051
"2019-03-22 12:44:00",800,0.0150000000000006
"2019-03-22 12:45:00",2690,0
"2019-03-22 12:46:00",400,-0.0300000000000011
"2019-03-22 12:47:00",1157,0.019999999999996
"2019-03-22 12:48:00",200,-0.0150000000000006
"2019-03-22 12:49:00",800,-0.0150000000000006
"2019-03-22 12:50:00",3390,0.0200000000000031
"2019-03-22 12:51:00",2192,-0.00999999999999801
"2019-03-22 12:52:00",1525,0
"2019-03-22 12:53:00",1500,0
"2019-03-22 12:54:00",4541,0.00999999999999801
"2019-03-22 12:55:00",993,0.00999999999999801
"2019-03-22 12:56:00",3653,-0.0399999999999991
"2019-03-22 12:57:00",897,-0.0114999999999981
"2019-03-22 12:58:00",3143,-0.00520000000000209
"2019-03-22 12:59:00",670,0.00169999999999959
"2019-03-22 13:00:00",2443,0.0350000000000037
"2019-03-22 13:01:00",1485,0
"2019-03-22 13:02:00",3054,-0.0150000000000006
"2019-03-22 13:03:00",1136,-0.0100000000000051
"2019-03-22 13:04:00",1695,0.0200000000000031
"2019-03-22 13:05:00",4886,0.0200000000000031
"2019-03-22 13:06:00",1780,0
"2019-03-22 13:07:00",1865,-0.0200000000000031
"2019-03-22 13:08:00",600,-0.00500000000000256
"2019-03-22 13:09:00",1800,0.00500000000000256
"2019-03-22 13:10:00",1648,0.0150000000000006
"2019-03-22 13:11:00",4800,0.00500000000000256
"2019-03-22 13:12:00",2800,0.0249999999999986
"2019-03-22 13:13:00",2100,0
"2019-03-22 13:14:00",1850,0.00499999999999545
"2019-03-22 13:15:00",2650,0.0450000000000017
"2019-03-22 13:16:00",20012,0.0223000000000013
"2019-03-22 13:17:00",4555,0.0176999999999978
"2019-03-22 13:18:00",8533,0
"2019-03-22 13:19:00",2300,-0.0150000000000006
"2019-03-22 13:20:00",5108,0.0250000000000057
"2019-03-22 13:21:00",3225,-0.0150000000000006
"2019-03-22 13:22:00",1083,0.00999999999999801
"2019-03-22 13:23:00",3944,-0.0150000000000006
"2019-03-22 13:24:00",2634,-0.00500000000000256
"2019-03-22 13:25:00",1500,-0.0150000000000006
"2019-03-22 13:26:00",2468,0.0200000000000031
"2019-03-22 13:27:00",2343,0.0499999999999972
"2019-03-22 13:28:00",2100,0.0100000000000051
"2019-03-22 13:29:00",9461,-0.0100000000000051
"2019-03-22 13:30:00",3258,-0.00999999999999801
"2019-03-22 13:31:00",1977,-0.0135999999999967
"2019-03-22 13:32:00",1594,-0.0063999999999993
"2019-03-22 13:33:00",8345,-0.0400000000000063
"2019-03-22 13:34:00",4150,-0.0399999999999991
"2019-03-22 13:35:00",9749,0
"2019-03-22 13:36:00",5625,0.0250000000000057
"2019-03-22 13:37:00",1600,-0.00500000000000256
"2019-03-22 13:38:00",1100,0.00500000000000256
"2019-03-22 13:39:00",2398,0.0149999999999935
"2019-03-22 13:40:00",3938,0.0300000000000011
"2019-03-22 13:41:00",4505,0
"2019-03-22 13:42:00",3084,-0.00499999999999545
"2019-03-22 13:43:00",4844,0.019999999999996
"2019-03-22 13:44:00",8551,0.00160000000000338
"2019-03-22 13:45:00",6201,0.00339999999999918
"2019-03-22 13:46:00",3786,0.019999999999996
"2019-03-22 13:47:00",3308,-0.029999999999994
"2019-03-22 13:48:00",4814,0.019999999999996
"2019-03-22 13:49:00",6434,0.0200000000000031
"2019-03-22 13:50:00",3253,0.0300000000000011
"2019-03-22 13:51:00",2570,0.00999999999999801
"2019-03-22 13:52:00",4035,0.00240000000000151
"2019-03-22 13:53:00",2588,0.000799999999998136
"2019-03-22 13:54:00",4000,-0.0232000000000028
"2019-03-22 13:55:00",1800,-0.00499999999999545
"2019-03-22 13:56:00",3054,0.0150000000000006
"2019-03-22 13:57:00",1400,-0.00500000000000256
"2019-03-22 13:58:00",4675,0.00500000000000256
"2019-03-22 13:59:00",1300,-0.0300000000000011
"2019-03-22 14:00:00",5097,0.0399999999999991
"2019-03-22 14:01:00",1684,-0.0200000000000031
"2019-03-22 14:02:00",1390,-0.0249999999999986
"2019-03-22 14:03:00",3050,-0.0150000000000006
"2019-03-22 14:04:00",8034,0
"2019-03-22 14:05:00",4611,0.0167000000000002
"2019-03-22 14:06:00",1679,-0.00169999999999959
"2019-03-22 14:07:00",6659,0.0150000000000006
"2019-03-22 14:08:00",6160,-0.0150000000000006
"2019-03-22 14:09:00",3362,-0.00110000000000099
"2019-03-22 14:10:00",5753,-0.0103000000000009
"2019-03-22 14:11:00",3500,-0.0235999999999947
"2019-03-22 14:12:00",4040,-0.00500000000000256
"2019-03-22 14:13:00",2600,-0.0360000000000014
"2019-03-22 14:14:00",3077,-0.0139999999999958
"2019-03-22 14:15:00",9749,0.0149999999999935
"2019-03-22 14:16:00",7497,0.0100000000000051
"2019-03-22 14:17:00",1996,-0.0300000000000011
"2019-03-22 14:18:00",3100,0.00500000000000256
"2019-03-22 14:19:00",2502,-0.00500000000000256
"2019-03-22 14:20:00",1900,0.0150000000000006
"2019-03-22 14:21:00",2294,0
"2019-03-22 14:22:00",3368,0
"2019-03-22 14:23:00",2300,0.019999999999996
"2019-03-22 14:24:00",3180,0.0150000000000006
"2019-03-22 14:25:00",3383,-0.0163999999999973
"2019-03-22 14:26:00",2838,-0.0137
"2019-03-22 14:27:00",3192,-0.0099000000000018
"2019-03-22 14:28:00",2000,-0.00999999999999801
"2019-03-22 14:29:00",7103,-0.0200000000000031
"2019-03-22 14:30:00",4076,0
"2019-03-22 14:31:00",7724,-0.019999999999996
"2019-03-22 14:32:00",2332,-0.00999999999999801
"2019-03-22 14:33:00",2031,-0.0300000000000011
"2019-03-22 14:34:00",2941,-0.0200000000000031
"2019-03-22 14:35:00",4226,0.0200000000000031
"2019-03-22 14:36:00",5380,-0.0362000000000009
"2019-03-22 14:37:00",6449,0.0362000000000009
"2019-03-22 14:38:00",8324,-0.00500000000000256
"2019-03-22 14:39:00",8960,-0.0127000000000024
"2019-03-22 14:40:00",4039,0.00769999999999982
"2019-03-22 14:41:00",14729,-0.00999999999999801
"2019-03-22 14:42:00",5960,-0.00999999999999801
"2019-03-22 14:43:00",18762,0
"2019-03-22 14:44:00",9685,-0.00999999999999801
"2019-03-22 14:45:00",8796,0.0249999999999986
"2019-03-22 14:46:00",6219,0.0450000000000017
"2019-03-22 14:47:00",7139,-0.0100000000000051
"2019-03-22 14:48:00",51847,-0.0599999999999952
"2019-03-22 14:49:00",5886,0
"2019-03-22 14:50:00",13248,-0.0300000000000011
"2019-03-22 14:51:00",5126,-0.00500000000000256
"2019-03-22 14:52:00",35184,-0.019999999999996
"2019-03-22 14:53:00",24581,0.019999999999996
"2019-03-22 14:54:00",30330,-0.0150000000000006
"2019-03-22 14:55:00",33452,0.0337000000000032
"2019-03-22 14:56:00",10052,-0.0137
"2019-03-22 14:57:00",22110,-0.0300000000000011
"2019-03-22 14:58:00",52334,-0.0450000000000017
"2019-03-22 14:59:00",47687,-0.00500000000000256
"2019-03-22 15:02:00",68951,-0.029999999999994
"2019-03-22 15:15:00",0,0
"2019-03-25 08:30:00",90717,0.129999999999995
"2019-03-25 08:31:00",9407,0.0200000000000031
"2019-03-25 08:32:00",6448,0.00999999999999801
"2019-03-25 08:33:00",5744,-0.0274000000000001
"2019-03-25 08:34:00",5259,0.0874000000000024
"2019-03-25 08:35:00",14194,0.0399999999999991
"2019-03-25 08:36:00",16749,0.00999999999999801
"2019-03-25 08:37:00",6428,0.0200000000000031
"2019-03-25 08:38:00",13801,0
"2019-03-25 08:39:00",8384,0
"2019-03-25 08:40:00",10021,-0.0200000000000031
"2019-03-25 08:41:00",13674,-0.019999999999996
"2019-03-25 08:42:00",6320,-0.0600000000000023
"2019-03-25 08:43:00",2349,0.00999999999999801
"2019-03-25 08:44:00",8424,-0.0649999999999977
"2019-03-25 08:45:00",10457,0.00999999999999801
"2019-03-25 08:46:00",7400,-0.0150000000000006
"2019-03-25 08:47:00",9003,-0.019999999999996
"2019-03-25 08:48:00",5335,-0.0100000000000051
"2019-03-25 08:49:00",5377,-0.00499999999999545
"2019-03-25 08:50:00",3379,0.0450000000000017
"2019-03-25 08:51:00",5100,-0.0400000000000063
"2019-03-25 08:52:00",9500,0
"2019-03-25 08:53:00",2622,-0.0389999999999944
"2019-03-25 08:54:00",4859,-0.00100000000000477
"2019-03-25 08:55:00",6104,-0.0399999999999991
"2019-03-25 08:56:00",3740,0.0200000000000031
"2019-03-25 08:57:00",13303,-0.0500000000000043
"2019-03-25 08:58:00",7454,-0.029999999999994
"2019-03-25 08:59:00",1020,-0.0300000000000011
"2019-03-25 09:00:00",6092,0.00999999999999801
"2019-03-25 09:01:00",9402,0.0600000000000023
"2019-03-25 09:02:00",8980,-0.0200000000000031
"2019-03-25 09:03:00",2038,-0.0700000000000003
"2019-03-25 09:04:00",4678,0.0150000000000006
"2019-03-25 09:05:00",7938,0.0450000000000017
"2019-03-25 09:06:00",18600,0.0499999999999972
"2019-03-25 09:07:00",162098,0.00999999999999801
"2019-03-25 09:08:00",5486,0
"2019-03-25 09:09:00",2239,0
"2019-03-25 09:10:00",37985,-0.00999999999999801
"2019-03-25 09:11:00",6391,-0.0399999999999991
"2019-03-25 09:12:00",5500,-0.00500000000000256
"2019-03-25 09:13:00",5338,0.0200000000000031
"2019-03-25 09:14:00",5718,-0.0249999999999986
"2019-03-25 09:15:00",10000,0.0399999999999991
"2019-03-25 09:16:00",4948,0.0330000000000013
"2019-03-25 09:17:00",5205,-0.0230000000000032
"2019-03-25 09:18:00",2700,0.00999999999999801
"2019-03-25 09:19:00",2034,-0.0379999999999967
"2019-03-25 09:20:00",2100,0.00800000000000267
"2019-03-25 09:21:00",3368,-0.0300000000000011
"2019-03-25 09:22:00",4907,-0.0200000000000031
"2019-03-25 09:23:00",5976,0
"2019-03-25 09:24:00",5321,0
"2019-03-25 09:25:00",2711,0.0500000000000043
"2019-03-25 09:26:00",400,0.00999999999999801
"2019-03-25 09:27:00",2735,0.00999999999999801
"2019-03-25 09:28:00",2100,-0.0399999999999991
"2019-03-25 09:29:00",6456,-0.0150000000000006
"2019-03-25 09:30:00",1649,-0.00499999999999545
"2019-03-25 09:31:00",2791,0.019999999999996
"2019-03-25 09:32:00",2503,0
"2019-03-25 09:33:00",2129,-0.0300000000000011
"2019-03-25 09:34:00",3890,0.0100000000000051
"2019-03-25 09:35:00",1259,-0.00330000000000297
"2019-03-25 09:36:00",5850,0.023299999999999
"2019-03-25 09:37:00",4015,0.0200000000000031
"2019-03-25 09:38:00",7091,-0.0100000000000051
"2019-03-25 09:39:00",1244,-0.029999999999994
"2019-03-25 09:40:00",3745,-0.0100000000000051
"2019-03-25 09:41:00",1200,0.0200000000000031
"2019-03-25 09:42:00",1946,0
"2019-03-25 09:43:00",1308,-0.0200999999999993
"2019-03-25 09:44:00",700,0.0200999999999993
"2019-03-25 09:45:00",2300,0.00999999999999801
"2019-03-25 09:46:00",6618,0
"2019-03-25 09:47:00",2238,-0.0349999999999966
"2019-03-25 09:48:00",7307,0.0249999999999986
"2019-03-25 09:49:00",2284,0.0399999999999991
"2019-03-25 09:50:00",4205,0.0499999999999972
"2019-03-25 09:51:00",4053,0.0200000000000031
"2019-03-25 09:52:00",2262,-0.0300000000000011
"2019-03-25 09:53:00",700,0.0300000000000011
"2019-03-25 09:54:00",1692,-0.00750000000000028
"2019-03-25 09:55:00",1200,0.0424999999999969
"2019-03-25 09:56:00",4278,-0.0449999999999946
"2019-03-25 09:57:00",2100,-0.0300000000000011
"2019-03-25 09:58:00",7858,-0.0200000000000031
"2019-03-25 09:59:00",3173,0.0150000000000006
"2019-03-25 10:00:00",3000,-0.0249999999999986
"2019-03-25 10:01:00",2849,0.00999999999999801
"2019-03-25 10:02:00",1825,-0.0300000000000011
"2019-03-25 10:03:00",6418,0.0200000000000031
"2019-03-25 10:04:00",1545,-0.00999999999999801
"2019-03-25 10:05:00",3001,0.029999999999994
"2019-03-25 10:06:00",966,-0.00999999999999801
"2019-03-25 10:07:00",2718,0.00999999999999801
"2019-03-25 10:08:00",2387,0.0100000000000051
"2019-03-25 10:09:00",1200,-0.0399999999999991
"2019-03-25 10:10:00",2900,-0.0200000000000031
"2019-03-25 10:11:00",1791,-0.0300000000000011
"2019-03-25 10:12:00",2487,0.0200000000000031
"2019-03-25 10:13:00",2828,0
"2019-03-25 10:14:00",3982,0
"2019-03-25 10:15:00",14917,0.0300000000000011
"2019-03-25 10:16:00",1613,0.0349999999999966
"2019-03-25 10:17:00",2200,0.00500000000000256
"2019-03-25 10:18:00",2438,-0.0100000000000051
"2019-03-25 10:19:00",4043,0.0200000000000031
"2019-03-25 10:20:00",700,-0.00500000000000256
"2019-03-25 10:21:00",1500,0.00500000000000256
"2019-03-25 10:22:00",1415,0.00999999999999801
"2019-03-25 10:23:00",1400,0.0100000000000051
"2019-03-25 10:24:00",6919,-0.0200000000000031
"2019-03-25 10:25:00",4852,0.0300000000000011
"2019-03-25 10:26:00",5605,0
"2019-03-25 10:27:00",2600,0.019999999999996
"2019-03-25 10:28:00",4412,0.0100000000000051
"2019-03-25 10:29:00",4699,0.00999999999999801
"2019-03-25 10:30:00",4572,-0.0300000000000011
"2019-03-25 10:31:00",6614,-0.019999999999996
"2019-03-25 10:32:00",5844,-0.0100000000000051
"2019-03-25 10:33:00",18134,-0.0300000000000011
"2019-03-25 10:34:00",14489,-0.00999999999999801
"2019-03-25 10:35:00",6204,-0.0133999999999972
"2019-03-25 10:36:00",2369,0.0233999999999952
"2019-03-25 10:37:00",3469,-0.0149999999999935
"2019-03-25 10:38:00",1100,0.00499999999999545
"2019-03-25 10:39:00",2432,0.0168000000000035
"2019-03-25 10:40:00",4334,-0.0268000000000015
"2019-03-25 10:41:00",2601,-0.0300000000000011
"2019-03-25 10:42:00",3932,0.0200000000000031
"2019-03-25 10:43:00",6001,-0.0600000000000023
"2019-03-25 10:44:00",2785,0.00500000000000256
"2019-03-25 10:45:00",3751,0.0349999999999966
"2019-03-25 10:46:00",3128,0
"2019-03-25 10:47:00",2700,-0.00999999999999801
"2019-03-25 10:48:00",6442,0.0249999999999986
"2019-03-25 10:49:00",3050,-0.0150000000000006
"2019-03-25 10:50:00",1020,0.00999999999999801
"2019-03-25 10:51:00",2300,0.0300000000000011
"2019-03-25 10:52:00",4115,0.0300000000000011
"2019-03-25 10:53:00",11476,-0.00999999999999801
"2019-03-25 10:54:00",1350,0
"2019-03-25 10:55:00",3243,0.0099000000000018
"2019-03-25 10:56:00",2200,-0.0249000000000024
"2019-03-25 10:57:00",2538,-0.0549999999999997
"2019-03-25 10:58:00",4324,-0.0249999999999986
"2019-03-25 10:59:00",1765,-0.0150000000000006
"2019-03-25 11:00:00",1100,-0.0100000000000051
"2019-03-25 11:01:00",2707,0.0100000000000051
"2019-03-25 11:02:00",4400,-0.0200000000000031
"2019-03-25 11:03:00",918,0.0200000000000031
"2019-03-25 11:04:00",3570,0.00150000000000006
"2019-03-25 11:05:00",1800,0.018499999999996
"2019-03-25 11:06:00",3201,0.0200000000000031
"2019-03-25 11:07:00",1500,-0.0200000000000031
"2019-03-25 11:08:00",3300,-0.0300000000000011
"2019-03-25 11:09:00",3400,0.0100000000000051
"2019-03-25 11:10:00",4536,0.00999999999999801
"2019-03-25 11:11:00",15640,0.0399999999999991
"2019-03-25 11:12:00",5858,-0.0150000000000006
"2019-03-25 11:13:00",3816,-0.0349999999999966
"2019-03-25 11:14:00",6568,0.019999999999996
"2019-03-25 11:15:00",6454,0.0200000000000031
"2019-03-25 11:16:00",3109,-0.0249999999999986
"2019-03-25 11:17:00",2500,-0.0500000000000043
"2019-03-25 11:18:00",2713,0.0223000000000013
"2019-03-25 11:19:00",600,0.00269999999999726
"2019-03-25 11:20:00",1200,0.0200000000000031
"2019-03-25 11:21:00",5407,-0.00999999999999801
"2019-03-25 11:22:00",2873,0.0364000000000004
"2019-03-25 11:23:00",2120,-0.0114000000000019
"2019-03-25 11:24:00",5636,0.0300000000000011
"2019-03-25 11:25:00",1900,-0.00500000000000256
"2019-03-25 11:26:00",1200,0
"2019-03-25 11:27:00",5754,-0.0399999999999991
"2019-03-25 11:28:00",1700,0.00999999999999801
"2019-03-25 11:29:00",1914,0.0300000000000011
"2019-03-25 11:30:00",984,-0.00269999999999726
"2019-03-25 11:31:00",2633,-0.00730000000000075
"2019-03-25 11:32:00",5289,0.00999999999999801
"2019-03-25 11:33:00",10536,0
"2019-03-25 11:34:00",2266,-0.0600000000000023
"2019-03-25 11:35:00",5330,-0.0150000000000006
"2019-03-25 11:36:00",2628,-0.0149999999999935
"2019-03-25 11:37:00",5240,-0.0400000000000063
"2019-03-25 11:38:00",2293,-0.00999999999999801
"2019-03-25 11:39:00",2372,0
"2019-03-25 11:40:00",4056,0.0399999999999991
"2019-03-25 11:41:00",1006,-0.0399999999999991
"2019-03-25 11:42:00",800,-0.00549999999999784
"2019-03-25 11:43:00",4153,-0.0144999999999982
"2019-03-25 11:44:00",950,0.00280000000000058
"2019-03-25 11:45:00",400,0.00719999999999743
"2019-03-25 11:46:00",2133,-0.0200000000000031
"2019-03-25 11:47:00",1612,0.0500000000000043
"2019-03-25 11:48:00",1300,0.00999999999999801
"2019-03-25 11:49:00",2947,-0.00999999999999801
"2019-03-25 11:50:00",600,0.00999999999999801
"2019-03-25 11:51:00",925,0.0200000000000031
"2019-03-25 11:52:00",700,0.00719999999999743
"2019-03-25 11:53:00",740,-0.0272000000000006
"2019-03-25 11:54:00",300,0.00999999999999801
"2019-03-25 11:55:00",1400,0
"2019-03-25 11:56:00",1100,0
"2019-03-25 11:57:00",5407,0.0150000000000006
"2019-03-25 11:58:00",4860,-0.00499999999999545
"2019-03-25 11:59:00",1100,0.019999999999996
"2019-03-25 12:00:00",2118,-0.019999999999996
"2019-03-25 12:01:00",3457,0.00569999999999737
"2019-03-25 12:02:00",2854,0.00430000000000064
"2019-03-25 12:03:00",1409,-0.0300000000000011
"2019-03-25 12:04:00",1616,-0.00999999999999801
"2019-03-25 12:05:00",1900,0
"2019-03-25 12:06:00",3489,0.0300000000000011
"2019-03-25 12:07:00",3605,0.019999999999996
"2019-03-25 12:08:00",1749,-9.99999999962142e-05
"2019-03-25 12:09:00",2667,9.99999999962142e-05
"2019-03-25 12:10:00",778,0.00999999999999801
"2019-03-25 12:11:00",1483,-0.00499999999999545
"2019-03-25 12:12:00",2892,0.0150000000000006
"2019-03-25 12:13:00",1712,0.019999999999996
"2019-03-25 12:14:00",3597,-0.00999999999999801
"2019-03-25 12:15:00",5801,-0.0200000000000031
"2019-03-25 12:16:00",1360,0
"2019-03-25 12:17:00",2167,0
"2019-03-25 12:18:00",1822,-0.00499999999999545
"2019-03-25 12:19:00",2102,0.0150000000000006
"2019-03-25 12:20:00",1153,-0.0100000000000051
"2019-03-25 12:21:00",2592,0.0200000000000031
"2019-03-25 12:22:00",3463,-0.0200000000000031
"2019-03-25 12:23:00",1202,-0.029999999999994
"2019-03-25 12:24:00",7704,0.019999999999996
"2019-03-25 12:25:00",1604,0
"2019-03-25 12:26:00",1900,-0.0399999999999991
"2019-03-25 12:27:00",2002,-0.0200000000000031
"2019-03-25 12:28:00",2713,0.0100000000000051
"2019-03-25 12:29:00",2378,0.00499999999999545
"2019-03-25 12:30:00",2482,0.0150000000000006
"2019-03-25 12:31:00",2956,-0.0139999999999958
"2019-03-25 12:32:00",4012,0.0139999999999958
"2019-03-25 12:33:00",3500,0.0100000000000051
"2019-03-25 12:34:00",2000,0.0399999999999991
"2019-03-25 12:35:00",3800,0.0150000000000006
"2019-03-25 12:36:00",7306,0.0349999999999966
"2019-03-25 12:37:00",3900,-0.00500000000000256
"2019-03-25 12:38:00",3244,0.0100000000000051
"2019-03-25 12:39:00",2627,-0.0150000000000006
"2019-03-25 12:40:00",1540,0.0069999999999979
"2019-03-25 12:41:00",4321,-0.027000000000001
"2019-03-25 12:42:00",1600,-0.00999999999999801
"2019-03-25 12:43:00",1100,-0.00999999999999801
"2019-03-25 12:44:00",5891,0.00999999999999801
"2019-03-25 12:45:00",3660,0.00999999999999801
"2019-03-25 12:46:00",3025,-0.00999999999999801
"2019-03-25 12:47:00",3380,0
"2019-03-25 12:48:00",3036,-0.0300000000000011
"2019-03-25 12:49:00",2529,0.0189999999999984
"2019-03-25 12:50:00",1873,0.00100000000000477
"2019-03-25 12:51:00",1200,-0.0200000000000031
"2019-03-25 12:52:00",6143,0.00999999999999801
"2019-03-25 12:53:00",2844,-0.029999999999994
"2019-03-25 12:54:00",4312,0.019999999999996
"2019-03-25 12:55:00",900,-0.00999999999999801
"2019-03-25 12:56:00",3225,-0.00999999999999801
"2019-03-25 12:57:00",5110,0.019999999999996
"2019-03-25 12:58:00",15402,-0.0249999999999986
"2019-03-25 12:59:00",1700,-0.00999999999999801
"2019-03-25 13:00:00",2637,0.00499999999999545
"2019-03-25 13:01:00",2724,-0.00499999999999545
"2019-03-25 13:02:00",6865,-0.0450000000000017
"2019-03-25 13:03:00",2890,-0.0099000000000018
"2019-03-25 13:04:00",6913,-0.0200999999999993
"2019-03-25 13:05:00",2450,-0.0300000000000011
"2019-03-25 13:06:00",31754,0.0200000000000031
"2019-03-25 13:07:00",14027,0.00750000000000028
"2019-03-25 13:08:00",4006,0.00249999999999773
"2019-03-25 13:09:00",2350,0.00269999999999726
"2019-03-25 13:10:00",1515,0.00730000000000075
"2019-03-25 13:11:00",4141,0.0100000000000051
"2019-03-25 13:12:00",5909,-0.0100000000000051
"2019-03-25 13:13:00",1019,-0.00499999999999545
"2019-03-25 13:14:00",1575,-0.00390000000000157
"2019-03-25 13:15:00",2042,-0.00110000000000099
"2019-03-25 13:16:00",3134,-0.0150000000000006
"2019-03-25 13:17:00",4872,-0.0450000000000017
"2019-03-25 13:18:00",17134,0.0179000000000045
"2019-03-25 13:19:00",1318,-0.0029000000000039
"2019-03-25 13:20:00",6987,-0.00999999999999801
"2019-03-25 13:21:00",522,0.00489999999999924
"2019-03-25 13:22:00",3296,0.0101000000000013
"2019-03-25 13:23:00",2800,-0.0200000000000031
"2019-03-25 13:24:00",3013,-0.029999999999994
"2019-03-25 13:25:00",5931,0.0149999999999935
"2019-03-25 13:26:00",1923,-0.0349999999999966
"2019-03-25 13:27:00",6174,-0.00999999999999801
"2019-03-25 13:28:00",11760,-0.00619999999999976
"2019-03-25 13:29:00",1900,0.0411999999999964
"2019-03-25 13:30:00",3359,0.0350000000000037
"2019-03-25 13:31:00",2228,0
"2019-03-25 13:32:00",2564,0.00999999999999801
"2019-03-25 13:33:00",5083,0
"2019-03-25 13:34:00",2217,-0.00379999999999825
"2019-03-25 13:35:00",900,-0.00619999999999976
"2019-03-25 13:36:00",1600,-0.0200000000000031
"2019-03-25 13:37:00",1605,0
"2019-03-25 13:38:00",3352,-0.0150000000000006
"2019-03-25 13:39:00",5801,0.0262000000000029
"2019-03-25 13:40:00",12163,-0.00870000000000459
"2019-03-25 13:41:00",4200,0.0100000000000051
"2019-03-25 13:42:00",7379,0.0225000000000009
"2019-03-25 13:43:00",6624,0.0149999999999935
"2019-03-25 13:44:00",3405,0.0100000000000051
"2019-03-25 13:45:00",3000,-0.0200000000000031
"2019-03-25 13:46:00",4802,0
"2019-03-25 13:47:00",2041,0
"2019-03-25 13:48:00",3533,-0.00999999999999801
"2019-03-25 13:49:00",1502,-0.0300000000000011
"2019-03-25 13:50:00",5508,-0.019999999999996
"2019-03-25 13:51:00",7428,0.0176999999999978
"2019-03-25 13:52:00",2312,0.00229999999999819
"2019-03-25 13:53:00",26524,0.00999999999999801
"2019-03-25 13:54:00",3404,-0.029999999999994
"2019-03-25 13:55:00",9302,0.00999999999999801
"2019-03-25 13:56:00",3680,0.019999999999996
"2019-03-25 13:57:00",6790,0.0100000000000051
"2019-03-25 13:58:00",4135,-0.0250000000000057
"2019-03-25 13:59:00",2328,0.00500000000000256
"2019-03-25 14:00:00",3500,0.0300000000000011
"2019-03-25 14:01:00",4851,-0.0150000000000006
"2019-03-25 14:02:00",1628,-0.00500000000000256
"2019-03-25 14:03:00",2167,-0.019999999999996
"2019-03-25 14:04:00",6938,0.00999999999999801
"2019-03-25 14:05:00",914,-0.00999999999999801
"2019-03-25 14:06:00",5400,-0.00999999999999801
"2019-03-25 14:07:00",3200,0.0249999999999986
"2019-03-25 14:08:00",1229,0.00499999999999545
"2019-03-25 14:09:00",2410,0
"2019-03-25 14:10:00",1447,0.00500000000000256
"2019-03-25 14:11:00",2814,-0.00460000000000349
"2019-03-25 14:12:00",3748,0.0246000000000066
"2019-03-25 14:13:00",5227,-0.00500000000000256
"2019-03-25 14:14:00",9641,0.0399999999999991
"2019-03-25 14:15:00",1868,0
"2019-03-25 14:16:00",2102,-0.0249999999999986
"2019-03-25 14:17:00",6210,-0.0249999999999986
"2019-03-25 14:18:00",1535,0.00999999999999801
"2019-03-25 14:19:00",1310,0
"2019-03-25 14:20:00",1400,0.00999999999999801
"2019-03-25 14:21:00",1412,0
"2019-03-25 14:22:00",4080,0.0300000000000011
"2019-03-25 14:23:00",4921,0
"2019-03-25 14:24:00",1745,-0.00999999999999801
"2019-03-25 14:25:00",2875,-0.00500000000000256
"2019-03-25 14:26:00",7650,0.0300000000000011
"2019-03-25 14:27:00",3354,-0.00500000000000256
"2019-03-25 14:28:00",2837,-0.00999999999999801
"2019-03-25 14:29:00",2208,-0.00999999999999801
"2019-03-25 14:30:00",6497,-0.0200000000000031
"2019-03-25 14:31:00",1724,0
"2019-03-25 14:32:00",1824,-0.00999999999999801
"2019-03-25 14:33:00",400,0
"2019-03-25 14:34:00",1240,0.00999999999999801
"2019-03-25 14:35:00",4700,0.00999999999999801
"2019-03-25 14:36:00",4042,0.000700000000001921
"2019-03-25 14:37:00",11476,0.0294000000000025
"2019-03-25 14:38:00",5465,-0.00509999999999877
"2019-03-25 14:39:00",4105,0.00999999999999801
"2019-03-25 14:40:00",9260,0.0150000000000006
"2019-03-25 14:41:00",13681,0.019999999999996
"2019-03-25 14:42:00",12528,0.0100000000000051
"2019-03-25 14:43:00",17073,0.0300000000000011
"2019-03-25 14:44:00",5615,-0.0100000000000051
"2019-03-25 14:45:00",4265,0
"2019-03-25 14:46:00",5616,0.0100000000000051
"2019-03-25 14:47:00",6235,-0.0145000000000053
"2019-03-25 14:48:00",17271,-0.0105000000000004
"2019-03-25 14:49:00",4296,-0.029999999999994
"2019-03-25 14:50:00",4017,0.0249999999999986
"2019-03-25 14:51:00",4628,-0.00500000000000256
"2019-03-25 14:52:00",3903,0.00509999999999877
"2019-03-25 14:53:00",10843,-0.0101000000000013
"2019-03-25 14:54:00",15281,-0.00999999999999801
"2019-03-25 14:55:00",13021,0.00500000000000256
"2019-03-25 14:56:00",16015,0.019999999999996
"2019-03-25 14:57:00",18692,0.0150000000000006
"2019-03-25 14:58:00",15088,0.0200000000000031
"2019-03-25 14:59:00",32729,0.189999999999998
"2019-03-25 15:01:00",21921,-0.18
"2019-03-25 15:15:00",0,0
"2019-03-26 08:30:00",65658,0.649999999999999
"2019-03-26 08:31:00",20431,0.0399999999999991
"2019-03-26 08:32:00",17144,0.0250000000000057
"2019-03-26 08:33:00",14055,0.0349999999999966
"2019-03-26 08:34:00",13193,0.0900000000000034
"2019-03-26 08:35:00",26986,0.019999999999996
"2019-03-26 08:36:00",14726,-0.0150000000000006
"2019-03-26 08:37:00",4271,-0.00999999999999801
"2019-03-26 08:38:00",2725,0.0249999999999986
"2019-03-26 08:39:00",3700,0.0200000000000031
"2019-03-26 08:40:00",8147,-0.0300000000000011
"2019-03-26 08:41:00",3380,0.0349999999999966
"2019-03-26 08:42:00",7009,0.0400000000000063
"2019-03-26 08:43:00",10655,-0.00500000000000256
"2019-03-26 08:44:00",4365,0
"2019-03-26 08:45:00",6889,-0.00999999999999801
"2019-03-26 08:46:00",15242,-0.0600000000000023
"2019-03-26 08:47:00",10022,0.0549999999999997
"2019-03-26 08:48:00",3600,0.00999999999999801
"2019-03-26 08:49:00",11969,-0.0399999999999991
"2019-03-26 08:50:00",6468,-0.0249999999999986
"2019-03-26 08:51:00",8884,0.00999999999999801
"2019-03-26 08:52:00",9860,0.0450000000000017
"2019-03-26 08:53:00",24232,0.0349999999999966
"2019-03-26 08:54:00",6490,0
"2019-03-26 08:55:00",8921,-0.0349999999999966
"2019-03-26 08:56:00",4950,0.0249999999999986
"2019-03-26 08:57:00",7856,0.0300000000000011
"2019-03-26 08:58:00",2777,0.0300000000000011
"2019-03-26 08:59:00",11322,-0.0399999999999991
"2019-03-26 09:00:00",13435,-0.0200000000000031
"2019-03-26 09:01:00",6197,0.0450000000000017
"2019-03-26 09:02:00",11482,-0.0450000000000017
"2019-03-26 09:03:00",4246,0.00010000000000332
"2019-03-26 09:04:00",5172,-0.00010000000000332
"2019-03-26 09:05:00",3536,0
"2019-03-26 09:06:00",29430,-0.0249999999999986
"2019-03-26 09:07:00",5924,0.00500000000000256
"2019-03-26 09:08:00",4925,0
"2019-03-26 09:09:00",4200,0.00499999999999545
"2019-03-26 09:10:00",10824,-0.00999999999999801
"2019-03-26 09:11:00",8028,-0.0187999999999988
"2019-03-26 09:12:00",3506,-0.0162000000000049
"2019-03-26 09:13:00",5722,0.0200000000000031
"2019-03-26 09:14:00",12045,-0.0249999999999986
"2019-03-26 09:15:00",6376,-0.0150000000000006
"2019-03-26 09:16:00",7726,0.0300000000000011
"2019-03-26 09:17:00",3225,0.019999999999996
"2019-03-26 09:18:00",963,-0.00999999999999801
"2019-03-26 09:19:00",12881,0.00999999999999801
"2019-03-26 09:20:00",6112,-0.0249999999999986
"2019-03-26 09:21:00",6949,0.0150000000000006
"2019-03-26 09:22:00",2745,-0.00999999999999801
"2019-03-26 09:23:00",1878,-0.0150000000000006
"2019-03-26 09:24:00",3744,0.00999999999999801
"2019-03-26 09:25:00",3600,0.00999999999999801
"2019-03-26 09:26:00",3010,0.00500000000000256
"2019-03-26 09:27:00",1000,0.0249999999999986
"2019-03-26 09:28:00",5464,0.0249999999999986
"2019-03-26 09:29:00",3856,-0.0249999999999986
"2019-03-26 09:30:00",12071,-0.0450000000000017
"2019-03-26 09:31:00",8769,-0.0399999999999991
"2019-03-26 09:32:00",3800,-0.00999999999999801
"2019-03-26 09:33:00",9775,-0.0228999999999999
"2019-03-26 09:34:00",6852,-0.00880000000000081
"2019-03-26 09:35:00",10434,-0.0382999999999996
"2019-03-26 09:36:00",20196,-0.00999999999999801
"2019-03-26 09:37:00",10435,0.00999999999999801
"2019-03-26 09:38:00",2158,0.0200000000000031
"2019-03-26 09:39:00",5451,0.00999999999999801
"2019-03-26 09:40:00",3566,0.00999999999999801
"2019-03-26 09:41:00",4270,0
"2019-03-26 09:42:00",4482,0.0100000000000051
"2019-03-26 09:43:00",2518,-0.014800000000001
"2019-03-26 09:44:00",5443,-0.000500000000002387
"2019-03-26 09:45:00",5600,0.0352999999999994
"2019-03-26 09:46:00",1895,-0.019999999999996
"2019-03-26 09:47:00",3700,0.00999999999999801
"2019-03-26 09:48:00",4543,0.019999999999996
"2019-03-26 09:49:00",4452,0.0100000000000051
"2019-03-26 09:50:00",9302,0
"2019-03-26 09:51:00",4800,0
"2019-03-26 09:52:00",18833,-0.0200000000000031
"2019-03-26 09:53:00",2375,0.00999999999999801
"2019-03-26 09:54:00",3042,-0.00999999999999801
"2019-03-26 09:55:00",1300,-0.00500000000000256
"2019-03-26 09:56:00",2256,0.0150000000000006
"2019-03-26 09:57:00",4507,0.0150000000000006
"2019-03-26 09:58:00",4885,-0.0150000000000006
"2019-03-26 09:59:00",2173,0.0350000000000037
"2019-03-26 10:00:00",3355,-0.00500000000000256
"2019-03-26 10:01:00",3329,0.00999999999999801
"2019-03-26 10:02:00",6702,-0.019999999999996
"2019-03-26 10:03:00",5903,-0.0155999999999992
"2019-03-26 10:04:00",6911,-0.014400000000002
"2019-03-26 10:05:00",9260,-0.019999999999996
"2019-03-26 10:06:00",8990,0
"2019-03-26 10:07:00",3983,-0.0200000000000031
"2019-03-26 10:08:00",4070,-0.00999999999999801
"2019-03-26 10:09:00",3525,-0.0100000000000051
"2019-03-26 10:10:00",2425,-0.019999999999996
"2019-03-26 10:11:00",6956,-0.0200000000000031
"2019-03-26 10:12:00",3480,0
"2019-03-26 10:13:00",5100,-0.0150000000000006
"2019-03-26 10:14:00",4820,-0.00969999999999516
"2019-03-26 10:15:00",3810,0.0245999999999995
"2019-03-26 10:16:00",3520,0.0200999999999993
"2019-03-26 10:17:00",3992,-0.0249999999999986
"2019-03-26 10:18:00",6227,-0.0250000000000057
"2019-03-26 10:19:00",14020,-0.0399999999999991
"2019-03-26 10:20:00",2504,0.0200000000000031
"2019-03-26 10:21:00",758,-0.00999999999999801
"2019-03-26 10:22:00",11879,0
"2019-03-26 10:23:00",6327,-0.0400000000000063
"2019-03-26 10:24:00",8630,0.0150000000000006
"2019-03-26 10:25:00",4114,0.0150000000000006
"2019-03-26 10:26:00",3200,-0.00300000000000011
"2019-03-26 10:27:00",6902,-0.0069999999999979
"2019-03-26 10:28:00",4589,0.00849999999999795
"2019-03-26 10:29:00",2857,0.00150000000000006
"2019-03-26 10:30:00",3107,-0.00999999999999801
"2019-03-26 10:31:00",3814,-0.00999999999999801
"2019-03-26 10:32:00",4904,0.00999999999999801
"2019-03-26 10:33:00",4167,0.00999999999999801
"2019-03-26 10:34:00",3400,0.0100000000000051
"2019-03-26 10:35:00",4559,-0.0100000000000051
"2019-03-26 10:36:00",4475,0.0399999999999991
"2019-03-26 10:37:00",3639,0.0200000000000031
"2019-03-26 10:38:00",16996,0
"2019-03-26 10:39:00",12792,0
"2019-03-26 10:40:00",9436,-0.00999999999999801
"2019-03-26 10:41:00",7234,0.00999999999999801
"2019-03-26 10:42:00",6588,-0.0200000000000031
"2019-03-26 10:43:00",7909,-0.00999999999999801
"2019-03-26 10:44:00",2200,-0.00999999999999801
"2019-03-26 10:45:00",2387,-0.0300000000000011
"2019-03-26 10:46:00",5452,-0.00999999999999801
"2019-03-26 10:47:00",4209,-0.0200000000000031
"2019-03-26 10:48:00",15908,-0.00499999999999545
"2019-03-26 10:49:00",2440,0.0449999999999946
"2019-03-26 10:50:00",6022,-0.00839999999999463
"2019-03-26 10:51:00",7096,-0.0116000000000014
"2019-03-26 10:52:00",4226,-0.0100000000000051
"2019-03-26 10:53:00",1100,0
"2019-03-26 10:54:00",9828,0.00500000000000256
"2019-03-26 10:55:00",2862,-0.00500000000000256
"2019-03-26 10:56:00",2977,0.0146000000000015
"2019-03-26 10:57:00",10812,-0.019599999999997
"2019-03-26 10:58:00",4445,0
"2019-03-26 10:59:00",3200,-0.00500000000000256
"2019-03-26 11:00:00",3100,0
"2019-03-26 11:01:00",2572,-0.00499999999999545
"2019-03-26 11:02:00",3312,0.0149999999999935
"2019-03-26 11:03:00",9283,-0.029999999999994
"2019-03-26 11:04:00",2758,0.00150000000000006
"2019-03-26 11:05:00",2746,-0.0115000000000052
"2019-03-26 11:06:00",2000,0.0100000000000051
"2019-03-26 11:07:00",5584,-0.0250000000000057
"2019-03-26 11:08:00",2337,0.0100000000000051
"2019-03-26 11:09:00",3758,-0.0249999999999986
"2019-03-26 11:10:00",4110,-0.0150000000000006
"2019-03-26 11:11:00",5783,-0.00500000000000256
"2019-03-26 11:12:00",5000,-0.0200000000000031
"2019-03-26 11:13:00",6535,0.0100000000000051
"2019-03-26 11:14:00",4737,0
"2019-03-26 11:15:00",2159,0.0150000000000006
"2019-03-26 11:16:00",3164,0.00499999999999545
"2019-03-26 11:17:00",2992,0
"2019-03-26 11:18:00",3000,-0.00999999999999801
"2019-03-26 11:19:00",8026,0.00999999999999801
"2019-03-26 11:20:00",8212,-0.0349999999999966
"2019-03-26 11:21:00",6318,0.0150000000000006
"2019-03-26 11:22:00",2700,0.00499999999999545
"2019-03-26 11:23:00",9528,-0.0399999999999991
"2019-03-26 11:24:00",20918,-0.036999999999999
"2019-03-26 11:25:00",16979,-0.00800000000000267
"2019-03-26 11:26:00",9989,-0.019999999999996
"2019-03-26 11:27:00",5134,0.00999999999999801
"2019-03-26 11:28:00",3700,0.0200000000000031
"2019-03-26 11:29:00",6631,-0.0063999999999993
"2019-03-26 11:30:00",9477,-0.00360000000000582
"2019-03-26 11:31:00",32391,-0.019999999999996
"2019-03-26 11:32:00",6083,0.00500000000000256
"2019-03-26 11:33:00",17656,-0.0250000000000057
"2019-03-26 11:34:00",17383,-0.00999999999999801
"2019-03-26 11:35:00",9281,0.0337000000000032
"2019-03-26 11:36:00",6900,-0.0137
"2019-03-26 11:37:00",800,0.00499999999999545
"2019-03-26 11:38:00",1000,-0.00499999999999545
"2019-03-26 11:39:00",1300,-0.00500000000000256
"2019-03-26 11:40:00",4974,-0.0350000000000037
"2019-03-26 11:41:00",1800,0.0150000000000006
"2019-03-26 11:42:00",1218,-0.0249999999999986
"2019-03-26 11:43:00",2844,-0.0099000000000018
"2019-03-26 11:44:00",200,0.0299000000000049
"2019-03-26 11:45:00",1800,0.00999999999999801
"2019-03-26 11:46:00",1100,0
"2019-03-26 11:47:00",1148,0.00500000000000256
"2019-03-26 11:48:00",1907,-0.0250000000000057
"2019-03-26 11:49:00",1446,0.00500000000000256
"2019-03-26 11:50:00",611,0.0150000000000006
"2019-03-26 11:51:00",2000,0.00999999999999801
"2019-03-26 11:52:00",495,0.0100000000000051
"2019-03-26 11:53:00",1600,0.00999999999999801
"2019-03-26 11:54:00",2247,0.00999999999999801
"2019-03-26 11:55:00",2011,0
"2019-03-26 11:56:00",4172,0
"2019-03-26 11:57:00",1392,-0.00999999999999801
"2019-03-26 11:58:00",2268,0
"2019-03-26 11:59:00",2600,0.0349999999999966
"2019-03-26 12:00:00",929,0.0150000000000006
"2019-03-26 12:01:00",1700,-0.00999999999999801
"2019-03-26 12:02:00",900,0.00500000000000256
"2019-03-26 12:03:00",6286,0.0150000000000006
"2019-03-26 12:04:00",2500,-0.0250000000000057
"2019-03-26 12:05:00",2952,-0.0150000000000006
"2019-03-26 12:06:00",300,0.0100000000000051
"2019-03-26 12:07:00",8122,0.00499999999999545
"2019-03-26 12:08:00",3165,-0.0150000000000006
"2019-03-26 12:09:00",5174,-0.00999999999999801
"2019-03-26 12:10:00",400,0.00500000000000256
"2019-03-26 12:11:00",4886,-0.00500000000000256
"2019-03-26 12:12:00",600,0
"2019-03-26 12:13:00",3000,0.0150000000000006
"2019-03-26 12:14:00",1971,0.00500000000000256
"2019-03-26 12:15:00",2200,0.00499999999999545
"2019-03-26 12:16:00",2140,0.00880000000000081
"2019-03-26 12:17:00",1800,0.00619999999999976
"2019-03-26 12:18:00",950,0
"2019-03-26 12:19:00",4168,-0.00999999999999801
"2019-03-26 12:20:00",2790,-0.00999999999999801
"2019-03-26 12:21:00",2306,0.00999999999999801
"2019-03-26 12:22:00",5796,-0.0249999999999986
"2019-03-26 12:23:00",3120,0
"2019-03-26 12:24:00",2308,0.00499999999999545
"2019-03-26 12:25:00",827,-0.019999999999996
"2019-03-26 12:26:00",900,0
"2019-03-26 12:27:00",1420,0.00999999999999801
"2019-03-26 12:28:00",3400,-0.00499999999999545
"2019-03-26 12:29:00",3311,-0.0200000000000031
"2019-03-26 12:30:00",4395,-0.00500000000000256
"2019-03-26 12:31:00",2719,0.0200000000000031
"2019-03-26 12:32:00",2750,-0.0140000000000029
"2019-03-26 12:33:00",3056,-0.00600000000000023
"2019-03-26 12:34:00",1550,0.0099000000000018
"2019-03-26 12:35:00",1070,-0.0198999999999998
"2019-03-26 12:36:00",3761,-0.0200000000000031
"2019-03-26 12:37:00",2500,0.0200000000000031
"2019-03-26 12:38:00",9858,-0.00500000000000256
"2019-03-26 12:39:00",2400,0.00500000000000256
"2019-03-26 12:40:00",4272,0.0200000000000031
"2019-03-26 12:41:00",1200,0.00999999999999801
"2019-03-26 12:42:00",1300,0.00999999999999801
"2019-03-26 12:43:00",1665,-0.00499999999999545
"2019-03-26 12:44:00",2167,0.0105999999999966
"2019-03-26 12:45:00",2441,0.014400000000002
"2019-03-26 12:46:00",1880,0
"2019-03-26 12:47:00",1631,0.00999999999999801
"2019-03-26 12:48:00",3488,0.00500000000000256
"2019-03-26 12:49:00",400,0
"2019-03-26 12:50:00",2430,0.0249999999999986
"2019-03-26 12:51:00",3900,-0.00500000000000256
"2019-03-26 12:52:00",5996,-0.00499999999999545
"2019-03-26 12:53:00",1415,0
"2019-03-26 12:54:00",1603,0
"2019-03-26 12:55:00",2061,-0.0100000000000051
"2019-03-26 12:56:00",1895,-0.00260000000000105
"2019-03-26 12:57:00",1601,-0.00739999999999696
"2019-03-26 12:58:00",3152,-0.0300000000000011
"2019-03-26 12:59:00",4840,0
"2019-03-26 13:00:00",1300,0.00500000000000256
"2019-03-26 13:01:00",753,-0.0150000000000006
"2019-03-26 13:02:00",2400,-0.00999999999999801
"2019-03-26 13:03:00",2593,-0.00500000000000256
"2019-03-26 13:04:00",2475,0.0114999999999981
"2019-03-26 13:05:00",2037,-0.00649999999999551
"2019-03-26 13:06:00",1874,0.00999999999999801
"2019-03-26 13:07:00",1238,0.0148999999999972
"2019-03-26 13:08:00",638,0.0127999999999986
"2019-03-26 13:09:00",3093,-0.011099999999999
"2019-03-26 13:10:00",7637,-0.0165999999999968
"2019-03-26 13:11:00",2440,0.00999999999999801
"2019-03-26 13:12:00",2995,-0.00499999999999545
"2019-03-26 13:13:00",1900,0.0249999999999986
"2019-03-26 13:14:00",5591,-0.0200000000000031
"2019-03-26 13:15:00",1115,0.0249999999999986
"2019-03-26 13:16:00",1600,-0.00999999999999801
"2019-03-26 13:17:00",1846,0
"2019-03-26 13:18:00",3888,0.0150000000000006
"2019-03-26 13:19:00",900,0.0150000000000006
"2019-03-26 13:20:00",3399,-0.0200000000000031
"2019-03-26 13:21:00",5057,-0.00719999999999743
"2019-03-26 13:22:00",1841,-0.0227999999999966
"2019-03-26 13:23:00",8166,0.0249999999999986
"2019-03-26 13:24:00",5028,-0.0200000000000031
"2019-03-26 13:25:00",4935,-0.019999999999996
"2019-03-26 13:26:00",2149,0.00280000000000058
"2019-03-26 13:27:00",2949,-0.00280000000000058
"2019-03-26 13:28:00",4200,-0.0153999999999996
"2019-03-26 13:29:00",104000,-0.0146000000000015
"2019-03-26 13:30:00",3700,-0.0100000000000051
"2019-03-26 13:31:00",4757,-0.0149999999999935
"2019-03-26 13:32:00",1506,0
"2019-03-26 13:33:00",1372,-0.0150000000000006
"2019-03-26 13:34:00",3239,0.00999999999999801
"2019-03-26 13:35:00",1500,0
"2019-03-26 13:36:00",1406,0.019999999999996
"2019-03-26 13:37:00",1300,0.0100000000000051
"2019-03-26 13:38:00",39440,0.00499999999999545
"2019-03-26 13:39:00",4880,0
"2019-03-26 13:40:00",2250,0.00150000000000006
"2019-03-26 13:41:00",4730,0.00280000000000058
"2019-03-26 13:42:00",6656,-0.0242999999999967
"2019-03-26 13:43:00",1551,0.0150000000000006
"2019-03-26 13:44:00",11776,0.00319999999999965
"2019-03-26 13:45:00",3258,0.0118000000000009
"2019-03-26 13:46:00",4460,0.0150000000000006
"2019-03-26 13:47:00",9025,-0.00500000000000256
"2019-03-26 13:48:00",7146,0
"2019-03-26 13:49:00",200,0
"2019-03-26 13:50:00",16382,-0.0150999999999968
"2019-03-26 13:51:00",15868,9.99999999962142e-05
"2019-03-26 13:52:00",3910,-0.00999999999999801
"2019-03-26 13:53:00",1143,-0.00600000000000023
"2019-03-26 13:54:00",10750,-0.00400000000000489
"2019-03-26 13:55:00",752,0.00500000000000256
"2019-03-26 13:56:00",14887,0
"2019-03-26 13:57:00",10139,0.0350000000000037
"2019-03-26 13:58:00",2327,-0.0100000000000051
"2019-03-26 13:59:00",16742,0
"2019-03-26 14:00:00",14374,0.0300000000000011
"2019-03-26 14:01:00",1740,0.0300000000000011
"2019-03-26 14:02:00",3197,-0.0300000000000011
"2019-03-26 14:03:00",1600,0
"2019-03-26 14:04:00",1845,-0.0131999999999977
"2019-03-26 14:05:00",738,-0.00679999999999836
"2019-03-26 14:06:00",5712,0
"2019-03-26 14:07:00",408,0
"2019-03-26 14:08:00",7533,0.0180000000000007
"2019-03-26 14:09:00",1900,-0.0130000000000052
"2019-03-26 14:10:00",5545,-0.0150000000000006
"2019-03-26 14:11:00",1146,0.0200000000000031
"2019-03-26 14:12:00",1820,0.0249999999999986
"2019-03-26 14:13:00",2434,-0.019999999999996
"2019-03-26 14:14:00",3513,-0.0150000000000006
"2019-03-26 14:15:00",3991,-0.0100000000000051
"2019-03-26 14:16:00",4052,0
"2019-03-26 14:17:00",2350,0.00200000000000244
"2019-03-26 14:18:00",1812,-0.00200000000000244
"2019-03-26 14:19:00",1340,-0.0249999999999986
"2019-03-26 14:20:00",2449,0.0249999999999986
"2019-03-26 14:21:00",2318,-0.019999999999996
"2019-03-26 14:22:00",2655,0.00999999999999801
"2019-03-26 14:23:00",1000,0.00500000000000256
"2019-03-26 14:24:00",3189,0.00499999999999545
"2019-03-26 14:25:00",2043,-0.00999999999999801
"2019-03-26 14:26:00",1200,0.00209999999999866
"2019-03-26 14:27:00",2300,0.0179000000000045
"2019-03-26 14:28:00",1613,-0.00100000000000477
"2019-03-26 14:29:00",2797,-0.0189999999999984
"2019-03-26 14:30:00",4605,0
"2019-03-26 14:31:00",2642,0.0232000000000028
"2019-03-26 14:32:00",2294,0.0167999999999964
"2019-03-26 14:33:00",6144,0
"2019-03-26 14:34:00",2012,0.0200000000000031
"2019-03-26 14:35:00",6568,-0.0150000000000006
"2019-03-26 14:36:00",4813,0.00499999999999545
"2019-03-26 14:37:00",3383,-0.0399999999999991
"2019-03-26 14:38:00",6332,-0.00999999999999801
"2019-03-26 14:39:00",3006,-0.00999999999999801
"2019-03-26 14:40:00",3518,-0.0100000000000051
"2019-03-26 14:41:00",3594,0.0300000000000011
"2019-03-26 14:42:00",2747,-0.019999999999996
"2019-03-26 14:43:00",2221,-0.00520000000000209
"2019-03-26 14:44:00",10172,-0.00979999999999848
"2019-03-26 14:45:00",3442,-0.0249999999999986
"2019-03-26 14:46:00",5778,0.0449999999999946
"2019-03-26 14:47:00",2107,0.0150000000000006
"2019-03-26 14:48:00",2458,-0.019999999999996
"2019-03-26 14:49:00",4496,0
"2019-03-26 14:50:00",7503,0.00499999999999545
"2019-03-26 14:51:00",5014,0.00500000000000256
"2019-03-26 14:52:00",2009,-0.00339999999999918
"2019-03-26 14:53:00",7396,0.00339999999999918
"2019-03-26 14:54:00",19914,0.0200000000000031
"2019-03-26 14:55:00",13688,-0.0400000000000063
"2019-03-26 14:56:00",4392,0.00500000000000256
"2019-03-26 14:57:00",5203,0.0300000000000011
"2019-03-26 14:58:00",8703,-0.00999999999999801
"2019-03-26 14:59:00",17350,0.0249999999999986
"2019-03-26 15:02:00",25640,-0.00999999999999801
"2019-03-26 15:15:00",0,0
"2019-03-27 08:30:00",56175,-0.280000000000001
"2019-03-27 08:31:00",22970,0.0949999999999989
"2019-03-27 08:32:00",42340,0.0649999999999977
"2019-03-27 08:33:00",23719,-0.0549999999999997
"2019-03-27 08:34:00",2876,-0.0549999999999997
"2019-03-27 08:35:00",1428,-0.00499999999999545
"2019-03-27 08:36:00",10133,0.00999999999999801
"2019-03-27 08:37:00",6200,-0.0150000000000006
"2019-03-27 08:38:00",1800,-0.00999999999999801
"2019-03-27 08:39:00",5493,0.00499999999999545
"2019-03-27 08:40:00",2516,-0.0450000000000017
"2019-03-27 08:41:00",1603,0
"2019-03-27 08:42:00",6957,0.0100000000000051
"2019-03-27 08:43:00",4320,-0.0700000000000003
"2019-03-27 08:44:00",7056,0.00499999999999545
"2019-03-27 08:45:00",3370,0.00500000000000256
"2019-03-27 08:46:00",1500,0.0150000000000006
"2019-03-27 08:47:00",4300,0.00500000000000256
"2019-03-27 08:48:00",4586,-0.0600000000000023
"2019-03-27 08:49:00",3764,-0.0200000000000031
"2019-03-27 08:50:00",5096,0
"2019-03-27 08:51:00",7319,0.0400000000000063
"2019-03-27 08:52:00",6152,-0.00500000000000256
"2019-03-27 08:53:00",8423,-0.0300000000000011
"2019-03-27 08:54:00",2000,-0.0300000000000011
"2019-03-27 08:55:00",3593,-0.0150000000000006
"2019-03-27 08:56:00",5459,-0.0700000000000003
"2019-03-27 08:57:00",6582,0.0200000000000031
"2019-03-27 08:58:00",1925,-0.0500000000000043
"2019-03-27 08:59:00",7100,0.0100000000000051
"2019-03-27 09:00:00",5124,-0.0200000000000031
"2019-03-27 09:01:00",1300,0.0500000000000043
"2019-03-27 09:02:00",4667,-0.0100000000000051
"2019-03-27 09:03:00",1038,-0.0150000000000006
"2019-03-27 09:04:00",2656,-0.0549999999999997
"2019-03-27 09:05:00",1927,0.0312000000000054
"2019-03-27 09:06:00",3601,0.0387999999999948
"2019-03-27 09:07:00",2281,-0.00999999999999801
"2019-03-27 09:08:00",2596,-0.000999999999997669
"2019-03-27 09:09:00",5251,0.0409999999999968
"2019-03-27 09:10:00",4353,0.00999999999999801
"2019-03-27 09:11:00",1900,-0.0149999999999935
"2019-03-27 09:12:00",1016,0.0549999999999997
"2019-03-27 09:13:00",5379,0.0499999999999972
"2019-03-27 09:14:00",7118,-0.00999999999999801
"2019-03-27 09:15:00",950,-0.0300000000000011
"2019-03-27 09:16:00",9264,0.0300000000000011
"2019-03-27 09:17:00",9039,0.00499999999999545
"2019-03-27 09:18:00",3500,0.0450000000000017
"2019-03-27 09:19:00",14024,0.0200999999999993
"2019-03-27 09:20:00",8485,-0.0300999999999974
"2019-03-27 09:21:00",5716,-0.0200000000000031
"2019-03-27 09:22:00",8244,0.0367000000000033
"2019-03-27 09:23:00",2094,0.00829999999999842
"2019-03-27 09:24:00",1100,0.00139999999999674
"2019-03-27 09:25:00",1303,-0.0135999999999967
"2019-03-27 09:26:00",1020,-0.0277999999999992
"2019-03-27 09:27:00",2100,0.00500000000000256
"2019-03-27 09:28:00",3898,-0.0200000000000031
"2019-03-27 09:29:00",3624,-0.0399999999999991
"2019-03-27 09:30:00",1200,0.019999999999996
"2019-03-27 09:31:00",824,-0.029999999999994
"2019-03-27 09:32:00",3284,0
"2019-03-27 09:33:00",4289,-0.0100000000000051
"2019-03-27 09:34:00",7203,-0.0599999999999952
"2019-03-27 09:35:00",8090,0.019999999999996
"2019-03-27 09:36:00",2964,-0.0600000000000023
"2019-03-27 09:37:00",1920,0.0200000000000031
"2019-03-27 09:38:00",2108,0.0399999999999991
"2019-03-27 09:39:00",4081,-0.0251000000000019
"2019-03-27 09:40:00",2090,0.0251000000000019
"2019-03-27 09:41:00",8874,-0.0600000000000023
"2019-03-27 09:42:00",22729,-0.0699999999999932
"2019-03-27 09:43:00",6706,-0.0100000000000051
"2019-03-27 09:44:00",4990,-0.00999999999999801
"2019-03-27 09:45:00",7942,-0.0399999999999991
"2019-03-27 09:46:00",3842,0.019999999999996
"2019-03-27 09:47:00",3622,0.0100000000000051
"2019-03-27 09:48:00",4805,0.0349999999999966
"2019-03-27 09:49:00",7367,-0.0649999999999977
"2019-03-27 09:50:00",11391,0.0300000000000011
"2019-03-27 09:51:00",2600,-0.0100000000000051
"2019-03-27 09:52:00",1513,-0.029999999999994
"2019-03-27 09:53:00",12830,-0.0400000000000063
"2019-03-27 09:54:00",2415,0
"2019-03-27 09:55:00",5237,0.0500000000000043
"2019-03-27 09:56:00",1700,0.00999999999999801
"2019-03-27 09:57:00",5415,0.0200000000000031
"2019-03-27 09:58:00",13962,0.00999999999999801
"2019-03-27 09:59:00",15309,-0.00999999999999801
"2019-03-27 10:00:00",16506,-0.0100000000000051
"2019-03-27 10:01:00",19087,-0.00999999999999801
"2019-03-27 10:02:00",11864,-0.00999999999999801
"2019-03-27 10:03:00",7925,-0.00999999999999801
"2019-03-27 10:04:00",6745,-0.021800000000006
"2019-03-27 10:05:00",12895,-0.0081999999999951
"2019-03-27 10:06:00",5312,0.0499999999999972
"2019-03-27 10:07:00",6742,0
"2019-03-27 10:08:00",8150,0.00999999999999801
"2019-03-27 10:09:00",10059,0
"2019-03-27 10:10:00",18012,-0.00499999999999545
"2019-03-27 10:11:00",7677,0.0150000000000006
"2019-03-27 10:12:00",6891,-0.0100000000000051
"2019-03-27 10:13:00",11287,-0.0599999999999952
"2019-03-27 10:14:00",10500,-0.0200999999999993
"2019-03-27 10:15:00",8705,-0.0198999999999998
"2019-03-27 10:16:00",8486,0.00499999999999545
"2019-03-27 10:17:00",7100,0.0249999999999986
"2019-03-27 10:18:00",4253,0.0100000000000051
"2019-03-27 10:19:00",630,9.99999999962142e-05
"2019-03-27 10:20:00",100,-0.0200999999999993
"2019-03-27 10:21:00",2935,0.0200000000000031
"2019-03-27 10:22:00",2738,0
"2019-03-27 10:23:00",10129,-0.0300000000000011
"2019-03-27 10:24:00",4924,0.0238000000000014
"2019-03-27 10:25:00",27124,0.0261999999999958
"2019-03-27 10:26:00",7100,-0.00999999999999801
"2019-03-27 10:27:00",22151,-0.00999999999999801
"2019-03-27 10:28:00",2872,-0.0650000000000048
"2019-03-27 10:29:00",5336,-0.00499999999999545
"2019-03-27 10:30:00",3000,-0.0100000000000051
"2019-03-27 10:31:00",9918,0
"2019-03-27 10:32:00",5165,0.0100000000000051
"2019-03-27 10:33:00",4637,-0.0399999999999991
"2019-03-27 10:34:00",9500,-0.0500000000000043
"2019-03-27 10:35:00",3909,0
"2019-03-27 10:36:00",6469,0.0200000000000031
"2019-03-27 10:37:00",5970,0.019999999999996
"2019-03-27 10:38:00",6200,0.0350000000000037
"2019-03-27 10:39:00",11709,-0.00500000000000256
"2019-03-27 10:40:00",1870,-0.019999999999996
"2019-03-27 10:41:00",6356,-0.0200000000000031
"2019-03-27 10:42:00",7929,-0.0399999999999991
"2019-03-27 10:43:00",15485,0
"2019-03-27 10:44:00",3965,-0.0249999999999986
"2019-03-27 10:45:00",1700,-0.0150000000000006
"2019-03-27 10:46:00",4941,0.0450000000000017
"2019-03-27 10:47:00",2493,-0.00500000000000256
"2019-03-27 10:48:00",2500,-0.0249999999999986
"2019-03-27 10:49:00",3696,0.0249999999999986
"2019-03-27 10:50:00",4300,-0.00999999999999801
"2019-03-27 10:51:00",10263,-0.0100000000000051
"2019-03-27 10:52:00",3620,-0.029999999999994
"2019-03-27 10:53:00",4101,-0.0100000000000051
"2019-03-27 10:54:00",6444,0.0399999999999991
"2019-03-27 10:55:00",3217,0.0200000000000031
"2019-03-27 10:56:00",3476,0.027000000000001
"2019-03-27 10:57:00",5230,-0.0069999999999979
"2019-03-27 10:58:00",8593,-0.0100000000000051
"2019-03-27 10:59:00",4646,-0.019999999999996
"2019-03-27 11:00:00",2811,-0.0200999999999993
"2019-03-27 11:01:00",3535,0.0100999999999942
"2019-03-27 11:02:00",5935,0.0300000000000011
"2019-03-27 11:03:00",7363,0.0600000000000023
"2019-03-27 11:04:00",9604,0.019999999999996
"2019-03-27 11:05:00",3109,0.0300000000000011
"2019-03-27 11:06:00",10375,-0.0105000000000004
"2019-03-27 11:07:00",4516,-0.0394999999999968
"2019-03-27 11:08:00",7046,0
"2019-03-27 11:09:00",8682,0.00999999999999801
"2019-03-27 11:10:00",8745,0.0200000000000031
"2019-03-27 11:11:00",6167,0.00999999999999801
"2019-03-27 11:12:00",8625,0.0300000000000011
"2019-03-27 11:13:00",8122,-0.0399999999999991
"2019-03-27 11:14:00",7109,-0.0100000000000051
"2019-03-27 11:15:00",3810,-0.00999999999999801
"2019-03-27 11:16:00",1594,0.0300000000000011
"2019-03-27 11:17:00",2894,0
"2019-03-27 11:18:00",5228,0
"2019-03-27 11:19:00",4314,0.00999999999999801
"2019-03-27 11:20:00",13209,0.0300000000000011
"2019-03-27 11:21:00",5672,0.0399999999999991
"2019-03-27 11:22:00",8210,0.0100000000000051
"2019-03-27 11:23:00",14051,-0.0300000000000011
"2019-03-27 11:24:00",15175,0.0599999999999952
"2019-03-27 11:25:00",5860,-0.0499999999999972
"2019-03-27 11:26:00",6263,0.0600000000000023
"2019-03-27 11:27:00",11000,0.0499999999999972
"2019-03-27 11:28:00",21424,0.0200000000000031
"2019-03-27 11:29:00",12739,0
"2019-03-27 11:30:00",13163,0
"2019-03-27 11:31:00",37505,0.0249999999999986
"2019-03-27 11:32:00",18422,-0.0249999999999986
"2019-03-27 11:33:00",9418,0.029999999999994
"2019-03-27 11:34:00",4705,0.0100000000000051
"2019-03-27 11:35:00",30379,0.0549999999999997
"2019-03-27 11:36:00",11512,-0.00370000000000203
"2019-03-27 11:37:00",2400,0.0187000000000026
"2019-03-27 11:38:00",18900,-0.0150000000000006
"2019-03-27 11:39:00",620,-0.0185999999999993
"2019-03-27 11:40:00",1526,-0.0464000000000055
"2019-03-27 11:41:00",909,0.0064000000000064
"2019-03-27 11:42:00",900,0.0285999999999973
"2019-03-27 11:44:00",1100,0.0700000000000003
"2019-03-27 11:45:00",1330,-0.0300000000000011
"2019-03-27 11:46:00",1579,-0.0150000000000006
"2019-03-27 11:47:00",904,0.0099000000000018
"2019-03-27 11:48:00",800,0.00509999999999877
"2019-03-27 11:49:00",1360,-0.0150000000000006
"2019-03-27 11:50:00",2025,-0.00999999999999801
"2019-03-27 11:51:00",2798,0.00999999999999801
"2019-03-27 11:52:00",2688,0.0399999999999991
"2019-03-27 11:53:00",1185,-9.99999999962142e-05
"2019-03-27 11:54:00",1585,-0.0099000000000018
"2019-03-27 11:55:00",914,-0.0300000000000011
"2019-03-27 11:56:00",600,0
"2019-03-27 11:57:00",697,-0.00670000000000215
"2019-03-27 11:58:00",1082,-0.00329999999999586
"2019-03-27 11:59:00",281,-0.0149000000000044
"2019-03-27 12:00:00",1824,-0.0250999999999948
"2019-03-27 12:01:00",446,0.00999999999999801
"2019-03-27 12:02:00",713,0
"2019-03-27 12:03:00",2000,-0.0150000000000006
"2019-03-27 12:04:00",3826,-0.0150000000000006
"2019-03-27 12:05:00",400,0.0399999999999991
"2019-03-27 12:06:00",4400,0.0100000000000051
"2019-03-27 12:07:00",1515,0
"2019-03-27 12:08:00",2442,-0.0300000000000011
"2019-03-27 12:09:00",300,-0.0100000000000051
"2019-03-27 12:10:00",782,0.0200000000000031
"2019-03-27 12:11:00",300,0.00999999999999801
"2019-03-27 12:12:00",762,0.0300000000000011
"2019-03-27 12:13:00",740,0.0500000000000043
"2019-03-27 12:14:00",5419,0.0349999999999966
"2019-03-27 12:15:00",800,-0.0349999999999966
"2019-03-27 12:16:00",2534,0.0399999999999991
"2019-03-27 12:17:00",4982,-0.0264000000000024
"2019-03-27 12:18:00",800,-0.0135999999999967
"2019-03-27 12:19:00",200,0
"2019-03-27 12:20:00",8064,0.0149999999999935
"2019-03-27 12:21:00",62754,0.0200000000000031
"2019-03-27 12:22:00",6500,-0.0499999999999972
"2019-03-27 12:23:00",4128,-0.00500000000000256
"2019-03-27 12:24:00",900,0.00999999999999801
"2019-03-27 12:25:00",558,0.0200000000000031
"2019-03-27 12:26:00",2618,0.019999999999996
"2019-03-27 12:27:00",4000,-0.029999999999994
"2019-03-27 12:28:00",7023,0.00499999999999545
"2019-03-27 12:29:00",4049,0.00180000000000291
"2019-03-27 12:30:00",4393,-0.00679999999999836
"2019-03-27 12:31:00",6534,-0.0348000000000042
"2019-03-27 12:32:00",8036,0.00480000000000302
"2019-03-27 12:33:00",2492,-0.0100000000000051
"2019-03-27 12:34:00",2347,0.0100000000000051
"2019-03-27 12:35:00",1100,0
"2019-03-27 12:36:00",1947,-0.0350000000000037
"2019-03-27 12:37:00",5924,0.00500000000000256
"2019-03-27 12:38:00",8944,0.00500000000000256
"2019-03-27 12:39:00",11470,0.019999999999996
"2019-03-27 12:40:00",5904,-0.00500000000000256
"2019-03-27 12:41:00",9136,0
"2019-03-27 12:42:00",13020,0.0150000000000006
"2019-03-27 12:43:00",11720,-0.0150000000000006
"2019-03-27 12:44:00",13925,0.0100000000000051
"2019-03-27 12:45:00",6638,0.00499999999999545
"2019-03-27 12:46:00",951,-0.0249999999999986
"2019-03-27 12:47:00",1515,-0.00999999999999801
"2019-03-27 12:48:00",1808,-0.0249999999999986
"2019-03-27 12:49:00",1538,0.00499999999999545
"2019-03-27 12:50:00",3072,0
"2019-03-27 12:51:00",2844,0.0150000000000006
"2019-03-27 12:52:00",200,0.0100000000000051
"2019-03-27 12:53:00",1718,-0.0149000000000044
"2019-03-27 12:54:00",2400,0.0099000000000018
"2019-03-27 12:55:00",1522,0.00999999999999801
"2019-03-27 12:56:00",1172,-0.00999999999999801
"2019-03-27 12:57:00",3222,-0.00999999999999801
"2019-03-27 12:58:00",3261,0
"2019-03-27 12:59:00",3585,-0.00500000000000256
"2019-03-27 13:00:00",3041,-0.0150000000000006
"2019-03-27 13:01:00",2869,0.00500000000000256
"2019-03-27 13:02:00",10895,-0.000600000000005707
"2019-03-27 13:03:00",5022,0.0356000000000023
"2019-03-27 13:04:00",6513,0
"2019-03-27 13:05:00",8152,-0.00499999999999545
"2019-03-27 13:06:00",337,-0.00500000000000256
"2019-03-27 13:07:00",15348,-0.00500000000000256
"2019-03-27 13:08:00",4043,-0.00999999999999801
"2019-03-27 13:09:00",1600,-0.00999999999999801
"2019-03-27 13:10:00",1000,-0.00500000000000256
"2019-03-27 13:11:00",8855,0.0450000000000017
"2019-03-27 13:12:00",13331,0.0248999999999953
"2019-03-27 13:13:00",3475,0.0151000000000039
"2019-03-27 13:14:00",7323,0.00999999999999801
"2019-03-27 13:15:00",6629,-0.0150000000000006
"2019-03-27 13:16:00",7053,-0.00999999999999801
"2019-03-27 13:17:00",991,-0.0200000000000031
"2019-03-27 13:18:00",5015,-0.029999999999994
"2019-03-27 13:19:00",1858,0.00999999999999801
"2019-03-27 13:20:00",500,0.00999999999999801
"2019-03-27 13:21:00",2406,-0.0384999999999991
"2019-03-27 13:22:00",12080,-0.0114999999999981
"2019-03-27 13:23:00",4806,0.00999999999999801
"2019-03-27 13:24:00",5024,0.00310000000000343
"2019-03-27 13:25:00",2068,-0.00310000000000343
"2019-03-27 13:26:00",4152,0.00999999999999801
"2019-03-27 13:27:00",1661,-0.0128999999999948
"2019-03-27 13:28:00",1976,-0.00260000000000105
"2019-03-27 13:29:00",13947,0.0204999999999984
"2019-03-27 13:30:00",5111,0.0349999999999966
"2019-03-27 13:31:00",500,0.00500000000000256
"2019-03-27 13:32:00",5004,-0.0349999999999966
"2019-03-27 13:33:00",897,0.0127999999999986
"2019-03-27 13:34:00",3688,-0.0178000000000011
"2019-03-27 13:35:00",1478,0.000399999999999068
"2019-03-27 13:36:00",7220,0.00959999999999894
"2019-03-27 13:37:00",2491,-0.0150000000000006
"2019-03-27 13:38:00",6966,-0.0599999999999952
"2019-03-27 13:39:00",3800,0.00999999999999801
"2019-03-27 13:40:00",2534,0.019999999999996
"2019-03-27 13:41:00",3199,-0.0138999999999996
"2019-03-27 13:42:00",8891,0.00890000000000413
"2019-03-27 13:43:00",2400,-0.00500000000000256
"2019-03-27 13:44:00",3541,-0.00499999999999545
"2019-03-27 13:45:00",600,0
"2019-03-27 13:46:00",8026,-0.0125000000000028
"2019-03-27 13:47:00",15571,0.0105999999999966
"2019-03-27 13:48:00",12147,0.00690000000000168
"2019-03-27 13:49:00",2900,0.0101000000000013
"2019-03-27 13:50:00",2116,0.0099000000000018
"2019-03-27 13:51:00",5746,-0.0100000000000051
"2019-03-27 13:52:00",8200,-0.00999999999999801
"2019-03-27 13:53:00",8397,-0.019999999999996
"2019-03-27 13:54:00",3855,0.0238999999999976
"2019-03-27 13:55:00",4398,-0.0138999999999996
"2019-03-27 13:56:00",1289,-0.00500000000000256
"2019-03-27 13:57:00",3008,-0.00499999999999545
"2019-03-27 13:58:00",3500,-0.0100000000000051
"2019-03-27 13:59:00",2563,0.0300000000000011
"2019-03-27 14:00:00",4201,-0.0011999999999972
"2019-03-27 14:01:00",1600,-0.00880000000000081
"2019-03-27 14:02:00",1556,0.0150000000000006
"2019-03-27 14:03:00",1100,0.00499999999999545
"2019-03-27 14:04:00",4952,-0.00539999999999452
"2019-03-27 14:05:00",1800,0.0153999999999996
"2019-03-27 14:06:00",5583,0.0174999999999983
"2019-03-27 14:07:00",3498,-0.0225000000000009
"2019-03-27 14:08:00",3737,-0.0249999999999986
"2019-03-27 14:09:00",2204,0
"2019-03-27 14:10:00",5955,0
"2019-03-27 14:11:00",1220,0.00500000000000256
"2019-03-27 14:12:00",2551,-0.0400000000000063
"2019-03-27 14:13:00",1350,-0.0149999999999935
"2019-03-27 14:14:00",5600,0.0081999999999951
"2019-03-27 14:15:00",12627,-0.0081999999999951
"2019-03-27 14:16:00",3785,-0.0100000000000051
"2019-03-27 14:17:00",2413,-0.00999999999999801
"2019-03-27 14:18:00",756,0.0300000000000011
"2019-03-27 14:19:00",3100,0.00999999999999801
"2019-03-27 14:20:00",2290,-0.0549999999999997
"2019-03-27 14:21:00",2850,0.0150000000000006
"2019-03-27 14:22:00",1391,0.0300000000000011
"2019-03-27 14:23:00",1843,0
"2019-03-27 14:24:00",3010,0
"2019-03-27 14:25:00",1745,0.019999999999996
"2019-03-27 14:26:00",5908,-0.00999999999999801
"2019-03-27 14:27:00",8188,0.0200000000000031
"2019-03-27 14:28:00",4500,-0.0100000000000051
"2019-03-27 14:29:00",10444,0.00500000000000256
"2019-03-27 14:30:00",35175,-0.0150000000000006
"2019-03-27 14:31:00",21787,0
"2019-03-27 14:32:00",16134,0.00999999999999801
"2019-03-27 14:33:00",2812,0.0300000000000011
"2019-03-27 14:34:00",6846,0.00500000000000256
"2019-03-27 14:35:00",4413,0
"2019-03-27 14:36:00",40662,-0.0200000000000031
"2019-03-27 14:37:00",21107,0.0200000000000031
"2019-03-27 14:38:00",10099,-0.0150000000000006
"2019-03-27 14:39:00",5815,0.019999999999996
"2019-03-27 14:40:00",3000,-0.00999999999999801
"2019-03-27 14:41:00",3040,0.00999999999999801
"2019-03-27 14:42:00",8574,-0.029999999999994
"2019-03-27 14:43:00",8360,-0.0254000000000048
"2019-03-27 14:44:00",9342,0.0104000000000042
"2019-03-27 14:45:00",38651,0.00499999999999545
"2019-03-27 14:46:00",26950,-0.029999999999994
"2019-03-27 14:47:00",2937,0.00499999999999545
"2019-03-27 14:48:00",20071,-0.00499999999999545
"2019-03-27 14:49:00",14683,0.00499999999999545
"2019-03-27 14:50:00",20694,-0.00309999999999633
"2019-03-27 14:51:00",22463,0.00309999999999633
"2019-03-27 14:52:00",21061,-0.00499999999999545
"2019-03-27 14:53:00",10344,-0.0300000000000011
"2019-03-27 14:54:00",28687,0.00999999999999801
"2019-03-27 14:55:00",40387,-0.0150000000000006
"2019-03-27 14:56:00",30921,0.0450000000000017
"2019-03-27 14:57:00",26278,-0.0254000000000048
"2019-03-27 14:58:00",23075,-0.00459999999999638
"2019-03-27 14:59:00",20974,0.0249999999999986
"2019-03-27 15:02:00",23029,-0.0150000000000006
"2019-03-27 15:15:00",0,0
"2019-03-28 08:30:00",47139,-0.119999999999997
"2019-03-28 08:31:00",14865,0.0339999999999989
"2019-03-28 08:32:00",1700,-0.0140000000000029
"2019-03-28 08:33:00",2825,0.0200000000000031
"2019-03-28 08:34:00",14387,-0.0499999999999972
"2019-03-28 08:35:00",7000,0.0399999999999991
"2019-03-28 08:36:00",6357,-0.0500000000000043
"2019-03-28 08:37:00",5392,0.0650000000000048
"2019-03-28 08:38:00",3211,-0.0200000000000031
"2019-03-28 08:39:00",6466,0.0399999999999991
"2019-03-28 08:40:00",9042,-0.00499999999999545
"2019-03-28 08:41:00",2493,-0.0450000000000017
"2019-03-28 08:42:00",5151,0.00499999999999545
"2019-03-28 08:43:00",6775,0.0400000000000063
"2019-03-28 08:44:00",3620,0.0149999999999935
"2019-03-28 08:45:00",6300,-0.0599999999999952
"2019-03-28 08:46:00",7483,0.0450000000000017
"2019-03-28 08:47:00",6912,0.0137
"2019-03-28 08:48:00",10956,0.00629999999999598
"2019-03-28 08:49:00",8543,0.00999999999999801
"2019-03-28 08:50:00",2388,-0.019999999999996
"2019-03-28 08:51:00",9748,-0.0200000000000031
"2019-03-28 08:52:00",3069,0.0300000000000011
"2019-03-28 08:53:00",11132,0
"2019-03-28 08:54:00",9735,0
"2019-03-28 08:55:00",33054,0.00999999999999801
"2019-03-28 08:56:00",15459,0.00500000000000256
"2019-03-28 08:57:00",3131,-0.0150000000000006
"2019-03-28 08:58:00",11528,-0.0063999999999993
"2019-03-28 08:59:00",5600,0.0114000000000019
"2019-03-28 09:00:00",6800,-0.00500000000000256
"2019-03-28 09:01:00",5575,-0.0150000000000006
"2019-03-28 09:02:00",11726,0.0750000000000028
"2019-03-28 09:03:00",5551,0.0150000000000006
"2019-03-28 09:04:00",12223,0.0150000000000006
"2019-03-28 09:05:00",5668,0.0150000000000006
"2019-03-28 09:06:00",8646,-0.0350000000000037
"2019-03-28 09:07:00",5400,-0.00999999999999801
"2019-03-28 09:08:00",2364,0.00499999999999545
"2019-03-28 09:09:00",2700,-0.0149999999999935
"2019-03-28 09:10:00",2600,-0.0150000000000006
"2019-03-28 09:11:00",2608,0.0249999999999986
"2019-03-28 09:12:00",1600,0
"2019-03-28 09:13:00",7415,-0.0200000000000031
"2019-03-28 09:14:00",2820,0.0100000000000051
"2019-03-28 09:15:00",1900,-0.0100000000000051
"2019-03-28 09:16:00",1341,-0.0399999999999991
"2019-03-28 09:17:00",1319,0.0200000000000031
"2019-03-28 09:18:00",1400,0.00999999999999801
"2019-03-28 09:19:00",2400,0
"2019-03-28 09:20:00",2500,0.0349999999999966
"2019-03-28 09:21:00",1556,-0.00499999999999545
"2019-03-28 09:22:00",2800,0.019999999999996
"2019-03-28 09:23:00",3800,0.00500000000000256
"2019-03-28 09:24:00",1500,0.0249999999999986
"2019-03-28 09:25:00",1500,-0.0399999999999991
"2019-03-28 09:26:00",4300,0.00999999999999801
"2019-03-28 09:27:00",4256,0.0100000000000051
"2019-03-28 09:28:00",964,0
"2019-03-28 09:29:00",300,0
"2019-03-28 09:30:00",576,0
"2019-03-28 09:31:00",3125,-0.0100000000000051
"2019-03-28 09:32:00",2356,0.0300000000000011
"2019-03-28 09:33:00",33752,0.0549999999999997
"2019-03-28 09:34:00",7900,-0.019999999999996
"2019-03-28 09:35:00",3309,9.99999999962142e-05
"2019-03-28 09:36:00",5659,-0.0150999999999968
"2019-03-28 09:37:00",7566,0.00999999999999801
"2019-03-28 09:38:00",6000,-0.0150000000000006
"2019-03-28 09:39:00",13573,-0.0349999999999966
"2019-03-28 09:40:00",736,0
"2019-03-28 09:41:00",3570,0.00999999999999801
"2019-03-28 09:42:00",1300,-0.0200000000000031
"2019-03-28 09:43:00",4900,-0.00999999999999801
"2019-03-28 09:44:00",3935,0.00999999999999801
"2019-03-28 09:45:00",2259,0
"2019-03-28 09:46:00",800,0.0100000000000051
"2019-03-28 09:47:00",2800,-0.0200000000000031
"2019-03-28 09:48:00",1200,0.0200000000000031
"2019-03-28 09:49:00",1551,0
"2019-03-28 09:50:00",3301,-0.00550000000000495
"2019-03-28 09:51:00",3875,0.0305000000000035
"2019-03-28 09:52:00",9905,0.00499999999999545
"2019-03-28 09:53:00",3463,0.0100000000000051
"2019-03-28 09:54:00",2900,0
"2019-03-28 09:55:00",1171,-0.0300000000000011
"2019-03-28 09:56:00",2636,0.0249999999999986
"2019-03-28 09:57:00",1300,-0.0349999999999966
"2019-03-28 09:58:00",3048,-0.0200000000000031
"2019-03-28 09:59:00",1406,0.00999999999999801
"2019-03-28 10:00:00",4827,-0.0399999999999991
"2019-03-28 10:01:00",5000,0
"2019-03-28 10:02:00",4498,0.0100000000000051
"2019-03-28 10:03:00",3014,-0.0300000000000011
"2019-03-28 10:04:00",2213,0
"2019-03-28 10:05:00",16765,-0.0300000000000011
"2019-03-28 10:06:00",5311,0.0150000000000006
"2019-03-28 10:07:00",1114,-0.00500000000000256
"2019-03-28 10:08:00",10932,-0.0300000000000011
"2019-03-28 10:09:00",2001,0.0150000000000006
"2019-03-28 10:10:00",8345,0.0150000000000006
"2019-03-28 10:11:00",559,0
"2019-03-28 10:12:00",1525,0.0300000000000011
"2019-03-28 10:13:00",1111,-0.00500000000000256
"2019-03-28 10:14:00",895,0.00500000000000256
"2019-03-28 10:15:00",2634,-0.0399999999999991
"2019-03-28 10:16:00",6283,0
"2019-03-28 10:17:00",1800,-0.0150000000000006
"2019-03-28 10:18:00",4314,-0.0150000000000006
"2019-03-28 10:19:00",1095,-0.0499999999999972
"2019-03-28 10:20:00",12051,0.029999999999994
"2019-03-28 10:21:00",7420,0.0100000000000051
"2019-03-28 10:22:00",11065,0
"2019-03-28 10:23:00",200,-0.0200000000000031
"2019-03-28 10:24:00",2300,-0.00999999999999801
"2019-03-28 10:25:00",859,0
"2019-03-28 10:26:00",2408,-0.00500000000000256
"2019-03-28 10:27:00",2894,0.00500000000000256
"2019-03-28 10:28:00",1110,-0.00999999999999801
"2019-03-28 10:29:00",1200,0
"2019-03-28 10:30:00",3491,0.0249999999999986
"2019-03-28 10:31:00",1553,0.0349999999999966
"2019-03-28 10:32:00",5249,0.0200000000000031
"2019-03-28 10:33:00",1576,0.00999999999999801
"2019-03-28 10:34:00",1728,0
"2019-03-28 10:35:00",2541,0
"2019-03-28 10:36:00",2620,-0.019999999999996
"2019-03-28 10:37:00",3164,-0.00500000000000256
"2019-03-28 10:38:00",2760,0.0150000000000006
"2019-03-28 10:39:00",1848,0.00499999999999545
"2019-03-28 10:40:00",4168,-0.0296999999999983
"2019-03-28 10:41:00",3800,0.0046999999999997
"2019-03-28 10:42:00",1560,-0.00499999999999545
"2019-03-28 10:43:00",1850,0.0349999999999966
"2019-03-28 10:44:00",1100,0.0300000000000011
"2019-03-28 10:45:00",2500,-0.0399999999999991
"2019-03-28 10:46:00",5645,-0.00500000000000256
"2019-03-28 10:47:00",7636,0.0450000000000017
"2019-03-28 10:48:00",18333,0.00500000000000256
"2019-03-28 10:49:00",8298,-0.00500000000000256
"2019-03-28 10:50:00",9563,-0.00500000000000256
"2019-03-28 10:51:00",2809,-0.0237999999999943
"2019-03-28 10:52:00",2960,-0.0212000000000003
"2019-03-28 10:53:00",4421,-0.0200000000000031
"2019-03-28 10:54:00",4012,-0.0300000000000011
"2019-03-28 10:55:00",1350,0.00999999999999801
"2019-03-28 10:56:00",6040,-0.0224999999999937
"2019-03-28 10:57:00",2809,0.0324999999999989
"2019-03-28 10:58:00",4000,-0.0200000000000031
"2019-03-28 10:59:00",4600,0.00999999999999801
"2019-03-28 11:00:00",2739,0.0100000000000051
"2019-03-28 11:01:00",3000,-0.0100000000000051
"2019-03-28 11:02:00",1000,-0.00999999999999801
"2019-03-28 11:03:00",4152,-0.019999999999996
"2019-03-28 11:04:00",2831,0.00999999999999801
"2019-03-28 11:05:00",2400,0.019999999999996
"2019-03-28 11:06:00",300,-0.019999999999996
"2019-03-28 11:07:00",4100,0.0198999999999998
"2019-03-28 11:08:00",300,-0.0298999999999978
"2019-03-28 11:09:00",3434,-0.0150000000000006
"2019-03-28 11:10:00",4448,-0.0350000000000037
"2019-03-28 11:11:00",3728,0
"2019-03-28 11:12:00",3980,0.00999999999999801
"2019-03-28 11:13:00",3008,-0.0291999999999959
"2019-03-28 11:14:00",4100,0.0191999999999979
"2019-03-28 11:15:00",3545,-0.00999999999999801
"2019-03-28 11:16:00",3290,0.00999999999999801
"2019-03-28 11:17:00",6103,0
"2019-03-28 11:18:00",7253,0.00999999999999801
"2019-03-28 11:19:00",5312,0.0100000000000051
"2019-03-28 11:20:00",2914,-0.0100000000000051
"2019-03-28 11:21:00",3567,0.0100000000000051
"2019-03-28 11:22:00",3319,0.00999999999999801
"2019-03-28 11:23:00",1773,-0.0200000000000031
"2019-03-28 11:24:00",3492,0.0200000000000031
"2019-03-28 11:25:00",1500,-0.0200000000000031
"2019-03-28 11:26:00",4722,-0.029999999999994
"2019-03-28 11:27:00",6547,0.029999999999994
"2019-03-28 11:28:00",4868,0
"2019-03-28 11:29:00",3620,-0.00999999999999801
"2019-03-28 11:30:00",2050,-0.00999999999999801
"2019-03-28 11:31:00",3801,0.0300000000000011
"2019-03-28 11:32:00",1800,-0.0300000000000011
"2019-03-28 11:33:00",5198,-0.0150000000000006
"2019-03-28 11:34:00",7721,-0.0399999999999991
"2019-03-28 11:35:00",2419,-0.00849999999999795
"2019-03-28 11:36:00",200,0.0135000000000005
"2019-03-28 11:37:00",2600,-0.0100000000000051
"2019-03-28 11:38:00",3325,0.0301000000000045
"2019-03-28 11:39:00",3013,-0.0200999999999993
"2019-03-28 11:40:00",6600,0.00999999999999801
"2019-03-28 11:41:00",3500,-0.00999999999999801
"2019-03-28 11:42:00",3122,-0.00500000000000256
"2019-03-28 11:43:00",2400,-0.00500000000000256
"2019-03-28 11:44:00",2930,-0.00999999999999801
"2019-03-28 11:45:00",4742,0
"2019-03-28 11:46:00",5806,0.00500000000000256
"2019-03-28 11:47:00",5254,0.00999999999999801
"2019-03-28 11:48:00",745,-0.00500000000000256
"2019-03-28 11:49:00",2900,-0.00999999999999801
"2019-03-28 11:50:00",6561,0.0198999999999998
"2019-03-28 11:51:00",900,0.00010000000000332
"2019-03-28 11:52:00",1200,0
"2019-03-28 11:53:00",569,0.00999999999999801
"2019-03-28 11:54:00",700,0
"2019-03-28 11:55:00",500,0.019999999999996
"2019-03-28 11:56:00",730,-0.0240999999999971
"2019-03-28 11:57:00",2869,0.00909999999999656
"2019-03-28 11:58:00",423,-0.0017999999999958
"2019-03-28 11:59:00",938,-0.00820000000000221
"2019-03-28 12:00:00",5348,0.00500000000000256
"2019-03-28 12:01:00",600,0.019999999999996
"2019-03-28 12:02:00",460,0.0200000000000031
"2019-03-28 12:03:00",400,0
"2019-03-28 12:04:00",1009,0.00999999999999801
"2019-03-28 12:05:00",800,-0.019999999999996
"2019-03-28 12:06:00",811,-0.0100000000000051
"2019-03-28 12:07:00",1234,-0.00529999999999831
"2019-03-28 12:08:00",2150,0.00529999999999831
"2019-03-28 12:09:00",3639,-0.00999999999999801
"2019-03-28 12:10:00",220,0
"2019-03-28 12:11:00",850,0.0200000000000031
"2019-03-28 12:12:00",892,0
"2019-03-28 12:13:00",2804,0
"2019-03-28 12:14:00",1864,0
"2019-03-28 12:15:00",4946,-0.0200000000000031
"2019-03-28 12:16:00",1600,0.0161000000000016
"2019-03-28 12:17:00",414,0.0138999999999996
"2019-03-28 12:18:00",900,0.00999999999999801
"2019-03-28 12:19:00",1500,0
"2019-03-28 12:20:00",400,0.0200000000000031
"2019-03-28 12:21:00",100,0
"2019-03-28 12:22:00",1100,0.00499999999999545
"2019-03-28 12:23:00",2395,-0.0150000000000006
"2019-03-28 12:24:00",300,0.0100000000000051
"2019-03-28 12:25:00",200,0
"2019-03-28 12:26:00",1960,-0.0200000000000031
"2019-03-28 12:27:00",726,0.0134000000000043
"2019-03-28 12:28:00",1100,-0.00340000000000629
"2019-03-28 12:29:00",1400,0.0150000000000006
"2019-03-28 12:30:00",1789,0.0100000000000051
"2019-03-28 12:31:00",1620,0.0150000000000006
"2019-03-28 12:32:00",1352,0
"2019-03-28 12:33:00",2100,-0.00500000000000256
"2019-03-28 12:34:00",505,-0.0150000000000006
"2019-03-28 12:35:00",2416,0.00999999999999801
"2019-03-28 12:36:00",100,0
"2019-03-28 12:37:00",415,-0.00999999999999801
"2019-03-28 12:38:00",900,0
"2019-03-28 12:39:00",1100,-0.00999999999999801
"2019-03-28 12:40:00",600,0.00999999999999801
"2019-03-28 12:41:00",1700,-0.0150000000000006
"2019-03-28 12:42:00",509,0.00500000000000256
"2019-03-28 12:43:00",1045,-0.0101000000000013
"2019-03-28 12:44:00",400,0.0101000000000013
"2019-03-28 12:45:00",2797,0.00999999999999801
"2019-03-28 12:46:00",1075,0
"2019-03-28 12:47:00",900,0.00999999999999801
"2019-03-28 12:48:00",2100,-0.00999999999999801
"2019-03-28 12:49:00",1890,0.00390000000000157
"2019-03-28 12:50:00",1921,0.0114000000000019
"2019-03-28 12:51:00",576,0.0046999999999997
"2019-03-28 12:52:00",2040,0.00999999999999801
"2019-03-28 12:53:00",2245,0.00999999999999801
"2019-03-28 12:54:00",672,-0.00999999999999801
"2019-03-28 12:55:00",775,0.00500000000000256
"2019-03-28 12:56:00",691,0.00999999999999801
"2019-03-28 12:57:00",1000,0.0150000000000006
"2019-03-28 12:58:00",1000,-0.0100000000000051
"2019-03-28 12:59:00",5250,0.0300000000000011
"2019-03-28 13:00:00",3400,-0.00999999999999801
"2019-03-28 13:01:00",1312,0.00999999999999801
"2019-03-28 13:02:00",889,-0.00999999999999801
"2019-03-28 13:03:00",8488,0.0150000000000006
"2019-03-28 13:04:00",2319,0.0112999999999985
"2019-03-28 13:05:00",1000,-0.0163000000000011
"2019-03-28 13:06:00",900,-0.00999999999999801
"2019-03-28 13:07:00",1185,0.00999999999999801
"2019-03-28 13:08:00",1120,0
"2019-03-28 13:09:00",3415,0
"2019-03-28 13:10:00",1157,-0.00999999999999801
"2019-03-28 13:11:00",1500,-0.00999999999999801
"2019-03-28 13:12:00",3503,0.019999999999996
"2019-03-28 13:13:00",1301,0.00500000000000256
"2019-03-28 13:14:00",3806,-0.0150000000000006
"2019-03-28 13:15:00",1117,0
"2019-03-28 13:16:00",2086,-0.013300000000001
"2019-03-28 13:17:00",2700,0.013300000000001
"2019-03-28 13:18:00",600,-0.00999999999999801
"2019-03-28 13:19:00",1531,0.019999999999996
"2019-03-28 13:20:00",2076,-0.019999999999996
"2019-03-28 13:21:00",2398,0.019999999999996
"2019-03-28 13:22:00",625,-0.00499999999999545
"2019-03-28 13:23:00",2875,0.0150000000000006
"2019-03-28 13:24:00",6727,-0.0100000000000051
"2019-03-28 13:25:00",100,0.0100000000000051
"2019-03-28 13:26:00",700,0
"2019-03-28 13:27:00",2676,-0.0200000000000031
"2019-03-28 13:28:00",1407,0
"2019-03-28 13:29:00",2055,-0.0300000000000011
"2019-03-28 13:30:00",1060,-0.00900000000000034
"2019-03-28 13:31:00",3602,0.00900000000000034
"2019-03-28 13:32:00",4108,0.00999999999999801
"2019-03-28 13:33:00",2380,-0.00999999999999801
"2019-03-28 13:34:00",1204,0
"2019-03-28 13:35:00",851,-0.00999999999999801
"2019-03-28 13:36:00",500,0
"2019-03-28 13:37:00",300,-0.00500000000000256
"2019-03-28 13:38:00",1460,0.00500000000000256
"2019-03-28 13:39:00",1900,-0.0150000000000006
"2019-03-28 13:40:00",2100,-0.0150000000000006
"2019-03-28 13:41:00",1935,0
"2019-03-28 13:42:00",1340,0.00500000000000256
"2019-03-28 13:43:00",3330,-0.00130000000000052
"2019-03-28 13:44:00",1815,0.00629999999999598
"2019-03-28 13:45:00",735,-0.00499999999999545
"2019-03-28 13:46:00",3918,0.00999999999999801
"2019-03-28 13:47:00",4170,0.0200000000000031
"2019-03-28 13:48:00",1315,0
"2019-03-28 13:49:00",3777,-0.00500000000000256
"2019-03-28 13:50:00",5656,0.0249999999999986
"2019-03-28 13:51:00",9772,0.0300000000000011
"2019-03-28 13:52:00",1347,0
"2019-03-28 13:53:00",1120,0
"2019-03-28 13:54:00",1803,0.00999999999999801
"2019-03-28 13:55:00",1640,0.00500000000000256
"2019-03-28 13:56:00",2750,0.00499999999999545
"2019-03-28 13:57:00",5101,0.0150000000000006
"2019-03-28 13:58:00",5583,-0.00499999999999545
"2019-03-28 13:59:00",2125,0.0150000000000006
"2019-03-28 14:00:00",3475,-0.0300000000000011
"2019-03-28 14:01:00",1993,0.0499999999999972
"2019-03-28 14:02:00",9350,0.00440000000000396
"2019-03-28 14:03:00",3303,0.0105999999999966
"2019-03-28 14:04:00",3744,-0.0249999999999986
"2019-03-28 14:05:00",2000,-0.00999999999999801
"2019-03-28 14:06:00",2920,-0.0100000000000051
"2019-03-28 14:07:00",2100,0.0250000000000057
"2019-03-28 14:08:00",2700,-0.0100000000000051
"2019-03-28 14:09:00",3436,-0.0150000000000006
"2019-03-28 14:10:00",1200,0.00500000000000256
"2019-03-28 14:11:00",9401,0.0300000000000011
"2019-03-28 14:12:00",2575,0.0150000000000006
"2019-03-28 14:13:00",6478,-0.00500000000000256
"2019-03-28 14:14:00",5216,0.00500000000000256
"2019-03-28 14:15:00",9058,0.0176999999999978
"2019-03-28 14:16:00",10500,-0.0176999999999978
"2019-03-28 14:17:00",8580,0.00540000000000163
"2019-03-28 14:18:00",10423,-0.0254000000000048
"2019-03-28 14:19:00",3200,0.00500000000000256
"2019-03-28 14:20:00",5741,0
"2019-03-28 14:21:00",2684,0.0150000000000006
"2019-03-28 14:22:00",1170,-0.0150000000000006
"2019-03-28 14:23:00",2715,-0.00500000000000256
"2019-03-28 14:24:00",2152,-0.00999999999999801
"2019-03-28 14:25:00",6315,0.0150000000000006
"2019-03-28 14:26:00",2286,-0.00500000000000256
"2019-03-28 14:27:00",2515,-0.00999999999999801
"2019-03-28 14:28:00",791,0.00500000000000256
"2019-03-28 14:29:00",5744,0.00499999999999545
"2019-03-28 14:30:00",5250,0.0150000000000006
"2019-03-28 14:31:00",1465,-0.0249999999999986
"2019-03-28 14:32:00",3483,0.0200000000000031
"2019-03-28 14:33:00",2724,-0.00500000000000256
"2019-03-28 14:34:00",3336,0.00500000000000256
"2019-03-28 14:35:00",10612,0.0149999999999935
"2019-03-28 14:36:00",4576,0.0187000000000026
"2019-03-28 14:37:00",3999,0.0163000000000011
"2019-03-28 14:38:00",6621,0.0150000000000006
"2019-03-28 14:39:00",7007,-0.0249999999999986
"2019-03-28 14:40:00",1870,-0.00500000000000256
"2019-03-28 14:41:00",3983,-0.00500000000000256
"2019-03-28 14:42:00",6392,-0.00999999999999801
"2019-03-28 14:43:00",3130,0.0200000000000031
"2019-03-28 14:44:00",4604,-0.00500000000000256
"2019-03-28 14:45:00",5312,-0.00999999999999801
"2019-03-28 14:46:00",2970,-0.00500000000000256
"2019-03-28 14:47:00",5686,0.00500000000000256
"2019-03-28 14:48:00",3241,-0.0249999999999986
"2019-03-28 14:49:00",9869,-0.0150000000000006
"2019-03-28 14:50:00",8607,-0.0150000000000006
"2019-03-28 14:51:00",3339,0.00499999999999545
"2019-03-28 14:52:00",17135,0
"2019-03-28 14:53:00",11215,0.0250000000000057
"2019-03-28 14:54:00",18886,0.019999999999996
"2019-03-28 14:55:00",17621,-9.99999999962142e-05
"2019-03-28 14:56:00",22352,0.00509999999999877
"2019-03-28 14:57:00",9664,0.0300000000000011
"2019-03-28 14:58:00",14663,-0.0150000000000006
"2019-03-28 14:59:00",25383,0
"2019-03-28 15:01:00",34239,0.00999999999999801
"2019-03-28 15:15:00",0,0
"2019-03-29 08:30:00",23821,0.490000000000002
"2019-03-29 08:31:00",1650,-0.0305000000000035
"2019-03-29 08:32:00",1844,-0.00949999999999562
"2019-03-29 08:33:00",14427,-0.0700000000000003
"2019-03-29 08:34:00",14635,0
"2019-03-29 08:35:00",18087,0.019999999999996
"2019-03-29 08:36:00",5738,0.0500000000000043
"2019-03-29 08:37:00",2100,0.00999999999999801
"2019-03-29 08:38:00",30201,0.019999999999996
"2019-03-29 08:39:00",8652,-0.0700000000000003
"2019-03-29 08:40:00",5118,0
"2019-03-29 08:41:00",6171,0.0100000000000051
"2019-03-29 08:42:00",6284,0.0300000000000011
"2019-03-29 08:43:00",9631,0.019999999999996
"2019-03-29 08:44:00",2416,0.00999999999999801
"2019-03-29 08:45:00",1600,-0.00999999999999801
"2019-03-29 08:46:00",2400,-0.0499999999999972
"2019-03-29 08:47:00",5078,-0.0100000000000051
"2019-03-29 08:48:00",4994,0.0400000000000063
"2019-03-29 08:49:00",3528,-0.0300000000000011
"2019-03-29 08:50:00",5413,-0.0399999999999991
"2019-03-29 08:51:00",11430,0.00999999999999801
"2019-03-29 08:52:00",3800,-0.0200000000000031
"2019-03-29 08:53:00",127327,0.013300000000001
"2019-03-29 08:54:00",27853,-0.0231999999999957
"2019-03-29 08:55:00",30857,0.00989999999999469
"2019-03-29 08:56:00",39774,0
"2019-03-29 08:57:00",13739,-0.00999999999999801
"2019-03-29 08:58:00",11425,0
"2019-03-29 08:59:00",46418,0.00999999999999801
"2019-03-29 09:00:00",6615,-0.0300000000000011
"2019-03-29 09:01:00",11572,-0.00999999999999801
"2019-03-29 09:02:00",2725,0
"2019-03-29 09:03:00",9120,-0.00999999999999801
"2019-03-29 09:04:00",5420,-0.00500000000000256
"2019-03-29 09:05:00",3372,0.0249999999999986
"2019-03-29 09:06:00",2814,-0.029999999999994
"2019-03-29 09:07:00",807,0.00999999999999801
"2019-03-29 09:08:00",8977,-0.0544999999999973
"2019-03-29 09:09:00",3797,0.0544999999999973
"2019-03-29 09:10:00",8045,-0.0700000000000003
"2019-03-29 09:11:00",4829,0.00999999999999801
"2019-03-29 09:12:00",2895,0
"2019-03-29 09:13:00",6340,0.00999999999999801
"2019-03-29 09:14:00",6895,-0.0149999999999935
"2019-03-29 09:15:00",2200,-0.00500000000000256
"2019-03-29 09:16:00",13721,0.019999999999996
"2019-03-29 09:17:00",18113,-0.0165999999999968
"2019-03-29 09:18:00",4945,-0.0183999999999997
"2019-03-29 09:19:00",10648,-0.00500000000000256
"2019-03-29 09:20:00",10311,-0.029999999999994
"2019-03-29 09:21:00",12848,0.00499999999999545
"2019-03-29 09:22:00",11651,-0.00499999999999545
"2019-03-29 09:23:00",13232,-0.0250000000000057
"2019-03-29 09:24:00",5100,-0.00499999999999545
"2019-03-29 09:25:00",8232,0.00999999999999801
"2019-03-29 09:26:00",10297,-0.00999999999999801
"2019-03-29 09:27:00",14619,0.0300000000000011
"2019-03-29 09:28:00",7766,0
"2019-03-29 09:29:00",5160,-0.00500000000000256
"2019-03-29 09:30:00",12238,-0.0249999999999986
"2019-03-29 09:31:00",2713,-0.00500000000000256
"2019-03-29 09:32:00",19152,-0.0249999999999986
"2019-03-29 09:33:00",8523,0.00499999999999545
"2019-03-29 09:34:00",15484,-0.0249999999999986
"2019-03-29 09:35:00",3928,0.0100000000000051
"2019-03-29 09:36:00",1300,-0.0150000000000006
"2019-03-29 09:37:00",3166,0.0349999999999966
"2019-03-29 09:38:00",4220,0.00999999999999801
"2019-03-29 09:39:00",6549,-0.00999999999999801
"2019-03-29 09:40:00",6164,0
"2019-03-29 09:41:00",5677,-0.0499999999999972
"2019-03-29 09:42:00",6387,-0.0399999999999991
"2019-03-29 09:43:00",13573,-0.0500000000000043
"2019-03-29 09:44:00",14098,-0.0799999999999983
"2019-03-29 09:45:00",6454,0.0399999999999991
"2019-03-29 09:46:00",5516,0.0300000000000011
"2019-03-29 09:47:00",11087,0.019999999999996
"2019-03-29 09:48:00",3548,0
"2019-03-29 09:49:00",3777,-0.019999999999996
"2019-03-29 09:50:00",5933,0
"2019-03-29 09:51:00",700,0.019999999999996
"2019-03-29 09:52:00",1206,-0.029999999999994
"2019-03-29 09:53:00",3957,-0.0399999999999991
"2019-03-29 09:54:00",1100,-0.0350000000000037
"2019-03-29 09:55:00",1400,0.0350000000000037
"2019-03-29 09:56:00",2850,0.00999999999999801
"2019-03-29 09:57:00",3791,-0.0300000000000011
"2019-03-29 09:58:00",3100,0.0420000000000016
"2019-03-29 09:59:00",2514,0.0279999999999987
"2019-03-29 10:00:00",4463,0.0300000000000011
"2019-03-29 10:01:00",1901,0.019999999999996
"2019-03-29 10:02:00",400,0.0300000000000011
"2019-03-29 10:03:00",1580,0.0200000000000031
"2019-03-29 10:04:00",2090,-0.00500000000000256
"2019-03-29 10:05:00",7879,-0.0249999999999986
"2019-03-29 10:06:00",7349,-0.0275000000000034
"2019-03-29 10:07:00",4533,0.0175000000000054
"2019-03-29 10:08:00",3557,-0.0300000000000011
"2019-03-29 10:09:00",3018,0.00499999999999545
"2019-03-29 10:10:00",400,-0.00499999999999545
"2019-03-29 10:11:00",3087,0.019999999999996
"2019-03-29 10:12:00",6784,-0.0150000000000006
"2019-03-29 10:13:00",8746,-0.00499999999999545
"2019-03-29 10:14:00",6514,0.0150000000000006
"2019-03-29 10:15:00",7063,0.0249999999999986
"2019-03-29 10:16:00",3941,0.019999999999996
"2019-03-29 10:17:00",10885,-0.00999999999999801
"2019-03-29 10:18:00",2024,0.00999999999999801
"2019-03-29 10:19:00",1700,-0.0133999999999972
"2019-03-29 10:20:00",1100,-0.026600000000002
"2019-03-29 10:21:00",1287,-0.0137999999999963
"2019-03-29 10:22:00",900,0.0137999999999963
"2019-03-29 10:23:00",1000,-0.019999999999996
"2019-03-29 10:24:00",200,0.019999999999996
"2019-03-29 10:25:00",1000,-0.00499999999999545
"2019-03-29 10:26:00",2420,0.0182000000000002
"2019-03-29 10:27:00",2000,-0.0332000000000008
"2019-03-29 10:28:00",3830,0.0300000000000011
"2019-03-29 10:29:00",2609,0
"2019-03-29 10:30:00",1473,-0.00380000000000535
"2019-03-29 10:31:00",7281,0.0138000000000034
"2019-03-29 10:32:00",1701,0.019999999999996
"2019-03-29 10:33:00",2000,0.0150000000000006
"2019-03-29 10:34:00",800,0.0350000000000037
"2019-03-29 10:35:00",3514,-0.00999999999999801
"2019-03-29 10:36:00",4350,-0.0100000000000051
"2019-03-29 10:37:00",4909,0.0150000000000006
"2019-03-29 10:38:00",5009,0.00229999999999819
"2019-03-29 10:39:00",1850,-0.0204999999999984
"2019-03-29 10:40:00",1800,-0.0167999999999964
"2019-03-29 10:41:00",1830,0.00999999999999801
"2019-03-29 10:42:00",2128,0.0200000000000031
"2019-03-29 10:43:00",8944,0
"2019-03-29 10:44:00",2037,-0.0100000000000051
"2019-03-29 10:45:00",1400,-0.00999999999999801
"2019-03-29 10:46:00",3046,0
"2019-03-29 10:47:00",5179,0.0249999999999986
"2019-03-29 10:48:00",1975,-0.0150000000000006
"2019-03-29 10:49:00",1800,0.0100000000000051
"2019-03-29 10:50:00",12690,-0.0200000000000031
"2019-03-29 10:51:00",1657,0.0279000000000025
"2019-03-29 10:52:00",3397,-0.00789999999999935
"2019-03-29 10:53:00",600,0
"2019-03-29 10:54:00",3384,-0.0100000000000051
"2019-03-29 10:55:00",1900,-0.00999999999999801
"2019-03-29 10:56:00",11856,0
"2019-03-29 10:57:00",2839,-0.0200000000000031
"2019-03-29 10:58:00",6100,0
"2019-03-29 10:59:00",1600,-0.0149999999999935
"2019-03-29 11:00:00",2689,-0.0350000000000037
"2019-03-29 11:01:00",1067,-0.00999999999999801
"2019-03-29 11:02:00",600,-0.0350000000000037
"2019-03-29 11:03:00",447,0.0350000000000037
"2019-03-29 11:04:00",1703,0.00999999999999801
"2019-03-29 11:05:00",2716,0
"2019-03-29 11:06:00",11700,0.00999999999999801
"2019-03-29 11:07:00",3600,-0.019999999999996
"2019-03-29 11:08:00",2008,0
"2019-03-29 11:09:00",5200,0.00999999999999801
"2019-03-29 11:10:00",7002,0.0200000000000031
"2019-03-29 11:11:00",2168,-0.0100000000000051
"2019-03-29 11:12:00",3620,-0.0300000000000011
"2019-03-29 11:13:00",3309,0.0300000000000011
"2019-03-29 11:14:00",9094,-0.00999999999999801
"2019-03-29 11:15:00",2000,-0.0150000000000006
"2019-03-29 11:16:00",1737,0.00500000000000256
"2019-03-29 11:17:00",2228,0
"2019-03-29 11:18:00",1747,0.019999999999996
"2019-03-29 11:19:00",3642,0.00500000000000256
"2019-03-29 11:20:00",3185,-0.00500000000000256
"2019-03-29 11:21:00",800,0.00500000000000256
"2019-03-29 11:22:00",4322,0.00500000000000256
"2019-03-29 11:23:00",1367,0.019999999999996
"2019-03-29 11:24:00",2238,-0.00999999999999801
"2019-03-29 11:25:00",11014,-0.0257000000000005
"2019-03-29 11:26:00",8215,0.0257000000000005
"2019-03-29 11:27:00",7489,0.0399999999999991
"2019-03-29 11:28:00",28991,0.0600000000000023
"2019-03-29 11:29:00",35371,-0.0100000000000051
"2019-03-29 11:30:00",1417,-0.019999999999996
"2019-03-29 11:31:00",24468,0.0300000000000011
"2019-03-29 11:32:00",7500,0.00999999999999801
"2019-03-29 11:33:00",37539,-0.00999999999999801
"2019-03-29 11:34:00",13708,-0.0100000000000051
"2019-03-29 11:35:00",11984,0
"2019-03-29 11:36:00",6573,-0.029999999999994
"2019-03-29 11:37:00",300,0.0149999999999935
"2019-03-29 11:38:00",1100,0.0150000000000006
"2019-03-29 11:39:00",500,-0.0150000000000006
"2019-03-29 11:40:00",2000,-0.00999999999999801
"2019-03-29 11:41:00",400,0.00500000000000256
"2019-03-29 11:42:00",655,0
"2019-03-29 11:43:00",522,-0.00999999999999801
"2019-03-29 11:44:00",400,-0.0100000000000051
"2019-03-29 11:45:00",300,-0.00999999999999801
"2019-03-29 11:46:00",1650,-0.0150000000000006
"2019-03-29 11:47:00",400,0.00500000000000256
"2019-03-29 11:48:00",1535,0.00499999999999545
"2019-03-29 11:49:00",1012,0.00500000000000256
"2019-03-29 11:50:00",6400,-0.0300000000000011
"2019-03-29 11:51:00",1000,-0.00499999999999545
"2019-03-29 11:52:00",1450,0.00499999999999545
"2019-03-29 11:53:00",8155,-0.00499999999999545
"2019-03-29 11:54:00",3100,-0.0100000000000051
"2019-03-29 11:55:00",4133,-0.0150000000000006
"2019-03-29 11:56:00",300,-0.00499999999999545
"2019-03-29 11:57:00",1202,-0.00890000000000413
"2019-03-29 11:58:00",2300,0.0397000000000034
"2019-03-29 11:59:00",2187,0.00829999999999842
"2019-03-29 12:00:00",1453,-0.0041000000000011
"2019-03-29 12:01:00",5479,0
"2019-03-29 12:02:00",1300,-0.00999999999999801
"2019-03-29 12:03:00",967,0.00359999999999872
"2019-03-29 12:04:00",1075,0.00280000000000058
"2019-03-29 12:05:00",660,-0.00880000000000081
"2019-03-29 12:06:00",750,-0.0075999999999965
"2019-03-29 12:07:00",1079,0
"2019-03-29 12:08:00",1000,0
"2019-03-29 12:09:00",1188,-0.0100000000000051
"2019-03-29 12:10:00",600,-0.0150000000000006
"2019-03-29 12:11:00",3291,0
"2019-03-29 12:12:00",797,-0.00499999999999545
"2019-03-29 12:13:00",500,0.00499999999999545
"2019-03-29 12:14:00",1299,-0.000399999999999068
"2019-03-29 12:15:00",1079,-0.00839999999999463
"2019-03-29 12:16:00",1348,-0.00120000000000431
"2019-03-29 12:17:00",593,-0.00500000000000256
"2019-03-29 12:18:00",3031,0.0100000000000051
"2019-03-29 12:19:00",1300,-0.0200000000000031
"2019-03-29 12:20:00",6164,0.00500000000000256
"2019-03-29 12:21:00",1723,0.0249999999999986
"2019-03-29 12:22:00",200,0
"2019-03-29 12:23:00",981,0
"2019-03-29 12:24:00",1610,-0.00500000000000256
"2019-03-29 12:25:00",685,-0.0148999999999972
"2019-03-29 12:26:00",1616,0.0099000000000018
"2019-03-29 12:27:00",573,0
"2019-03-29 12:28:00",1408,-0.0100000000000051
"2019-03-29 12:29:00",1700,0.0099000000000018
"2019-03-29 12:30:00",2555,-0.0197999999999965
"2019-03-29 12:31:00",1108,0.00989999999999469
"2019-03-29 12:32:00",3137,-0.029999999999994
"2019-03-29 12:33:00",431,-0.00360000000000582
"2019-03-29 12:34:00",1507,0.00360000000000582
"2019-03-29 12:35:00",1982,0.00189999999999912
"2019-03-29 12:36:00",939,-0.00690000000000168
"2019-03-29 12:37:00",1907,-0.0150000000000006
"2019-03-29 12:38:00",4645,0
"2019-03-29 12:39:00",3400,0
"2019-03-29 12:40:00",1407,0
"2019-03-29 12:41:00",2400,0.00999999999999801
"2019-03-29 12:42:00",200,0.0100000000000051
"2019-03-29 12:43:00",200,0.00999999999999801
"2019-03-29 12:44:00",850,0.00500000000000256
"2019-03-29 12:45:00",563,-0.0100000000000051
"2019-03-29 12:46:00",11503,0.00500000000000256
"2019-03-29 12:47:00",3300,0
"2019-03-29 12:48:00",1800,-0.0399999999999991
"2019-03-29 12:49:00",1000,0.00999999999999801
"2019-03-29 12:50:00",1819,-0.00999999999999801
"2019-03-29 12:51:00",400,-0.00999999999999801
"2019-03-29 12:52:00",1000,-0.0200000000000031
"2019-03-29 12:53:00",500,0.00500000000000256
"2019-03-29 12:54:00",1939,0
"2019-03-29 12:55:00",2425,-0.00500000000000256
"2019-03-29 12:56:00",908,-0.0200000000000031
"2019-03-29 12:57:00",3805,0.0150000000000006
"2019-03-29 12:58:00",2300,0.014400000000002
"2019-03-29 12:59:00",1462,-0.014400000000002
"2019-03-29 13:00:00",1397,0.00500000000000256
"2019-03-29 13:01:00",535,0
"2019-03-29 13:02:00",766,-0.00500000000000256
"2019-03-29 13:03:00",1024,0.00500000000000256
"2019-03-29 13:04:00",927,0
"2019-03-29 13:05:00",600,-0.00999999999999801
"2019-03-29 13:06:00",100,-0.00500000000000256
"2019-03-29 13:07:00",1900,0.0150000000000006
"2019-03-29 13:08:00",1312,0.0150000000000006
"2019-03-29 13:09:00",600,0.00500000000000256
"2019-03-29 13:10:00",2045,-0.00490000000000634
"2019-03-29 13:11:00",700,-0.00509999999999877
"2019-03-29 13:12:00",1300,-0.00309999999999633
"2019-03-29 13:13:00",1296,0.0230999999999995
"2019-03-29 13:14:00",1100,0
"2019-03-29 13:15:00",3897,-0.0150000000000006
"2019-03-29 13:16:00",2050,-0.00500000000000256
"2019-03-29 13:17:00",916,0
"2019-03-29 13:18:00",1675,0.0099000000000018
"2019-03-29 13:19:00",5352,-0.013300000000001
"2019-03-29 13:20:00",3390,0.023299999999999
"2019-03-29 13:21:00",500,0.00010000000000332
"2019-03-29 13:22:00",1337,0
"2019-03-29 13:23:00",889,-0.00339999999999918
"2019-03-29 13:24:00",599,-0.00440000000000396
"2019-03-29 13:25:00",846,-0.00219999999999487
"2019-03-29 13:26:00",651,0.00999999999999801
"2019-03-29 13:27:00",600,-0.00999999999999801
"2019-03-29 13:28:00",9039,-0.0400000000000063
"2019-03-29 13:29:00",1800,0.0100000000000051
"2019-03-29 13:30:00",8320,-0.0105000000000004
"2019-03-29 13:31:00",300,0.000499999999995282
"2019-03-29 13:32:00",2219,0.0100000000000051
"2019-03-29 13:33:00",1100,0.00750000000000028
"2019-03-29 13:34:00",2279,-0.00750000000000028
"2019-03-29 13:35:00",1569,-0.0150000000000006
"2019-03-29 13:36:00",400,0.00499999999999545
"2019-03-29 13:37:00",1300,0.0200000000000031
"2019-03-29 13:38:00",1400,-0.00390000000000157
"2019-03-29 13:39:00",2741,-0.00609999999999644
"2019-03-29 13:40:00",1275,-0.0200000000000031
"2019-03-29 13:41:00",4189,0.00500000000000256
"2019-03-29 13:42:00",700,0.00499999999999545
"2019-03-29 13:43:00",1038,0
"2019-03-29 13:44:00",4100,-0.029999999999994
"2019-03-29 13:45:00",2100,0
"2019-03-29 13:46:00",443,-0.0100000000000051
"2019-03-29 13:47:00",851,0.0399999999999991
"2019-03-29 13:48:00",487,0.00390000000000157
"2019-03-29 13:49:00",627,0.011099999999999
"2019-03-29 13:50:00",979,-0.00499999999999545
"2019-03-29 13:51:00",800,0.0300000000000011
"2019-03-29 13:52:00",1100,0.019999999999996
"2019-03-29 13:53:00",4704,0.0333000000000041
"2019-03-29 13:54:00",1057,0.00919999999999987
"2019-03-29 13:55:00",6400,-0.0175000000000054
"2019-03-29 13:56:00",5218,-0.00499999999999545
"2019-03-29 13:57:00",200,0
"2019-03-29 13:58:00",2120,-0.0100000000000051
"2019-03-29 13:59:00",2325,0.0063999999999993
"2019-03-29 14:00:00",1630,0.00860000000000127
"2019-03-29 14:01:00",365,-0.0150000000000006
"2019-03-29 14:02:00",3850,-0.00999999999999801
"2019-03-29 14:03:00",549,-0.0099000000000018
"2019-03-29 14:04:00",12618,-0.000199999999999534
"2019-03-29 14:05:00",5193,-0.00989999999999469
"2019-03-29 14:06:00",1100,-0.0100000000000051
"2019-03-29 14:07:00",5450,0.0100000000000051
"2019-03-29 14:08:00",1800,0
"2019-03-29 14:09:00",3485,-0.0100000000000051
"2019-03-29 14:10:00",3559,0
"2019-03-29 14:11:00",300,-0.0249999999999986
"2019-03-29 14:12:00",1600,-0.00999999999999801
"2019-03-29 14:13:00",1140,0.00489999999999924
"2019-03-29 14:14:00",610,9.99999999962142e-05
"2019-03-29 14:15:00",1255,0
"2019-03-29 14:16:00",1806,0.0200000000000031
"2019-03-29 14:17:00",2181,0.00999999999999801
"2019-03-29 14:18:00",4042,-0.00649999999999551
"2019-03-29 14:19:00",3982,0.00649999999999551
"2019-03-29 14:20:00",1664,-0.00999999999999801
"2019-03-29 14:21:00",961,0
"2019-03-29 14:22:00",2178,-0.0150000000000006
"2019-03-29 14:23:00",4566,-0.00900000000000034
"2019-03-29 14:24:00",1633,-0.000999999999997669
"2019-03-29 14:25:00",2555,-0.00500000000000256
"2019-03-29 14:26:00",4100,0.00999999999999801
"2019-03-29 14:27:00",6715,0.0100000000000051
"2019-03-29 14:28:00",3798,-0.00540000000000163
"2019-03-29 14:29:00",1420,-0.00460000000000349
"2019-03-29 14:30:00",2700,-0.019999999999996
"2019-03-29 14:31:00",900,0.00999999999999801
"2019-03-29 14:32:00",1835,0.00650000000000261
"2019-03-29 14:33:00",4414,-0.0194000000000045
"2019-03-29 14:34:00",5556,0.0228999999999999
"2019-03-29 14:35:00",1222,-0.00259999999999394
"2019-03-29 14:36:00",6277,-0.0174000000000021
"2019-03-29 14:37:00",4624,0.00999999999999801
"2019-03-29 14:38:00",2251,0.00999999999999801
"2019-03-29 14:39:00",2300,0.0200000000000031
"2019-03-29 14:40:00",800,0
"2019-03-29 14:41:00",9199,0.0200000000000031
"2019-03-29 14:42:00",4587,-0.0200000000000031
"2019-03-29 14:43:00",2873,0
"2019-03-29 14:44:00",12835,0.00999999999999801
"2019-03-29 14:45:00",2992,0.00500000000000256
"2019-03-29 14:46:00",6473,0
"2019-03-29 14:47:00",10958,-0.0150000000000006
"2019-03-29 14:48:00",8722,0
"2019-03-29 14:49:00",2920,0
"2019-03-29 14:50:00",11305,0.00999999999999801
"2019-03-29 14:51:00",8606,0.0200000000000031
"2019-03-29 14:52:00",4264,-0.0150000000000006
"2019-03-29 14:53:00",13821,0.0249999999999986
"2019-03-29 14:54:00",17713,0
"2019-03-29 14:55:00",4362,0.00999999999999801
"2019-03-29 14:56:00",5675,0.0100000000000051
"2019-03-29 14:57:00",18967,0.0249999999999986
"2019-03-29 14:58:00",35730,0.00499999999999545
"2019-03-29 14:59:00",35594,-0.0699999999999932
"2019-03-29 15:02:00",48950,0
"2019-03-29 15:15:00",0,0
"2019-04-01 08:30:00",48372,0.819999999999993
"2019-04-01 08:31:00",13906,-0.0449999999999946
"2019-04-01 08:32:00",6606,0.019999999999996
"2019-04-01 08:33:00",16120,-0.0300000000000011
"2019-04-01 08:34:00",7843,0.0150000000000006
"2019-04-01 08:35:00",20341,-0.0349999999999966
"2019-04-01 08:36:00",30277,-0.00500000000000256
"2019-04-01 08:37:00",7030,0.00500000000000256
"2019-04-01 08:38:00",13788,0.00999999999999801
"2019-04-01 08:39:00",17111,-0.0249999999999986
"2019-04-01 08:40:00",15843,-0.0249999999999986
"2019-04-01 08:41:00",15184,0.00999999999999801
"2019-04-01 08:42:00",5999,0.0101999999999975
"2019-04-01 08:43:00",14299,-0.00519999999999499
"2019-04-01 08:44:00",12188,0.019999999999996
"2019-04-01 08:45:00",9980,-0.0264999999999986
"2019-04-01 08:46:00",4994,0.0114999999999981
"2019-04-01 08:47:00",11716,0.0100000000000051
"2019-04-01 08:48:00",7259,-0.0250000000000057
"2019-04-01 08:49:00",9666,0.0400000000000063
"2019-04-01 08:50:00",7554,0.0292999999999992
"2019-04-01 08:51:00",4411,0.0356999999999985
"2019-04-01 08:52:00",7808,0.0249999999999986
"2019-04-01 08:53:00",7516,0.0150000000000006
"2019-04-01 08:54:00",15161,-0.0399999999999991
"2019-04-01 08:55:00",4054,-0.0300000000000011
"2019-04-01 08:56:00",4250,-0.0249999999999986
"2019-04-01 08:57:00",2197,-0.0350000000000037
"2019-04-01 08:58:00",7847,0.00500000000000256
"2019-04-01 08:59:00",6292,-0.00999999999999801
"2019-04-01 09:00:00",4908,0.0300000000000011
"2019-04-01 09:01:00",7237,0
"2019-04-01 09:02:00",10733,0.0499999999999972
"2019-04-01 09:03:00",3058,-0.0249999999999986
"2019-04-01 09:04:00",6920,-0.00500000000000256
"2019-04-01 09:05:00",2209,-0.0300000000000011
"2019-04-01 09:06:00",2913,-0.0200999999999993
"2019-04-01 09:07:00",2769,0.0101000000000013
"2019-04-01 09:08:00",8189,-0.0350000000000037
"2019-04-01 09:09:00",5916,-0.0219999999999985
"2019-04-01 09:10:00",2865,-0.0330000000000013
"2019-04-01 09:11:00",4839,0
"2019-04-01 09:12:00",869,0.0100000000000051
"2019-04-01 09:13:00",1224,-0.0100000000000051
"2019-04-01 09:14:00",100,0
"2019-04-01 09:15:00",4750,0
"2019-04-01 09:16:00",3000,0.0100000000000051
"2019-04-01 09:17:00",9157,0.046999999999997
"2019-04-01 09:18:00",9042,0.00300000000000011
"2019-04-01 09:19:00",12718,0.0150000000000006
"2019-04-01 09:20:00",4164,-0.0150000000000006
"2019-04-01 09:21:00",1819,-0.0204999999999984
"2019-04-01 09:22:00",958,0.000500000000002387
"2019-04-01 09:23:00",1484,0.0144999999999982
"2019-04-01 09:24:00",2250,-0.0345000000000013
"2019-04-01 09:25:00",13424,0.0399999999999991
"2019-04-01 09:26:00",10374,-0.019999999999996
"2019-04-01 09:27:00",4021,-0.0300000000000011
"2019-04-01 09:28:00",1400,0
"2019-04-01 09:29:00",5599,0.0599999999999952
"2019-04-01 09:30:00",3323,0
"2019-04-01 09:31:00",27497,0
"2019-04-01 09:32:00",9279,-0.00999999999999801
"2019-04-01 09:33:00",3685,0
"2019-04-01 09:34:00",9752,0.00999999999999801
"2019-04-01 09:35:00",4983,-0.0249999999999986
"2019-04-01 09:36:00",8702,0
"2019-04-01 09:37:00",13051,0.0300000000000011
"2019-04-01 09:38:00",9800,0.0300000000000011
"2019-04-01 09:39:00",12596,-0.0150000000000006
"2019-04-01 09:40:00",4000,0.0200000000000031
"2019-04-01 09:41:00",3858,-0.0150000000000006
"2019-04-01 09:42:00",5548,0
"2019-04-01 09:43:00",19309,0.00999999999999801
"2019-04-01 09:44:00",13834,-0.00999999999999801
"2019-04-01 09:45:00",4191,0.019999999999996
"2019-04-01 09:46:00",18350,0.0183999999999997
"2019-04-01 09:47:00",6600,0.00280000000000058
"2019-04-01 09:48:00",18931,0.00880000000000081
"2019-04-01 09:49:00",10040,0
"2019-04-01 09:50:00",33219,0.0249999999999986
"2019-04-01 09:51:00",6700,0.0200000000000031
"2019-04-01 09:52:00",2034,-0.00500000000000256
"2019-04-01 09:53:00",3510,-0.00999999999999801
"2019-04-01 09:54:00",21689,-0.0350000000000037
"2019-04-01 09:55:00",4439,-0.00999999999999801
"2019-04-01 09:56:00",5983,0.0549000000000035
"2019-04-01 09:57:00",4400,0.00509999999999877
"2019-04-01 09:58:00",7647,0
"2019-04-01 09:59:00",4600,-0.007000000000005
"2019-04-01 10:00:00",10341,-0.0129999999999981
"2019-04-01 10:01:00",11691,-0.0249999999999986
"2019-04-01 10:02:00",8536,0.0249999999999986
"2019-04-01 10:03:00",7567,-0.00999999999999801
"2019-04-01 10:04:00",4500,-0.0249999999999986
"2019-04-01 10:05:00",10611,-0.0249999999999986
"2019-04-01 10:06:00",795,0
"2019-04-01 10:07:00",1768,-0.0250000000000057
"2019-04-01 10:08:00",2335,0.0150000000000006
"2019-04-01 10:09:00",3309,0.00489999999999924
"2019-04-01 10:10:00",2852,0.0151000000000039
"2019-04-01 10:11:00",3025,0.00499999999999545
"2019-04-01 10:12:00",2902,-0.019999999999996
"2019-04-01 10:13:00",4317,0.00500000000000256
"2019-04-01 10:14:00",1400,0.00999999999999801
"2019-04-01 10:15:00",2020,9.99999999962142e-05
"2019-04-01 10:16:00",2685,0.0099000000000018
"2019-04-01 10:17:00",3300,0
"2019-04-01 10:18:00",6559,0.0300000000000011
"2019-04-01 10:19:00",16283,0.019999999999996
"2019-04-01 10:20:00",900,-0.0499999999999972
"2019-04-01 10:21:00",2878,-0.00999999999999801
"2019-04-01 10:22:00",4520,0
"2019-04-01 10:23:00",1862,-0.00999999999999801
"2019-04-01 10:24:00",7115,0.019999999999996
"2019-04-01 10:25:00",18797,-0.0300000000000011
"2019-04-01 10:26:00",9338,0
"2019-04-01 10:27:00",23259,0.0100000000000051
"2019-04-01 10:28:00",6322,0.00999999999999801
"2019-04-01 10:29:00",6472,-0.0249999999999986
"2019-04-01 10:30:00",5434,-0.0250000000000057
"2019-04-01 10:31:00",3154,-0.00499999999999545
"2019-04-01 10:32:00",3600,-0.0450000000000017
"2019-04-01 10:33:00",5411,0.0249999999999986
"2019-04-01 10:34:00",7231,0.0450000000000017
"2019-04-01 10:35:00",5203,-0.00500000000000256
"2019-04-01 10:36:00",1500,-0.0150000000000006
"2019-04-01 10:37:00",674,0.0100000000000051
"2019-04-01 10:38:00",1972,0.00999999999999801
"2019-04-01 10:39:00",3124,0
"2019-04-01 10:40:00",1235,0.0150000000000006
"2019-04-01 10:41:00",2000,-0.0150000000000006
"2019-04-01 10:42:00",4015,-0.0200000000000031
"2019-04-01 10:43:00",2400,-0.0309999999999988
"2019-04-01 10:44:00",4318,0.00100000000000477
"2019-04-01 10:45:00",6134,0
"2019-04-01 10:46:00",600,0
"2019-04-01 10:47:00",2200,0.00999999999999801
"2019-04-01 10:48:00",400,0
"2019-04-01 10:49:00",2482,0.019999999999996
"2019-04-01 10:50:00",600,0.0100000000000051
"2019-04-01 10:51:00",1300,-0.0300000000000011
"2019-04-01 10:52:00",702,0.00499999999999545
"2019-04-01 10:53:00",2317,0.0150000000000006
"2019-04-01 10:54:00",828,0.00500000000000256
"2019-04-01 10:55:00",3033,-0.0150000000000006
"2019-04-01 10:56:00",1573,0.0249999999999986
"2019-04-01 10:57:00",1597,-0.00499999999999545
"2019-04-01 10:58:00",1000,0.0300000000000011
"2019-04-01 10:59:00",5233,-0.0166000000000039
"2019-04-01 11:00:00",2410,-0.0133999999999972
"2019-04-01 11:01:00",1960,0
"2019-04-01 11:02:00",1322,-0.00110000000000099
"2019-04-01 11:03:00",1602,-0.0289000000000001
"2019-04-01 11:04:00",3100,0.00999999999999801
"2019-04-01 11:05:00",2014,-0.00679999999999836
"2019-04-01 11:06:00",700,-0.00319999999999965
"2019-04-01 11:07:00",305,-0.0200000000000031
"2019-04-01 11:08:00",1637,0
"2019-04-01 11:09:00",1085,-0.00999999999999801
"2019-04-01 11:10:00",1400,0
"2019-04-01 11:11:00",3031,0.0200000000000031
"2019-04-01 11:12:00",2416,-0.0200000000000031
"2019-04-01 11:13:00",2603,0.00999999999999801
"2019-04-01 11:14:00",6770,-0.019999999999996
"2019-04-01 11:15:00",2600,0.019999999999996
"2019-04-01 11:16:00",4747,0.00500000000000256
"2019-04-01 11:17:00",1900,0.00500000000000256
"2019-04-01 11:18:00",2568,-0.00650000000000261
"2019-04-01 11:19:00",3728,-0.0135000000000005
"2019-04-01 11:20:00",14000,0.00500000000000256
"2019-04-01 11:21:00",4587,0.00999999999999801
"2019-04-01 11:22:00",3100,-0.00500000000000256
"2019-04-01 11:23:00",16457,0.0300000000000011
"2019-04-01 11:24:00",37741,0
"2019-04-01 11:25:00",11083,-0.019999999999996
"2019-04-01 11:26:00",897,0.00999999999999801
"2019-04-01 11:27:00",3106,0
"2019-04-01 11:28:00",4054,0.00999999999999801
"2019-04-01 11:29:00",1454,0.00690000000000168
"2019-04-01 11:30:00",7700,0.0131000000000014
"2019-04-01 11:31:00",400,0
"2019-04-01 11:32:00",1400,-0.0100000000000051
"2019-04-01 11:33:00",4397,-0.00999999999999801
"2019-04-01 11:34:00",5934,0.00999999999999801
"2019-04-01 11:35:00",808,0
"2019-04-01 11:36:00",2435,0
"2019-04-01 11:37:00",863,0.0100000000000051
"2019-04-01 11:38:00",443,0
"2019-04-01 11:39:00",1000,0.00999999999999801
"2019-04-01 11:40:00",4600,0.00999999999999801
"2019-04-01 11:41:00",1842,0
"2019-04-01 11:42:00",1823,-0.018899999999995
"2019-04-01 11:43:00",900,-0.00110000000000099
"2019-04-01 11:44:00",1250,0.00999999999999801
"2019-04-01 11:45:00",3860,0.00999999999999801
"2019-04-01 11:46:00",500,-0.00359999999999872
"2019-04-01 11:47:00",1836,-0.00260000000000105
"2019-04-01 11:48:00",1000,0.0112000000000023
"2019-04-01 11:49:00",7421,-0.0182000000000002
"2019-04-01 11:50:00",800,-0.0120000000000005
"2019-04-01 11:51:00",2600,0.00520000000000209
"2019-04-01 11:52:00",5451,0
"2019-04-01 11:53:00",869,0.019999999999996
"2019-04-01 11:54:00",9950,0.00300000000000011
"2019-04-01 11:55:00",2193,-0.0217999999999989
"2019-04-01 11:56:00",2438,-0.0011999999999972
"2019-04-01 11:57:00",5134,0.00999999999999801
"2019-04-01 11:58:00",18781,-0.00710000000000122
"2019-04-01 11:59:00",5224,0.00820000000000221
"2019-04-01 12:00:00",300,0.00390000000000157
"2019-04-01 12:01:00",5116,0.00499999999999545
"2019-04-01 12:02:00",2032,0
"2019-04-01 12:03:00",3700,0
"2019-04-01 12:04:00",1200,0.0100000000000051
"2019-04-01 12:05:00",4137,-0.0250000000000057
"2019-04-01 12:06:00",1100,-0.00999999999999801
"2019-04-01 12:07:00",2481,-0.00999999999999801
"2019-04-01 12:08:00",3521,0.00499999999999545
"2019-04-01 12:09:00",2800,-0.00499999999999545
"2019-04-01 12:10:00",8194,-0.0100000000000051
"2019-04-01 12:11:00",2049,0.00500000000000256
"2019-04-01 12:12:00",2331,-0.019999999999996
"2019-04-01 12:13:00",1540,-0.00500000000000256
"2019-04-01 12:14:00",10933,0
"2019-04-01 12:15:00",1700,0.00500000000000256
"2019-04-01 12:16:00",4264,-0.0100000000000051
"2019-04-01 12:17:00",400,-0.00499999999999545
"2019-04-01 12:18:00",800,0
"2019-04-01 12:19:00",3624,0.00499999999999545
"2019-04-01 12:20:00",5633,-0.019999999999996
"2019-04-01 12:21:00",3753,0.00999999999999801
"2019-04-01 12:22:00",1347,0.00999999999999801
"2019-04-01 12:23:00",3147,0.0100000000000051
"2019-04-01 12:24:00",1258,-0.00500000000000256
"2019-04-01 12:25:00",2421,-0.00999999999999801
"2019-04-01 12:26:00",1400,0
"2019-04-01 12:27:00",800,0.0150000000000006
"2019-04-01 12:28:00",1127,0
"2019-04-01 12:29:00",2970,0
"2019-04-01 12:30:00",2019,0.00499999999999545
"2019-04-01 12:31:00",2236,0
"2019-04-01 12:32:00",6999,0.0151000000000039
"2019-04-01 12:33:00",1200,0.00559999999999405
"2019-04-01 12:34:00",2835,-0.0106999999999999
"2019-04-01 12:35:00",2113,0.0151000000000039
"2019-04-01 12:36:00",1858,-0.0101000000000013
"2019-04-01 12:37:00",2124,0
"2019-04-01 12:38:00",600,0.00999999999999801
"2019-04-01 12:39:00",3408,-0.00499999999999545
"2019-04-01 12:40:00",1400,0.0150000000000006
"2019-04-01 12:41:00",1600,-0.00500000000000256
"2019-04-01 12:42:00",1300,0
"2019-04-01 12:43:00",5508,-0.0249999999999986
"2019-04-01 12:44:00",1300,-0.00500000000000256
"2019-04-01 12:45:00",1236,0.00509999999999877
"2019-04-01 12:46:00",2992,0.0149000000000044
"2019-04-01 12:47:00",749,0
"2019-04-01 12:48:00",7855,0
"2019-04-01 12:49:00",900,-0.0100000000000051
"2019-04-01 12:50:00",4703,0
"2019-04-01 12:51:00",708,0
"2019-04-01 12:52:00",1129,0.0017000000000067
"2019-04-01 12:53:00",4398,-0.0167000000000002
"2019-04-01 12:54:00",4779,-0.00769999999999982
"2019-04-01 12:55:00",5777,0.00769999999999982
"2019-04-01 12:56:00",1669,0
"2019-04-01 12:57:00",1077,-0.00500000000000256
"2019-04-01 12:58:00",900,-0.00999999999999801
"2019-04-01 12:59:00",7200,0.0150000000000006
"2019-04-01 13:00:00",200,-0.00500000000000256
"2019-04-01 13:01:00",3278,-0.00500000000000256
"2019-04-01 13:02:00",400,-0.00499999999999545
"2019-04-01 13:03:00",3689,0.00499999999999545
"2019-04-01 13:04:00",545,0
"2019-04-01 13:05:00",500,0.0100000000000051
"2019-04-01 13:06:00",5172,0.0149999999999935
"2019-04-01 13:07:00",2300,0.00500000000000256
"2019-04-01 13:08:00",1417,0.00999999999999801
"2019-04-01 13:09:00",1909,0.0100000000000051
"2019-04-01 13:10:00",1834,-0.00789999999999935
"2019-04-01 13:11:00",2172,0.00289999999999679
"2019-04-01 13:12:00",1396,-0.000500000000002387
"2019-04-01 13:13:00",3571,-0.0144999999999982
"2019-04-01 13:14:00",2829,0
"2019-04-01 13:15:00",1377,-0.00500000000000256
"2019-04-01 13:16:00",1665,0.00500000000000256
"2019-04-01 13:17:00",3152,0.00999999999999801
"2019-04-01 13:18:00",2586,0.0167000000000002
"2019-04-01 13:19:00",5000,0.0233000000000061
"2019-04-01 13:20:00",4348,-0.0200000000000031
"2019-04-01 13:21:00",1008,0
"2019-04-01 13:22:00",2662,0.00999999999999801
"2019-04-01 13:23:00",3300,0.0200000000000031
"2019-04-01 13:24:00",1500,-0.00500000000000256
"2019-04-01 13:25:00",6371,-0.0150000000000006
"2019-04-01 13:26:00",6580,-0.00499999999999545
"2019-04-01 13:27:00",3800,-0.00500000000000256
"2019-04-01 13:28:00",3705,0.0200000000000031
"2019-04-01 13:29:00",3415,-0.0200000000000031
"2019-04-01 13:30:00",3617,-0.0200000000000031
"2019-04-01 13:31:00",3348,-0.0130999999999943
"2019-04-01 13:32:00",1324,-0.00690000000000168
"2019-04-01 13:33:00",500,-0.00500000000000256
"2019-04-01 13:34:00",5395,0.0200000000000031
"2019-04-01 13:35:00",1800,0
"2019-04-01 13:36:00",534,0.00499999999999545
"2019-04-01 13:37:00",911,-0.00369999999999493
"2019-04-01 13:38:00",2800,-0.0262999999999991
"2019-04-01 13:39:00",1973,0.00999999999999801
"2019-04-01 13:40:00",1385,0
"2019-04-01 13:41:00",1105,-0.00999999999999801
"2019-04-01 13:42:00",5773,-0.00820000000000221
"2019-04-01 13:43:00",500,-0.00679999999999836
"2019-04-01 13:44:00",5690,-0.0150000000000006
"2019-04-01 13:45:00",2775,-0.00500000000000256
"2019-04-01 13:46:00",2246,0.00500000000000256
"2019-04-01 13:47:00",1760,-0.0200000000000031
"2019-04-01 13:48:00",4599,0.00999999999999801
"2019-04-01 13:49:00",700,-0.00750000000000028
"2019-04-01 13:50:00",10190,0.0125000000000028
"2019-04-01 13:51:00",3450,-0.0103999999999971
"2019-04-01 13:52:00",1100,-0.0146000000000015
"2019-04-01 13:53:00",4045,0.0167000000000002
"2019-04-01 13:54:00",1692,-0.0134000000000043
"2019-04-01 13:55:00",1209,0.0167000000000002
"2019-04-01 13:56:00",3111,0.0100000000000051
"2019-04-01 13:57:00",1360,0.019999999999996
"2019-04-01 13:58:00",2337,-0.019999999999996
"2019-04-01 13:59:00",2106,-0.0145000000000053
"2019-04-01 14:00:00",1801,-0.0154999999999959
"2019-04-01 14:01:00",2718,0.0150000000000006
"2019-04-01 14:02:00",2024,0
"2019-04-01 14:03:00",911,0
"2019-04-01 14:04:00",2900,-0.00500000000000256
"2019-04-01 14:05:00",4239,-0.0150000000000006
"2019-04-01 14:06:00",3923,0.0150000000000006
"2019-04-01 14:07:00",4495,-0.00999999999999801
"2019-04-01 14:08:00",1468,-0.00500000000000256
"2019-04-01 14:09:00",1982,-0.0183999999999997
"2019-04-01 14:10:00",1001,-0.00659999999999883
"2019-04-01 14:11:00",2317,0.00500000000000256
"2019-04-01 14:12:00",8527,0
"2019-04-01 14:13:00",1215,-0.00169999999999959
"2019-04-01 14:14:00",1500,0.0116999999999976
"2019-04-01 14:15:00",5239,0.00999999999999801
"2019-04-01 14:16:00",2144,0.0249000000000024
"2019-04-01 14:17:00",7000,9.99999999962142e-05
"2019-04-01 14:18:00",3937,0.00500000000000256
"2019-04-01 14:19:00",2040,0.00500000000000256
"2019-04-01 14:20:00",2635,-0.0100000000000051
"2019-04-01 14:21:00",600,0.0100000000000051
"2019-04-01 14:22:00",2996,0
"2019-04-01 14:23:00",457,-0.00359999999999872
"2019-04-01 14:24:00",3217,0.0185999999999993
"2019-04-01 14:25:00",1257,0.0150000000000006
"2019-04-01 14:26:00",2273,0
"2019-04-01 14:27:00",2100,0.00999999999999801
"2019-04-01 14:28:00",5624,0
"2019-04-01 14:29:00",1518,0
"2019-04-01 14:30:00",4075,-0.00500000000000256
"2019-04-01 14:31:00",3871,0.00500000000000256
"2019-04-01 14:32:00",3566,0.00999999999999801
"2019-04-01 14:33:00",2510,-0.00999999999999801
"2019-04-01 14:34:00",6952,-0.00500000000000256
"2019-04-01 14:35:00",4742,0
"2019-04-01 14:36:00",1000,0.00500000000000256
"2019-04-01 14:37:00",10100,0.0150000000000006
"2019-04-01 14:38:00",3790,-0.0100000000000051
"2019-04-01 14:39:00",8858,-0.029999999999994
"2019-04-01 14:40:00",2893,-0.00500000000000256
"2019-04-01 14:41:00",5492,0.0249999999999986
"2019-04-01 14:42:00",7215,-0.00999999999999801
"2019-04-01 14:43:00",5172,0.019999999999996
"2019-04-01 14:44:00",11966,0.0200000000000031
"2019-04-01 14:45:00",6575,-0.00999999999999801
"2019-04-01 14:46:00",2880,0
"2019-04-01 14:47:00",6306,-0.00500000000000256
"2019-04-01 14:48:00",2817,-0.0150000000000006
"2019-04-01 14:49:00",5105,-0.00499999999999545
"2019-04-01 14:50:00",7483,0.0149999999999935
"2019-04-01 14:51:00",5890,-0.00999999999999801
"2019-04-01 14:52:00",18100,-0.00159999999999627
"2019-04-01 14:53:00",17670,-0.00339999999999918
"2019-04-01 14:54:00",16958,0.019999999999996
"2019-04-01 14:55:00",11882,0
"2019-04-01 14:56:00",9696,-0.00589999999999691
"2019-04-01 14:57:00",27878,-0.0041000000000011
"2019-04-01 14:58:00",25040,0.019999999999996
"2019-04-01 14:59:00",26782,-0.00999999999999801
"2019-04-01 15:02:00",30631,-0.00999999999999801
"2019-04-01 15:15:00",0,0
"2019-04-02 08:30:00",30881,0.156199999999998
"2019-04-02 08:31:00",6957,-0.0142000000000024
"2019-04-02 08:32:00",9489,-0.0319999999999965
"2019-04-02 08:33:00",6974,0.00999999999999801
"2019-04-02 08:34:00",2390,0.00999999999999801
"2019-04-02 08:35:00",21875,-0.00999999999999801
"2019-04-02 08:36:00",11789,0.00999999999999801
"2019-04-02 08:37:00",12036,0.0300000000000011
"2019-04-02 08:38:00",18043,0.0300000000000011
"2019-04-02 08:39:00",6318,0.0200000000000031
"2019-04-02 08:40:00",11902,-0.0200000000000031
"2019-04-02 08:41:00",5802,-0.00999999999999801
"2019-04-02 08:42:00",3007,0.00999999999999801
"2019-04-02 08:43:00",8391,-0.019999999999996
"2019-04-02 08:44:00",3468,0
"2019-04-02 08:45:00",3400,0.029999999999994
"2019-04-02 08:46:00",12228,0
"2019-04-02 08:47:00",7235,0.0150000000000006
"2019-04-02 08:48:00",3624,0.0150000000000006
"2019-04-02 08:49:00",1865,0.00509999999999877
"2019-04-02 08:50:00",4706,-0.0150999999999968
"2019-04-02 08:51:00",8589,0.0200000000000031
"2019-04-02 08:52:00",2115,0
"2019-04-02 08:53:00",9534,-0.00450000000000017
"2019-04-02 08:54:00",3015,0.0144999999999982
"2019-04-02 08:55:00",3236,0
"2019-04-02 08:56:00",3800,0.0300000000000011
"2019-04-02 08:57:00",8835,-0.00500000000000256
"2019-04-02 08:58:00",1414,0
"2019-04-02 08:59:00",11424,0.0450000000000017
"2019-04-02 09:00:00",2344,-0.00500000000000256
"2019-04-02 09:01:00",14264,0.0150000000000006
"2019-04-02 09:02:00",3318,-0.0300000000000011
"2019-04-02 09:03:00",10377,-0.0399999999999991
"2019-04-02 09:04:00",12495,0
"2019-04-02 09:05:00",4697,0.0399999999999991
"2019-04-02 09:06:00",15378,-0.00999999999999801
"2019-04-02 09:07:00",3602,0.00999999999999801
"2019-04-02 09:08:00",1364,-0.00999999999999801
"2019-04-02 09:09:00",2800,-0.00999999999999801
"2019-04-02 09:10:00",8784,-0.0100000000000051
"2019-04-02 09:11:00",9064,-0.019999999999996
"2019-04-02 09:12:00",4178,-0.00500000000000256
"2019-04-02 09:13:00",2629,0.0200000000000031
"2019-04-02 09:14:00",9201,0.0249999999999986
"2019-04-02 09:15:00",8757,0
"2019-04-02 09:16:00",7077,-0.0249999999999986
"2019-04-02 09:17:00",5136,-0.00500000000000256
"2019-04-02 09:18:00",3375,0.0200000000000031
"2019-04-02 09:19:00",2899,-0.00500000000000256
"2019-04-02 09:20:00",4050,-0.00500000000000256
"2019-04-02 09:21:00",2825,0.0100000000000051
"2019-04-02 09:22:00",1627,0.00999999999999801
"2019-04-02 09:23:00",3080,0.00999999999999801
"2019-04-02 09:24:00",10341,-0.0150000000000006
"2019-04-02 09:25:00",5590,0.0150000000000006
"2019-04-02 09:26:00",1939,-0.0150000000000006
"2019-04-02 09:27:00",6661,0.00500000000000256
"2019-04-02 09:28:00",4006,-0.0200000000000031
"2019-04-02 09:29:00",14836,0.0400000000000063
"2019-04-02 09:30:00",7904,-0.0100000000000051
"2019-04-02 09:31:00",1839,-0.00789999999999935
"2019-04-02 09:32:00",9334,0.0380000000000038
"2019-04-02 09:33:00",2608,0.00989999999999469
"2019-04-02 09:34:00",3655,-0.0236999999999981
"2019-04-02 09:35:00",2426,-0.00629999999999598
"2019-04-02 09:36:00",11960,-0.0100000000000051
"2019-04-02 09:37:00",10195,0.0200000000000031
"2019-04-02 09:38:00",2950,-0.0249999999999986
"2019-04-02 09:39:00",7631,-0.0182000000000002
"2019-04-02 09:40:00",2481,-0.00680000000000547
"2019-04-02 09:41:00",8904,0.0200000000000031
"2019-04-02 09:42:00",4487,0
"2019-04-02 09:43:00",2952,0
"2019-04-02 09:44:00",7072,0
"2019-04-02 09:45:00",9986,0
"2019-04-02 09:46:00",2387,-0.0150000000000006
"2019-04-02 09:47:00",1534,0.0249999999999986
"2019-04-02 09:48:00",1400,-0.00999999999999801
"2019-04-02 09:49:00",7953,-0.0200000000000031
"2019-04-02 09:50:00",7594,0
"2019-04-02 09:51:00",23057,0.00500000000000256
"2019-04-02 09:52:00",3000,-0.0150000000000006
"2019-04-02 09:53:00",11190,-0.0249999999999986
"2019-04-02 09:54:00",7802,-0.0249999999999986
"2019-04-02 09:55:00",8372,-0.0200000000000031
"2019-04-02 09:56:00",5743,-0.0399999999999991
"2019-04-02 09:57:00",6500,-0.0200000000000031
"2019-04-02 09:58:00",3786,0.0200000000000031
"2019-04-02 09:59:00",2364,-0.0249999999999986
"2019-04-02 10:00:00",6674,0.00499999999999545
"2019-04-02 10:01:00",5504,-0.00999999999999801
"2019-04-02 10:02:00",4216,-0.0499999999999972
"2019-04-02 10:03:00",1108,-0.0150000000000006
"2019-04-02 10:04:00",8046,0
"2019-04-02 10:05:00",2347,0.0150000000000006
"2019-04-02 10:06:00",4388,-0.0200000000000031
"2019-04-02 10:07:00",4243,0.00500000000000256
"2019-04-02 10:08:00",5982,-0.0150000000000006
"2019-04-02 10:09:00",4044,0
"2019-04-02 10:10:00",4784,-0.00889999999999702
"2019-04-02 10:11:00",3000,-0.0111000000000061
"2019-04-02 10:12:00",6180,0
"2019-04-02 10:13:00",7800,0
"2019-04-02 10:14:00",3144,-0.00999999999999801
"2019-04-02 10:15:00",4791,0
"2019-04-02 10:16:00",2941,0.0350000000000037
"2019-04-02 10:17:00",3095,0.029999999999994
"2019-04-02 10:18:00",1557,-0.00499999999999545
"2019-04-02 10:19:00",4382,0.0046999999999997
"2019-04-02 10:20:00",4704,0.00529999999999831
"2019-04-02 10:21:00",2677,0.0249999999999986
"2019-04-02 10:22:00",700,-0.00499999999999545
"2019-04-02 10:23:00",2185,0
"2019-04-02 10:24:00",7300,-0.0100000000000051
"2019-04-02 10:25:00",1070,-0.019999999999996
"2019-04-02 10:26:00",2570,0.0101000000000013
"2019-04-02 10:27:00",5114,-0.0101000000000013
"2019-04-02 10:28:00",1200,0.0249999999999986
"2019-04-02 10:29:00",3492,0.0249999999999986
"2019-04-02 10:30:00",2192,-0.00999999999999801
"2019-04-02 10:31:00",1518,-0.0200000000000031
"2019-04-02 10:32:00",7606,-0.00999999999999801
"2019-04-02 10:33:00",3648,0.00999999999999801
"2019-04-02 10:34:00",4275,-0.00999999999999801
"2019-04-02 10:35:00",2900,-0.0150000000000006
"2019-04-02 10:36:00",1712,-0.0150000000000006
"2019-04-02 10:37:00",3600,0.0100000000000051
"2019-04-02 10:38:00",3410,-0.0200000000000031
"2019-04-02 10:39:00",1000,0.00999999999999801
"2019-04-02 10:40:00",1150,0.0300000000000011
"2019-04-02 10:41:00",1179,0.00999999999999801
"2019-04-02 10:42:00",3313,-0.0242999999999967
"2019-04-02 10:43:00",3263,0.0142999999999986
"2019-04-02 10:44:00",1000,-0.00999999999999801
"2019-04-02 10:45:00",1300,0.00999999999999801
"2019-04-02 10:46:00",1755,0.00999999999999801
"2019-04-02 10:47:00",1500,-0.00499999999999545
"2019-04-02 10:48:00",1970,-0.0150000000000006
"2019-04-02 10:49:00",3177,0.019999999999996
"2019-04-02 10:50:00",200,0.0100000000000051
"2019-04-02 10:51:00",3364,-0.0063999999999993
"2019-04-02 10:52:00",1673,0.0063999999999993
"2019-04-02 10:53:00",600,0
"2019-04-02 10:54:00",2776,0.00679999999999836
"2019-04-02 10:55:00",700,-0.0168000000000035
"2019-04-02 10:56:00",3274,-0.029999999999994
"2019-04-02 10:57:00",6950,0.029999999999994
"2019-04-02 10:58:00",1312,0.0300000000000011
"2019-04-02 10:59:00",1300,-0.0249999999999986
"2019-04-02 11:00:00",1253,-0.0150000000000006
"2019-04-02 11:01:00",3196,0
"2019-04-02 11:02:00",1600,0.00999999999999801
"2019-04-02 11:03:00",850,0.00619999999999976
"2019-04-02 11:04:00",803,-0.00619999999999976
"2019-04-02 11:05:00",897,-0.0140999999999991
"2019-04-02 11:06:00",2607,0.0112999999999985
"2019-04-02 11:07:00",765,-0.00719999999999743
"2019-04-02 11:08:00",1400,0.00500000000000256
"2019-04-02 11:09:00",2000,0.0249999999999986
"2019-04-02 11:10:00",4516,-0.0200000000000031
"2019-04-02 11:11:00",726,0.0150000000000006
"2019-04-02 11:12:00",4779,-0.00499999999999545
"2019-04-02 11:13:00",5101,-0.0100000000000051
"2019-04-02 11:14:00",600,0
"2019-04-02 11:15:00",3759,0.0100000000000051
"2019-04-02 11:16:00",200,-0.0100000000000051
"2019-04-02 11:17:00",860,-0.00499999999999545
"2019-04-02 11:18:00",1007,-0.00500000000000256
"2019-04-02 11:19:00",900,-0.00500000000000256
"2019-04-02 11:20:00",200,-0.0149999999999935
"2019-04-02 11:21:00",2255,-0.0100000000000051
"2019-04-02 11:22:00",713,0.0100000000000051
"2019-04-02 11:23:00",3676,-0.0100000000000051
"2019-04-02 11:24:00",475,-0.0150000000000006
"2019-04-02 11:25:00",2264,0
"2019-04-02 11:26:00",1000,0.0150000000000006
"2019-04-02 11:27:00",4687,-0.0399999999999991
"2019-04-02 11:28:00",7555,0.00999999999999801
"2019-04-02 11:29:00",2300,0.00850000000000506
"2019-04-02 11:30:00",6242,0.00150000000000006
"2019-04-02 11:31:00",1315,0.0145999999999944
"2019-04-02 11:32:00",2800,-0.0046999999999997
"2019-04-02 11:33:00",1987,-0.0248999999999953
"2019-04-02 11:34:00",2700,0.0150000000000006
"2019-04-02 11:35:00",8481,0
"2019-04-02 11:36:00",1080,-0.00150000000000006
"2019-04-02 11:37:00",1898,-0.0185000000000031
"2019-04-02 11:38:00",7113,0.0300000000000011
"2019-04-02 11:39:00",926,0
"2019-04-02 11:40:00",1330,-0.0198999999999998
"2019-04-02 11:41:00",1546,0.0399000000000029
"2019-04-02 11:42:00",1180,0
"2019-04-02 11:43:00",2900,-0.0142000000000024
"2019-04-02 11:44:00",1374,0.0291999999999959
"2019-04-02 11:45:00",2100,-0.0149999999999935
"2019-04-02 11:46:00",2850,0.00999999999999801
"2019-04-02 11:47:00",200,0.00499999999999545
"2019-04-02 11:48:00",1187,-0.019999999999996
"2019-04-02 11:49:00",1210,0.00500000000000256
"2019-04-02 11:50:00",2179,-0.0100000000000051
"2019-04-02 11:51:00",1259,0.00339999999999918
"2019-04-02 11:52:00",1275,-0.00339999999999918
"2019-04-02 11:53:00",9239,0.0277999999999992
"2019-04-02 11:54:00",1472,0.0222000000000051
"2019-04-02 11:55:00",1867,0
"2019-04-02 11:56:00",1110,-0.00500000000000256
"2019-04-02 11:57:00",200,0.00500000000000256
"2019-04-02 11:58:00",300,0
"2019-04-02 11:59:00",300,0.00499999999999545
"2019-04-02 12:00:00",16731,-0.0150000000000006
"2019-04-02 12:01:00",400,0.0100000000000051
"2019-04-02 12:02:00",2301,-0.00500000000000256
"2019-04-02 12:04:00",850,0.0197999999999965
"2019-04-02 12:05:00",2784,-0.00479999999999592
"2019-04-02 12:06:00",6854,0.00999999999999801
"2019-04-02 12:07:00",8666,0.0300000000000011
"2019-04-02 12:08:00",13090,0.0700000000000003
"2019-04-02 12:09:00",6455,0.00339999999999918
"2019-04-02 12:10:00",13523,-0.0212999999999965
"2019-04-02 12:11:00",700,0.0178999999999974
"2019-04-02 12:12:00",3100,-0.0300000000000011
"2019-04-02 12:13:00",1649,0.0200000000000031
"2019-04-02 12:14:00",3513,0.00929999999999609
"2019-04-02 12:15:00",7838,-0.0392999999999972
"2019-04-02 12:16:00",4043,0.00999999999999801
"2019-04-02 12:17:00",14700,0
"2019-04-02 12:18:00",300,-0.00499999999999545
"2019-04-02 12:19:00",3091,-0.00500000000000256
"2019-04-02 12:20:00",2413,-0.0063999999999993
"2019-04-02 12:21:00",1556,0.0163999999999973
"2019-04-02 12:22:00",1531,0.0200000000000031
"2019-04-02 12:23:00",1809,-0.0100000000000051
"2019-04-02 12:24:00",1361,0
"2019-04-02 12:25:00",300,0
"2019-04-02 12:26:00",900,-0.00659999999999883
"2019-04-02 12:27:00",1814,0.0135000000000005
"2019-04-02 12:28:00",2230,-0.00189999999999912
"2019-04-02 12:29:00",1049,0.00500000000000256
"2019-04-02 12:30:00",4668,-0.00500000000000256
"2019-04-02 12:31:00",974,0.0150000000000006
"2019-04-02 12:32:00",2000,-0.00999999999999801
"2019-04-02 12:33:00",500,-0.00500000000000256
"2019-04-02 12:34:00",2572,0.0150000000000006
"2019-04-02 12:35:00",2743,0.0300000000000011
"2019-04-02 12:36:00",731,-0.0200000000000031
"2019-04-02 12:37:00",1000,0.0100000000000051
"2019-04-02 12:38:00",2526,-0.0100000000000051
"2019-04-02 12:39:00",200,-0.00999999999999801
"2019-04-02 12:40:00",1499,-0.00999999999999801
"2019-04-02 12:41:00",1240,-0.0100000000000051
"2019-04-02 12:42:00",681,0
"2019-04-02 12:43:00",1327,0
"2019-04-02 12:44:00",8764,-0.00999999999999801
"2019-04-02 12:45:00",1258,-0.00999999999999801
"2019-04-02 12:46:00",3714,0.00489999999999924
"2019-04-02 12:47:00",2004,-0.0249000000000024
"2019-04-02 12:48:00",617,0.0100000000000051
"2019-04-02 12:49:00",2138,-0.0200000000000031
"2019-04-02 12:50:00",1102,-0.00999999999999801
"2019-04-02 12:51:00",700,0.00499999999999545
"2019-04-02 12:52:00",1572,-0.00489999999999924
"2019-04-02 12:53:00",2300,0.00489999999999924
"2019-04-02 12:54:00",4897,0.0150000000000006
"2019-04-02 12:55:00",3340,0.0200000000000031
"2019-04-02 12:56:00",1728,-0.0189999999999984
"2019-04-02 12:57:00",3084,-0.0110000000000028
"2019-04-02 12:58:00",1550,-0.0200000000000031
"2019-04-02 12:59:00",400,-0.00499999999999545
"2019-04-02 13:00:00",1150,-0.00500000000000256
"2019-04-02 13:02:00",3054,0.0200000000000031
"2019-04-02 13:03:00",1460,0
"2019-04-02 13:04:00",543,0.019999999999996
"2019-04-02 13:05:00",4330,0.00500000000000256
"2019-04-02 13:06:00",1815,0.00500000000000256
"2019-04-02 13:07:00",1850,-0.00590000000000401
"2019-04-02 13:08:00",1590,-0.0041000000000011
"2019-04-02 13:09:00",2672,-0.0150000000000006
"2019-04-02 13:10:00",801,0.0100000000000051
"2019-04-02 13:11:00",2362,0.00999999999999801
"2019-04-02 13:12:00",1298,0.00489999999999924
"2019-04-02 13:13:00",1200,-0.0198999999999998
"2019-04-02 13:14:00",1500,-0.0150000000000006
"2019-04-02 13:15:00",1600,-0.00500000000000256
"2019-04-02 13:16:00",4576,-0.00499999999999545
"2019-04-02 13:17:00",700,-0.00999999999999801
"2019-04-02 13:18:00",2757,-0.0150000000000006
"2019-04-02 13:19:00",2713,0.00499999999999545
"2019-04-02 13:20:00",4281,-0.0150000000000006
"2019-04-02 13:21:00",1300,-0.00999999999999801
"2019-04-02 13:22:00",3662,-0.0300000000000011
"2019-04-02 13:23:00",1100,-0.00999999999999801
"2019-04-02 13:24:00",6945,0.00750000000000028
"2019-04-02 13:25:00",3295,-0.0125000000000028
"2019-04-02 13:26:00",7523,0.020700000000005
"2019-04-02 13:27:00",3051,0.0209999999999937
"2019-04-02 13:28:00",500,0.0283000000000015
"2019-04-02 13:29:00",259,0
"2019-04-02 13:30:00",1373,-0.00499999999999545
"2019-04-02 13:31:00",7041,0
"2019-04-02 13:32:00",2458,0.019999999999996
"2019-04-02 13:33:00",110,0.00809999999999889
"2019-04-02 13:34:00",200,0.00189999999999912
"2019-04-02 13:35:00",1160,0
"2019-04-02 13:36:00",1705,-0.00499999999999545
"2019-04-02 13:37:00",4747,-0.00220000000000198
"2019-04-02 13:38:00",1061,-0.00280000000000058
"2019-04-02 13:39:00",300,-0.00999999999999801
"2019-04-02 13:40:00",1000,0.0150000000000006
"2019-04-02 13:41:00",400,0
"2019-04-02 13:42:00",2700,0.0139999999999958
"2019-04-02 13:43:00",801,-0.0189999999999984
"2019-04-02 13:44:00",100,0
"2019-04-02 13:45:00",2635,0.00500000000000256
"2019-04-02 13:46:00",3004,0.00499999999999545
"2019-04-02 13:47:00",1246,-0.00449999999999307
"2019-04-02 13:48:00",732,-0.0119000000000042
"2019-04-02 13:49:00",2899,-0.00739999999999696
"2019-04-02 13:50:00",1367,-0.00619999999999976
"2019-04-02 13:51:00",1721,0.00499999999999545
"2019-04-02 13:52:00",3406,-0.0148999999999972
"2019-04-02 13:53:00",2168,0.00829999999999842
"2019-04-02 13:54:00",5437,-0.00840000000000174
"2019-04-02 13:55:00",1034,0.0150000000000006
"2019-04-02 13:56:00",459,0.00500000000000256
"2019-04-02 13:57:00",450,-0.00999999999999801
"2019-04-02 13:58:00",3178,0.0183999999999997
"2019-04-02 13:59:00",1800,0.0115999999999943
"2019-04-02 14:00:00",3874,0.00900000000000034
"2019-04-02 14:01:00",935,0.00100000000000477
"2019-04-02 14:02:00",2115,0.00319999999999965
"2019-04-02 14:03:00",2557,0.0017999999999958
"2019-04-02 14:04:00",892,0
"2019-04-02 14:05:00",4400,-0.00199999999999534
"2019-04-02 14:06:00",6404,0.0169999999999959
"2019-04-02 14:07:00",700,0.00500000000000256
"2019-04-02 14:08:00",4001,0
"2019-04-02 14:09:00",1550,0
"2019-04-02 14:10:00",4204,0.00999999999999801
"2019-04-02 14:11:00",500,0.00500000000000256
"2019-04-02 14:12:00",400,-0.00500000000000256
"2019-04-02 14:13:00",3590,0.00600000000000023
"2019-04-02 14:14:00",2544,-0.000999999999997669
"2019-04-02 14:15:00",1689,0.00999999999999801
"2019-04-02 14:16:00",3821,-0.0298999999999978
"2019-04-02 14:17:00",2138,0.00489999999999924
"2019-04-02 14:18:00",1161,0.0150999999999968
"2019-04-02 14:19:00",1508,-0.0100999999999942
"2019-04-02 14:20:00",6642,-0.0100000000000051
"2019-04-02 14:21:00",300,0
"2019-04-02 14:22:00",648,-0.00499999999999545
"2019-04-02 14:23:00",1880,0.00499999999999545
"2019-04-02 14:24:00",1638,-0.00989999999999469
"2019-04-02 14:25:00",400,-0.00010000000000332
"2019-04-02 14:26:00",4280,0.00500000000000256
"2019-04-02 14:27:00",1900,0
"2019-04-02 14:28:00",500,0
"2019-04-02 14:29:00",2807,0
"2019-04-02 14:30:00",4753,-0.00500000000000256
"2019-04-02 14:31:00",3552,-0.00500000000000256
"2019-04-02 14:32:00",4051,0.00500000000000256
"2019-04-02 14:33:00",9562,0.0300000000000011
"2019-04-02 14:34:00",1655,0
"2019-04-02 14:35:00",14753,-0.0200000000000031
"2019-04-02 14:36:00",4400,0.0100000000000051
"2019-04-02 14:37:00",9462,0
"2019-04-02 14:38:00",2978,0.019999999999996
"2019-04-02 14:39:00",2215,-0.00499999999999545
"2019-04-02 14:40:00",2331,-0.00500000000000256
"2019-04-02 14:41:00",10841,0.00999999999999801
"2019-04-02 14:42:00",4784,-0.00999999999999801
"2019-04-02 14:43:00",1260,-0.00500000000000256
"2019-04-02 14:44:00",2557,-0.0150000000000006
"2019-04-02 14:45:00",5142,0.0172000000000025
"2019-04-02 14:46:00",1100,-0.00719999999999743
"2019-04-02 14:47:00",4382,0.00999999999999801
"2019-04-02 14:48:00",1837,0.00999999999999801
"2019-04-02 14:49:00",8499,-0.00710000000000122
"2019-04-02 14:50:00",10325,0.0170999999999992
"2019-04-02 14:51:00",8807,-0.00589999999999691
"2019-04-02 14:52:00",16052,0.0212000000000003
"2019-04-02 14:53:00",2713,-0.00529999999999831
"2019-04-02 14:54:00",22973,0.0150000000000006
"2019-04-02 14:55:00",6320,-0.0150000000000006
"2019-04-02 14:56:00",12264,-0.00500000000000256
"2019-04-02 14:57:00",7550,0.0150000000000006
"2019-04-02 14:58:00",11040,-0.0200000000000031
"2019-04-02 14:59:00",29719,-0.229999999999997
"2019-04-02 15:02:00",23278,0.259999999999998
"2019-04-02 15:15:00",0,0
"2019-04-03 08:30:00",53651,0.460000000000001
"2019-04-03 08:31:00",17916,-0.0399999999999991
"2019-04-03 08:32:00",7786,0.0600000000000023
"2019-04-03 08:33:00",6184,-0.0200000000000031
"2019-04-03 08:34:00",6584,0
"2019-04-03 08:35:00",5725,0.0150000000000006
"2019-04-03 08:36:00",10638,0.0300000000000011
"2019-04-03 08:37:00",4157,-0.0150000000000006
"2019-04-03 08:38:00",10266,-0.00999999999999801
"2019-04-03 08:39:00",23295,-0.0200000000000031
"2019-04-03 08:40:00",3742,0.0200000000000031
"2019-04-03 08:41:00",4053,0.0399999999999991
"2019-04-03 08:42:00",9067,0.0100000000000051
"2019-04-03 08:43:00",11494,-0.0100000000000051
"2019-04-03 08:44:00",3317,-0.0100000000000051
"2019-04-03 08:45:00",6351,0.0450000000000017
"2019-04-03 08:46:00",9050,-0.0349999999999966
"2019-04-03 08:47:00",9200,-0.019999999999996
"2019-04-03 08:48:00",12734,0.00999999999999091
"2019-04-03 08:49:00",8352,-0.00999999999999091
"2019-04-03 08:50:00",4759,-0.017000000000003
"2019-04-03 08:51:00",5441,-0.0429999999999993
"2019-04-03 08:52:00",12814,-0.0100000000000051
"2019-04-03 08:53:00",9963,0.0200000000000031
"2019-04-03 08:54:00",9991,-0.00999999999999801
"2019-04-03 08:55:00",9537,-0.0200000000000031
"2019-04-03 08:56:00",14247,0
"2019-04-03 08:57:00",4200,0.0350000000000037
"2019-04-03 08:58:00",4956,0
"2019-04-03 08:59:00",10137,0.00499999999999545
"2019-04-03 09:00:00",15740,0.0150000000000006
"2019-04-03 09:01:00",2935,-0.00500000000000256
"2019-04-03 09:02:00",19138,0.0100000000000051
"2019-04-03 09:03:00",11361,-0.0300000000000011
"2019-04-03 09:04:00",7753,-0.0200000000000031
"2019-04-03 09:05:00",4071,0.0200000000000031
"2019-04-03 09:06:00",10894,-0.0249999999999986
"2019-04-03 09:07:00",2469,0.0150000000000006
"2019-04-03 09:08:00",4768,0.0399999999999991
"2019-04-03 09:09:00",2151,-0.0100000000000051
"2019-04-03 09:10:00",1956,0.0100000000000051
"2019-04-03 09:11:00",8718,0.00999999999999801
"2019-04-03 09:12:00",2500,-0.0200000000000031
"2019-04-03 09:13:00",715,0.0150000000000006
"2019-04-03 09:14:00",7400,0.0150000000000077
"2019-04-03 09:15:00",3315,0.00999999999999091
"2019-04-03 09:16:00",2668,0
"2019-04-03 09:17:00",4956,0.0200000000000102
"2019-04-03 09:18:00",7030,-0.0200000000000102
"2019-04-03 09:19:00",2183,0.0255000000000081
"2019-04-03 09:20:00",2022,-0.0023000000000053
"2019-04-03 09:21:00",5189,-0.0131999999999977
"2019-04-03 09:22:00",2995,0.00499999999999545
"2019-04-03 09:23:00",1500,0.0151000000000039
"2019-04-03 09:24:00",2500,-0.00010000000000332
"2019-04-03 09:25:00",2052,0.0100000000000051
"2019-04-03 09:26:00",2398,-0.0100000000000051
"2019-04-03 09:27:00",1936,-0.00999999999999091
"2019-04-03 09:28:00",6985,0
"2019-04-03 09:29:00",13984,-0.100000000000009
"2019-04-03 09:30:00",8199,0
"2019-04-03 09:31:00",9530,0.0350000000000037
"2019-04-03 09:32:00",9916,-0.0350000000000037
"2019-04-03 09:33:00",10842,0.0300000000000011
"2019-04-03 09:34:00",9889,0.0450000000000017
"2019-04-03 09:35:00",4622,-0.0150000000000006
"2019-04-03 09:36:00",11948,-0.00719999999999743
"2019-04-03 09:37:00",9567,0.0438000000000045
"2019-04-03 09:38:00",1200,-0.0166000000000111
"2019-04-03 09:39:00",7574,0.0300000000000011
"2019-04-03 09:40:00",3066,0.0100000000000051
"2019-04-03 09:41:00",5446,0
"2019-04-03 09:42:00",2899,0.00999999999999091
"2019-04-03 09:43:00",7628,-0.039999999999992
"2019-04-03 09:44:00",2295,-0.00620000000000687
"2019-04-03 09:45:00",2031,0.016200000000012
"2019-04-03 09:46:00",1111,-0.0260000000000105
"2019-04-03 09:47:00",600,-0.00399999999999068
"2019-04-03 09:48:00",807,-0.0200000000000031
"2019-04-03 09:49:00",1040,-0.0100000000000051
"2019-04-03 09:50:00",1780,0.0300000000000082
"2019-04-03 09:51:00",600,0
"2019-04-03 09:52:00",2661,0.0599999999999881
"2019-04-03 09:53:00",3017,-0.0299999999999869
"2019-04-03 09:54:00",1635,0.00999999999999091
"2019-04-03 09:55:00",6437,-0.00999999999999091
"2019-04-03 09:56:00",4900,-0.0200000000000102
"2019-04-03 09:57:00",2762,0.0200000000000102
"2019-04-03 09:58:00",1104,0
"2019-04-03 09:59:00",2205,-0.0200000000000102
"2019-04-03 10:00:00",2876,-0.00999999999999091
"2019-04-03 10:01:00",2108,0.0300000000000011
"2019-04-03 10:02:00",4084,0.00999999999999091
"2019-04-03 10:03:00",1679,0
"2019-04-03 10:04:00",2719,0.0300000000000011
"2019-04-03 10:05:00",3144,0.0300000000000011
"2019-04-03 10:06:00",4642,-0.019999999999996
"2019-04-03 10:07:00",1198,-0.0100000000000051
"2019-04-03 10:08:00",3625,0
"2019-04-03 10:09:00",1609,-0.0300000000000011
"2019-04-03 10:10:00",564,0.0177000000000049
"2019-04-03 10:11:00",900,-0.0177000000000049
"2019-04-03 10:12:00",1662,-0.019999999999996
"2019-04-03 10:13:00",1000,0
"2019-04-03 10:14:00",1865,0
"2019-04-03 10:15:00",900,0
"2019-04-03 10:16:00",1600,-0.019999999999996
"2019-04-03 10:17:00",6412,-0.0100000000000051
"2019-04-03 10:18:00",2854,0.00499999999999545
"2019-04-03 10:19:00",1919,-0.00499999999999545
"2019-04-03 10:20:00",1750,-0.00999999999999801
"2019-04-03 10:21:00",1226,-0.0300000000000011
"2019-04-03 10:22:00",8754,0
"2019-04-03 10:23:00",6943,-0.00999999999999801
"2019-04-03 10:24:00",10508,0
"2019-04-03 10:25:00",2651,0.029999999999994
"2019-04-03 10:26:00",4240,-0.019999999999996
"2019-04-03 10:27:00",1393,0
"2019-04-03 10:28:00",5202,-0.00999999999999801
"2019-04-03 10:29:00",5059,0.0249999999999986
"2019-04-03 10:30:00",2580,0.0150000000000006
"2019-04-03 10:31:00",5614,0.00999999999999801
"2019-04-03 10:32:00",6237,0.0399000000000029
"2019-04-03 10:33:00",10118,0.0250999999999948
"2019-04-03 10:34:00",14722,0.00499999999999545
"2019-04-03 10:35:00",22587,-0.039999999999992
"2019-04-03 10:36:00",1958,0.0100000000000051
"2019-04-03 10:37:00",3645,0.00999999999999091
"2019-04-03 10:38:00",1100,0.019999999999996
"2019-04-03 10:39:00",4181,0
"2019-04-03 10:40:00",1763,-0.00819999999998799
"2019-04-03 10:41:00",500,-0.0217999999999989
"2019-04-03 10:42:00",2179,0.019999999999996
"2019-04-03 10:43:00",3620,0.00999999999999091
"2019-04-03 10:44:00",3329,0.0100000000000051
"2019-04-03 10:45:00",1354,0.0100000000000051
"2019-04-03 10:46:00",1400,-0.0101000000000084
"2019-04-03 10:47:00",4100,-0.0099000000000018
"2019-04-03 10:48:00",1526,-0.00999999999999091
"2019-04-03 10:49:00",6300,0.019999999999996
"2019-04-03 10:50:00",2908,0.019999999999996
"2019-04-03 10:51:00",11464,0.0300000000000011
"2019-04-03 10:52:00",4552,0.0150000000000006
"2019-04-03 10:53:00",2043,-0.0300000000000011
"2019-04-03 10:54:00",1645,0.0150000000000006
"2019-04-03 10:55:00",854,0.00300000000000011
"2019-04-03 10:56:00",1410,-0.00799999999999557
"2019-04-03 10:57:00",2647,0.0150000000000006
"2019-04-03 10:58:00",1200,0
"2019-04-03 10:59:00",3343,-0.00499999999999545
"2019-04-03 11:00:00",1200,-0.00500000000000966
"2019-04-03 11:01:00",700,-0.00499999999999545
"2019-04-03 11:02:00",1892,-0.00499999999999545
"2019-04-03 11:03:00",4000,-0.0100000000000051
"2019-04-03 11:04:00",688,0
"2019-04-03 11:05:00",1402,0.019999999999996
"2019-04-03 11:06:00",200,-0.019999999999996
"2019-04-03 11:07:00",694,0.00719999999999743
"2019-04-03 11:08:00",2200,0.00280000000000769
"2019-04-03 11:09:00",2365,0.019999999999996
"2019-04-03 11:10:00",11624,0
"2019-04-03 11:11:00",710,0
"2019-04-03 11:12:00",950,-0.019999999999996
"2019-04-03 11:13:00",2999,-0.0100000000000051
"2019-04-03 11:14:00",4444,-0.019999999999996
"2019-04-03 11:15:00",1410,0
"2019-04-03 11:16:00",3314,-0.0100000000000051
"2019-04-03 11:17:00",472,-0.00629999999999598
"2019-04-03 11:18:00",6497,-0.00370000000000914
"2019-04-03 11:19:00",300,-9.99999999891088e-05
"2019-04-03 11:20:00",458,-0.0148999999999972
"2019-04-03 11:21:00",960,-0.00500000000000966
"2019-04-03 11:22:00",911,0
"2019-04-03 11:23:00",4208,0.0100000000000051
"2019-04-03 11:24:00",400,0
"2019-04-03 11:25:00",1895,-0.0101000000000084
"2019-04-03 11:26:00",3965,0.00010000000000332
"2019-04-03 11:27:00",1326,0.019999999999996
"2019-04-03 11:28:00",800,-0.039999999999992
"2019-04-03 11:29:00",1000,-0.019999999999996
"2019-04-03 11:30:00",722,0.00479999999998881
"2019-04-03 11:31:00",5736,-0.0147999999999939
"2019-04-03 11:33:00",4185,0.0168000000000035
"2019-04-03 11:34:00",1550,-0.0368000000000066
"2019-04-03 11:35:00",1522,0.0200000000000031
"2019-04-03 11:36:00",1300,0
"2019-04-03 11:37:00",4005,-0.0200000000000031
"2019-04-03 11:38:00",1000,0.0200000000000031
"2019-04-03 11:39:00",551,-0.00999999999999801
"2019-04-03 11:40:00",1385,0.0159999999999982
"2019-04-03 11:41:00",2613,-0.00600000000000023
"2019-04-03 11:42:00",854,-0.00999999999999801
"2019-04-03 11:43:00",1535,0.00499999999999545
"2019-04-03 11:44:00",400,-0.00499999999999545
"2019-04-03 11:45:00",3496,-0.0100000000000051
"2019-04-03 11:46:00",365,-0.00300000000000011
"2019-04-03 11:47:00",200,-0.0069999999999979
"2019-04-03 11:48:00",8400,-0.0399999999999991
"2019-04-03 11:49:00",400,-0.00999999999999801
"2019-04-03 11:50:00",1675,0.00999999999999801
"2019-04-03 11:51:00",5537,0.00500000000000256
"2019-04-03 11:52:00",800,-0.0150000000000006
"2019-04-03 11:53:00",2386,-0.00500000000000256
"2019-04-03 11:54:00",6626,-0.0249999999999986
"2019-04-03 11:55:00",1693,-0.00999999999999801
"2019-04-03 11:56:00",900,0.029999999999994
"2019-04-03 11:57:00",2258,-0.00999999999999801
"2019-04-03 11:58:00",400,-0.00999999999999801
"2019-04-03 11:59:00",4550,-0.0249999999999986
"2019-04-03 12:00:00",27747,-0.0249999999999986
"2019-04-03 12:01:00",3478,0.029999999999994
"2019-04-03 12:02:00",1709,0.0190000000000055
"2019-04-03 12:03:00",2700,0.0109999999999957
"2019-04-03 12:04:00",1582,-0.019999999999996
"2019-04-03 12:05:00",1066,-0.0200000000000031
"2019-04-03 12:06:00",2089,0.00999999999999801
"2019-04-03 12:07:00",10210,-0.00999999999999801
"2019-04-03 12:08:00",300,0
"2019-04-03 12:09:00",4233,0.0399999999999991
"2019-04-03 12:10:00",1530,-0.0300000000000011
"2019-04-03 12:11:00",400,0
"2019-04-03 12:12:00",1028,-0.019999999999996
"2019-04-03 12:13:00",6800,0
"2019-04-03 12:14:00",1249,0.00999999999999801
"2019-04-03 12:15:00",1251,-0.0167999999999964
"2019-04-03 12:16:00",1800,-0.00820000000000221
"2019-04-03 12:17:00",2768,-0.00999999999999801
"2019-04-03 12:18:00",2800,0.00999999999999801
"2019-04-03 12:19:00",507,-0.00500000000000256
"2019-04-03 12:20:00",274,0
"2019-04-03 12:21:00",4639,0.00500000000000256
"2019-04-03 12:22:00",10479,0.0249999999999986
"2019-04-03 12:23:00",204,-0.019999999999996
"2019-04-03 12:24:00",2937,0
"2019-04-03 12:25:00",1119,0
"2019-04-03 12:26:00",1150,0.00999999999999801
"2019-04-03 12:27:00",100,-0.00500000000000256
"2019-04-03 12:28:00",1700,-0.00499999999999545
"2019-04-03 12:29:00",1912,-0.0100000000000051
"2019-04-03 12:30:00",1429,0
"2019-04-03 12:31:00",5200,0.0200000000000031
"2019-04-03 12:32:00",8275,0
"2019-04-03 12:33:00",2196,0.00999999999999801
"2019-04-03 12:34:00",424,0
"2019-04-03 12:35:00",300,-0.00999999999999801
"2019-04-03 12:36:00",1500,0.00999999999999801
"2019-04-03 12:37:00",1759,0
"2019-04-03 12:38:00",400,-0.00999999999999801
"2019-04-03 12:39:00",527,-0.00500000000000256
"2019-04-03 12:40:00",1100,-0.00999999999999801
"2019-04-03 12:42:00",2750,-0.0249999999999986
"2019-04-03 12:43:00",2885,-0.0100000000000051
"2019-04-03 12:44:00",1240,0
"2019-04-03 12:45:00",3205,0
"2019-04-03 12:46:00",1580,-0.00989999999999469
"2019-04-03 12:47:00",645,-0.0101000000000013
"2019-04-03 12:48:00",775,0.0198999999999998
"2019-04-03 12:49:00",350,-0.0198999999999998
"2019-04-03 12:50:00",900,-0.0200000000000031
"2019-04-03 12:51:00",8142,-0.00999999999999801
"2019-04-03 12:52:00",5150,0
"2019-04-03 12:53:00",2217,0.00769999999999982
"2019-04-03 12:54:00",4412,0.0123000000000033
"2019-04-03 12:55:00",1038,-0.0113000000000056
"2019-04-03 12:56:00",1600,0.000300000000002854
"2019-04-03 12:57:00",2294,-0.0339999999999989
"2019-04-03 12:58:00",2300,0.0150000000000006
"2019-04-03 12:59:00",3392,0
"2019-04-03 13:00:00",10716,-0.0200000000000031
"2019-04-03 13:01:00",1946,0.00999999999999801
"2019-04-03 13:02:00",848,0
"2019-04-03 13:03:00",2438,-0.019999999999996
"2019-04-03 13:04:00",4836,0.019999999999996
"2019-04-03 13:05:00",2200,-9.99999999962142e-05
"2019-04-03 13:06:00",1100,-0.0099000000000018
"2019-04-03 13:07:00",5125,-0.00999999999999801
"2019-04-03 13:08:00",6579,-0.0300000000000011
"2019-04-03 13:09:00",2867,0.00999999999999801
"2019-04-03 13:10:00",1200,-0.00999999999999801
"2019-04-03 13:11:00",3702,-9.99999999962142e-05
"2019-04-03 13:12:00",4256,9.99999999962142e-05
"2019-04-03 13:13:00",4400,-0.0217999999999989
"2019-04-03 13:14:00",1536,-0.018100000000004
"2019-04-03 13:15:00",11567,0.0399000000000029
"2019-04-03 13:16:00",17984,-0.0200000000000031
"2019-04-03 13:17:00",2300,0.00500000000000256
"2019-04-03 13:18:00",4273,-0.0349999999999966
"2019-04-03 13:19:00",1801,0
"2019-04-03 13:20:00",7845,0.019999999999996
"2019-04-03 13:21:00",125,0.0122
"2019-04-03 13:22:00",1607,-0.00220000000000198
"2019-04-03 13:23:00",5010,0.0150000000000006
"2019-04-03 13:24:00",15442,0.0350000000000037
"2019-04-03 13:25:00",2500,0
"2019-04-03 13:26:00",1216,0.0154999999999959
"2019-04-03 13:27:00",1156,0.0245000000000033
"2019-04-03 13:28:00",9567,0.0270999999999972
"2019-04-03 13:29:00",1205,-0.00209999999999866
"2019-04-03 13:30:00",1113,-0.0150000000000006
"2019-04-03 13:31:00",2780,0.0100000000000051
"2019-04-03 13:32:00",818,-0.0100000000000051
"2019-04-03 13:33:00",453,-0.00499999999999545
"2019-04-03 13:34:00",1080,-0.00500000000000256
"2019-04-03 13:35:00",402,-0.00999999999999801
"2019-04-03 13:36:00",7099,0.00999999999999801
"2019-04-03 13:37:00",1410,0
"2019-04-03 13:38:00",1250,0.00399999999999778
"2019-04-03 13:39:00",1425,-0.0139999999999958
"2019-04-03 13:40:00",3347,-0.0100000000000051
"2019-04-03 13:41:00",1400,0.0100000000000051
"2019-04-03 13:42:00",1871,-0.0100000000000051
"2019-04-03 13:43:00",975,-0.019999999999996
"2019-04-03 13:44:00",5080,-0.00999999999999801
"2019-04-03 13:45:00",2397,0.00999999999999801
"2019-04-03 13:46:00",1711,0
"2019-04-03 13:47:00",1005,0.00999999999999801
"2019-04-03 13:48:00",1863,0.0200000000000031
"2019-04-03 13:49:00",400,0.00999999999999801
"2019-04-03 13:50:00",6014,0.0200000000000031
"2019-04-03 13:51:00",2130,0
"2019-04-03 13:52:00",1026,0
"2019-04-03 13:53:00",2025,0.0220999999999947
"2019-04-03 13:54:00",3503,0.00789999999999935
"2019-04-03 13:55:00",2174,-0.00999999999999801
"2019-04-03 13:56:00",2050,0.00999999999999801
"2019-04-03 13:57:00",601,-0.0259
"2019-04-03 13:58:00",2870,-0.004099999999994
"2019-04-03 13:59:00",867,-0.0100000000000051
"2019-04-03 14:00:00",1300,-0.019999999999996
"2019-04-03 14:01:00",12924,0.0300000000000011
"2019-04-03 14:02:00",1256,-0.00540000000000163
"2019-04-03 14:03:00",2934,0.00540000000000163
"2019-04-03 14:04:00",1100,9.99999999962142e-05
"2019-04-03 14:05:00",2402,0.0099000000000018
"2019-04-03 14:06:00",1752,-0.00509999999999877
"2019-04-03 14:07:00",1402,-0.0149000000000044
"2019-04-03 14:08:00",702,0
"2019-04-03 14:09:00",1931,0
"2019-04-03 14:10:00",1921,-0.00999999999999801
"2019-04-03 14:11:00",2106,-0.00999999999999801
"2019-04-03 14:12:00",3577,-0.0300000000000011
"2019-04-03 14:13:00",6855,0
"2019-04-03 14:14:00",1100,-0.00500000000000256
"2019-04-03 14:15:00",2904,-0.019999999999996
"2019-04-03 14:16:00",2597,0
"2019-04-03 14:17:00",3433,0.0150000000000006
"2019-04-03 14:18:00",12081,0
"2019-04-03 14:19:00",4347,0.00499999999999545
"2019-04-03 14:20:00",3707,-0.0349999999999966
"2019-04-03 14:21:00",1806,0
"2019-04-03 14:22:00",1457,0.00999999999999801
"2019-04-03 14:23:00",4893,-0.00999999999999801
"2019-04-03 14:24:00",2082,0.0499999999999972
"2019-04-03 14:25:00",2887,-0.00999999999999801
"2019-04-03 14:26:00",700,0
"2019-04-03 14:27:00",2302,0.0234999999999985
"2019-04-03 14:28:00",2166,0.0123000000000033
"2019-04-03 14:29:00",12341,0.0291999999999959
"2019-04-03 14:30:00",14235,0.00999999999999801
"2019-04-03 14:31:00",6671,0.0150000000000006
"2019-04-03 14:32:00",4857,0.00500000000000256
"2019-04-03 14:33:00",9972,-0.00500000000000256
"2019-04-03 14:34:00",8542,0.00870000000000459
"2019-04-03 14:35:00",2771,-0.00870000000000459
"2019-04-03 14:36:00",3705,0
"2019-04-03 14:37:00",8407,-0.00999999999999801
"2019-04-03 14:38:00",6268,-0.00999999999999801
"2019-04-03 14:39:00",6067,-0.0142999999999986
"2019-04-03 14:40:00",3293,-0.000600000000005707
"2019-04-03 14:41:00",4596,0.00490000000000634
"2019-04-03 14:42:00",5170,0.00989999999999469
"2019-04-03 14:43:00",11686,0.0101000000000013
"2019-04-03 14:44:00",4769,0.00500000000000256
"2019-04-03 14:45:00",4187,0.00499999999999545
"2019-04-03 14:46:00",8673,-0.00999999999999801
"2019-04-03 14:47:00",6553,-0.019999999999996
"2019-04-03 14:48:00",3268,-0.00500000000000256
"2019-04-03 14:49:00",5433,0.0150000000000006
"2019-04-03 14:50:00",6520,-0.00999999999999801
"2019-04-03 14:51:00",4245,-0.0100000000000051
"2019-04-03 14:52:00",12121,0.0150000000000006
"2019-04-03 14:53:00",25574,0.0150000000000006
"2019-04-03 14:54:00",18835,-0.00999999999999801
"2019-04-03 14:55:00",14878,0.0150000000000006
"2019-04-03 14:56:00",15833,-0.0150000000000006
"2019-04-03 14:57:00",15437,0.00999999999999801
"2019-04-03 14:58:00",20280,-0.00500000000000256
"2019-04-03 14:59:00",40108,0.0150000000000006
"2019-04-03 15:02:00",28054,0.0200000000000031
"2019-04-03 15:15:00",0,0
"2019-04-04 08:30:00",38605,-0.0977999999999994
"2019-04-04 08:31:00",11523,-0.0322000000000031
"2019-04-04 08:32:00",3700,0
"2019-04-04 08:33:00",5200,0
"2019-04-04 08:34:00",6423,0.0150000000000006
"2019-04-04 08:35:00",6536,0.0399999999999991
"2019-04-04 08:36:00",5386,-0.0186999999999955
"2019-04-04 08:37:00",3210,0.0137
"2019-04-04 08:38:00",2661,0.00999999999999801
"2019-04-04 08:39:00",6671,0
"2019-04-04 08:40:00",8354,-0.0349999999999966
"2019-04-04 08:41:00",4591,-0.0250000000000057
"2019-04-04 08:42:00",3875,-0.00999999999999801
"2019-04-04 08:43:00",4300,-0.0150000000000006
"2019-04-04 08:44:00",5716,-0.0249999999999986
"2019-04-04 08:45:00",7904,0.0399999999999991
"2019-04-04 08:46:00",6514,-0.00999999999999801
"2019-04-04 08:47:00",1304,0
"2019-04-04 08:48:00",14589,0
"2019-04-04 08:49:00",5491,-0.00500000000000256
"2019-04-04 08:50:00",2509,0.0300000000000011
"2019-04-04 08:51:00",684,-0.000599999999998602
"2019-04-04 08:52:00",6199,-0.0244
"2019-04-04 08:53:00",2012,0.00999999999999801
"2019-04-04 08:54:00",2205,0
"2019-04-04 08:55:00",2310,0
"2019-04-04 08:56:00",4900,-0.0249999999999986
"2019-04-04 08:57:00",3407,-0.0150000000000006
"2019-04-04 08:58:00",1297,0.00999999999999801
"2019-04-04 08:59:00",13965,0
"2019-04-04 09:00:00",7370,0.0200000000000031
"2019-04-04 09:01:00",4060,0.019999999999996
"2019-04-04 09:02:00",3068,-0.00999999999999801
"2019-04-04 09:03:00",2502,-0.00500000000000256
"2019-04-04 09:04:00",3125,-0.0449999999999946
"2019-04-04 09:05:00",6427,-0.0100000000000051
"2019-04-04 09:06:00",1660,-0.00999999999999801
"2019-04-04 09:07:00",5068,-0.0349999999999966
"2019-04-04 09:08:00",4640,0.00499999999999545
"2019-04-04 09:09:00",4218,-0.00999999999999801
"2019-04-04 09:10:00",600,0.00999999999999801
"2019-04-04 09:11:00",3720,0
"2019-04-04 09:12:00",3820,0.0140999999999991
"2019-04-04 09:13:00",1300,0.000900000000001455
"2019-04-04 09:14:00",3292,-0.0249999999999986
"2019-04-04 09:15:00",521,0
"2019-04-04 09:16:00",3800,-0.00999999999999801
"2019-04-04 09:17:00",2251,-0.00500000000000256
"2019-04-04 09:18:00",5444,-0.00999999999999801
"2019-04-04 09:19:00",2086,0.0249999999999986
"2019-04-04 09:20:00",7063,0.00500000000000256
"2019-04-04 09:21:00",1124,0
"2019-04-04 09:22:00",550,-0.0100000000000051
"2019-04-04 09:23:00",4477,-0.0349999999999966
"2019-04-04 09:24:00",1959,0.00999999999999801
"2019-04-04 09:25:00",12905,-0.00999999999999801
"2019-04-04 09:26:00",4600,0.0300000000000011
"2019-04-04 09:27:00",1100,0
"2019-04-04 09:28:00",1860,0
"2019-04-04 09:29:00",2174,-0.0300000000000011
"2019-04-04 09:30:00",602,-0.0200000000000031
"2019-04-04 09:31:00",2098,0.0200000000000031
"2019-04-04 09:32:00",3917,-0.0200000000000031
"2019-04-04 09:33:00",6138,-0.00999999999999801
"2019-04-04 09:34:00",15558,-0.0300000000000011
"2019-04-04 09:35:00",11876,0
"2019-04-04 09:36:00",6878,0.00999999999999801
"2019-04-04 09:37:00",3668,-0.00999999999999801
"2019-04-04 09:38:00",5459,0.0200000000000031
"2019-04-04 09:39:00",3035,-0.0100000000000051
"2019-04-04 09:40:00",1885,0.0100000000000051
"2019-04-04 09:41:00",2500,0.019999999999996
"2019-04-04 09:42:00",3460,0.0100000000000051
"2019-04-04 09:43:00",6336,0.019999999999996
"2019-04-04 09:44:00",2200,0.0549999999999997
"2019-04-04 09:45:00",3621,0.0150000000000006
"2019-04-04 09:46:00",2859,-0.00999999999999801
"2019-04-04 09:47:00",4440,0.0150000000000006
"2019-04-04 09:48:00",5769,0.0300000000000011
"2019-04-04 09:49:00",4120,-0.0250000000000057
"2019-04-04 09:50:00",5539,-0.00339999999999918
"2019-04-04 09:51:00",2725,0.0134000000000043
"2019-04-04 09:52:00",22870,-0.0100000000000051
"2019-04-04 09:53:00",5464,0
"2019-04-04 09:54:00",2942,0
"2019-04-04 09:55:00",9335,0.0100000000000051
"2019-04-04 09:56:00",5584,-0.0200000000000031
"2019-04-04 09:57:00",4876,0.00999999999999801
"2019-04-04 09:58:00",3871,-0.029999999999994
"2019-04-04 09:59:00",1535,-0.0100000000000051
"2019-04-04 10:00:00",4934,-0.0300000000000011
"2019-04-04 10:01:00",4523,0.0100000000000051
"2019-04-04 10:02:00",6175,0.019999999999996
"2019-04-04 10:03:00",2760,-0.019999999999996
"2019-04-04 10:04:00",2300,0.00999999999999801
"2019-04-04 10:05:00",2669,0.0150000000000006
"2019-04-04 10:06:00",2279,-0.00500000000000256
"2019-04-04 10:07:00",5732,0.0200000000000031
"2019-04-04 10:08:00",3450,0.00999999999999801
"2019-04-04 10:09:00",3303,0.0219999999999985
"2019-04-04 10:10:00",3492,-0.0120000000000005
"2019-04-04 10:11:00",4804,0.0399999999999991
"2019-04-04 10:12:00",8579,0.0100000000000051
"2019-04-04 10:13:00",1132,-0.0100000000000051
"2019-04-04 10:14:00",2938,0.0100000000000051
"2019-04-04 10:15:00",1900,-0.0100000000000051
"2019-04-04 10:16:00",1000,-0.019999999999996
"2019-04-04 10:17:00",677,-0.0200000000000031
"2019-04-04 10:18:00",1532,0
"2019-04-04 10:19:00",2486,-0.0249999999999986
"2019-04-04 10:20:00",3492,-0.0300000000000011
"2019-04-04 10:21:00",2918,0.0150000000000006
"2019-04-04 10:22:00",1304,0.00100000000000477
"2019-04-04 10:23:00",2730,0.0189999999999984
"2019-04-04 10:24:00",4920,0.019999999999996
"2019-04-04 10:25:00",3630,0.0200000000000031
"2019-04-04 10:26:00",2690,-0.0150000000000006
"2019-04-04 10:27:00",3190,0.0150000000000006
"2019-04-04 10:28:00",1579,0.0249999999999986
"2019-04-04 10:29:00",957,0.0300000000000011
"2019-04-04 10:30:00",29412,0.0249999999999986
"2019-04-04 10:31:00",48995,0.0350000000000037
"2019-04-04 10:32:00",59657,-0.0250000000000057
"2019-04-04 10:33:00",22752,0
"2019-04-04 10:34:00",13342,0.0300000000000011
"2019-04-04 10:35:00",7500,0.00500000000000256
"2019-04-04 10:36:00",3416,0.019999999999996
"2019-04-04 10:37:00",6484,0.0450000000000017
"2019-04-04 10:38:00",16869,0.0100000000000051
"2019-04-04 10:39:00",5359,0.0257999999999967
"2019-04-04 10:40:00",1900,-0.0307999999999993
"2019-04-04 10:41:00",1200,0.0150000000000006
"2019-04-04 10:42:00",1463,0.0300999999999974
"2019-04-04 10:43:00",2350,-0.0101000000000013
"2019-04-04 10:44:00",800,0
"2019-04-04 10:45:00",1703,0.0300000000000011
"2019-04-04 10:46:00",3760,0
"2019-04-04 10:47:00",960,0
"2019-04-04 10:48:00",424,-0.00319999999999965
"2019-04-04 10:49:00",1421,0.00319999999999965
"2019-04-04 10:50:00",943,-0.00999999999999801
"2019-04-04 10:51:00",1708,-0.023299999999999
"2019-04-04 10:52:00",7795,0.043299999999995
"2019-04-04 10:53:00",1974,0.0100000000000051
"2019-04-04 10:54:00",900,-0.00500000000000256
"2019-04-04 10:55:00",2134,0.00500000000000256
"2019-04-04 10:56:00",1695,0.00999999999999801
"2019-04-04 10:57:00",2090,0
"2019-04-04 10:58:00",1720,-0.0200000000000031
"2019-04-04 10:59:00",2505,-0.00999999999999801
"2019-04-04 11:00:00",4674,0.0300000000000011
"2019-04-04 11:01:00",1879,-0.0249999999999986
"2019-04-04 11:02:00",1024,0.00499999999999545
"2019-04-04 11:03:00",1969,-9.99999999962142e-05
"2019-04-04 11:04:00",1885,-0.0099000000000018
"2019-04-04 11:05:00",900,0.0200000000000031
"2019-04-04 11:06:00",900,-0.00440000000000396
"2019-04-04 11:07:00",1284,0.00850000000000506
"2019-04-04 11:08:00",4156,-0.0341000000000022
"2019-04-04 11:09:00",756,-0.0150000000000006
"2019-04-04 11:10:00",1900,-0.0249999999999986
"2019-04-04 11:11:00",905,0.0161999999999978
"2019-04-04 11:12:00",100,-0.0011999999999972
"2019-04-04 11:13:00",7460,-0.0350000000000037
"2019-04-04 11:14:00",300,-0.00999999999999801
"2019-04-04 11:15:00",2959,-0.00999999999999801
"2019-04-04 11:16:00",2210,-0.0350000000000037
"2019-04-04 11:17:00",974,0
"2019-04-04 11:18:00",2846,-0.00499999999999545
"2019-04-04 11:19:00",1458,0.0249999999999986
"2019-04-04 11:20:00",2184,0.0549999999999997
"2019-04-04 11:21:00",2593,-0.00999999999999801
"2019-04-04 11:22:00",2000,0.0399999999999991
"2019-04-04 11:23:00",764,0.00999999999999801
"2019-04-04 11:24:00",700,-0.00999999999999801
"2019-04-04 11:25:00",600,0
"2019-04-04 11:26:00",1504,-0.0100000000000051
"2019-04-04 11:27:00",1897,0
"2019-04-04 11:28:00",500,-0.00499999999999545
"2019-04-04 11:29:00",700,-0.0150000000000006
"2019-04-04 11:30:00",1100,-0.00500000000000256
"2019-04-04 11:31:00",2673,0.0249999999999986
"2019-04-04 11:32:00",1519,-0.0150000000000006
"2019-04-04 11:33:00",3601,-0.00999999999999801
"2019-04-04 11:34:00",1400,0.00500000000000256
"2019-04-04 11:35:00",18592,0.0426000000000002
"2019-04-04 11:36:00",2053,0.00739999999999696
"2019-04-04 11:37:00",659,-0.0255999999999972
"2019-04-04 11:38:00",1525,0.0155999999999992
"2019-04-04 11:39:00",1141,-0.00600000000000023
"2019-04-04 11:40:00",700,0.000999999999997669
"2019-04-04 11:41:00",2269,-0.0249999999999986
"2019-04-04 11:42:00",966,0
"2019-04-04 11:43:00",1784,0.00999999999999801
"2019-04-04 11:44:00",6293,0.0300000000000011
"2019-04-04 11:45:00",500,-0.0249999999999986
"2019-04-04 11:46:00",7695,-0.00500000000000256
"2019-04-04 11:47:00",900,0.00500000000000256
"2019-04-04 11:48:00",3924,0.00500000000000256
"2019-04-04 11:49:00",1900,0.019999999999996
"2019-04-04 11:50:00",700,0
"2019-04-04 11:51:00",768,0
"2019-04-04 11:52:00",1283,0
"2019-04-04 11:53:00",310,0.0200000000000031
"2019-04-04 11:54:00",2219,-0.00310000000000343
"2019-04-04 11:55:00",1300,-0.00690000000000168
"2019-04-04 11:56:00",800,0
"2019-04-04 11:57:00",1907,0.00010000000000332
"2019-04-04 11:58:00",1500,-0.00710000000000122
"2019-04-04 11:59:00",750,-0.0129999999999981
"2019-04-04 12:00:00",2300,-0.0200000000000031
"2019-04-04 12:01:00",400,-0.00499999999999545
"2019-04-04 12:02:00",2000,0.00499999999999545
"2019-04-04 12:03:00",7117,-0.019999999999996
"2019-04-04 12:04:00",2275,-0.00010000000000332
"2019-04-04 12:05:00",1834,0.0200999999999993
"2019-04-04 12:06:00",400,-0.019999999999996
"2019-04-04 12:07:00",1500,0.00999999999999801
"2019-04-04 12:08:00",781,0.00999999999999801
"2019-04-04 12:09:00",4530,-0.00150000000000006
"2019-04-04 12:10:00",870,-0.0234999999999985
"2019-04-04 12:11:00",1052,0.0150000000000006
"2019-04-04 12:12:00",3950,0
"2019-04-04 12:13:00",3678,-0.00999999999999801
"2019-04-04 12:14:00",2006,-0.0300000000000011
"2019-04-04 12:15:00",1280,0.00999999999999801
"2019-04-04 12:16:00",600,0.0100000000000051
"2019-04-04 12:17:00",400,-0.0100000000000051
"2019-04-04 12:18:00",300,0.0150000000000006
"2019-04-04 12:19:00",3106,0.0200000000000031
"2019-04-04 12:20:00",11400,-0.00500000000000256
"2019-04-04 12:21:00",1324,0
"2019-04-04 12:22:00",1262,0.00500000000000256
"2019-04-04 12:23:00",4939,-0.00500000000000256
"2019-04-04 12:24:00",8936,0.00999999999999801
"2019-04-04 12:25:00",2840,-0.0198999999999998
"2019-04-04 12:26:00",1833,0.0198999999999998
"2019-04-04 12:27:00",900,0
"2019-04-04 12:28:00",1880,0
"2019-04-04 12:29:00",3218,0.0100000000000051
"2019-04-04 12:30:00",1300,0.00999999999999801
"2019-04-04 12:31:00",910,-0.0069999999999979
"2019-04-04 12:32:00",1685,0.0120000000000005
"2019-04-04 12:33:00",700,-0.0200000000000031
"2019-04-04 12:34:00",1226,0.00500000000000256
"2019-04-04 12:35:00",100,0.00999999999999801
"2019-04-04 12:36:00",1224,0.0152000000000001
"2019-04-04 12:37:00",2178,0.014800000000001
"2019-04-04 12:38:00",600,0
"2019-04-04 12:39:00",812,-0.0100000000000051
"2019-04-04 12:40:00",300,0
"2019-04-04 12:41:00",501,0.00360000000000582
"2019-04-04 12:42:00",200,0.00139999999999674
"2019-04-04 12:43:00",1582,-0.00500000000000256
"2019-04-04 12:44:00",700,0.0100000000000051
"2019-04-04 12:45:00",600,0
"2019-04-04 12:46:00",1294,0.00999999999999801
"2019-04-04 12:47:00",4359,0
"2019-04-04 12:48:00",2239,-0.00999999999999801
"2019-04-04 12:49:00",733,0
"2019-04-04 12:50:00",593,0.00999999999999801
"2019-04-04 12:51:00",1731,0.0300000000000011
"2019-04-04 12:52:00",785,-0.00999999999999801
"2019-04-04 12:53:00",700,0.0170999999999992
"2019-04-04 12:54:00",750,-0.00209999999999866
"2019-04-04 12:55:00",845,-0.00500000000000256
"2019-04-04 12:56:00",2067,-0.00999999999999801
"2019-04-04 12:57:00",3389,0.029999999999994
"2019-04-04 12:58:00",3577,-0.019999999999996
"2019-04-04 12:59:00",400,0
"2019-04-04 13:00:00",5250,-0.00999999999999801
"2019-04-04 13:01:00",626,0
"2019-04-04 13:02:00",5993,-0.0200000000000031
"2019-04-04 13:03:00",1096,0.00999999999999801
"2019-04-04 13:04:00",507,-0.00999999999999801
"2019-04-04 13:05:00",200,0.00500000000000256
"2019-04-04 13:06:00",1308,0.0150000000000006
"2019-04-04 13:07:00",306,0
"2019-04-04 13:08:00",2309,0.00999999999999801
"2019-04-04 13:09:00",2201,0.00999999999999801
"2019-04-04 13:10:00",1786,0
"2019-04-04 13:11:00",2514,0
"2019-04-04 13:12:00",2657,0
"2019-04-04 13:13:00",405,0.00379999999999825
"2019-04-04 13:14:00",3614,0.00600000000000023
"2019-04-04 13:15:00",1049,-0.0197999999999965
"2019-04-04 13:16:00",2801,0
"2019-04-04 13:17:00",700,-0.00999999999999801
"2019-04-04 13:18:00",3639,-0.0100000000000051
"2019-04-04 13:19:00",1907,0.0125000000000028
"2019-04-04 13:20:00",1481,-0.00249999999999773
"2019-04-04 13:21:00",1264,-0.0150000000000006
"2019-04-04 13:22:00",3356,0.0233999999999952
"2019-04-04 13:23:00",1054,-0.0183999999999997
"2019-04-04 13:24:00",1092,-0.00999999999999801
"2019-04-04 13:25:00",1994,-0.0200000000000031
"2019-04-04 13:26:00",906,-0.00999999999999801
"2019-04-04 13:27:00",3580,-0.00499999999999545
"2019-04-04 13:28:00",1855,-0.0250000000000057
"2019-04-04 13:29:00",1001,-0.00679999999999836
"2019-04-04 13:30:00",3752,-0.00319999999999965
"2019-04-04 13:31:00",7066,0.0249999999999986
"2019-04-04 13:32:00",1600,0.0100000000000051
"2019-04-04 13:33:00",700,0.0149999999999935
"2019-04-04 13:34:00",1000,-0.00999999999999801
"2019-04-04 13:35:00",1360,-0.00999999999999801
"2019-04-04 13:36:00",5000,0.00999999999999801
"2019-04-04 13:37:00",900,-0.000599999999998602
"2019-04-04 13:38:00",400,0.0105999999999966
"2019-04-04 13:39:00",5240,0
"2019-04-04 13:40:00",956,0
"2019-04-04 13:41:00",2000,-0.00999999999999801
"2019-04-04 13:42:00",800,-0.00999999999999801
"2019-04-04 13:43:00",200,-0.0200000000000031
"2019-04-04 13:44:00",3520,0.00500000000000256
"2019-04-04 13:45:00",800,0.00500000000000256
"2019-04-04 13:46:00",1702,-0.0300000000000011
"2019-04-04 13:47:00",1504,0.00509999999999877
"2019-04-04 13:48:00",1800,-0.00509999999999877
"2019-04-04 13:49:00",3722,-0.00500000000000256
"2019-04-04 13:50:00",500,-0.00499999999999545
"2019-04-04 13:51:00",849,-0.0100000000000051
"2019-04-04 13:52:00",819,0.0100000000000051
"2019-04-04 13:53:00",1510,0
"2019-04-04 13:55:00",447,0
"2019-04-04 13:56:00",1783,-0.0100000000000051
"2019-04-04 13:57:00",2577,0
"2019-04-04 13:58:00",11078,-0.00999999999999801
"2019-04-04 13:59:00",2136,0.0200000000000031
"2019-04-04 14:00:00",1850,0.00659999999999883
"2019-04-04 14:01:00",1549,-0.00160000000000338
"2019-04-04 14:02:00",1291,0
"2019-04-04 14:03:00",1600,-0.00499999999999545
"2019-04-04 14:04:00",2499,-0.0100000000000051
"2019-04-04 14:05:00",3224,0.0300000000000011
"2019-04-04 14:06:00",1700,-0.00999999999999801
"2019-04-04 14:07:00",7053,-0.00999999999999801
"2019-04-04 14:08:00",2830,-0.0200000000000031
"2019-04-04 14:09:00",2800,-0.00999999999999801
"2019-04-04 14:10:00",1707,0.019999999999996
"2019-04-04 14:11:00",454,0.0150000000000006
"2019-04-04 14:12:00",2258,0.00390000000000157
"2019-04-04 14:13:00",700,-0.00889999999999702
"2019-04-04 14:14:00",1700,-0.0100000000000051
"2019-04-04 14:15:00",1150,0
"2019-04-04 14:16:00",1472,0.0200000000000031
"2019-04-04 14:17:00",425,0
"2019-04-04 14:18:00",500,-0.00999999999999801
"2019-04-04 14:19:00",1180,0.00499999999999545
"2019-04-04 14:20:00",4654,0.00500000000000256
"2019-04-04 14:21:00",2503,0
"2019-04-04 14:22:00",660,-0.00999999999999801
"2019-04-04 14:23:00",894,0.00999999999999801
"2019-04-04 14:24:00",1656,0.019999999999996
"2019-04-04 14:25:00",2896,-0.00999999999999801
"2019-04-04 14:26:00",293,-0.00999999999999801
"2019-04-04 14:27:00",1403,0
"2019-04-04 14:28:00",2790,0.00450000000000017
"2019-04-04 14:29:00",5011,0.035499999999999
"2019-04-04 14:30:00",727,-0.0200000000000031
"2019-04-04 14:31:00",591,0.0200000000000031
"2019-04-04 14:32:00",2750,0.00500000000000256
"2019-04-04 14:33:00",4183,-0.000400000000006173
"2019-04-04 14:34:00",5258,0.00540000000000163
"2019-04-04 14:35:00",200,-0.00999999999999801
"2019-04-04 14:36:00",1493,-0.00999999999999801
"2019-04-04 14:37:00",2514,0.0233999999999952
"2019-04-04 14:38:00",13990,0.026600000000002
"2019-04-04 14:39:00",890,-0.0349999999999966
"2019-04-04 14:40:00",1773,0.0149999999999935
"2019-04-04 14:41:00",1827,0
"2019-04-04 14:42:00",4366,-0.00499999999999545
"2019-04-04 14:43:00",7153,-0.0150000000000006
"2019-04-04 14:44:00",3414,0.0153999999999996
"2019-04-04 14:45:00",1649,-0.00540000000000163
"2019-04-04 14:46:00",7287,0.00500000000000256
"2019-04-04 14:47:00",2412,0
"2019-04-04 14:48:00",5500,-0.00500000000000256
"2019-04-04 14:49:00",6132,0.0200000000000031
"2019-04-04 14:50:00",3029,0.00499999999999545
"2019-04-04 14:51:00",1651,-0.00999999999999801
"2019-04-04 14:52:00",7030,0.0150000000000006
"2019-04-04 14:53:00",1657,0.00999999999999801
"2019-04-04 14:54:00",14768,0.00500000000000256
"2019-04-04 14:55:00",17667,-0.0249999999999986
"2019-04-04 14:56:00",7306,-0.0200000000000031
"2019-04-04 14:57:00",7028,0.00500000000000256
"2019-04-04 14:58:00",10271,0.00499999999999545
"2019-04-04 14:59:00",9650,0.0600000000000023
"2019-04-04 15:02:00",17643,0
"2019-04-04 15:15:00",0,0
"2019-04-05 08:30:00",32231,0.189999999999998
"2019-04-05 08:31:00",13175,0.0349999999999966
"2019-04-05 08:32:00",4469,0.0549000000000035
"2019-04-05 08:33:00",18489,-0.099899999999991
"2019-04-05 08:34:00",8090,-0.0100000000000051
"2019-04-05 08:35:00",16544,0.0300000000000011
"2019-04-05 08:36:00",2200,-0.0150000000000006
"2019-04-05 08:37:00",6870,-0.0349999999999966
"2019-04-05 08:38:00",1929,-0.0250000000000057
"2019-04-05 08:39:00",13195,0.00499999999999545
"2019-04-05 08:40:00",12484,0.0100000000000051
"2019-04-05 08:41:00",22757,0.0499999999999972
"2019-04-05 08:42:00",6513,-0.0300000000000011
"2019-04-05 08:43:00",9742,0.0200000000000102
"2019-04-05 08:44:00",2484,9.99999999891088e-05
"2019-04-05 08:45:00",1850,0.0349000000000075
"2019-04-05 08:46:00",7170,0.0249999999999915
"2019-04-05 08:47:00",5418,0.00500000000000966
"2019-04-05 08:48:00",2389,0.0150000000000006
"2019-04-05 08:49:00",16887,-0.0400000000000063
"2019-04-05 08:50:00",22433,0.0100000000000051
"2019-04-05 08:51:00",5340,-0.0100000000000051
"2019-04-05 08:52:00",11893,0
"2019-04-05 08:53:00",6536,0.0100000000000051
"2019-04-05 08:54:00",3271,0.00499999999999545
"2019-04-05 08:55:00",9900,-0.0249999999999915
"2019-04-05 08:56:00",2758,-0.0100000000000051
"2019-04-05 08:57:00",2554,0.039999999999992
"2019-04-05 08:58:00",4003,-0.00499999999999545
"2019-04-05 08:59:00",7394,0.00499999999999545
"2019-04-05 09:00:00",42641,0.0200000000000102
"2019-04-05 09:01:00",8266,0.019999999999996
"2019-04-05 09:02:00",1273,-0.00499999999999545
"2019-04-05 09:03:00",18303,0.0300000000000011
"2019-04-05 09:04:00",9000,0.00499999999999545
"2019-04-05 09:05:00",4979,0.0237000000000052
"2019-04-05 09:06:00",1870,0.0161999999999978
"2019-04-05 09:07:00",4300,-0.00549999999999784
"2019-04-05 09:08:00",4864,0.0105999999999966
"2019-04-05 09:09:00",2820,0.0150000000000006
"2019-04-05 09:10:00",5142,0
"2019-04-05 09:11:00",1913,0.0364000000000004
"2019-04-05 09:12:00",3701,0.0100999999999942
"2019-04-05 09:13:00",12535,-0.00650000000000261
"2019-04-05 09:14:00",9046,-0.00499999999999545
"2019-04-05 09:15:00",24537,-0.0250000000000057
"2019-04-05 09:16:00",15347,0.00500000000000966
"2019-04-05 09:17:00",7971,0.0450000000000017
"2019-04-05 09:18:00",11287,-0.0100000000000051
"2019-04-05 09:19:00",1300,-0.0100000000000051
"2019-04-05 09:20:00",1399,0.00480000000000302
"2019-04-05 09:21:00",1364,0.00520000000000209
"2019-04-05 09:22:00",4554,-0.0100000000000051
"2019-04-05 09:23:00",8149,0
"2019-04-05 09:24:00",1975,0.00339999999999918
"2019-04-05 09:25:00",5400,0.0166000000000111
"2019-04-05 09:26:00",6742,-0.0300000000000011
"2019-04-05 09:27:00",3955,-0.0200000000000102
"2019-04-05 09:28:00",1753,-0.00499999999999545
"2019-04-05 09:29:00",7581,0.0250000000000057
"2019-04-05 09:30:00",2250,-0.0100000000000051
"2019-04-05 09:31:00",2724,0.0300000000000011
"2019-04-05 09:32:00",16137,0.0390000000000015
"2019-04-05 09:33:00",1067,-0.0190000000000055
"2019-04-05 09:34:00",2100,0
"2019-04-05 09:35:00",2900,-0.019999999999996
"2019-04-05 09:36:00",2300,-0.019999999999996
"2019-04-05 09:37:00",6284,0.00999999999999091
"2019-04-05 09:38:00",4548,-0.039999999999992
"2019-04-05 09:39:00",2244,0.019999999999996
"2019-04-05 09:40:00",12193,0.0250000000000057
"2019-04-05 09:41:00",22740,0.0204999999999984
"2019-04-05 09:42:00",3012,-0.0313000000000017
"2019-04-05 09:43:00",5729,-0.0142000000000024
"2019-04-05 09:44:00",8252,0.019999999999996
"2019-04-05 09:45:00",1300,0.0200000000000102
"2019-04-05 09:46:00",1612,0.00989999999998759
"2019-04-05 09:47:00",2625,0.00510000000001298
"2019-04-05 09:48:00",5400,0.00999999999999091
"2019-04-05 09:49:00",5200,-0.0450000000000017
"2019-04-05 09:50:00",1500,0.0300000000000011
"2019-04-05 09:51:00",5580,0.0200000000000102
"2019-04-05 09:52:00",2463,0.00999999999999091
"2019-04-05 09:53:00",3100,0.0150000000000006
"2019-04-05 09:54:00",5541,0.0250000000000057
"2019-04-05 09:55:00",10574,-0.00500000000000966
"2019-04-05 09:56:00",23879,0.00150000000000716
"2019-04-05 09:57:00",9185,-0.0365000000000038
"2019-04-05 09:58:00",6400,-0.0300000000000011
"2019-04-05 09:59:00",21282,-0.00499999999999545
"2019-04-05 10:00:00",4600,-0.00499999999999545
"2019-04-05 10:01:00",8400,0
"2019-04-05 10:02:00",1298,-0.00380000000001246
"2019-04-05 10:03:00",22660,-0.00619999999999266
"2019-04-05 10:04:00",9186,-0.00660000000000593
"2019-04-05 10:05:00",5037,0.0116000000000014
"2019-04-05 10:06:00",13428,0.0150000000000006
"2019-04-05 10:07:00",2882,-0.0150000000000006
"2019-04-05 10:08:00",3400,0.00500000000000966
"2019-04-05 10:09:00",3842,-0.0100000000000051
"2019-04-05 10:10:00",1659,0.0100000000000051
"2019-04-05 10:11:00",10067,0.0349999999999966
"2019-04-05 10:12:00",3550,0.0349999999999966
"2019-04-05 10:13:00",6279,-0.019999999999996
"2019-04-05 10:14:00",1855,-0.0300000000000011
"2019-04-05 10:15:00",12205,-0.00010000000000332
"2019-04-05 10:16:00",14100,0.00509999999999877
"2019-04-05 10:17:00",4608,0.00140000000000384
"2019-04-05 10:18:00",7389,-0.0113999999999947
"2019-04-05 10:19:00",9313,-0.0500000000000114
"2019-04-05 10:20:00",7178,0.0350000000000108
"2019-04-05 10:21:00",7768,-0.0100000000000051
"2019-04-05 10:22:00",2343,0.00679999999999836
"2019-04-05 10:23:00",5737,-0.00180000000000291
"2019-04-05 10:24:00",4133,-0.00499999999999545
"2019-04-05 10:25:00",3438,-0.019999999999996
"2019-04-05 10:26:00",3617,-0.00500000000000966
"2019-04-05 10:27:00",3221,0.0100000000000051
"2019-04-05 10:28:00",3892,0.0150000000000006
"2019-04-05 10:29:00",2459,0.0300000000000011
"2019-04-05 10:30:00",1835,0.00499999999999545
"2019-04-05 10:31:00",4200,-0.0150000000000006
"2019-04-05 10:32:00",1510,0.00110000000000809
"2019-04-05 10:33:00",30679,0.0238999999999976
"2019-04-05 10:34:00",4167,-0.00499999999999545
"2019-04-05 10:35:00",4880,0
"2019-04-05 10:36:00",2400,0
"2019-04-05 10:37:00",8300,-0.0100000000000051
"2019-04-05 10:38:00",3974,0.00669999999999504
"2019-04-05 10:39:00",3100,0.013300000000001
"2019-04-05 10:40:00",1455,0.0300000000000011
"2019-04-05 10:41:00",4246,0.0150000000000006
"2019-04-05 10:42:00",22134,0.0212000000000074
"2019-04-05 10:43:00",2200,0.0137999999999892
"2019-04-05 10:44:00",5350,0.0100000000000051
"2019-04-05 10:45:00",2077,0
"2019-04-05 10:46:00",883,0.00499999999999545
"2019-04-05 10:47:00",3227,0.0150000000000006
"2019-04-05 10:48:00",2103,-0.0249999999999915
"2019-04-05 10:49:00",7289,-0.0150000000000006
"2019-04-05 10:50:00",1100,-0.00500000000000966
"2019-04-05 10:51:00",460,0.0150000000000006
"2019-04-05 10:52:00",5517,0
"2019-04-05 10:53:00",5439,0.0100000000000051
"2019-04-05 10:54:00",8038,0.0100000000000051
"2019-04-05 10:55:00",3748,-0.0100000000000051
"2019-04-05 10:56:00",2200,-0.0169000000000068
"2019-04-05 10:57:00",2300,-0.00309999999998922
"2019-04-05 10:58:00",1993,-0.00320000000000675
"2019-04-05 10:59:00",1232,-0.00679999999999836
"2019-04-05 11:00:00",2485,0
"2019-04-05 11:01:00",2886,0.0349999999999966
"2019-04-05 11:02:00",6014,-0.0215999999999923
"2019-04-05 11:03:00",3350,0.00159999999999627
"2019-04-05 11:04:00",3950,-0.00499999999999545
"2019-04-05 11:05:00",2823,-0.00750000000000739
"2019-04-05 11:06:00",4299,-0.00249999999999773
"2019-04-05 11:07:00",500,0
"2019-04-05 11:08:00",4682,0.0100000000000051
"2019-04-05 11:09:00",9300,0.0150000000000006
"2019-04-05 11:10:00",3830,-0.00830000000000553
"2019-04-05 11:11:00",1500,-0.00669999999999504
"2019-04-05 11:12:00",8373,-0.0200000000000102
"2019-04-05 11:13:00",1000,-0.00999999999999091
"2019-04-05 11:14:00",300,-0.00500000000000966
"2019-04-05 11:15:00",7386,0.00500000000000966
"2019-04-05 11:16:00",2800,0.00999999999999091
"2019-04-05 11:17:00",1856,-0.0163999999999902
"2019-04-05 11:18:00",1905,-0.00690000000000168
"2019-04-05 11:19:00",3295,0.013300000000001
"2019-04-05 11:20:00",3925,0
"2019-04-05 11:21:00",1508,-0.00480000000000302
"2019-04-05 11:22:00",1300,-0.00520000000000209
"2019-04-05 11:24:00",4023,-0.0100000000000051
"2019-04-05 11:25:00",2412,0.0100000000000051
"2019-04-05 11:26:00",4598,0
"2019-04-05 11:27:00",1500,0.00360000000000582
"2019-04-05 11:28:00",3451,0.0063999999999993
"2019-04-05 11:29:00",3372,0
"2019-04-05 11:30:00",100,0.00999999999999091
"2019-04-05 11:31:00",1362,-0.00999999999999091
"2019-04-05 11:32:00",400,0
"2019-04-05 11:33:00",5389,0.019999999999996
"2019-04-05 11:34:00",5006,0
"2019-04-05 11:35:00",2150,0
"2019-04-05 11:36:00",809,-0.0131999999999977
"2019-04-05 11:37:00",4638,-0.0268000000000086
"2019-04-05 11:38:00",2000,-0.019999999999996
"2019-04-05 11:39:00",2914,-0.0300000000000011
"2019-04-05 11:40:00",5600,-0.00999999999999091
"2019-04-05 11:41:00",3856,0.00999999999999091
"2019-04-05 11:42:00",3454,-0.00999999999999091
"2019-04-05 11:43:00",1300,-0.00500000000000966
"2019-04-05 11:44:00",1600,0.00500000000000966
"2019-04-05 11:45:00",1100,0.00999999999999091
"2019-04-05 11:46:00",2674,0.0101000000000084
"2019-04-05 11:47:00",2000,0.0099000000000018
"2019-04-05 11:48:00",2000,0
"2019-04-05 11:49:00",1651,0
"2019-04-05 11:50:00",400,0.00999999999999091
"2019-04-05 11:51:00",936,-0.00499999999999545
"2019-04-05 11:52:00",1700,0.0150000000000006
"2019-04-05 11:53:00",512,-0.00390000000000157
"2019-04-05 11:54:00",2300,0.0138999999999925
"2019-04-05 11:55:00",1403,-0.00999999999999091
"2019-04-05 11:56:00",1000,0.019999999999996
"2019-04-05 11:57:00",7959,0.0100000000000051
"2019-04-05 11:58:00",500,0.019999999999996
"2019-04-05 11:59:00",5156,0.0100000000000051
"2019-04-05 12:00:00",1200,-0.007000000000005
"2019-04-05 12:01:00",4620,-0.00300000000000011
"2019-04-05 12:02:00",1928,0.0100000000000051
"2019-04-05 12:03:00",1270,-0.0100000000000051
"2019-04-05 12:04:00",3474,-0.0164000000000044
"2019-04-05 12:05:00",900,-0.00359999999999161
"2019-04-05 12:06:00",455,-0.00500000000000966
"2019-04-05 12:07:00",500,0.0150000000000006
"2019-04-05 12:08:00",2500,0.0100000000000051
"2019-04-05 12:09:00",1829,0.019999999999996
"2019-04-05 12:10:00",3525,0
"2019-04-05 12:11:00",100,-0.00499999999999545
"2019-04-05 12:12:00",406,0.00499999999999545
"2019-04-05 12:13:00",3980,0
"2019-04-05 12:14:00",1706,0.0100000000000051
"2019-04-05 12:15:00",2109,0
"2019-04-05 12:16:00",400,0
"2019-04-05 12:17:00",1393,-0.0150000000000006
"2019-04-05 12:18:00",400,0
"2019-04-05 12:19:00",440,0
"2019-04-05 12:20:00",3170,-0.0150000000000006
"2019-04-05 12:21:00",1945,0.019999999999996
"2019-04-05 12:22:00",4882,0.00500000000000966
"2019-04-05 12:23:00",16100,-0.00500000000000966
"2019-04-05 12:24:00",1300,0
"2019-04-05 12:25:00",1862,0
"2019-04-05 12:26:00",951,0.00500000000000966
"2019-04-05 12:27:00",2062,0.00799999999999557
"2019-04-05 12:28:00",718,-0.00300000000000011
"2019-04-05 12:29:00",2110,0.0100000000000051
"2019-04-05 12:30:00",468,-0.00500000000000966
"2019-04-05 12:31:00",2033,0.00500000000000966
"2019-04-05 12:32:00",1800,-0.0100000000000051
"2019-04-05 12:33:00",1028,-0.00499999999999545
"2019-04-05 12:34:00",2109,0.00499999999999545
"2019-04-05 12:35:00",1198,0.0100000000000051
"2019-04-05 12:36:00",200,-0.0100000000000051
"2019-04-05 12:37:00",3569,-0.00490000000000634
"2019-04-05 12:38:00",2905,0.0143000000000058
"2019-04-05 12:39:00",1150,0.00560000000000116
"2019-04-05 12:40:00",4960,0
"2019-04-05 12:41:00",300,0.00499999999999545
"2019-04-05 12:42:00",3302,0.00500000000000966
"2019-04-05 12:43:00",300,0.0149999999999864
"2019-04-05 12:44:00",2375,-0.0149999999999864
"2019-04-05 12:45:00",5056,-0.0150000000000006
"2019-04-05 12:46:00",5336,0.00999999999999091
"2019-04-05 12:47:00",4472,-0.00999999999999091
"2019-04-05 12:48:00",772,0.00499999999999545
"2019-04-05 12:49:00",5362,-0.00499999999999545
"2019-04-05 12:50:00",225,-0.00720000000001164
"2019-04-05 12:51:00",8201,0.0172000000000025
"2019-04-05 12:52:00",1992,-0.00379999999999825
"2019-04-05 12:53:00",2181,0.0168000000000035
"2019-04-05 12:54:00",207,0.00199999999999534
"2019-04-05 12:56:00",5771,0.0182000000000073
"2019-04-05 12:57:00",1312,0.0106999999999999
"2019-04-05 12:58:00",3344,-0.00270000000000437
"2019-04-05 12:59:00",6693,0.0288000000000039
"2019-04-05 13:00:00",3610,-0.0100000000000051
"2019-04-05 13:01:00",900,0.00669999999999504
"2019-04-05 13:02:00",1760,0.00330000000001007
"2019-04-05 13:03:00",2212,-0.0100000000000051
"2019-04-05 13:04:00",1900,0.0100000000000051
"2019-04-05 13:05:00",2232,-0.0130000000000052
"2019-04-05 13:06:00",9915,-0.027000000000001
"2019-04-05 13:07:00",1941,-0.0100000000000051
"2019-04-05 13:08:00",1408,0
"2019-04-05 13:09:00",1538,0
"2019-04-05 13:10:00",1511,-0.00999999999999091
"2019-04-05 13:11:00",1146,-0.0100000000000051
"2019-04-05 13:12:00",2911,0
"2019-04-05 13:13:00",1160,0.00480000000000302
"2019-04-05 13:14:00",1877,-0.000900000000001455
"2019-04-05 13:15:00",3469,0.0160999999999945
"2019-04-05 13:16:00",2307,0
"2019-04-05 13:17:00",700,-0.00999999999999091
"2019-04-05 13:18:00",1530,0
"2019-04-05 13:19:00",1323,-0.00499999999999545
"2019-04-05 13:20:00",200,0
"2019-04-05 13:21:00",4844,-0.0250000000000057
"2019-04-05 13:22:00",6981,-0.00339999999999918
"2019-04-05 13:23:00",5117,0.0181999999999931
"2019-04-05 13:24:00",3943,-0.00479999999998881
"2019-04-05 13:25:00",1533,-0.00500000000000966
"2019-04-05 13:26:00",5693,0.0135999999999967
"2019-04-05 13:27:00",7183,0.011400000000009
"2019-04-05 13:28:00",4471,0
"2019-04-05 13:29:00",3324,-0.0300000000000011
"2019-04-05 13:30:00",7763,0.0100000000000051
"2019-04-05 13:31:00",6631,0.0249999999999915
"2019-04-05 13:32:00",6985,-0.0150000000000006
"2019-04-05 13:33:00",1824,-0.00499999999999545
"2019-04-05 13:34:00",2218,0.00499999999999545
"2019-04-05 13:35:00",1750,0.00289999999999679
"2019-04-05 13:36:00",1456,0.00210000000001287
"2019-04-05 13:37:00",500,-0.00500000000000966
"2019-04-05 13:38:00",500,0.00880000000000791
"2019-04-05 13:39:00",5327,0.0111999999999881
"2019-04-05 13:40:00",2283,0.0099000000000018
"2019-04-05 13:41:00",1300,0.00010000000000332
"2019-04-05 13:42:00",7011,-0.0100000000000051
"2019-04-05 13:43:00",12294,-0.019999999999996
"2019-04-05 13:44:00",2594,-0.00999999999999091
"2019-04-05 13:45:00",400,-0.00500000000000966
"2019-04-05 13:46:00",2608,-0.00999999999999091
"2019-04-05 13:47:00",5966,-0.00500000000000966
"2019-04-05 13:48:00",2213,0.0100000000000051
"2019-04-05 13:49:00",1013,0
"2019-04-05 13:50:00",4017,-0.0300000000000011
"2019-04-05 13:51:00",6999,0.0150000000000006
"2019-04-05 13:52:00",1058,0.00799999999999557
"2019-04-05 13:53:00",435,0.007000000000005
"2019-04-05 13:54:00",6384,-0.019999999999996
"2019-04-05 13:55:00",1401,0.00499999999999545
"2019-04-05 13:56:00",2535,0.00199999999999534
"2019-04-05 13:57:00",3382,-0.0120000000000005
"2019-04-05 13:58:00",3484,0.0150000000000006
"2019-04-05 13:59:00",737,0.0200000000000102
"2019-04-05 14:00:00",2650,-0.00500000000000966
"2019-04-05 14:01:00",4050,0.00500000000000966
"2019-04-05 14:02:00",1805,0
"2019-04-05 14:03:00",4849,0.00999999999999091
"2019-04-05 14:04:00",9360,0.0100000000000051
"2019-04-05 14:05:00",5319,-0.00499999999999545
"2019-04-05 14:06:00",1661,-0.0150000000000006
"2019-04-05 14:07:00",910,0
"2019-04-05 14:08:00",2196,0.00999999999999091
"2019-04-05 14:09:00",3518,-0.00699999999999079
"2019-04-05 14:10:00",2949,-0.00800000000000978
"2019-04-05 14:11:00",3178,0
"2019-04-05 14:12:00",1371,0.00500000000000966
"2019-04-05 14:13:00",1122,-0.00500000000000966
"2019-04-05 14:14:00",1478,0
"2019-04-05 14:15:00",5511,-0.0150000000000006
"2019-04-05 14:16:00",4900,0.00500000000000966
"2019-04-05 14:17:00",4311,-0.0100000000000051
"2019-04-05 14:18:00",2527,0.00499999999999545
"2019-04-05 14:19:00",1743,0
"2019-04-05 14:20:00",2565,0.00500000000000966
"2019-04-05 14:21:00",28861,0.00999999999999091
"2019-04-05 14:22:00",4408,-0.0249999999999915
"2019-04-05 14:23:00",4889,-0.00500000000000966
"2019-04-05 14:24:00",21640,-0.0249999999999915
"2019-04-05 14:25:00",3000,0
"2019-04-05 14:26:00",6180,0.00999999999999091
"2019-04-05 14:27:00",1206,0.00500000000000966
"2019-04-05 14:28:00",1465,-0.00500000000000966
"2019-04-05 14:29:00",14160,-0.00499999999999545
"2019-04-05 14:30:00",2008,0.0150000000000006
"2019-04-05 14:31:00",4422,0.0250000000000057
"2019-04-05 14:32:00",19912,-0.0250000000000057
"2019-04-05 14:33:00",12829,0.0150000000000006
"2019-04-05 14:34:00",13709,0
"2019-04-05 14:35:00",7098,0.00499999999999545
"2019-04-05 14:36:00",6069,0.0100000000000051
"2019-04-05 14:37:00",6537,0
"2019-04-05 14:38:00",8213,0.0100000000000051
"2019-04-05 14:39:00",18783,-0.0300000000000011
"2019-04-05 14:40:00",11022,0.00999999999999091
"2019-04-05 14:41:00",4100,-0.00499999999999545
"2019-04-05 14:42:00",3990,0.00499999999999545
"2019-04-05 14:43:00",11046,-0.0150000000000006
"2019-04-05 14:44:00",3922,-0.0150000000000006
"2019-04-05 14:45:00",27053,-0.0300000000000011
"2019-04-05 14:46:00",3548,0
"2019-04-05 14:47:00",3102,0.00500000000000966
"2019-04-05 14:48:00",5558,0.00499999999999545
"2019-04-05 14:49:00",16811,-0.019999999999996
"2019-04-05 14:50:00",9145,-0.0150000000000006
"2019-04-05 14:51:00",13552,-0.00499999999999545
"2019-04-05 14:52:00",5700,0.00999999999999091
"2019-04-05 14:53:00",7946,0
"2019-04-05 14:54:00",22212,0.0150000000000006
"2019-04-05 14:55:00",4735,0.00499999999999545
"2019-04-05 14:56:00",11204,-0.019999999999996
"2019-04-05 14:57:00",24842,0.0300000000000011
"2019-04-05 14:58:00",28430,0.0400000000000063
"2019-04-05 14:59:00",48643,0.0189999999999912
"2019-04-05 15:02:00",28872,-0.00900000000000034
"2019-04-05 15:15:00",0,0
"2019-04-08 08:30:00",143851,0.660000000000011
"2019-04-08 08:31:00",23868,0
"2019-04-08 08:32:00",17000,0.019999999999996
"2019-04-08 08:33:00",12827,0.0100999999999942
"2019-04-08 08:34:00",7549,0.0236000000000018
"2019-04-08 08:35:00",10881,-0.00369999999999493
"2019-04-08 08:36:00",18331,0.0249999999999915
"2019-04-08 08:37:00",9700,-0.0450000000000017
"2019-04-08 08:38:00",12601,-0.019999999999996
"2019-04-08 08:39:00",11841,0
"2019-04-08 08:40:00",5500,0.019999999999996
"2019-04-08 08:41:00",10225,-9.99999999891088e-05
"2019-04-08 08:42:00",14148,0.0501000000000005
"2019-04-08 08:43:00",8523,0
"2019-04-08 08:44:00",9540,-0.0100000000000051
"2019-04-08 08:45:00",115939,-0.0100000000000051
"2019-04-08 08:46:00",28083,-0.00999999999999091
"2019-04-08 08:47:00",6721,-0.0300000000000011
"2019-04-08 08:48:00",19937,0
"2019-04-08 08:49:00",22996,-0.0150000000000006
"2019-04-08 08:50:00",11541,-0.00499999999999545
"2019-04-08 08:51:00",9288,-0.0475000000000136
"2019-04-08 08:52:00",3100,-0.00249999999999773
"2019-04-08 08:53:00",15348,-0.0150000000000006
"2019-04-08 08:54:00",3900,-0.00499999999999545
"2019-04-08 08:55:00",7150,-0.019999999999996
"2019-04-08 08:56:00",9581,0.019999999999996
"2019-04-08 08:57:00",11270,0.0100000000000051
"2019-04-08 08:58:00",13851,-0.0250000000000057
"2019-04-08 08:59:00",9152,-0.0600000000000023
"2019-04-08 09:00:00",4322,-0.00939999999999941
"2019-04-08 09:01:00",10562,-0.0405999999999977
"2019-04-08 09:02:00",6118,0.0100000000000051
"2019-04-08 09:03:00",5739,0.0249999999999915
"2019-04-08 09:04:00",11642,-0.0150000000000006
"2019-04-08 09:05:00",11072,0.0350000000000108
"2019-04-08 09:06:00",3100,0.0299999999999869
"2019-04-08 09:07:00",5508,0.020300000000006
"2019-04-08 09:08:00",3950,0.0147000000000048
"2019-04-08 09:09:00",6618,-0.0148999999999972
"2019-04-08 09:10:00",7300,0.0548999999999893
"2019-04-08 09:11:00",4448,0.0100000000000051
"2019-04-08 09:12:00",4594,-0.0182999999999964
"2019-04-08 09:13:00",3353,0.0232999999999919
"2019-04-08 09:14:00",6770,0.0349999999999966
"2019-04-08 09:15:00",6128,-0.00999999999999091
"2019-04-08 09:16:00",6429,0.0249999999999915
"2019-04-08 09:17:00",3151,0.0200000000000102
"2019-04-08 09:18:00",4418,0.0300000000000011
"2019-04-08 09:19:00",24811,0.00999999999999091
"2019-04-08 09:20:00",14561,-0.00999999999999091
"2019-04-08 09:21:00",13226,-0.0100000000000051
"2019-04-08 09:22:00",24053,-0.0100000000000051
"2019-04-08 09:23:00",46176,0
"2019-04-08 09:24:00",18931,0.0367000000000104
"2019-04-08 09:25:00",4276,-0.0117000000000047
"2019-04-08 09:26:00",5775,-0.0100000000000051
"2019-04-08 09:27:00",13997,-0.00499999999999545
"2019-04-08 09:28:00",4513,0
"2019-04-08 09:29:00",16511,-0.0100000000000051
"2019-04-08 09:30:00",7050,-0.0349999999999966
"2019-04-08 09:31:00",16593,-0.00499999999999545
"2019-04-08 09:32:00",11922,0.0390000000000015
"2019-04-08 09:33:00",13512,0.0109999999999957
"2019-04-08 09:34:00",6880,-0.0100000000000051
"2019-04-08 09:35:00",4386,-0.00999999999999091
"2019-04-08 09:36:00",31938,0.0300000000000011
"2019-04-08 09:37:00",9611,-0.0100000000000051
"2019-04-08 09:38:00",5225,-0.0100000000000051
"2019-04-08 09:39:00",5200,-0.019999999999996
"2019-04-08 09:40:00",7320,0
"2019-04-08 09:41:00",9222,-0.00499999999999545
"2019-04-08 09:42:00",4915,-0.0228000000000037
"2019-04-08 09:43:00",4850,-0.0087999999999937
"2019-04-08 09:44:00",4274,-0.0334000000000003
"2019-04-08 09:45:00",20553,0.00499999999999545
"2019-04-08 09:46:00",9642,-0.0150000000000006
"2019-04-08 09:47:00",16337,-0.0150000000000006
"2019-04-08 09:48:00",1913,0.00499999999999545
"2019-04-08 09:49:00",11578,-0.00999999999999091
"2019-04-08 09:50:00",6700,0.0300000000000011
"2019-04-08 09:51:00",9861,0.00499999999999545
"2019-04-08 09:52:00",2853,0
"2019-04-08 09:53:00",8747,0.0349999999999966
"2019-04-08 09:54:00",2125,-0.0150000000000006
"2019-04-08 09:55:00",3660,-0.0150000000000006
"2019-04-08 09:56:00",7547,-0.0300000000000011
"2019-04-08 09:57:00",6520,-0.00999999999999091
"2019-04-08 09:58:00",8022,0
"2019-04-08 09:59:00",6330,-0.0100000000000051
"2019-04-08 10:00:00",3200,0.019999999999996
"2019-04-08 10:01:00",4163,0.0300000000000011
"2019-04-08 10:02:00",10280,-0.00999999999999091
"2019-04-08 10:03:00",13038,-0.00500000000000966
"2019-04-08 10:04:00",7680,-0.00499999999999545
"2019-04-08 10:05:00",7332,0.0100000000000051
"2019-04-08 10:06:00",9248,-0.0100000000000051
"2019-04-08 10:07:00",2032,0.019999999999996
"2019-04-08 10:08:00",8313,-0.00999999999999091
"2019-04-08 10:09:00",7550,-0.0100000000000051
"2019-04-08 10:10:00",25023,0.0100000000000051
"2019-04-08 10:11:00",6021,0.0300000000000011
"2019-04-08 10:12:00",13216,-0.0100000000000051
"2019-04-08 10:13:00",3200,-0.0100000000000051
"2019-04-08 10:14:00",4842,0
"2019-04-08 10:15:00",17083,0.0300000000000011
"2019-04-08 10:16:00",5898,0
"2019-04-08 10:17:00",8666,-0.0499999999999972
"2019-04-08 10:18:00",14402,0
"2019-04-08 10:19:00",23001,0.0250000000000057
"2019-04-08 10:20:00",5162,-0.00500000000000966
"2019-04-08 10:21:00",2025,0.0100000000000051
"2019-04-08 10:22:00",2753,0.0150000000000006
"2019-04-08 10:23:00",4105,-0.0150000000000006
"2019-04-08 10:24:00",1053,0.0100000000000051
"2019-04-08 10:25:00",2525,0
"2019-04-08 10:26:00",500,-0.0200000000000102
"2019-04-08 10:27:00",6989,-0.0349999999999966
"2019-04-08 10:28:00",1714,-0.00499999999999545
"2019-04-08 10:29:00",6692,0.00999999999999091
"2019-04-08 10:30:00",9172,0.0500000000000114
"2019-04-08 10:31:00",2692,0.0149999999999864
"2019-04-08 10:32:00",2207,-0.00499999999999545
"2019-04-08 10:33:00",4843,0.0150000000000006
"2019-04-08 10:34:00",19737,0.0450000000000017
"2019-04-08 10:35:00",28444,0.019999999999996
"2019-04-08 10:36:00",8170,0.0200000000000102
"2019-04-08 10:37:00",12709,0.0347000000000008
"2019-04-08 10:38:00",11164,-0.00470000000001392
"2019-04-08 10:39:00",6668,-0.019999999999996
"2019-04-08 10:40:00",4127,-0.019999999999996
"2019-04-08 10:41:00",3900,0.019999999999996
"2019-04-08 10:42:00",8287,-0.00999999999999091
"2019-04-08 10:43:00",1150,0
"2019-04-08 10:44:00",1800,-0.0255000000000081
"2019-04-08 10:45:00",1966,-0.0144999999999982
"2019-04-08 10:46:00",2962,-0.00520000000000209
"2019-04-08 10:47:00",4300,0.0251999999999981
"2019-04-08 10:48:00",1800,0.0200000000000102
"2019-04-08 10:49:00",548,0.00499999999999545
"2019-04-08 10:50:00",2700,-0.0150000000000006
"2019-04-08 10:51:00",3380,-0.0100000000000051
"2019-04-08 10:52:00",600,0
"2019-04-08 10:53:00",2200,-0.019999999999996
"2019-04-08 10:54:00",1700,0.019999999999996
"2019-04-08 10:55:00",1006,-0.00999999999999091
"2019-04-08 10:56:00",4816,0.019999999999996
"2019-04-08 10:57:00",2816,-0.000900000000001455
"2019-04-08 10:58:00",3448,0.000900000000001455
"2019-04-08 10:59:00",3250,0
"2019-04-08 11:00:00",800,-0.00530000000000541
"2019-04-08 11:01:00",8704,0.0253000000000014
"2019-04-08 11:02:00",7006,-0.0300000000000011
"2019-04-08 11:03:00",3184,-0.0300000000000011
"2019-04-08 11:04:00",4600,0
"2019-04-08 11:05:00",5583,0.0200000000000102
"2019-04-08 11:06:00",1600,0
"2019-04-08 11:07:00",3400,-0.00500000000000966
"2019-04-08 11:08:00",1200,-0.0249999999999915
"2019-04-08 11:09:00",6766,0
"2019-04-08 11:10:00",2300,-0.00500000000000966
"2019-04-08 11:11:00",1418,0.0150000000000006
"2019-04-08 11:12:00",3383,-0.00209999999999866
"2019-04-08 11:13:00",8600,-0.00789999999999225
"2019-04-08 11:14:00",2100,0.00999999999999091
"2019-04-08 11:15:00",1900,-0.00499999999999545
"2019-04-08 11:16:00",2024,0.0349999999999966
"2019-04-08 11:17:00",1152,0
"2019-04-08 11:18:00",500,0.00500000000000966
"2019-04-08 11:19:00",1700,-0.00509999999999877
"2019-04-08 11:20:00",2233,-0.0149000000000115
"2019-04-08 11:21:00",4079,0.00500000000000966
"2019-04-08 11:22:00",1400,0
"2019-04-08 11:23:00",5473,0.00499999999999545
"2019-04-08 11:24:00",2253,0.00499999999999545
"2019-04-08 11:25:00",1006,0
"2019-04-08 11:26:00",3862,0.0200000000000102
"2019-04-08 11:27:00",15600,0.00999999999999091
"2019-04-08 11:28:00",8904,0
"2019-04-08 11:29:00",1100,-0.019999999999996
"2019-04-08 11:30:00",2105,-0.00499999999999545
"2019-04-08 11:31:00",4274,-0.0350000000000108
"2019-04-08 11:32:00",3659,0.0100000000000051
"2019-04-08 11:33:00",890,-0.0100000000000051
"2019-04-08 11:34:00",3600,-0.00999999999999091
"2019-04-08 11:35:00",2669,0.0447999999999951
"2019-04-08 11:36:00",8533,0.0251999999999981
"2019-04-08 11:37:00",1302,-0.00999999999999091
"2019-04-08 11:38:00",9053,0.00999999999999091
"2019-04-08 11:39:00",2450,0.00260000000000105
"2019-04-08 11:40:00",9119,0.00740000000000407
"2019-04-08 11:41:00",2960,-0.0100000000000051
"2019-04-08 11:42:00",100,0
"2019-04-08 11:43:00",3650,-0.00999999999999091
"2019-04-08 11:44:00",1093,0.039999999999992
"2019-04-08 11:45:00",2525,-0.0100000000000051
"2019-04-08 11:46:00",1653,-0.00999999999999091
"2019-04-08 11:47:00",2300,-0.0100000000000051
"2019-04-08 11:48:00",6970,-0.019999999999996
"2019-04-08 11:49:00",6968,-0.0168000000000035
"2019-04-08 11:50:00",3400,0.0168000000000035
"2019-04-08 11:51:00",3802,-0.0100000000000051
"2019-04-08 11:52:00",1050,0.00500000000000966
"2019-04-08 11:53:00",1329,0.0150000000000006
"2019-04-08 11:54:00",1678,-0.0100000000000051
"2019-04-08 11:55:00",1625,0.019999999999996
"2019-04-08 11:56:00",1600,0.019999999999996
"2019-04-08 11:57:00",3800,-0.00999999999999091
"2019-04-08 11:58:00",1147,0
"2019-04-08 11:59:00",1022,-0.0100000000000051
"2019-04-08 12:00:00",1434,0.00660000000000593
"2019-04-08 12:01:00",3185,0.00839999999999463
"2019-04-08 12:02:00",2234,-0.0249999999999915
"2019-04-08 12:03:00",3077,0.0150000000000006
"2019-04-08 12:04:00",2069,-0.0150000000000006
"2019-04-08 12:05:00",400,0
"2019-04-08 12:06:00",2463,0.00499999999999545
"2019-04-08 12:07:00",1644,0.00499999999999545
"2019-04-08 12:08:00",7010,-0.00999999999999091
"2019-04-08 12:09:00",4854,0
"2019-04-08 12:10:00",1200,0
"2019-04-08 12:11:00",2679,0.00999999999999091
"2019-04-08 12:12:00",732,0
"2019-04-08 12:13:00",2540,-0.00999999999999091
"2019-04-08 12:14:00",2554,-0.00500000000000966
"2019-04-08 12:15:00",2590,-0.0249999999999915
"2019-04-08 12:16:00",8034,0
"2019-04-08 12:17:00",1756,0.00999999999999091
"2019-04-08 12:18:00",1668,0.0300000000000011
"2019-04-08 12:19:00",11885,-0.019999999999996
"2019-04-08 12:20:00",1300,0.000500000000002387
"2019-04-08 12:21:00",3885,0.00449999999999307
"2019-04-08 12:22:00",1810,0
"2019-04-08 12:23:00",1661,0.0250000000000057
"2019-04-08 12:24:00",1654,0
"2019-04-08 12:25:00",500,0
"2019-04-08 12:26:00",2502,0
"2019-04-08 12:27:00",1530,0.00499999999999545
"2019-04-08 12:28:00",1338,-0.00499999999999545
"2019-04-08 12:29:00",1832,-0.00010000000000332
"2019-04-08 12:30:00",1959,-0.0198999999999927
"2019-04-08 12:31:00",3000,0
"2019-04-08 12:32:00",700,0
"2019-04-08 12:33:00",2289,-0.00850000000001216
"2019-04-08 12:34:00",1300,-0.0064999999999884
"2019-04-08 12:35:00",6466,-0.0250000000000057
"2019-04-08 12:36:00",2100,-0.0100000000000051
"2019-04-08 12:37:00",4422,0.0300000000000011
"2019-04-08 12:38:00",4581,-0.0150000000000006
"2019-04-08 12:39:00",1000,0.011400000000009
"2019-04-08 12:40:00",1700,-0.00140000000000384
"2019-04-08 12:41:00",4166,-0.0250000000000057
"2019-04-08 12:42:00",1100,0.0100000000000051
"2019-04-08 12:43:00",853,0
"2019-04-08 12:44:00",16247,-0.019999999999996
"2019-04-08 12:45:00",5853,0.00499999999999545
"2019-04-08 12:46:00",15113,0.0144999999999982
"2019-04-08 12:47:00",6245,-0.00950000000000273
"2019-04-08 12:48:00",2852,0
"2019-04-08 12:49:00",700,-0.00999999999999091
"2019-04-08 12:50:00",3738,-0.0100000000000051
"2019-04-08 12:51:00",9600,0.019999999999996
"2019-04-08 12:52:00",3392,0.0150000000000006
"2019-04-08 12:53:00",1245,0.0150000000000006
"2019-04-08 12:54:00",3957,-0.0150000000000006
"2019-04-08 12:55:00",2035,-0.0150000000000006
"2019-04-08 12:56:00",2402,0
"2019-04-08 12:57:00",3500,0.0100000000000051
"2019-04-08 12:58:00",1100,-0.0100000000000051
"2019-04-08 12:59:00",1320,0.0100000000000051
"2019-04-08 13:00:00",700,-0.0100000000000051
"2019-04-08 13:01:00",2774,-0.019999999999996
"2019-04-08 13:02:00",3647,-0.0250000000000057
"2019-04-08 13:03:00",3068,0.00500000000000966
"2019-04-08 13:04:00",1000,0
"2019-04-08 13:05:00",1018,0.00239999999999441
"2019-04-08 13:06:00",6549,-0.00869999999999038
"2019-04-08 13:07:00",4681,0.0212999999999965
"2019-04-08 13:08:00",5191,0.00260000000000105
"2019-04-08 13:09:00",400,0.00739999999998986
"2019-04-08 13:10:00",1000,0.00500000000000966
"2019-04-08 13:11:00",1570,-0.0300000000000011
"2019-04-08 13:12:00",3453,0
"2019-04-08 13:13:00",1050,0.00999999999999091
"2019-04-08 13:14:00",4578,0
"2019-04-08 13:15:00",1600,0.00900000000000034
"2019-04-08 13:16:00",1415,-0.00900000000000034
"2019-04-08 13:17:00",1900,0.00500000000000966
"2019-04-08 13:18:00",3360,-0.0319000000000074
"2019-04-08 13:19:00",4270,0.0169000000000068
"2019-04-08 13:20:00",3709,-0.019999999999996
"2019-04-08 13:21:00",2450,-0.0200000000000102
"2019-04-08 13:22:00",3363,0.00660000000000593
"2019-04-08 13:23:00",1165,-0.00939999999999941
"2019-04-08 13:24:00",2000,-0.00719999999999743
"2019-04-08 13:25:00",1587,-0.0100000000000051
"2019-04-08 13:26:00",6797,0.0174999999999983
"2019-04-08 13:27:00",5833,0.00249999999999773
"2019-04-08 13:28:00",3675,0
"2019-04-08 13:29:00",2355,-0.0249999999999915
"2019-04-08 13:30:00",3000,-0.0150000000000006
"2019-04-08 13:31:00",4474,0.00499999999999545
"2019-04-08 13:32:00",3900,-0.019999999999996
"2019-04-08 13:33:00",1609,0.0150000000000006
"2019-04-08 13:34:00",1870,0.019999999999996
"2019-04-08 13:35:00",1115,0.00499999999999545
"2019-04-08 13:36:00",2070,0
"2019-04-08 13:37:00",500,0
"2019-04-08 13:38:00",2169,0.0249000000000024
"2019-04-08 13:39:00",2511,-0.000900000000001455
"2019-04-08 13:40:00",1273,-0.0189999999999912
"2019-04-08 13:41:00",954,-0.0100000000000051
"2019-04-08 13:42:00",2400,-0.0100000000000051
"2019-04-08 13:43:00",600,0.0200000000000102
"2019-04-08 13:44:00",1100,-0.0023000000000053
"2019-04-08 13:45:00",1500,-0.00270000000000437
"2019-04-08 13:46:00",1822,-0.0150000000000006
"2019-04-08 13:47:00",4200,0.0100000000000051
"2019-04-08 13:48:00",800,-0.0100000000000051
"2019-04-08 13:49:00",645,0.0100000000000051
"2019-04-08 13:50:00",3015,0.019999999999996
"2019-04-08 13:51:00",630,0
"2019-04-08 13:52:00",2808,0.00500000000000966
"2019-04-08 13:53:00",16216,0.00999999999999091
"2019-04-08 13:54:00",11150,0.019999999999996
"2019-04-08 13:55:00",13340,0.0289000000000073
"2019-04-08 13:56:00",1620,0.00610000000000355
"2019-04-08 13:57:00",6417,-0.0100000000000051
"2019-04-08 13:58:00",16954,0.0100000000000051
"2019-04-08 13:59:00",2830,0.019999999999996
"2019-04-08 14:00:00",6557,-0.00499999999999545
"2019-04-08 14:01:00",3372,-0.0250000000000057
"2019-04-08 14:02:00",2650,0.00499999999999545
"2019-04-08 14:03:00",7553,0.0350000000000108
"2019-04-08 14:04:00",4228,-0.0100000000000051
"2019-04-08 14:05:00",2354,0.0100000000000051
"2019-04-08 14:06:00",1708,-0.00500000000000966
"2019-04-08 14:07:00",5553,-0.00999999999999091
"2019-04-08 14:08:00",13651,-0.00500000000000966
"2019-04-08 14:09:00",2532,0
"2019-04-08 14:10:00",13756,0.013300000000001
"2019-04-08 14:11:00",200,0.00169999999999959
"2019-04-08 14:12:00",3738,0
"2019-04-08 14:13:00",2567,-0.0206000000000017
"2019-04-08 14:14:00",1328,-0.0143999999999949
"2019-04-08 14:15:00",10137,0.0100000000000051
"2019-04-08 14:16:00",2615,0.019999999999996
"2019-04-08 14:17:00",2274,0.0035000000000025
"2019-04-08 14:18:00",2118,-0.00849999999999795
"2019-04-08 14:19:00",2587,-0.00500000000000966
"2019-04-08 14:20:00",8808,0.00310000000000343
"2019-04-08 14:21:00",1438,-0.00690000000000168
"2019-04-08 14:22:00",7337,0.00880000000000791
"2019-04-08 14:23:00",3275,-0.00500000000000966
"2019-04-08 14:24:00",1000,-0.019999999999996
"2019-04-08 14:25:00",2000,-0.0150000000000006
"2019-04-08 14:26:00",4059,0.0100000000000051
"2019-04-08 14:27:00",3632,0.00499999999999545
"2019-04-08 14:28:00",2300,-0.0100000000000051
"2019-04-08 14:29:00",3644,0.00500000000000966
"2019-04-08 14:30:00",3931,-0.0250000000000057
"2019-04-08 14:31:00",3093,0.019999999999996
"2019-04-08 14:32:00",1808,0.00500000000000966
"2019-04-08 14:33:00",1578,0.00130000000000052
"2019-04-08 14:34:00",5589,-0.0263000000000062
"2019-04-08 14:35:00",2444,0.0189000000000021
"2019-04-08 14:36:00",4699,0.00610000000000355
"2019-04-08 14:37:00",3625,0.00999999999999091
"2019-04-08 14:38:00",2470,0.00500000000000966
"2019-04-08 14:39:00",4092,-0.00500000000000966
"2019-04-08 14:40:00",4612,0.0100000000000051
"2019-04-08 14:41:00",7897,0
"2019-04-08 14:42:00",10268,-0.00499999999999545
"2019-04-08 14:43:00",6264,-0.00500000000000966
"2019-04-08 14:44:00",1340,-0.00499999999999545
"2019-04-08 14:45:00",10081,0.0300000000000011
"2019-04-08 14:46:00",7654,-0.0100000000000051
"2019-04-08 14:47:00",2830,-0.00300000000000011
"2019-04-08 14:48:00",2286,-0.00199999999999534
"2019-04-08 14:49:00",5664,-0.0150000000000006
"2019-04-08 14:50:00",15840,0.0250000000000057
"2019-04-08 14:51:00",8070,-0.0250000000000057
"2019-04-08 14:52:00",4102,0
"2019-04-08 14:53:00",13117,0.00499999999999545
"2019-04-08 14:54:00",29369,0.00500000000000966
"2019-04-08 14:55:00",7228,0
"2019-04-08 14:56:00",20609,0.00499999999999545
"2019-04-08 14:57:00",16547,-0.0100000000000051
"2019-04-08 14:58:00",24620,0.0363000000000113
"2019-04-08 14:59:00",36378,-0.0313000000000017
"2019-04-08 15:02:00",40754,0.0699999999999932
"2019-04-08 15:15:00",0,0
"2019-04-09 08:30:00",36939,-0.301000000000002
"2019-04-09 08:31:00",4200,-0.0439999999999969
"2019-04-09 08:32:00",28227,-0.0750000000000028
"2019-04-09 08:33:00",8156,-0.0300000000000011
"2019-04-09 08:34:00",28978,-0.0699999999999932
"2019-04-09 08:35:00",34716,-0.0499999999999972
"2019-04-09 08:36:00",9698,0.0300000000000011
"2019-04-09 08:37:00",4601,-0.0150000000000006
"2019-04-09 08:38:00",22826,0.0349999999999966
"2019-04-09 08:39:00",11254,-0.0100000000000051
"2019-04-09 08:40:00",9381,-0.0200999999999993
"2019-04-09 08:41:00",5400,-0.0399000000000029
"2019-04-09 08:42:00",15519,0.0300000000000011
"2019-04-09 08:43:00",16740,0.0350000000000108
"2019-04-09 08:44:00",11572,-0.0150000000000006
"2019-04-09 08:45:00",15266,-0.0100000000000051
"2019-04-09 08:46:00",11189,-0.0300000000000011
"2019-04-09 08:47:00",6760,-0.039999999999992
"2019-04-09 08:48:00",6733,-0.0400000000000063
"2019-04-09 08:49:00",5804,-0.0300000000000011
"2019-04-09 08:50:00",5343,0.0600000000000023
"2019-04-09 08:51:00",6264,0.0249999999999915
"2019-04-09 08:52:00",10774,-0.00499999999999545
"2019-04-09 08:53:00",13682,-0.00999999999999091
"2019-04-09 08:54:00",3333,0.039999999999992
"2019-04-09 08:55:00",4778,-0.0100000000000051
"2019-04-09 08:56:00",6729,0.0250000000000057
"2019-04-09 08:57:00",4664,0.00499999999999545
"2019-04-09 08:58:00",5814,0.0200000000000102
"2019-04-09 08:59:00",4845,-0.0300000000000011
"2019-04-09 09:00:00",6372,-0.0100000000000051
"2019-04-09 09:01:00",11310,0
"2019-04-09 09:02:00",5548,-0.0300000000000011
"2019-04-09 09:03:00",13886,-0.0649999999999977
"2019-04-09 09:04:00",7400,-0.0100000000000051
"2019-04-09 09:05:00",6564,0.0350000000000108
"2019-04-09 09:06:00",5124,0.0300000000000011
"2019-04-09 09:07:00",20773,0.0299999999999869
"2019-04-09 09:08:00",5951,0.0450000000000017
"2019-04-09 09:09:00",24790,-0.0150000000000006
"2019-04-09 09:10:00",6606,0.0500000000000114
"2019-04-09 09:11:00",4811,0.0191999999999979
"2019-04-09 09:12:00",5588,-0.0392000000000081
"2019-04-09 09:13:00",3965,-0.00999999999999091
"2019-04-09 09:14:00",4483,-0.0400000000000063
"2019-04-09 09:15:00",3847,0.0300000000000011
"2019-04-09 09:16:00",2200,-0.0349999999999966
"2019-04-09 09:17:00",3879,0.0349999999999966
"2019-04-09 09:18:00",4243,-0.0100000000000051
"2019-04-09 09:19:00",7783,0.0300000000000011
"2019-04-09 09:20:00",4200,0.0300000000000011
"2019-04-09 09:21:00",11363,0.0499999999999972
"2019-04-09 09:22:00",4519,-0.00999999999999091
"2019-04-09 09:23:00",1340,0
"2019-04-09 09:24:00",7863,0.039999999999992
"2019-04-09 09:25:00",9150,0
"2019-04-09 09:26:00",7900,0.0500000000000114
"2019-04-09 09:27:00",8454,0
"2019-04-09 09:28:00",5800,0.039999999999992
"2019-04-09 09:29:00",5561,-0.019999999999996
"2019-04-09 09:30:00",3923,0
"2019-04-09 09:31:00",6838,0
"2019-04-09 09:32:00",8495,-0.0250000000000057
"2019-04-09 09:33:00",4151,0.0150000000000006
"2019-04-09 09:34:00",3668,-0.00999999999999091
"2019-04-09 09:35:00",1455,0.019999999999996
"2019-04-09 09:36:00",4852,-0.019999999999996
"2019-04-09 09:37:00",3222,0.0299999999999869
"2019-04-09 09:38:00",4000,-0.0299999999999869
"2019-04-09 09:39:00",9495,-0.0300000000000011
"2019-04-09 09:40:00",7039,-0.0100000000000051
"2019-04-09 09:41:00",2635,-0.0300000000000011
"2019-04-09 09:42:00",5400,-0.0499999999999972
"2019-04-09 09:43:00",3098,0.00999999999999091
"2019-04-09 09:44:00",6224,0.0150000000000006
"2019-04-09 09:45:00",9981,0.00500000000000966
"2019-04-09 09:46:00",2194,-0.0100000000000051
"2019-04-09 09:47:00",4383,0.0100000000000051
"2019-04-09 09:48:00",25952,-0.0700000000000074
"2019-04-09 09:49:00",15292,-0.0499999999999972
"2019-04-09 09:50:00",16121,-0.019999999999996
"2019-04-09 09:51:00",5214,0.0499999999999972
"2019-04-09 09:52:00",2040,0.0100000000000051
"2019-04-09 09:53:00",3600,-0.0250000000000057
"2019-04-09 09:54:00",5785,0.00499999999999545
"2019-04-09 09:55:00",4075,-0.019999999999996
"2019-04-09 09:56:00",3500,-0.019999999999996
"2019-04-09 09:57:00",4500,-0.0400000000000063
"2019-04-09 09:58:00",6651,0.0390000000000015
"2019-04-09 09:59:00",5800,0.0109999999999957
"2019-04-09 10:00:00",3684,-0.019999999999996
"2019-04-09 10:01:00",2015,-0.00999999999999091
"2019-04-09 10:02:00",2869,0.039999999999992
"2019-04-09 10:03:00",6648,0.0300000000000011
"2019-04-09 10:04:00",2676,-0.0349999999999966
"2019-04-09 10:05:00",6566,0.0204999999999984
"2019-04-09 10:06:00",7654,0.0344999999999942
"2019-04-09 10:07:00",4416,-0.019999999999996
"2019-04-09 10:08:00",1752,-0.019999999999996
"2019-04-09 10:09:00",4100,-0.0300000000000011
"2019-04-09 10:10:00",9000,0
"2019-04-09 10:11:00",4875,0
"2019-04-09 10:12:00",7525,0
"2019-04-09 10:13:00",5074,-0.019999999999996
"2019-04-09 10:14:00",9355,0.019999999999996
"2019-04-09 10:15:00",2077,0.0499999999999972
"2019-04-09 10:16:00",8300,-0.019999999999996
"2019-04-09 10:17:00",8299,0.0167000000000002
"2019-04-09 10:18:00",4432,-0.00169999999999959
"2019-04-09 10:19:00",2000,-0.0250000000000057
"2019-04-09 10:20:00",2392,0.019999999999996
"2019-04-09 10:21:00",3900,0.0401000000000096
"2019-04-09 10:22:00",2622,-0.0301000000000045
"2019-04-09 10:23:00",3060,-0.0100000000000051
"2019-04-09 10:24:00",10429,-0.0198999999999927
"2019-04-09 10:25:00",3041,0.0099000000000018
"2019-04-09 10:26:00",2052,-0.00379999999999825
"2019-04-09 10:27:00",1489,0.0137999999999892
"2019-04-09 10:28:00",6465,0.0200000000000102
"2019-04-09 10:29:00",5245,-0.0100000000000051
"2019-04-09 10:30:00",1998,0.0100000000000051
"2019-04-09 10:31:00",21599,0.0499999999999972
"2019-04-09 10:32:00",6410,-0.0100000000000051
"2019-04-09 10:33:00",22190,-0.019999999999996
"2019-04-09 10:34:00",41803,-0.085000000000008
"2019-04-09 10:35:00",10310,0.0150000000000006
"2019-04-09 10:36:00",5612,-0.00999999999999091
"2019-04-09 10:37:00",2177,-0.0300000000000011
"2019-04-09 10:38:00",2828,0.0100000000000051
"2019-04-09 10:39:00",4526,0.00999999999999091
"2019-04-09 10:40:00",600,-0.00999999999999091
"2019-04-09 10:41:00",1857,-0.0200000000000102
"2019-04-09 10:42:00",1325,0.0189000000000021
"2019-04-09 10:43:00",4582,-0.00889999999999702
"2019-04-09 10:44:00",7550,-0.0250000000000057
"2019-04-09 10:45:00",2385,0.00500000000000966
"2019-04-09 10:46:00",2400,-0.0200000000000102
"2019-04-09 10:47:00",2494,0.0300000000000011
"2019-04-09 10:48:00",800,0
"2019-04-09 10:49:00",1607,0.0189000000000021
"2019-04-09 10:50:00",2446,-0.0357999999999947
"2019-04-09 10:51:00",2783,0.0168999999999926
"2019-04-09 10:52:00",500,0
"2019-04-09 10:53:00",1429,-0.00999999999999091
"2019-04-09 10:54:00",1300,0
"2019-04-09 10:55:00",600,0.019999999999996
"2019-04-09 10:56:00",7700,-0.00499999999999545
"2019-04-09 10:57:00",5747,0
"2019-04-09 10:58:00",2879,0.00499999999999545
"2019-04-09 10:59:00",4479,-0.00499999999999545
"2019-04-09 11:00:00",1800,-0.00500000000000966
"2019-04-09 11:01:00",2137,0.0374000000000052
"2019-04-09 11:02:00",2118,-0.017399999999995
"2019-04-09 11:03:00",2367,0.0149999999999864
"2019-04-09 11:04:00",400,-0.00499999999999545
"2019-04-09 11:05:00",2000,0
"2019-04-09 11:07:00",1937,0.00600000000000023
"2019-04-09 11:08:00",1155,-0.00600000000000023
"2019-04-09 11:09:00",1115,0.0100000000000051
"2019-04-09 11:10:00",1491,0
"2019-04-09 11:11:00",3300,0.00999999999999091
"2019-04-09 11:12:00",1200,-0.00999999999999091
"2019-04-09 11:13:00",2140,0.039999999999992
"2019-04-09 11:14:00",2120,0
"2019-04-09 11:15:00",764,0.0200000000000102
"2019-04-09 11:16:00",14240,0.00499999999999545
"2019-04-09 11:17:00",4878,0.0300000000000011
"2019-04-09 11:18:00",1910,-0.00499999999999545
"2019-04-09 11:19:00",300,0.00999999999999091
"2019-04-09 11:20:00",3875,0.0100000000000051
"2019-04-09 11:21:00",1000,0
"2019-04-09 11:22:00",2488,0
"2019-04-09 11:23:00",3250,-0.0378000000000043
"2019-04-09 11:24:00",2041,0.0228000000000037
"2019-04-09 11:25:00",2381,0.0150000000000006
"2019-04-09 11:26:00",705,0
"2019-04-09 11:27:00",1692,-0.019999999999996
"2019-04-09 11:28:00",400,0
"2019-04-09 11:29:00",1207,-0.0100000000000051
"2019-04-09 11:30:00",1313,0.019999999999996
"2019-04-09 11:31:00",5700,-0.019999999999996
"2019-04-09 11:32:00",478,-0.0250000000000057
"2019-04-09 11:33:00",3200,-0.0150000000000006
"2019-04-09 11:34:00",300,0
"2019-04-09 11:35:00",300,-0.00999999999999091
"2019-04-09 11:36:00",3204,-0.0200000000000102
"2019-04-09 11:37:00",2263,0.0150000000000006
"2019-04-09 11:38:00",1400,0.00500000000000966
"2019-04-09 11:39:00",1650,0.00999999999999091
"2019-04-09 11:40:00",734,0
"2019-04-09 11:41:00",1600,0.0100000000000051
"2019-04-09 11:42:00",1492,0.0100000000000051
"2019-04-09 11:43:00",1100,0
"2019-04-09 11:44:00",1873,-0.0200000000000102
"2019-04-09 11:45:00",3800,0.0100000000000051
"2019-04-09 11:46:00",900,0.0300000000000011
"2019-04-09 11:47:00",3948,-0.0109000000000066
"2019-04-09 11:48:00",1100,-0.00909999999998945
"2019-04-09 11:49:00",765,-0.0200000000000102
"2019-04-09 11:50:00",2874,0
"2019-04-09 11:51:00",2305,-0.00999999999999091
"2019-04-09 11:52:00",1900,-0.0100000000000051
"2019-04-09 11:53:00",1548,-0.0100000000000051
"2019-04-09 11:54:00",1660,0
"2019-04-09 11:55:00",1478,-0.00999999999999091
"2019-04-09 11:56:00",500,0
"2019-04-09 11:57:00",1205,-0.0100000000000051
"2019-04-09 11:58:00",2763,-0.019999999999996
"2019-04-09 11:59:00",2820,-0.0100000000000051
"2019-04-09 12:00:00",1600,0
"2019-04-09 12:01:00",2000,0.0200000000000102
"2019-04-09 12:02:00",200,0.019999999999996
"2019-04-09 12:03:00",5300,-0.0100000000000051
"2019-04-09 12:04:00",500,-0.00499999999999545
"2019-04-09 12:05:00",725,0.0148999999999972
"2019-04-09 12:06:00",3306,-0.0198999999999927
"2019-04-09 12:07:00",1551,0
"2019-04-09 12:08:00",400,0.00499999999999545
"2019-04-09 12:09:00",1600,-0.00499999999999545
"2019-04-09 12:10:00",723,0.00999999999999091
"2019-04-09 12:11:00",1100,-0.00999999999999091
"2019-04-09 12:12:00",5413,-0.0100000000000051
"2019-04-09 12:13:00",2594,0
"2019-04-09 12:14:00",8383,0.00339999999999918
"2019-04-09 12:15:00",1000,0.00159999999999627
"2019-04-09 12:16:00",3829,0.0100000000000051
"2019-04-09 12:17:00",2691,-0.00499999999999545
"2019-04-09 12:18:00",780,-0.0132000000000119
"2019-04-09 12:19:00",3534,-0.00679999999999836
"2019-04-09 12:21:00",1600,-0.0150000000000006
"2019-04-09 12:22:00",3296,0.00500000000000966
"2019-04-09 12:23:00",2127,-0.0100000000000051
"2019-04-09 12:24:00",6062,-0.019999999999996
"2019-04-09 12:25:00",1600,0
"2019-04-09 12:26:00",5668,-0.0100000000000051
"2019-04-09 12:27:00",2200,0.00499999999999545
"2019-04-09 12:29:00",2683,-0.0150000000000006
"2019-04-09 12:30:00",2464,-0.019999999999996
"2019-04-09 12:31:00",2593,-0.0150000000000006
"2019-04-09 12:32:00",3000,-0.00499999999999545
"2019-04-09 12:33:00",1390,0.00999999999999091
"2019-04-09 12:34:00",1606,0.0200000000000102
"2019-04-09 12:35:00",844,0
"2019-04-09 12:36:00",554,0.019999999999996
"2019-04-09 12:37:00",400,-0.015500000000003
"2019-04-09 12:38:00",2304,-0.00449999999999307
"2019-04-09 12:39:00",400,0
"2019-04-09 12:40:00",450,0.00999999999999091
"2019-04-09 12:41:00",5654,0.00500000000000966
"2019-04-09 12:42:00",1400,-0.00500000000000966
"2019-04-09 12:43:00",3300,-0.0300000000000011
"2019-04-09 12:44:00",1130,0.0100000000000051
"2019-04-09 12:45:00",2461,-0.00169999999999959
"2019-04-09 12:46:00",5700,0.00169999999999959
"2019-04-09 12:48:00",1800,0
"2019-04-09 12:49:00",600,0
"2019-04-09 12:50:00",1030,-0.00419999999999732
"2019-04-09 12:51:00",250,0.00419999999999732
"2019-04-09 12:52:00",44279,-0.00480000000000302
"2019-04-09 12:53:00",3039,0.0148000000000081
"2019-04-09 12:54:00",1483,-0.00500000000000966
"2019-04-09 12:55:00",2368,-0.00499999999999545
"2019-04-09 12:56:00",900,0
"2019-04-09 12:57:00",1581,0.00499999999999545
"2019-04-09 12:58:00",411,0
"2019-04-09 12:59:00",2853,0.0218000000000131
"2019-04-09 13:00:00",9955,-0.011800000000008
"2019-04-09 13:01:00",6861,0.0219000000000023
"2019-04-09 13:02:00",5617,-0.0118999999999971
"2019-04-09 13:03:00",2100,-0.0101999999999975
"2019-04-09 13:04:00",6391,0.015199999999993
"2019-04-09 13:05:00",1768,0.0176000000000016
"2019-04-09 13:06:00",6515,0.00740000000000407
"2019-04-09 13:07:00",8423,-0.0100000000000051
"2019-04-09 13:08:00",5027,-0.0250000000000057
"2019-04-09 13:09:00",5664,0.0170999999999992
"2019-04-09 13:10:00",2587,-0.00209999999999866
"2019-04-09 13:11:00",6133,-0.000799999999998136
"2019-04-09 13:12:00",2430,-0.0241999999999933
"2019-04-09 13:13:00",1872,0.00499999999999545
"2019-04-09 13:14:00",3200,-0.000199999999992428
"2019-04-09 13:15:00",4669,0.035199999999989
"2019-04-09 13:16:00",6128,0
"2019-04-09 13:17:00",400,-0.0150000000000006
"2019-04-09 13:18:00",750,-0.00499999999999545
"2019-04-09 13:19:00",4012,-0.0100000000000051
"2019-04-09 13:20:00",2800,0
"2019-04-09 13:21:00",2776,0
"2019-04-09 13:22:00",2465,-0.0134999999999934
"2019-04-09 13:23:00",2973,0.00650000000000261
"2019-04-09 13:24:00",700,-0.00800000000000978
"2019-04-09 13:25:00",2931,-0.00189999999999202
"2019-04-09 13:26:00",3463,0.00690000000000168
"2019-04-09 13:27:00",400,0.00999999999999091
"2019-04-09 13:28:00",892,0.0150000000000006
"2019-04-09 13:29:00",2250,-0.0150000000000006
"2019-04-09 13:30:00",1054,0.0250000000000057
"2019-04-09 13:31:00",1620,-0.0207999999999942
"2019-04-09 13:32:00",5467,-0.0142000000000024
"2019-04-09 13:33:00",2199,0.00999999999999091
"2019-04-09 13:34:00",4002,0.00500000000000966
"2019-04-09 13:35:00",1035,-0.0150000000000006
"2019-04-09 13:36:00",472,0.00999999999999091
"2019-04-09 13:37:00",2077,0.00500000000000966
"2019-04-09 13:38:00",2460,0.0249999999999915
"2019-04-09 13:39:00",2100,-0.00999999999999091
"2019-04-09 13:40:00",1660,-0.0200000000000102
"2019-04-09 13:41:00",2252,-0.019999999999996
"2019-04-09 13:42:00",2526,-0.019999999999996
"2019-04-09 13:43:00",4530,0
"2019-04-09 13:44:00",5236,0
"2019-04-09 13:45:00",1129,0
"2019-04-09 13:46:00",4018,0
"2019-04-09 13:47:00",2386,-0.019999999999996
"2019-04-09 13:48:00",8180,0.0137999999999892
"2019-04-09 13:49:00",4707,0.036200000000008
"2019-04-09 13:50:00",4832,-0.0100000000000051
"2019-04-09 13:51:00",2347,0.0063999999999993
"2019-04-09 13:52:00",5008,-0.0263999999999953
"2019-04-09 13:53:00",3085,0.00459999999999638
"2019-04-09 13:54:00",2708,0.00539999999999452
"2019-04-09 13:55:00",706,0.0150000000000006
"2019-04-09 13:56:00",1520,0.00500000000000966
"2019-04-09 13:57:00",1487,-0.0200000000000102
"2019-04-09 13:58:00",4163,-0.00999999999999091
"2019-04-09 13:59:00",500,0.00589999999999691
"2019-04-09 14:00:00",1292,0.0241000000000042
"2019-04-09 14:01:00",1000,-0.0150000000000006
"2019-04-09 14:02:00",905,-0.00880000000000791
"2019-04-09 14:03:00",1986,0.0102000000000118
"2019-04-09 14:04:00",600,0.0011999999999972
"2019-04-09 14:05:00",2909,-0.0225999999999971
"2019-04-09 14:06:00",4705,0.00499999999999545
"2019-04-09 14:07:00",1722,-0.00499999999999545
"2019-04-09 14:08:00",1418,0.00999999999999091
"2019-04-09 14:09:00",550,0
"2019-04-09 14:10:00",800,0
"2019-04-09 14:11:00",3120,-0.0150000000000006
"2019-04-09 14:12:00",1049,0.0100000000000051
"2019-04-09 14:13:00",543,-0.0100000000000051
"2019-04-09 14:14:00",2000,-0.00499999999999545
"2019-04-09 14:15:00",4516,0.0183999999999997
"2019-04-09 14:16:00",3403,-0.00339999999999918
"2019-04-09 14:17:00",3170,-0.0100000000000051
"2019-04-09 14:18:00",5745,0
"2019-04-09 14:19:00",4356,0.00500000000000966
"2019-04-09 14:20:00",5849,0.00999999999999091
"2019-04-09 14:21:00",4542,0
"2019-04-09 14:22:00",10651,0
"2019-04-09 14:23:00",1800,0
"2019-04-09 14:24:00",14870,-0.0150000000000006
"2019-04-09 14:25:00",2670,0.00500000000000966
"2019-04-09 14:26:00",6563,0.00999999999999091
"2019-04-09 14:27:00",1717,0
"2019-04-09 14:28:00",5912,0
"2019-04-09 14:29:00",1510,0
"2019-04-09 14:30:00",6786,0.0450000000000017
"2019-04-09 14:31:00",3945,-0.0150000000000006
"2019-04-09 14:32:00",6236,0.0100000000000051
"2019-04-09 14:33:00",12634,0.00499999999999545
"2019-04-09 14:34:00",2954,0.00169999999999959
"2019-04-09 14:35:00",2140,-0.00169999999999959
"2019-04-09 14:36:00",2240,0.00499999999999545
"2019-04-09 14:37:00",4755,-0.00999999999999091
"2019-04-09 14:38:00",10534,0
"2019-04-09 14:39:00",5910,0.0150000000000006
"2019-04-09 14:40:00",9572,0.0150000000000006
"2019-04-09 14:41:00",11064,0.00499999999999545
"2019-04-09 14:42:00",6811,-0.00499999999999545
"2019-04-09 14:43:00",11065,-0.0100000000000051
"2019-04-09 14:44:00",5488,0.0100000000000051
"2019-04-09 14:45:00",10698,0.0249999999999915
"2019-04-09 14:46:00",3868,0.00500000000000966
"2019-04-09 14:47:00",6401,-0.00500000000000966
"2019-04-09 14:48:00",3445,0
"2019-04-09 14:49:00",15267,-0.00499999999999545
"2019-04-09 14:50:00",10351,-0.0100000000000051
"2019-04-09 14:51:00",8403,0
"2019-04-09 14:52:00",17512,-0.00999999999999091
"2019-04-09 14:53:00",16515,0.0150000000000006
"2019-04-09 14:54:00",10153,-0.0200000000000102
"2019-04-09 14:55:00",11743,-0.0349999999999966
"2019-04-09 14:56:00",21522,-0.0150000000000006
"2019-04-09 14:57:00",11217,-0.0100000000000051
"2019-04-09 14:58:00",23915,0.0300000000000011
"2019-04-09 14:59:00",44042,-0.019999999999996
"2019-04-09 15:02:00",43341,-0.0100000000000051
"2019-04-09 15:15:00",0,0
"2019-04-10 08:30:00",81623,0.353800000000007
"2019-04-10 08:31:00",21665,-0.0537999999999954
"2019-04-10 08:32:00",11214,-0.0100000000000051
"2019-04-10 08:33:00",2989,0.0300000000000011
"2019-04-10 08:34:00",2800,0.0100000000000051
"2019-04-10 08:35:00",7108,0.0347000000000008
"2019-04-10 08:36:00",11263,-0.0046999999999997
"2019-04-10 08:37:00",9884,-0.0200000000000102
"2019-04-10 08:38:00",5543,-0.00499999999999545
"2019-04-10 08:39:00",22476,-0.0349999999999966
"2019-04-10 08:40:00",5708,0.0361999999999938
"2019-04-10 08:41:00",10816,0.0138000000000034
"2019-04-10 08:42:00",19662,-0.0100000000000051
"2019-04-10 08:43:00",3586,0
"2019-04-10 08:44:00",7500,-0.0549999999999926
"2019-04-10 08:45:00",6609,0
"2019-04-10 08:46:00",5337,0.0349999999999966
"2019-04-10 08:47:00",2202,-0.0300000000000011
"2019-04-10 08:48:00",18096,0.0100000000000051
"2019-04-10 08:49:00",8292,-0.0400000000000063
"2019-04-10 08:50:00",9623,-0.0349999999999966
"2019-04-10 08:51:00",17369,-0.0150000000000006
"2019-04-10 08:52:00",8851,0.0300000000000011
"2019-04-10 08:53:00",9299,0.0699999999999932
"2019-04-10 08:54:00",6901,-9.99999999891088e-05
"2019-04-10 08:55:00",4995,0.0200999999999993
"2019-04-10 08:56:00",8499,0.019999999999996
"2019-04-10 08:57:00",22613,0.039999999999992
"2019-04-10 08:58:00",11420,0.0200000000000102
"2019-04-10 08:59:00",2521,-0.0300000000000011
"2019-04-10 09:00:00",3853,0.039999999999992
"2019-04-10 09:01:00",11331,0.0400000000000063
"2019-04-10 09:02:00",7495,-0.019999999999996
"2019-04-10 09:03:00",4542,-0.0300000000000011
"2019-04-10 09:04:00",14045,-0.0100000000000051
"2019-04-10 09:05:00",3628,0
"2019-04-10 09:06:00",16225,0.00499999999999545
"2019-04-10 09:07:00",24145,-0.00509999999999877
"2019-04-10 09:08:00",6323,0.0101000000000084
"2019-04-10 09:09:00",2103,0.00999999999999091
"2019-04-10 09:10:00",21012,0.0300000000000011
"2019-04-10 09:11:00",14043,0.00500000000000966
"2019-04-10 09:12:00",9077,-0.0250000000000057
"2019-04-10 09:13:00",4856,-0.00499999999999545
"2019-04-10 09:14:00",5605,0.019999999999996
"2019-04-10 09:15:00",3208,0.0150000000000006
"2019-04-10 09:16:00",22558,0.0300000000000011
"2019-04-10 09:17:00",3300,-0.0150000000000006
"2019-04-10 09:18:00",8000,-0.0349999999999966
"2019-04-10 09:19:00",4286,-0.0100000000000051
"2019-04-10 09:20:00",2210,0.0250000000000057
"2019-04-10 09:21:00",1200,-0.0250000000000057
"2019-04-10 09:22:00",7608,0
"2019-04-10 09:23:00",4703,-0.019999999999996
"2019-04-10 09:24:00",6315,0
"2019-04-10 09:25:00",9284,-0.0400000000000063
"2019-04-10 09:26:00",1400,0.019999999999996
"2019-04-10 09:27:00",12754,0.0100000000000051
"2019-04-10 09:28:00",2065,0.0100000000000051
"2019-04-10 09:29:00",5790,-0.0100000000000051
"2019-04-10 09:30:00",5909,0.0400000000000063
"2019-04-10 09:31:00",4581,0.0289999999999964
"2019-04-10 09:32:00",2300,-0.0289999999999964
"2019-04-10 09:33:00",8614,0
"2019-04-10 09:34:00",8839,-0.00169999999999959
"2019-04-10 09:35:00",5334,-0.00330000000001007
"2019-04-10 09:36:00",3359,0.00500000000000966
"2019-04-10 09:37:00",11646,-0.0300000000000011
"2019-04-10 09:38:00",11953,0.019999999999996
"2019-04-10 09:39:00",4800,0
"2019-04-10 09:40:00",1458,-0.0150000000000006
"2019-04-10 09:41:00",11745,0.0150000000000006
"2019-04-10 09:42:00",4806,-0.019999999999996
"2019-04-10 09:43:00",16452,-0.0400000000000063
"2019-04-10 09:44:00",37216,0.019999999999996
"2019-04-10 09:45:00",14569,-0.0150000000000006
"2019-04-10 09:46:00",12787,0.0150000000000006
"2019-04-10 09:47:00",2821,-0.00999999999999091
"2019-04-10 09:48:00",5252,0
"2019-04-10 09:49:00",12939,0.019999999999996
"2019-04-10 09:50:00",6813,0.00499999999999545
"2019-04-10 09:51:00",26684,-0.00499999999999545
"2019-04-10 09:52:00",5685,0.0100000000000051
"2019-04-10 09:53:00",4840,-0.00500000000000966
"2019-04-10 09:54:00",5329,-0.00499999999999545
"2019-04-10 09:55:00",12605,0.0400000000000063
"2019-04-10 09:56:00",3510,-0.00270000000000437
"2019-04-10 09:57:00",6141,-0.0323000000000064
"2019-04-10 09:58:00",6299,0.00500000000000966
"2019-04-10 09:59:00",5991,-0.0100000000000051
"2019-04-10 10:00:00",12289,0.0100000000000051
"2019-04-10 10:01:00",4461,-0.0300000000000011
"2019-04-10 10:02:00",6767,0.0349999999999966
"2019-04-10 10:03:00",2464,0.0100000000000051
"2019-04-10 10:04:00",8151,-0.00500000000000966
"2019-04-10 10:05:00",8547,0.0100000000000051
"2019-04-10 10:06:00",8791,0.0349999999999966
"2019-04-10 10:07:00",7939,-0.0249999999999915
"2019-04-10 10:08:00",3827,-0.0100000000000051
"2019-04-10 10:09:00",1591,-0.0100000000000051
"2019-04-10 10:10:00",8742,0
"2019-04-10 10:11:00",1937,0
"2019-04-10 10:12:00",2691,0
"2019-04-10 10:13:00",3492,-0.019999999999996
"2019-04-10 10:14:00",13473,0.0100000000000051
"2019-04-10 10:15:00",2525,0.019999999999996
"2019-04-10 10:16:00",2370,-0.019999999999996
"2019-04-10 10:17:00",2100,-0.0200000000000102
"2019-04-10 10:18:00",8623,0.00500000000000966
"2019-04-10 10:19:00",5690,0.0349999999999966
"2019-04-10 10:20:00",9803,-0.0150000000000006
"2019-04-10 10:21:00",1700,-0.00499999999999545
"2019-04-10 10:22:00",5600,0
"2019-04-10 10:23:00",4201,0.019999999999996
"2019-04-10 10:24:00",10411,0.0499999999999972
"2019-04-10 10:25:00",4065,-0.019999999999996
"2019-04-10 10:26:00",3675,0.0100000000000051
"2019-04-10 10:27:00",6495,-0.0100000000000051
"2019-04-10 10:28:00",5371,0.0250000000000057
"2019-04-10 10:29:00",8703,0.0149999999999864
"2019-04-10 10:30:00",1099,0
"2019-04-10 10:31:00",1300,0
"2019-04-10 10:32:00",7278,0.0300000000000011
"2019-04-10 10:33:00",9030,0.0200000000000102
"2019-04-10 10:34:00",8518,0.019999999999996
"2019-04-10 10:35:00",9820,-0.00499999999999545
"2019-04-10 10:36:00",7117,0.00499999999999545
"2019-04-10 10:37:00",7113,-0.0300000000000011
"2019-04-10 10:38:00",3516,0.019999999999996
"2019-04-10 10:39:00",400,0
"2019-04-10 10:40:00",5660,-0.0178999999999974
"2019-04-10 10:41:00",2103,0.00790000000000646
"2019-04-10 10:42:00",4800,0.0300000000000011
"2019-04-10 10:43:00",1900,-0.0187999999999988
"2019-04-10 10:44:00",1270,0.00379999999999825
"2019-04-10 10:45:00",1059,-0.00500000000000966
"2019-04-10 10:46:00",1850,0.0200000000000102
"2019-04-10 10:47:00",2013,0.0266999999999911
"2019-04-10 10:48:00",1100,-0.0116999999999905
"2019-04-10 10:49:00",2923,-0.00500000000000966
"2019-04-10 10:50:00",756,-0.00499999999999545
"2019-04-10 10:51:00",824,0.00499999999999545
"2019-04-10 10:52:00",3842,0.0332000000000079
"2019-04-10 10:53:00",7850,0.0183999999999997
"2019-04-10 10:54:00",6255,0.0283999999999907
"2019-04-10 10:55:00",1625,-0.0150000000000006
"2019-04-10 10:56:00",3050,-0.00939999999999941
"2019-04-10 10:57:00",3305,-0.00260000000000105
"2019-04-10 10:58:00",6546,0.00710000000000832
"2019-04-10 10:59:00",500,0.0148999999999972
"2019-04-10 11:00:00",7708,-0.0150000000000006
"2019-04-10 11:01:00",500,-0.0100000000000051
"2019-04-10 11:02:00",1019,0
"2019-04-10 11:03:00",2300,0.0150000000000006
"2019-04-10 11:04:00",1209,-0.0174999999999983
"2019-04-10 11:05:00",1115,0.00260000000000105
"2019-04-10 11:06:00",219,0
"2019-04-10 11:07:00",900,0.0099000000000018
"2019-04-10 11:08:00",1000,0
"2019-04-10 11:09:00",1544,-0.0100000000000051
"2019-04-10 11:10:00",400,0
"2019-04-10 11:11:00",561,0
"2019-04-10 11:12:00",1067,0.000500000000002387
"2019-04-10 11:13:00",1088,-0.000500000000002387
"2019-04-10 11:14:00",3243,-0.039999999999992
"2019-04-10 11:15:00",1089,0.0300000000000011
"2019-04-10 11:16:00",200,0.00999999999999091
"2019-04-10 11:17:00",2459,0
"2019-04-10 11:18:00",600,0.0200000000000102
"2019-04-10 11:19:00",944,-0.0100000000000051
"2019-04-10 11:20:00",1711,0.019999999999996
"2019-04-10 11:21:00",3800,0
"2019-04-10 11:22:00",200,-0.00999999999999091
"2019-04-10 11:23:00",2400,0.019999999999996
"2019-04-10 11:24:00",200,0
"2019-04-10 11:25:00",919,0.00499999999999545
"2019-04-10 11:26:00",4399,0.00500000000000966
"2019-04-10 11:27:00",1212,-0.0100000000000051
"2019-04-10 11:28:00",1100,0.0100000000000051
"2019-04-10 11:29:00",300,0.00139999999998963
"2019-04-10 11:30:00",1100,0.00360000000000582
"2019-04-10 11:31:00",540,-0.00490000000000634
"2019-04-10 11:32:00",800,-9.99999999891088e-05
"2019-04-10 11:33:00",792,0.00499999999999545
"2019-04-10 11:34:00",4707,0.0117000000000047
"2019-04-10 11:35:00",3785,0.00329999999999586
"2019-04-10 11:36:00",2330,0.0100000000000051
"2019-04-10 11:37:00",515,0.00339999999999918
"2019-04-10 11:38:00",8116,0.00659999999999172
"2019-04-10 11:39:00",1392,-0.00999999999999091
"2019-04-10 11:40:00",925,-0.000800000000012346
"2019-04-10 11:41:00",2390,-0.0141999999999882
"2019-04-10 11:42:00",512,0.00499999999999545
"2019-04-10 11:43:00",400,0
"2019-04-10 11:44:00",2001,-0.0169999999999959
"2019-04-10 11:45:00",1094,0.00260000000000105
"2019-04-10 11:46:00",1355,-0.00550000000001205
"2019-04-10 11:47:00",1300,-9.99999999891088e-05
"2019-04-10 11:48:00",1662,0.00499999999999545
"2019-04-10 11:49:00",1108,0.0200999999999993
"2019-04-10 11:50:00",309,-0.0151000000000039
"2019-04-10 11:51:00",1800,0
"2019-04-10 11:52:00",1700,-0.00999999999999091
"2019-04-10 11:53:00",1200,-0.00500000000000966
"2019-04-10 11:54:00",300,0.00500000000000966
"2019-04-10 11:55:00",1239,0.0133999999999901
"2019-04-10 11:57:00",781,-0.00339999999999918
"2019-04-10 11:58:00",17206,0.0216000000000065
"2019-04-10 11:59:00",600,-0.00660000000000593
"2019-04-10 12:00:00",1393,0.0100000000000051
"2019-04-10 12:01:00",2335,0.00499999999999545
"2019-04-10 12:02:00",1354,-0.0249999999999915
"2019-04-10 12:03:00",1500,-0.0100000000000051
"2019-04-10 12:04:00",3100,0.0123999999999995
"2019-04-10 12:05:00",800,-0.0123999999999995
"2019-04-10 12:06:00",439,0
"2019-04-10 12:07:00",1553,0.00499999999999545
"2019-04-10 12:08:00",600,-0.00999999999999091
"2019-04-10 12:09:00",822,0
"2019-04-10 12:10:00",400,0.00629999999999598
"2019-04-10 12:11:00",200,-0.0163000000000011
"2019-04-10 12:12:00",1133,-0.019999999999996
"2019-04-10 12:13:00",1776,0
"2019-04-10 12:14:00",2907,0.00999999999999091
"2019-04-10 12:15:00",300,0.00500000000000966
"2019-04-10 12:16:00",300,0
"2019-04-10 12:17:00",600,0.00499999999999545
"2019-04-10 12:18:00",1200,0.00499999999999545
"2019-04-10 12:19:00",4247,0.0298000000000087
"2019-04-10 12:20:00",1087,0.0101999999999975
"2019-04-10 12:21:00",4030,-0.0100000000000051
"2019-04-10 12:22:00",4532,-0.00399999999999068
"2019-04-10 12:23:00",100,0.00399999999999068
"2019-04-10 12:24:00",1324,0.00500000000000966
"2019-04-10 12:25:00",200,0.00999999999999091
"2019-04-10 12:26:00",1664,-0.00999999999999091
"2019-04-10 12:27:00",2414,-0.0100000000000051
"2019-04-10 12:28:00",4470,0.00499999999999545
"2019-04-10 12:29:00",2800,0.00960000000000605
"2019-04-10 12:30:00",2206,-0.00459999999999638
"2019-04-10 12:31:00",5510,-0.0200000000000102
"2019-04-10 12:32:00",4082,0
"2019-04-10 12:33:00",3741,0.00500000000000966
"2019-04-10 12:34:00",1600,0.0150000000000006
"2019-04-10 12:35:00",600,-0.0100000000000051
"2019-04-10 12:36:00",1669,-0.0100000000000051
"2019-04-10 12:37:00",5245,-0.0152999999999963
"2019-04-10 12:38:00",400,0.00150000000000716
"2019-04-10 12:39:00",1229,-0.00120000000001141
"2019-04-10 12:40:00",2219,0.007000000000005
"2019-04-10 12:41:00",4371,-0.0220000000000056
"2019-04-10 12:42:00",3391,0.0101000000000084
"2019-04-10 12:43:00",2181,-0.00010000000000332
"2019-04-10 12:44:00",16100,-0.0100000000000051
"2019-04-10 12:45:00",3087,-0.019999999999996
"2019-04-10 12:46:00",2541,0.0150000000000006
"2019-04-10 12:47:00",5637,-0.00180000000000291
"2019-04-10 12:48:00",891,0
"2019-04-10 12:49:00",2027,0.0168000000000035
"2019-04-10 12:50:00",27499,0.0150000000000006
"2019-04-10 12:51:00",1724,-0.00499999999999545
"2019-04-10 12:52:00",2554,0.00999999999999091
"2019-04-10 12:53:00",5477,0.0100000000000051
"2019-04-10 12:54:00",2745,0
"2019-04-10 12:55:00",1967,-0.0100000000000051
"2019-04-10 12:56:00",3612,0
"2019-04-10 12:57:00",1718,0
"2019-04-10 12:58:00",1626,0
"2019-04-10 12:59:00",2433,-0.00999999999999091
"2019-04-10 13:00:00",277,-0.0100000000000051
"2019-04-10 13:01:00",2885,0.0100000000000051
"2019-04-10 13:02:00",9603,0.00499999999999545
"2019-04-10 13:03:00",3856,-0.0011999999999972
"2019-04-10 13:04:00",3290,-0.0438000000000045
"2019-04-10 13:05:00",6989,-0.019999999999996
"2019-04-10 13:06:00",1199,0.0194999999999936
"2019-04-10 13:07:00",1135,0.000500000000002387
"2019-04-10 13:08:00",1100,-0.0250000000000057
"2019-04-10 13:09:00",2791,-0.00309999999998922
"2019-04-10 13:10:00",753,0.0180999999999898
"2019-04-10 13:11:00",5355,-0.00999999999999091
"2019-04-10 13:12:00",4677,-0.0100000000000051
"2019-04-10 13:13:00",2488,0.0150000000000006
"2019-04-10 13:14:00",1628,0.0100000000000051
"2019-04-10 13:15:00",1935,0.00499999999999545
"2019-04-10 13:16:00",700,0
"2019-04-10 13:17:00",1750,0.0100000000000051
"2019-04-10 13:18:00",5541,0
"2019-04-10 13:19:00",1800,0
"2019-04-10 13:20:00",2128,0.0300000000000011
"2019-04-10 13:21:00",1731,-0.0300000000000011
"2019-04-10 13:22:00",2604,-0.0150000000000006
"2019-04-10 13:23:00",8739,-0.0223000000000013
"2019-04-10 13:24:00",2260,-0.00270000000000437
"2019-04-10 13:25:00",3045,-0.00730000000000075
"2019-04-10 13:26:00",1372,-0.0227000000000004
"2019-04-10 13:27:00",3732,-0.0187999999999988
"2019-04-10 13:28:00",700,0.00880000000000791
"2019-04-10 13:29:00",2372,-0.0112000000000023
"2019-04-10 13:30:00",900,-0.00330000000001007
"2019-04-10 13:31:00",7283,0.00450000000000728
"2019-04-10 13:32:00",1683,-0.019999999999996
"2019-04-10 13:33:00",2135,0.019999999999996
"2019-04-10 13:34:00",2597,0.00499999999999545
"2019-04-10 13:35:00",710,-0.00999999999999091
"2019-04-10 13:36:00",1105,0.0300000000000011
"2019-04-10 13:37:00",2300,-0.00500000000000966
"2019-04-10 13:38:00",200,0.0100000000000051
"2019-04-10 13:39:00",600,0
"2019-04-10 13:40:00",1203,0
"2019-04-10 13:41:00",2761,0.019999999999996
"2019-04-10 13:42:00",2431,-0.00999999999999091
"2019-04-10 13:43:00",853,-0.00340000000001339
"2019-04-10 13:44:00",1675,-0.00159999999999627
"2019-04-10 13:45:00",3326,0
"2019-04-10 13:46:00",2745,0.00500000000000966
"2019-04-10 13:47:00",700,0
"2019-04-10 13:48:00",1200,0
"2019-04-10 13:49:00",7954,-0.0099000000000018
"2019-04-10 13:50:00",8713,-0.00509999999999877
"2019-04-10 13:51:00",4074,0.0150000000000006
"2019-04-10 13:52:00",3822,-0.0150000000000006
"2019-04-10 13:53:00",800,-0.00500000000000966
"2019-04-10 13:54:00",3797,0
"2019-04-10 13:55:00",10249,0
"2019-04-10 13:56:00",3602,0.0100000000000051
"2019-04-10 13:57:00",1197,-0.0100000000000051
"2019-04-10 13:58:00",1085,0
"2019-04-10 14:00:00",500,0
"2019-04-10 14:01:00",16715,0.0300000000000011
"2019-04-10 14:02:00",2050,-0.00310000000000343
"2019-04-10 14:03:00",500,0.00310000000000343
"2019-04-10 14:04:00",1302,0
"2019-04-10 14:05:00",14589,0.0100000000000051
"2019-04-10 14:06:00",3762,-0.0100000000000051
"2019-04-10 14:07:00",300,0
"2019-04-10 14:08:00",855,0.0100000000000051
"2019-04-10 14:09:00",2170,0
"2019-04-10 14:10:00",4171,-0.0100000000000051
"2019-04-10 14:11:00",10561,0.0100000000000051
"2019-04-10 14:12:00",1400,0.00499999999999545
"2019-04-10 14:13:00",1701,0
"2019-04-10 14:14:00",1955,0.00490000000000634
"2019-04-10 14:15:00",5476,-0.0168000000000035
"2019-04-10 14:16:00",8342,0.00690000000000168
"2019-04-10 14:17:00",2551,-0.0250000000000057
"2019-04-10 14:18:00",5311,-0.00499999999999545
"2019-04-10 14:19:00",11228,-0.019999999999996
"2019-04-10 14:20:00",6100,-0.0200000000000102
"2019-04-10 14:21:00",5350,-0.0253000000000014
"2019-04-10 14:22:00",20050,0.0153000000000105
"2019-04-10 14:23:00",3660,0
"2019-04-10 14:24:00",550,-0.00500000000000966
"2019-04-10 14:25:00",1530,-0.00499999999999545
"2019-04-10 14:26:00",12370,-0.0150000000000006
"2019-04-10 14:27:00",15976,0.0250000000000057
"2019-04-10 14:28:00",4735,0
"2019-04-10 14:29:00",2184,-0.00500000000000966
"2019-04-10 14:30:00",14039,-0.0249999999999915
"2019-04-10 14:31:00",2863,0.00999999999999091
"2019-04-10 14:32:00",13089,0.0191000000000088
"2019-04-10 14:33:00",7209,-0.00410000000000821
"2019-04-10 14:34:00",6691,-0.00999999999999091
"2019-04-10 14:35:00",16744,-0.0100000000000051
"2019-04-10 14:36:00",11877,-0.0100000000000051
"2019-04-10 14:37:00",8304,0
"2019-04-10 14:38:00",11837,-0.00499999999999545
"2019-04-10 14:39:00",22458,-0.0300000000000011
"2019-04-10 14:40:00",9031,-0.00999999999999091
"2019-04-10 14:41:00",4624,0.00999999999999091
"2019-04-10 14:42:00",3890,-0.00999999999999091
"2019-04-10 14:43:00",7323,-0.00500000000000966
"2019-04-10 14:44:00",4793,-0.00499999999999545
"2019-04-10 14:45:00",19585,0.00619999999999266
"2019-04-10 14:46:00",3792,-0.0011999999999972
"2019-04-10 14:47:00",9624,-0.00499999999999545
"2019-04-10 14:48:00",16794,-0.00499999999999545
"2019-04-10 14:49:00",12119,0
"2019-04-10 14:50:00",13155,-0.00500000000000966
"2019-04-10 14:51:00",14381,-0.0150000000000006
"2019-04-10 14:52:00",6896,0
"2019-04-10 14:53:00",13842,0.00500000000000966
"2019-04-10 14:54:00",13833,-0.0100000000000051
"2019-04-10 14:55:00",20144,-0.00499999999999545
"2019-04-10 14:56:00",38155,0
"2019-04-10 14:57:00",19872,0.00499999999999545
"2019-04-10 14:58:00",17131,0
"2019-04-10 14:59:00",76223,0
"2019-04-10 15:02:00",55826,0.0100000000000051
"2019-04-10 15:15:00",0,0
"2019-04-11 08:30:00",53367,-0.0700000000000074
"2019-04-11 08:31:00",1940,0.0100000000000051
"2019-04-11 08:32:00",12400,0.00999999999999091
"2019-04-11 08:33:00",21949,-0.0449999999999875
"2019-04-11 08:34:00",2524,-0.0250000000000057
"2019-04-11 08:35:00",8260,-0.0649999999999977
"2019-04-11 08:36:00",11693,0.0300000000000011
"2019-04-11 08:37:00",8919,0.0349999999999966
"2019-04-11 08:38:00",7044,-0.0349999999999966
"2019-04-11 08:39:00",6391,-0.0649999999999977
"2019-04-11 08:40:00",14037,0.039999999999992
"2019-04-11 08:41:00",7854,0.0250000000000057
"2019-04-11 08:42:00",2123,0.00999999999999091
"2019-04-11 08:43:00",4984,0.0400000000000063
"2019-04-11 08:44:00",4623,0.0100000000000051
"2019-04-11 08:45:00",4824,0.0249999999999915
"2019-04-11 08:46:00",2470,0.0600000000000023
"2019-04-11 08:47:00",1400,-0.0250000000000057
"2019-04-11 08:48:00",1984,0.0150000000000006
"2019-04-11 08:49:00",1613,0.00500000000000966
"2019-04-11 08:50:00",9648,0.0349999999999966
"2019-04-11 08:51:00",2692,-0.019999999999996
"2019-04-11 08:52:00",7036,-0.0100000000000051
"2019-04-11 08:53:00",3241,-0.0169999999999959
"2019-04-11 08:54:00",4055,-0.0330000000000013
"2019-04-11 08:55:00",3907,-0.0250000000000057
"2019-04-11 08:56:00",3503,0.00500000000000966
"2019-04-11 08:57:00",13205,0.00999999999999091
"2019-04-11 08:58:00",1746,-0.0499999999999972
"2019-04-11 08:59:00",5307,0.0300000000000011
"2019-04-11 09:00:00",11820,0.019999999999996
"2019-04-11 09:01:00",2200,0
"2019-04-11 09:02:00",12222,0.019999999999996
"2019-04-11 09:03:00",24046,0
"2019-04-11 09:04:00",6131,0.0100000000000051
"2019-04-11 09:05:00",22893,0
"2019-04-11 09:06:00",6097,-0.0200999999999993
"2019-04-11 09:07:00",4330,0.0200999999999993
"2019-04-11 09:08:00",6797,0.0313000000000017
"2019-04-11 09:09:00",4321,-0.0161999999999978
"2019-04-11 09:10:00",8711,0.00489999999999213
"2019-04-11 09:11:00",1900,-0.039999999999992
"2019-04-11 09:12:00",6354,-0.019999999999996
"2019-04-11 09:13:00",2222,0.039999999999992
"2019-04-11 09:14:00",4548,0.0400000000000063
"2019-04-11 09:15:00",4600,-0.0100000000000051
"2019-04-11 09:16:00",1510,0.0150000000000006
"2019-04-11 09:17:00",5300,0.0450000000000017
"2019-04-11 09:18:00",3275,-0.019999999999996
"2019-04-11 09:19:00",9405,0.019999999999996
"2019-04-11 09:20:00",2645,-0.019999999999996
"2019-04-11 09:21:00",4325,0.019999999999996
"2019-04-11 09:22:00",1200,-0.019999999999996
"2019-04-11 09:23:00",2180,-0.0200000000000102
"2019-04-11 09:24:00",5709,-0.019999999999996
"2019-04-11 09:25:00",1430,-0.0300000000000011
"2019-04-11 09:26:00",700,-0.019999999999996
"2019-04-11 09:27:00",5027,0.00999999999999091
"2019-04-11 09:28:00",14255,-0.00519999999998788
"2019-04-11 09:29:00",4816,-0.00480000000000302
"2019-04-11 09:30:00",8450,-0.0100000000000051
"2019-04-11 09:31:00",16168,0.0400000000000063
"2019-04-11 09:32:00",11800,-0.0100000000000051
"2019-04-11 09:33:00",4250,0
"2019-04-11 09:34:00",6048,0.0100000000000051
"2019-04-11 09:35:00",9793,-0.0150000000000006
"2019-04-11 09:36:00",5829,-0.0150000000000006
"2019-04-11 09:37:00",3748,0.0249999999999915
"2019-04-11 09:38:00",6519,0.00500000000000966
"2019-04-11 09:39:00",4000,-0.0100000000000051
"2019-04-11 09:40:00",5632,0.019999999999996
"2019-04-11 09:41:00",9067,0
"2019-04-11 09:42:00",4366,0.0300000000000011
"2019-04-11 09:43:00",4964,-0.0198999999999927
"2019-04-11 09:44:00",4156,0.00619999999999266
"2019-04-11 09:45:00",2652,0.00370000000000914
"2019-04-11 09:46:00",4793,0
"2019-04-11 09:47:00",4243,-0.0100000000000051
"2019-04-11 09:48:00",10184,-0.0150000000000006
"2019-04-11 09:49:00",5640,0.0250000000000057
"2019-04-11 09:50:00",2106,0.00999999999999091
"2019-04-11 09:51:00",3757,-0.0150000000000006
"2019-04-11 09:52:00",5215,0.0100000000000051
"2019-04-11 09:53:00",4000,0.019999999999996
"2019-04-11 09:54:00",8552,-0.0249999999999915
"2019-04-11 09:55:00",5150,-0.0150000000000006
"2019-04-11 09:56:00",4400,0.00499999999999545
"2019-04-11 09:57:00",6654,0.019999999999996
"2019-04-11 09:58:00",2100,-0.00999999999999091
"2019-04-11 09:59:00",7716,0.019999999999996
"2019-04-11 10:00:00",15109,-0.019999999999996
"2019-04-11 10:01:00",4415,0
"2019-04-11 10:02:00",7205,-0.0450000000000017
"2019-04-11 10:03:00",22529,0.00499999999999545
"2019-04-11 10:04:00",11211,-0.00499999999999545
"2019-04-11 10:05:00",22973,-0.0349999999999966
"2019-04-11 10:06:00",12896,-0.0100000000000051
"2019-04-11 10:07:00",5973,0.0300000000000011
"2019-04-11 10:08:00",2557,0.00999999999999091
"2019-04-11 10:09:00",1260,-0.0064999999999884
"2019-04-11 10:10:00",4382,-0.0135000000000076
"2019-04-11 10:11:00",4330,-0.0300000000000011
"2019-04-11 10:12:00",10004,0.0349999999999966
"2019-04-11 10:13:00",5350,0.0250000000000057
"2019-04-11 10:14:00",7079,0.0349999999999966
"2019-04-11 10:15:00",5300,0.00500000000000966
"2019-04-11 10:16:00",7699,-0.0200000000000102
"2019-04-11 10:17:00",1266,-0.0300000000000011
"2019-04-11 10:18:00",4800,-0.0599999999999881
"2019-04-11 10:19:00",14500,0
"2019-04-11 10:20:00",15791,0.00999999999999091
"2019-04-11 10:21:00",3015,0.0100000000000051
"2019-04-11 10:22:00",5412,-0.019999999999996
"2019-04-11 10:23:00",11260,-0.0300000000000011
"2019-04-11 10:24:00",18100,-0.0200000000000102
"2019-04-11 10:25:00",11273,0.0400000000000063
"2019-04-11 10:26:00",2335,0.0100000000000051
"2019-04-11 10:27:00",1838,-0.0100000000000051
"2019-04-11 10:28:00",13561,0.00499999999999545
"2019-04-11 10:29:00",8162,-0.00499999999999545
"2019-04-11 10:30:00",10933,-0.0499999999999972
"2019-04-11 10:31:00",4388,0.0150000000000006
"2019-04-11 10:32:00",22335,0.019999999999996
"2019-04-11 10:33:00",11651,0.0250000000000057
"2019-04-11 10:34:00",13219,0.00999999999999091
"2019-04-11 10:35:00",11187,0.0146000000000015
"2019-04-11 10:36:00",1808,-0.0297999999999945
"2019-04-11 10:37:00",1501,0.0181999999999931
"2019-04-11 10:38:00",500,-0.0180000000000007
"2019-04-11 10:39:00",4461,-0.0249999999999915
"2019-04-11 10:40:00",17457,-0.100000000000009
"2019-04-11 10:41:00",5922,0.049900000000008
"2019-04-11 10:42:00",5622,-0.049900000000008
"2019-04-11 10:43:00",4454,0.00900000000000034
"2019-04-11 10:44:00",3393,0.0161000000000087
"2019-04-11 10:45:00",4417,0.0248999999999882
"2019-04-11 10:46:00",2488,-0.0299999999999869
"2019-04-11 10:47:00",3720,0.00989999999998759
"2019-04-11 10:48:00",3704,0.0301000000000045
"2019-04-11 10:49:00",7110,-0.0210000000000008
"2019-04-11 10:50:00",7237,0.0217999999999989
"2019-04-11 10:51:00",4767,-0.0457999999999998
"2019-04-11 10:52:00",5921,0.00260000000000105
"2019-04-11 10:53:00",2883,-0.0176000000000016
"2019-04-11 10:54:00",1531,0.0300000000000011
"2019-04-11 10:55:00",2776,0.0100000000000051
"2019-04-11 10:56:00",300,0.00999999999999091
"2019-04-11 10:57:00",2656,0
"2019-04-11 10:58:00",4000,-0.00999999999999091
"2019-04-11 10:59:00",1300,0.00499999999999545
"2019-04-11 11:00:00",600,-0.0150000000000006
"2019-04-11 11:01:00",5744,0
"2019-04-11 11:02:00",500,0.00900000000000034
"2019-04-11 11:03:00",2430,-0.00900000000000034
"2019-04-11 11:04:00",3234,0
"2019-04-11 11:05:00",1627,-0.00999999999999091
"2019-04-11 11:06:00",1668,0.015199999999993
"2019-04-11 11:07:00",900,-0.00520000000000209
"2019-04-11 11:08:00",2535,-0.00999999999999091
"2019-04-11 11:09:00",3822,-0.0200000000000102
"2019-04-11 11:10:00",2100,0
"2019-04-11 11:11:00",2450,0.0200000000000102
"2019-04-11 11:12:00",3300,0.00999999999999091
"2019-04-11 11:13:00",835,-0.00999999999999091
"2019-04-11 11:14:00",650,0.019999999999996
"2019-04-11 11:15:00",9785,-0.0100000000000051
"2019-04-11 11:16:00",4353,-0.019999999999996
"2019-04-11 11:17:00",4300,0
"2019-04-11 11:18:00",5550,-0.019999999999996
"2019-04-11 11:19:00",3126,-0.0150000000000006
"2019-04-11 11:20:00",2926,-0.0149000000000115
"2019-04-11 11:21:00",6857,-0.00509999999999877
"2019-04-11 11:22:00",3500,0.0150000000000006
"2019-04-11 11:23:00",1200,0.0150000000000006
"2019-04-11 11:24:00",2924,0.00500000000000966
"2019-04-11 11:25:00",7282,-0.0300000000000011
"2019-04-11 11:26:00",12750,-0.0200000000000102
"2019-04-11 11:27:00",5893,0.0100000000000051
"2019-04-11 11:28:00",2400,-0.019999999999996
"2019-04-11 11:29:00",3592,0.019999999999996
"2019-04-11 11:30:00",4000,-0.019999999999996
"2019-04-11 11:31:00",3415,0.00999999999999091
"2019-04-11 11:32:00",2100,0.00500000000000966
"2019-04-11 11:33:00",3946,-0.0100000000000051
"2019-04-11 11:34:00",2000,-0.0150000000000006
"2019-04-11 11:35:00",700,0.0100000000000051
"2019-04-11 11:36:00",2795,0.0300000000000011
"2019-04-11 11:37:00",7900,-0.0200000000000102
"2019-04-11 11:38:00",1000,-0.019999999999996
"2019-04-11 11:39:00",1800,0
"2019-04-11 11:40:00",7654,0.019999999999996
"2019-04-11 11:41:00",33641,-0.00999999999999091
"2019-04-11 11:42:00",3159,0.0249999999999915
"2019-04-11 11:43:00",1541,-0.00149999999999295
"2019-04-11 11:44:00",1300,0.0215000000000032
"2019-04-11 11:45:00",5248,0.0150000000000006
"2019-04-11 11:46:00",806,-0.0200000000000102
"2019-04-11 11:47:00",1500,0.0100000000000051
"2019-04-11 11:48:00",600,0.00499999999999545
"2019-04-11 11:49:00",1734,-0.00919999999999277
"2019-04-11 11:50:00",1967,0.0142000000000024
"2019-04-11 11:51:00",3684,0
"2019-04-11 11:52:00",6658,0.00499999999999545
"2019-04-11 11:53:00",4302,0.0150000000000006
"2019-04-11 11:54:00",13552,0.00709999999999411
"2019-04-11 11:55:00",7164,-0.0220999999999947
"2019-04-11 11:56:00",3404,-0.00499999999999545
"2019-04-11 11:57:00",916,0.00560000000000116
"2019-04-11 11:58:00",4900,-0.00560000000000116
"2019-04-11 11:59:00",2273,-0.00500000000000966
"2019-04-11 12:00:00",3608,0
"2019-04-11 12:01:00",2936,0.00500000000000966
"2019-04-11 12:02:00",2381,0.0017999999999887
"2019-04-11 12:03:00",5109,0.0132000000000119
"2019-04-11 12:04:00",1970,0
"2019-04-11 12:05:00",3305,0.00999999999999091
"2019-04-11 12:06:00",6838,-0.0150000000000006
"2019-04-11 12:07:00",1400,-0.00999999999999091
"2019-04-11 12:08:00",12244,0
"2019-04-11 12:09:00",4955,0.019999999999996
"2019-04-11 12:10:00",1500,0
"2019-04-11 12:11:00",3586,-0.0100000000000051
"2019-04-11 12:12:00",2000,0.0100000000000051
"2019-04-11 12:13:00",3446,-0.0241000000000042
"2019-04-11 12:14:00",2527,-0.00579999999999359
"2019-04-11 12:15:00",300,0
"2019-04-11 12:16:00",11300,-0.0200999999999993
"2019-04-11 12:17:00",1050,0.019999999999996
"2019-04-11 12:18:00",8266,0.0100000000000051
"2019-04-11 12:19:00",1500,0
"2019-04-11 12:20:00",2400,-0.0100000000000051
"2019-04-11 12:21:00",5605,0.00499999999999545
"2019-04-11 12:22:00",4327,-0.0180000000000007
"2019-04-11 12:23:00",9958,0.00800000000000978
"2019-04-11 12:24:00",5520,-0.00500000000000966
"2019-04-11 12:25:00",400,-0.00169999999999959
"2019-04-11 12:26:00",2400,-0.0182999999999964
"2019-04-11 12:27:00",2300,0.0100000000000051
"2019-04-11 12:28:00",3305,0.00999999999999091
"2019-04-11 12:29:00",1700,-0.00999999999999091
"2019-04-11 12:30:00",6234,-0.0200000000000102
"2019-04-11 12:31:00",1650,0.007000000000005
"2019-04-11 12:32:00",7912,0.0130000000000052
"2019-04-11 12:33:00",2316,0.00999999999999091
"2019-04-11 12:34:00",1371,0.0100000000000051
"2019-04-11 12:35:00",2050,-0.0100000000000051
"2019-04-11 12:36:00",3000,-0.000999999999990564
"2019-04-11 12:37:00",777,-0.00750000000000739
"2019-04-11 12:38:00",3150,-0.0114999999999981
"2019-04-11 12:39:00",100,-0.00499999999999545
"2019-04-11 12:40:00",5603,-0.0150000000000006
"2019-04-11 12:41:00",5851,-0.0100000000000051
"2019-04-11 12:42:00",1832,-0.00499999999999545
"2019-04-11 12:43:00",5471,0.00499999999999545
"2019-04-11 12:44:00",1974,0.0100000000000051
"2019-04-11 12:45:00",3272,0.0052999999999912
"2019-04-11 12:46:00",7370,0.0147000000000048
"2019-04-11 12:47:00",1923,0
"2019-04-11 12:48:00",6376,0.0100000000000051
"2019-04-11 12:49:00",15115,-0.00500000000000966
"2019-04-11 12:50:00",1600,0.00500000000000966
"2019-04-11 12:51:00",4669,0
"2019-04-11 12:52:00",4821,0.00999999999999091
"2019-04-11 12:53:00",7162,0.0150000000000006
"2019-04-11 12:54:00",1890,0
"2019-04-11 12:55:00",2300,0.00500000000000966
"2019-04-11 12:56:00",5676,0.00999999999999091
"2019-04-11 12:57:00",1344,0
"2019-04-11 12:58:00",2578,-0.0150000000000006
"2019-04-11 12:59:00",3200,0.00500000000000966
"2019-04-11 13:00:00",3752,-0.0100000000000051
"2019-04-11 13:01:00",8619,-0.0100000000000051
"2019-04-11 13:02:00",2036,0.0150000000000006
"2019-04-11 13:03:00",1435,0.0100000000000051
"2019-04-11 13:04:00",2973,0.0100000000000051
"2019-04-11 13:05:00",525,0
"2019-04-11 13:06:00",2194,-0.00500000000000966
"2019-04-11 13:07:00",2051,-0.019999999999996
"2019-04-11 13:08:00",3450,0.019999999999996
"2019-04-11 13:09:00",2892,-0.00999999999999091
"2019-04-11 13:10:00",1500,-0.0200000000000102
"2019-04-11 13:11:00",1563,0.0200000000000102
"2019-04-11 13:12:00",2559,0.019999999999996
"2019-04-11 13:13:00",1966,0.0100000000000051
"2019-04-11 13:14:00",2600,-0.0150000000000006
"2019-04-11 13:15:00",1000,0.019999999999996
"2019-04-11 13:16:00",1000,-0.0150000000000006
"2019-04-11 13:17:00",1216,0.00679999999999836
"2019-04-11 13:18:00",1770,0.0131999999999977
"2019-04-11 13:19:00",6638,0
"2019-04-11 13:20:00",3257,-0.0150000000000006
"2019-04-11 13:21:00",1850,-0.0150000000000006
"2019-04-11 13:22:00",1822,-0.0052999999999912
"2019-04-11 13:23:00",1210,-0.0046999999999997
"2019-04-11 13:24:00",2477,0.00499999999999545
"2019-04-11 13:25:00",2545,0.00499999999999545
"2019-04-11 13:26:00",3133,0
"2019-04-11 13:27:00",1502,0
"2019-04-11 13:28:00",100,0
"2019-04-11 13:29:00",700,0.00500000000000966
"2019-04-11 13:30:00",1348,0
"2019-04-11 13:31:00",1145,0.0150000000000006
"2019-04-11 13:32:00",4000,-0.0300000000000011
"2019-04-11 13:33:00",1603,0.00499999999999545
"2019-04-11 13:34:00",1340,0.00499999999999545
"2019-04-11 13:35:00",715,-0.0035000000000025
"2019-04-11 13:36:00",4326,-0.00149999999999295
"2019-04-11 13:37:00",7748,0.0150000000000006
"2019-04-11 13:38:00",1673,-0.0150000000000006
"2019-04-11 13:39:00",1046,0.0150000000000006
"2019-04-11 13:40:00",587,0
"2019-04-11 13:41:00",6857,-0.00499999999999545
"2019-04-11 13:42:00",2611,0.00999999999999091
"2019-04-11 13:43:00",3472,0.0200000000000102
"2019-04-11 13:44:00",800,-0.00490000000000634
"2019-04-11 13:45:00",1767,-0.00509999999999877
"2019-04-11 13:46:00",4224,-0.000299999999995748
"2019-04-11 13:47:00",3951,-0.000600000000005707
"2019-04-11 13:48:00",2700,-0.00270000000000437
"2019-04-11 13:49:00",600,0.00360000000000582
"2019-04-11 13:50:00",2864,-0.0150000000000006
"2019-04-11 13:51:00",1712,0.00950000000000273
"2019-04-11 13:52:00",1633,0.0104999999999933
"2019-04-11 13:53:00",1531,-0.00499999999999545
"2019-04-11 13:54:00",1055,-0.0058000000000078
"2019-04-11 13:55:00",2323,-0.0204999999999984
"2019-04-11 13:56:00",6292,0.00630000000001019
"2019-04-11 13:57:00",2131,0
"2019-04-11 13:58:00",7012,0.00999999999999091
"2019-04-11 13:59:00",2930,0.0100000000000051
"2019-04-11 14:00:00",2405,-0.0100000000000051
"2019-04-11 14:01:00",6000,0.0150000000000006
"2019-04-11 14:02:00",4100,-0.000799999999998136
"2019-04-11 14:03:00",3040,0.00830000000000553
"2019-04-11 14:04:00",2408,0.0124999999999886
"2019-04-11 14:05:00",2100,0
"2019-04-11 14:06:00",1693,0
"2019-04-11 14:07:00",791,-9.99999999891088e-05
"2019-04-11 14:08:00",1100,0.00509999999999877
"2019-04-11 14:09:00",400,-0.00500000000000966
"2019-04-11 14:10:00",3119,0
"2019-04-11 14:11:00",1200,0
"2019-04-11 14:12:00",2347,-0.00999999999999091
"2019-04-11 14:13:00",1919,0
"2019-04-11 14:14:00",875,0
"2019-04-11 14:15:00",1720,0.0150000000000006
"2019-04-11 14:16:00",1174,0.019999999999996
"2019-04-11 14:17:00",2760,0.0150000000000006
"2019-04-11 14:18:00",4300,-0.00499999999999545
"2019-04-11 14:19:00",2500,0
"2019-04-11 14:20:00",518,0.000299999999995748
"2019-04-11 14:21:00",1233,-0.000299999999995748
"2019-04-11 14:22:00",9379,0.00499999999999545
"2019-04-11 14:23:00",1254,0.0099000000000018
"2019-04-11 14:24:00",6892,-0.0199000000000069
"2019-04-11 14:25:00",1275,0.0150000000000006
"2019-04-11 14:26:00",959,0
"2019-04-11 14:27:00",500,0.00500000000000966
"2019-04-11 14:28:00",600,0
"2019-04-11 14:29:00",701,-0.00500000000000966
"2019-04-11 14:30:00",3437,0.0150000000000006
"2019-04-11 14:31:00",1604,-0.00499999999999545
"2019-04-11 14:32:00",2850,0.020300000000006
"2019-04-11 14:33:00",4841,-0.0153000000000105
"2019-04-11 14:34:00",2054,0
"2019-04-11 14:35:00",3247,-0.0150000000000006
"2019-04-11 14:36:00",4259,0.00500000000000966
"2019-04-11 14:37:00",1027,0
"2019-04-11 14:38:00",2693,0.00999999999999091
"2019-04-11 14:39:00",3264,0.0100000000000051
"2019-04-11 14:40:00",4510,-0.0150000000000006
"2019-04-11 14:41:00",1101,0
"2019-04-11 14:42:00",16466,-0.0148999999999972
"2019-04-11 14:43:00",4161,-0.000200000000006639
"2019-04-11 14:44:00",7563,0.0101000000000084
"2019-04-11 14:45:00",2655,0
"2019-04-11 14:46:00",7103,-0.0150000000000006
"2019-04-11 14:47:00",9075,0
"2019-04-11 14:48:00",4417,0.00499999999999545
"2019-04-11 14:49:00",4244,-0.00010000000000332
"2019-04-11 14:50:00",7819,0.0101000000000084
"2019-04-11 14:51:00",2971,0
"2019-04-11 14:52:00",4307,0.00499999999999545
"2019-04-11 14:53:00",8999,0.0150000000000006
"2019-04-11 14:54:00",6071,0.0300000000000011
"2019-04-11 14:55:00",8007,0.00499999999999545
"2019-04-11 14:56:00",4064,0.00500000000000966
"2019-04-11 14:57:00",25344,-0.0100000000000051
"2019-04-11 14:58:00",15380,0.00499999999999545
"2019-04-11 14:59:00",20775,-0.00499999999999545
"2019-04-11 15:02:00",17626,0
"2019-04-11 15:15:00",0,0
"2019-04-12 08:30:00",40981,0.179999999999993
"2019-04-12 08:31:00",9592,-0.0300000000000011
"2019-04-12 08:32:00",10808,-0.00999999999999091
"2019-04-12 08:33:00",7918,-0.019999999999996
"2019-04-12 08:34:00",3964,-0.0100000000000051
"2019-04-12 08:35:00",17232,-0.0700000000000074
"2019-04-12 08:36:00",28740,0.0300000000000011
"2019-04-12 08:37:00",26381,-0.0300000000000011
"2019-04-12 08:38:00",2919,-0.00999999999999091
"2019-04-12 08:39:00",11689,0
"2019-04-12 08:40:00",18655,-0.00500000000000966
"2019-04-12 08:41:00",42674,0.0450000000000017
"2019-04-12 08:42:00",9706,-0.00999999999999091
"2019-04-12 08:43:00",6985,0.0300000000000011
"2019-04-12 08:44:00",5276,0
"2019-04-12 08:45:00",1617,0
"2019-04-12 08:46:00",4426,0.0300000000000011
"2019-04-12 08:47:00",5867,-0.0600000000000023
"2019-04-12 08:48:00",9342,-0.0464000000000055
"2019-04-12 08:49:00",4112,0.00140000000000384
"2019-04-12 08:50:00",17921,0.0181999999999931
"2019-04-12 08:51:00",2250,-0.0181999999999931
"2019-04-12 08:52:00",500,0.0150000000000006
"2019-04-12 08:53:00",2562,0.0150000000000006
"2019-04-12 08:54:00",7186,-0.0301000000000045
"2019-04-12 08:55:00",25247,-0.0099000000000018
"2019-04-12 08:56:00",13680,0.0150000000000006
"2019-04-12 08:57:00",12000,-0.0499999999999972
"2019-04-12 08:58:00",17454,-0.019999999999996
"2019-04-12 08:59:00",11564,0.0300000000000011
"2019-04-12 09:00:00",8840,-0.0200000000000102
"2019-04-12 09:01:00",3441,-0.039999999999992
"2019-04-12 09:02:00",3401,0
"2019-04-12 09:03:00",7364,0.0300000000000011
"2019-04-12 09:04:00",1716,0.00999999999999091
"2019-04-12 09:05:00",3980,-0.00999999999999091
"2019-04-12 09:06:00",11135,-0.0300000000000011
"2019-04-12 09:07:00",11848,0
"2019-04-12 09:08:00",9875,0.0300000000000011
"2019-04-12 09:09:00",9839,0.039999999999992
"2019-04-12 09:10:00",9275,0.0150000000000006
"2019-04-12 09:11:00",12979,0.00500000000000966
"2019-04-12 09:12:00",3984,-0.0500000000000114
"2019-04-12 09:13:00",7324,-0.039999999999992
"2019-04-12 09:14:00",10886,-0.00500000000000966
"2019-04-12 09:15:00",11750,0.0150000000000006
"2019-04-12 09:16:00",8708,0.0100000000000051
"2019-04-12 09:17:00",8608,-0.00499999999999545
"2019-04-12 09:18:00",5502,0.00499999999999545
"2019-04-12 09:19:00",6400,0.0150000000000006
"2019-04-12 09:20:00",6751,0.0250000000000057
"2019-04-12 09:21:00",3062,0.0150000000000006
"2019-04-12 09:22:00",2961,0.0308999999999884
"2019-04-12 09:23:00",3093,0.0241000000000042
"2019-04-12 09:24:00",3887,0
"2019-04-12 09:25:00",2571,-0.019999999999996
"2019-04-12 09:26:00",2803,-0.0197000000000003
"2019-04-12 09:27:00",5615,0.0467000000000013
"2019-04-12 09:28:00",5963,-0.0101999999999975
"2019-04-12 09:29:00",5449,-0.0366000000000071
"2019-04-12 09:30:00",9809,-0.0202000000000027
"2019-04-12 09:31:00",700,-0.019999999999996
"2019-04-12 09:32:00",1873,-0.019999999999996
"2019-04-12 09:33:00",4711,-0.0150000000000006
"2019-04-12 09:34:00",25650,0.0150000000000006
"2019-04-12 09:35:00",17255,-0.00500000000000966
"2019-04-12 09:36:00",9169,0.00500000000000966
"2019-04-12 09:37:00",11366,0.039999999999992
"2019-04-12 09:38:00",18528,-0.0300000000000011
"2019-04-12 09:39:00",8356,-0.0300000000000011
"2019-04-12 09:40:00",9216,-0.0599999999999881
"2019-04-12 09:41:00",10870,-0.0200000000000102
"2019-04-12 09:42:00",16818,0.0200000000000102
"2019-04-12 09:43:00",8119,-0.0100000000000051
"2019-04-12 09:44:00",2462,-0.019999999999996
"2019-04-12 09:45:00",9250,0.039999999999992
"2019-04-12 09:46:00",6520,-0.00999999999999091
"2019-04-12 09:47:00",4011,0.00999999999999091
"2019-04-12 09:48:00",5742,0.0129000000000019
"2019-04-12 09:49:00",8835,0.0271000000000043
"2019-04-12 09:50:00",8039,-0.0100000000000051
"2019-04-12 09:51:00",5060,0.0100000000000051
"2019-04-12 09:52:00",8936,0.00999999999999091
"2019-04-12 09:53:00",4060,-0.019999999999996
"2019-04-12 09:54:00",6332,0
"2019-04-12 09:55:00",1554,-0.00499999999999545
"2019-04-12 09:56:00",3877,-0.00500000000000966
"2019-04-12 09:57:00",12294,-0.00499999999999545
"2019-04-12 09:58:00",11103,0.0250000000000057
"2019-04-12 09:59:00",8369,-0.0200000000000102
"2019-04-12 10:00:00",8919,0.0150000000000006
"2019-04-12 10:01:00",3040,-0.00499999999999545
"2019-04-12 10:02:00",5100,-0.0100000000000051
"2019-04-12 10:03:00",6491,0.0450000000000017
"2019-04-12 10:04:00",12522,-0.0249999999999915
"2019-04-12 10:05:00",9912,0
"2019-04-12 10:06:00",12155,-0.0100000000000051
"2019-04-12 10:07:00",4840,0.0100000000000051
"2019-04-12 10:08:00",13300,0.00999999999999091
"2019-04-12 10:09:00",4544,0.00500000000000966
"2019-04-12 10:10:00",7406,0.0150000000000006
"2019-04-12 10:11:00",9340,0.00999999999999091
"2019-04-12 10:12:00",3588,-0.019999999999996
"2019-04-12 10:13:00",3418,-0.0150000000000006
"2019-04-12 10:14:00",7839,-0.00499999999999545
"2019-04-12 10:15:00",12088,0.019999999999996
"2019-04-12 10:16:00",7356,-0.019999999999996
"2019-04-12 10:17:00",13283,0
"2019-04-12 10:18:00",3387,0.00499999999999545
"2019-04-12 10:19:00",4100,0.0150000000000006
"2019-04-12 10:20:00",9241,0.019999999999996
"2019-04-12 10:21:00",5742,0
"2019-04-12 10:22:00",4379,0.0100000000000051
"2019-04-12 10:23:00",5130,0.0300000000000011
"2019-04-12 10:24:00",5055,-0.019999999999996
"2019-04-12 10:25:00",2900,0
"2019-04-12 10:26:00",7116,-0.00500000000000966
"2019-04-12 10:27:00",96475,-0.0600000000000023
"2019-04-12 10:28:00",9561,0
"2019-04-12 10:29:00",10784,-0.0249999999999915
"2019-04-12 10:30:00",4648,-0.0450000000000017
"2019-04-12 10:31:00",10729,-0.0100000000000051
"2019-04-12 10:32:00",11400,0.0150000000000006
"2019-04-12 10:33:00",8300,-0.00999999999999091
"2019-04-12 10:34:00",40045,0.0849999999999937
"2019-04-12 10:35:00",17952,0.0150000000000006
"2019-04-12 10:36:00",7700,-0.0100000000000051
"2019-04-12 10:37:00",9739,0
"2019-04-12 10:38:00",5308,0.0300000000000011
"2019-04-12 10:39:00",3900,-0.039999999999992
"2019-04-12 10:40:00",1950,-0.0300000000000011
"2019-04-12 10:41:00",7563,0
"2019-04-12 10:42:00",3260,0.0249999999999915
"2019-04-12 10:43:00",2400,-0.00499999999999545
"2019-04-12 10:44:00",5026,0
"2019-04-12 10:45:00",3500,-0.019999999999996
"2019-04-12 10:46:00",3150,-0.0150000000000006
"2019-04-12 10:47:00",2109,0.0150000000000006
"2019-04-12 10:48:00",9517,-0.0300000000000011
"2019-04-12 10:49:00",4387,0.00499999999999545
"2019-04-12 10:50:00",2539,-0.00600000000000023
"2019-04-12 10:51:00",5143,-0.00399999999999068
"2019-04-12 10:52:00",4276,0.019999999999996
"2019-04-12 10:53:00",1700,0.00499999999999545
"2019-04-12 10:54:00",7258,0
"2019-04-12 10:55:00",3417,0
"2019-04-12 10:56:00",4132,-0.00999999999999091
"2019-04-12 10:57:00",4545,-0.0200000000000102
"2019-04-12 10:58:00",8149,0.00500000000000966
"2019-04-12 10:59:00",1600,-0.0150000000000006
"2019-04-12 11:00:00",8586,0.031099999999995
"2019-04-12 11:01:00",4700,-0.00109999999999388
"2019-04-12 11:02:00",2404,-0.0200000000000102
"2019-04-12 11:03:00",6465,-0.00999999999999091
"2019-04-12 11:04:00",5109,0
"2019-04-12 11:05:00",4133,0.0180999999999898
"2019-04-12 11:06:00",3146,-0.0230999999999995
"2019-04-12 11:07:00",3621,0.00500000000000966
"2019-04-12 11:08:00",1598,-0.007000000000005
"2019-04-12 11:09:00",2304,-0.00289999999999679
"2019-04-12 11:10:00",1950,-0.00010000000000332
"2019-04-12 11:11:00",9230,-0.019999999999996
"2019-04-12 11:12:00",3368,0
"2019-04-12 11:13:00",6211,-0.0100000000000051
"2019-04-12 11:14:00",11743,-0.0100000000000051
"2019-04-12 11:15:00",2382,0.0150000000000006
"2019-04-12 11:16:00",4587,0.0200000000000102
"2019-04-12 11:17:00",3467,-0.00500000000000966
"2019-04-12 11:18:00",6965,0.0300000000000011
"2019-04-12 11:19:00",1593,-0.0150000000000006
"2019-04-12 11:20:00",1950,0.00249999999999773
"2019-04-12 11:21:00",2700,-0.00749999999999318
"2019-04-12 11:22:00",8519,-0.0100000000000051
"2019-04-12 11:23:00",6926,-0.00999999999999091
"2019-04-12 11:24:00",3726,0
"2019-04-12 11:25:00",7164,0
"2019-04-12 11:26:00",2001,0.00999999999999091
"2019-04-12 11:27:00",7419,-0.00499999999999545
"2019-04-12 11:28:00",4314,0.00499999999999545
"2019-04-12 11:29:00",3318,0.0100000000000051
"2019-04-12 11:30:00",3080,0.0169999999999959
"2019-04-12 11:31:00",11332,-0.0169999999999959
"2019-04-12 11:32:00",6384,-0.0100000000000051
"2019-04-12 11:33:00",8612,-0.00999999999999091
"2019-04-12 11:34:00",1405,-0.0200000000000102
"2019-04-12 11:35:00",1724,0
"2019-04-12 11:36:00",2836,-0.0299999999999869
"2019-04-12 11:37:00",813,-0.00500000000000966
"2019-04-12 11:38:00",3550,0.0250000000000057
"2019-04-12 11:39:00",300,0
"2019-04-12 11:40:00",2200,0
"2019-04-12 11:41:00",2451,0.0150000000000006
"2019-04-12 11:42:00",3354,-0.0150000000000006
"2019-04-12 11:43:00",813,0.00359999999999161
"2019-04-12 11:44:00",1382,0.00140000000000384
"2019-04-12 11:45:00",2179,-0.00499999999999545
"2019-04-12 11:46:00",4925,-0.0400000000000063
"2019-04-12 11:47:00",4808,0.0100000000000051
"2019-04-12 11:48:00",3798,0.0100000000000051
"2019-04-12 11:49:00",1625,0.00999999999999091
"2019-04-12 11:50:00",1400,-0.00339999999999918
"2019-04-12 11:51:00",200,-0.00659999999999172
"2019-04-12 11:52:00",1544,0.00999999999999091
"2019-04-12 11:53:00",1415,0
"2019-04-12 11:54:00",1031,0.0100000000000051
"2019-04-12 11:55:00",1500,0.0300000000000011
"2019-04-12 11:56:00",2689,-0.0100000000000051
"2019-04-12 11:57:00",2410,0
"2019-04-12 11:58:00",1764,0.0100000000000051
"2019-04-12 11:59:00",8756,0.00499999999999545
"2019-04-12 12:00:00",2743,0.0150000000000006
"2019-04-12 12:01:00",5774,0.0148999999999972
"2019-04-12 12:02:00",2320,0.00010000000000332
"2019-04-12 12:03:00",7547,0.0150000000000006
"2019-04-12 12:04:00",2350,0.0100000000000051
"2019-04-12 12:05:00",1200,0
"2019-04-12 12:06:00",700,-0.0100000000000051
"2019-04-12 12:07:00",2019,0.0100000000000051
"2019-04-12 12:08:00",4550,-0.0400000000000063
"2019-04-12 12:09:00",693,0.00499999999999545
"2019-04-12 12:10:00",450,-0.00499999999999545
"2019-04-12 12:11:00",5292,0
"2019-04-12 12:12:00",1274,0
"2019-04-12 12:13:00",3835,0.0100000000000051
"2019-04-12 12:14:00",2300,-0.0100000000000051
"2019-04-12 12:15:00",2070,0
"2019-04-12 12:16:00",1600,-0.0100000000000051
"2019-04-12 12:17:00",2321,-0.00999999999999091
"2019-04-12 12:18:00",2300,0
"2019-04-12 12:19:00",2272,0.019999999999996
"2019-04-12 12:20:00",709,-0.0100000000000051
"2019-04-12 12:21:00",1580,0
"2019-04-12 12:22:00",1138,0.0100000000000051
"2019-04-12 12:23:00",5017,0
"2019-04-12 12:24:00",3615,0.00499999999999545
"2019-04-12 12:25:00",6587,0.0150000000000006
"2019-04-12 12:26:00",3031,0.00500000000000966
"2019-04-12 12:27:00",4242,0.00130000000000052
"2019-04-12 12:28:00",2558,0.00369999999999493
"2019-04-12 12:29:00",5236,-0.00499999999999545
"2019-04-12 12:30:00",6658,0.0249999999999915
"2019-04-12 12:31:00",1007,0
"2019-04-12 12:32:00",3340,-0.00399999999999068
"2019-04-12 12:33:00",5333,-0.00600000000000023
"2019-04-12 12:34:00",2136,0.00499999999999545
"2019-04-12 12:35:00",4260,0.019999999999996
"2019-04-12 12:36:00",8029,0
"2019-04-12 12:37:00",3566,0.0100000000000051
"2019-04-12 12:38:00",944,0
"2019-04-12 12:39:00",1600,0.00889999999999702
"2019-04-12 12:40:00",1214,0.00610000000000355
"2019-04-12 12:41:00",7433,0.00999999999999091
"2019-04-12 12:42:00",600,-0.00999999999999091
"2019-04-12 12:43:00",2305,0
"2019-04-12 12:44:00",2831,-0.00500000000000966
"2019-04-12 12:45:00",1852,0
"2019-04-12 12:46:00",1100,0
"2019-04-12 12:47:00",3777,-0.0150000000000006
"2019-04-12 12:48:00",5747,0.00820000000000221
"2019-04-12 12:49:00",3017,-0.00569999999999027
"2019-04-12 12:50:00",800,-0.00250000000001194
"2019-04-12 12:51:00",1674,0.00500000000000966
"2019-04-12 12:52:00",1065,0
"2019-04-12 12:53:00",2058,0.00499999999999545
"2019-04-12 12:54:00",828,-0.0150000000000006
"2019-04-12 12:55:00",4510,-0.0300000000000011
"2019-04-12 12:56:00",1400,-0.0150000000000006
"2019-04-12 12:57:00",2608,-0.00999999999999091
"2019-04-12 12:58:00",4063,0.00999999999999091
"2019-04-12 12:59:00",1259,-0.00999999999999091
"2019-04-12 13:00:00",1997,-0.0100000000000051
"2019-04-12 13:01:00",7555,0.0150000000000006
"2019-04-12 13:02:00",2100,0
"2019-04-12 13:03:00",2492,0
"2019-04-12 13:04:00",853,0
"2019-04-12 13:05:00",2651,0.0100000000000051
"2019-04-12 13:06:00",4994,-0.0100000000000051
"2019-04-12 13:07:00",2566,0
"2019-04-12 13:08:00",5708,-0.0250000000000057
"2019-04-12 13:09:00",719,0.00500000000000966
"2019-04-12 13:10:00",5121,-0.00500000000000966
"2019-04-12 13:11:00",2092,0.00010000000000332
"2019-04-12 13:12:00",8546,-0.0151000000000039
"2019-04-12 13:13:00",1941,-0.0150000000000006
"2019-04-12 13:14:00",3809,0
"2019-04-12 13:15:00",2927,0.0100000000000051
"2019-04-12 13:16:00",814,0.019999999999996
"2019-04-12 13:17:00",3768,0.00500000000000966
"2019-04-12 13:18:00",2655,-0.0100000000000051
"2019-04-12 13:19:00",300,-0.0150000000000006
"2019-04-12 13:20:00",9198,0
"2019-04-12 13:21:00",826,-0.00499999999999545
"2019-04-12 13:22:00",1008,-0.00500000000000966
"2019-04-12 13:23:00",2202,-0.0174999999999983
"2019-04-12 13:24:00",4511,0.00750000000000739
"2019-04-12 13:25:00",2463,-0.019999999999996
"2019-04-12 13:26:00",1283,0.0149999999999864
"2019-04-12 13:27:00",890,-0.0149999999999864
"2019-04-12 13:28:00",5091,-0.0200000000000102
"2019-04-12 13:29:00",3354,-0.00789999999999225
"2019-04-12 13:30:00",8135,-0.00209999999999866
"2019-04-12 13:31:00",4021,0
"2019-04-12 13:32:00",1925,-0.0200000000000102
"2019-04-12 13:33:00",5096,0
"2019-04-12 13:34:00",1125,-0.00999999999999091
"2019-04-12 13:35:00",16140,0.0168999999999926
"2019-04-12 13:36:00",2432,-0.00699999999999079
"2019-04-12 13:37:00",2500,-0.029900000000012
"2019-04-12 13:38:00",4246,-0.019999999999996
"2019-04-12 13:39:00",4200,0.0100000000000051
"2019-04-12 13:40:00",1354,0
"2019-04-12 13:41:00",1140,-0.0100000000000051
"2019-04-12 13:42:00",1804,-0.00499999999999545
"2019-04-12 13:43:00",1065,-0.031400000000005
"2019-04-12 13:44:00",3350,-0.00359999999999161
"2019-04-12 13:45:00",1980,0.00999999999999091
"2019-04-12 13:46:00",900,0
"2019-04-12 13:47:00",3816,-0.00010000000000332
"2019-04-12 13:48:00",2251,-0.0148999999999972
"2019-04-12 13:49:00",6021,-0.00499999999999545
"2019-04-12 13:50:00",2758,-0.0063999999999993
"2019-04-12 13:51:00",3354,0.0063999999999993
"2019-04-12 13:52:00",4700,-0.0300000000000011
"2019-04-12 13:53:00",10062,0.0298999999999978
"2019-04-12 13:54:00",500,-0.00610000000000355
"2019-04-12 13:55:00",1168,0.0112000000000023
"2019-04-12 13:56:00",8186,-0.00999999999999091
"2019-04-12 13:57:00",3175,-0.0250000000000057
"2019-04-12 13:58:00",4845,0
"2019-04-12 13:59:00",475,0
"2019-04-12 14:00:00",2766,0.0100000000000051
"2019-04-12 14:01:00",1942,0.00999999999999091
"2019-04-12 14:02:00",12173,0
"2019-04-12 14:03:00",5158,0.0250000000000057
"2019-04-12 14:04:00",1617,0.00499999999999545
"2019-04-12 14:05:00",4865,-0.00499999999999545
"2019-04-12 14:06:00",2170,-0.00499999999999545
"2019-04-12 14:07:00",4992,-0.0100000000000051
"2019-04-12 14:08:00",2120,0.00289999999999679
"2019-04-12 14:09:00",900,-0.00289999999999679
"2019-04-12 14:10:00",900,-0.0100000000000051
"2019-04-12 14:11:00",1499,-0.00499999999999545
"2019-04-12 14:12:00",5856,0.019999999999996
"2019-04-12 14:13:00",3261,0.0200000000000102
"2019-04-12 14:14:00",3006,0.00499999999999545
"2019-04-12 14:15:00",2300,0
"2019-04-12 14:16:00",11664,-0.00750000000000739
"2019-04-12 14:17:00",1837,-0.0124999999999886
"2019-04-12 14:18:00",1243,-0.0150000000000006
"2019-04-12 14:19:00",6113,-0.0100000000000051
"2019-04-12 14:20:00",1753,0.0100000000000051
"2019-04-12 14:21:00",2708,0
"2019-04-12 14:22:00",6084,0.00999999999999091
"2019-04-12 14:23:00",3873,0.0150000000000006
"2019-04-12 14:24:00",1013,-0.00010000000000332
"2019-04-12 14:25:00",3128,0.00520000000000209
"2019-04-12 14:26:00",6074,-0.0100999999999942
"2019-04-12 14:27:00",410,0.00499999999999545
"2019-04-12 14:28:00",1912,0.019999999999996
"2019-04-12 14:29:00",2103,0.0200000000000102
"2019-04-12 14:30:00",3663,-0.0100000000000051
"2019-04-12 14:31:00",2518,-0.019999999999996
"2019-04-12 14:32:00",2663,-0.019999999999996
"2019-04-12 14:33:00",15900,-0.0100000000000051
"2019-04-12 14:34:00",700,0.00499999999999545
"2019-04-12 14:35:00",2300,-0.0150000000000006
"2019-04-12 14:36:00",8924,-0.037399999999991
"2019-04-12 14:37:00",4321,0.00239999999999441
"2019-04-12 14:38:00",2279,0.0100000000000051
"2019-04-12 14:39:00",6540,0.0150000000000006
"2019-04-12 14:40:00",11033,-0.0350000000000108
"2019-04-12 14:41:00",10455,0.0100000000000051
"2019-04-12 14:42:00",4242,0.00499999999999545
"2019-04-12 14:43:00",5481,-0.00499999999999545
"2019-04-12 14:44:00",3867,0
"2019-04-12 14:45:00",15596,0.019999999999996
"2019-04-12 14:46:00",5673,-0.00509999999999877
"2019-04-12 14:47:00",9450,0.00260000000000105
"2019-04-12 14:48:00",9391,-0.00249999999999773
"2019-04-12 14:49:00",3442,0.00499999999999545
"2019-04-12 14:50:00",24766,-0.00999999999999091
"2019-04-12 14:51:00",18958,-0.0200000000000102
"2019-04-12 14:52:00",4255,0
"2019-04-12 14:53:00",9002,0.00500000000000966
"2019-04-12 14:54:00",11513,-0.0100000000000051
"2019-04-12 14:55:00",19178,0.0400000000000063
"2019-04-12 14:56:00",29299,0.0249999999999915
"2019-04-12 14:57:00",30412,-0.00999999999999091
"2019-04-12 14:58:00",12495,-0.0100000000000051
"2019-04-12 14:59:00",57614,-0.0150000000000006
"2019-04-12 15:02:00",42984,0
"2019-04-12 15:15:00",0,0
"2019-04-15 08:30:00",92025,0.209999999999994
"2019-04-15 08:31:00",20997,0.0400000000000063
"2019-04-15 08:32:00",8764,0.0400000000000063
"2019-04-15 08:33:00",7482,-0.0400000000000063
"2019-04-15 08:34:00",8400,0.0100000000000051
"2019-04-15 08:35:00",19054,-0.0500000000000114
"2019-04-15 08:36:00",15793,-0.039999999999992
"2019-04-15 08:37:00",10176,-0.0400000000000063
"2019-04-15 08:38:00",21798,0
"2019-04-15 08:39:00",25951,0.00500000000000966
"2019-04-15 08:40:00",13602,-0.0200000000000102
"2019-04-15 08:41:00",9942,-0.0349999999999966
"2019-04-15 08:42:00",27702,-0.0249999999999915
"2019-04-15 08:43:00",23754,-0.0250000000000057
"2019-04-15 08:44:00",18540,0
"2019-04-15 08:45:00",61323,0.00499999999999545
"2019-04-15 08:46:00",14839,-0.00499999999999545
"2019-04-15 08:47:00",28634,-0.0349999999999966
"2019-04-15 08:48:00",8192,-0.0450000000000017
"2019-04-15 08:49:00",13653,0.0264999999999986
"2019-04-15 08:50:00",9319,-0.0365000000000038
"2019-04-15 08:51:00",11176,0.019999999999996
"2019-04-15 08:52:00",6989,0
"2019-04-15 08:53:00",17600,-0.0299999999999869
"2019-04-15 08:54:00",12378,0.0330999999999904
"2019-04-15 08:55:00",23427,0.0268999999999977
"2019-04-15 08:56:00",57101,0.0101000000000084
"2019-04-15 08:57:00",6082,0.0549000000000035
"2019-04-15 08:58:00",6155,-0.0150000000000006
"2019-04-15 08:59:00",6463,-0.0200000000000102
"2019-04-15 09:00:00",7874,0.0400000000000063
"2019-04-15 09:01:00",8500,0.0499999999999972
"2019-04-15 09:02:00",11964,0
"2019-04-15 09:03:00",11678,-0.00499999999999545
"2019-04-15 09:04:00",5902,0.0150000000000006
"2019-04-15 09:05:00",5105,0.00999999999999091
"2019-04-15 09:06:00",8307,-0.0349999999999966
"2019-04-15 09:07:00",3541,0.0550999999999959
"2019-04-15 09:08:00",4999,-0.0300999999999902
"2019-04-15 09:09:00",2826,-0.0100000000000051
"2019-04-15 09:10:00",1401,0.0100000000000051
"2019-04-15 09:11:00",1000,0
"2019-04-15 09:12:00",4018,0
"2019-04-15 09:13:00",6476,0
"2019-04-15 09:14:00",11457,-0.0100000000000051
"2019-04-15 09:15:00",2182,0.0300000000000011
"2019-04-15 09:16:00",3200,0.0150000000000006
"2019-04-15 09:17:00",22723,0.0150000000000006
"2019-04-15 09:18:00",6885,-0.0250000000000057
"2019-04-15 09:19:00",4375,-0.00499999999999545
"2019-04-15 09:20:00",4782,-0.0250000000000057
"2019-04-15 09:21:00",1700,-0.00499999999999545
"2019-04-15 09:22:00",5179,0
"2019-04-15 09:23:00",8551,0.0100000000000051
"2019-04-15 09:24:00",4510,-0.0100000000000051
"2019-04-15 09:25:00",13672,0.0100000000000051
"2019-04-15 09:26:00",2761,-0.0200000000000102
"2019-04-15 09:27:00",3429,0.0200000000000102
"2019-04-15 09:28:00",7007,-0.0200000000000102
"2019-04-15 09:29:00",6737,-0.0300000000000011
"2019-04-15 09:30:00",5911,-0.00999999999999091
"2019-04-15 09:31:00",5387,0.00999999999999091
"2019-04-15 09:32:00",2200,-0.019999999999996
"2019-04-15 09:33:00",5508,0.0100000000000051
"2019-04-15 09:34:00",10762,-0.0300000000000011
"2019-04-15 09:35:00",5222,-0.0300000000000011
"2019-04-15 09:36:00",2132,0.019999999999996
"2019-04-15 09:37:00",1500,-0.0300000000000011
"2019-04-15 09:38:00",2678,-0.019999999999996
"2019-04-15 09:39:00",7167,0
"2019-04-15 09:40:00",4561,0
"2019-04-15 09:41:00",8876,0.0300000000000011
"2019-04-15 09:42:00",5072,-0.0100000000000051
"2019-04-15 09:43:00",16428,0.00500000000000966
"2019-04-15 09:44:00",7140,-0.0200000000000102
"2019-04-15 09:45:00",10047,0.0200000000000102
"2019-04-15 09:46:00",17528,-0.00500000000000966
"2019-04-15 09:47:00",11939,0
"2019-04-15 09:48:00",28164,0
"2019-04-15 09:49:00",20855,0.0200000000000102
"2019-04-15 09:50:00",6101,0
"2019-04-15 09:51:00",8539,0.00999999999999091
"2019-04-15 09:52:00",8038,0.0100000000000051
"2019-04-15 09:53:00",7767,0
"2019-04-15 09:54:00",10064,0.0300000000000011
"2019-04-15 09:55:00",6121,0.00999999999999091
"2019-04-15 09:56:00",4472,0.0100000000000051
"2019-04-15 09:57:00",6747,-0.0150000000000006
"2019-04-15 09:58:00",11957,-0.0240000000000009
"2019-04-15 09:59:00",4957,0.00900000000000034
"2019-04-15 10:00:00",4481,-0.00499999999999545
"2019-04-15 10:01:00",2372,-0.0150000000000006
"2019-04-15 10:02:00",1900,-0.0255999999999972
"2019-04-15 10:03:00",4516,0.0155999999999921
"2019-04-15 10:04:00",1100,0
"2019-04-15 10:05:00",800,-0.00339999999999918
"2019-04-15 10:06:00",9746,-0.0315999999999974
"2019-04-15 10:07:00",8271,-0.0150000000000006
"2019-04-15 10:08:00",2507,0.019999999999996
"2019-04-15 10:09:00",1169,-0.019999999999996
"2019-04-15 10:10:00",4804,0.0131999999999977
"2019-04-15 10:11:00",1474,0.0168000000000035
"2019-04-15 10:12:00",1100,0
"2019-04-15 10:13:00",4809,0
"2019-04-15 10:14:00",6274,0.00499999999999545
"2019-04-15 10:15:00",8612,0.0100000000000051
"2019-04-15 10:16:00",7126,-0.00499999999999545
"2019-04-15 10:17:00",6948,0
"2019-04-15 10:18:00",2935,-0.0200000000000102
"2019-04-15 10:19:00",18593,0.00500000000000966
"2019-04-15 10:20:00",2510,0.0150000000000006
"2019-04-15 10:21:00",10363,0
"2019-04-15 10:22:00",8459,0.019999999999996
"2019-04-15 10:23:00",5431,0.019999999999996
"2019-04-15 10:24:00",5580,-0.0300000000000011
"2019-04-15 10:25:00",1200,-0.00999999999999091
"2019-04-15 10:26:00",4240,0
"2019-04-15 10:27:00",2344,0.019999999999996
"2019-04-15 10:28:00",2256,0.0109999999999957
"2019-04-15 10:29:00",5071,-0.0259999999999962
"2019-04-15 10:30:00",1200,0.0100000000000051
"2019-04-15 10:31:00",7257,0.0549999999999926
"2019-04-15 10:32:00",15669,0.0400000000000063
"2019-04-15 10:33:00",9610,-0.0100000000000051
"2019-04-15 10:34:00",18515,0.0300000000000011
"2019-04-15 10:35:00",26736,0.00799999999999557
"2019-04-15 10:36:00",9754,-0.0330000000000013
"2019-04-15 10:37:00",415,0.00490000000000634
"2019-04-15 10:38:00",300,-0.0099000000000018
"2019-04-15 10:39:00",3100,-0.00900000000000034
"2019-04-15 10:40:00",1491,0.0139999999999958
"2019-04-15 10:41:00",1306,0.0199000000000069
"2019-04-15 10:42:00",1461,-0.00490000000000634
"2019-04-15 10:43:00",1608,-0.019999999999996
"2019-04-15 10:44:00",1100,0
"2019-04-15 10:45:00",1918,0.0100000000000051
"2019-04-15 10:46:00",1600,-0.0200000000000102
"2019-04-15 10:47:00",3481,0
"2019-04-15 10:48:00",3583,0.0200000000000102
"2019-04-15 10:49:00",1130,0.00520000000000209
"2019-04-15 10:50:00",2230,-0.00520000000000209
"2019-04-15 10:51:00",548,0
"2019-04-15 10:52:00",1650,-0.0100000000000051
"2019-04-15 10:53:00",3000,0.0348000000000042
"2019-04-15 10:54:00",4324,-0.0148000000000081
"2019-04-15 10:55:00",1651,0.0100000000000051
"2019-04-15 10:56:00",1505,0
"2019-04-15 10:57:00",700,0
"2019-04-15 10:58:00",800,-0.0150000000000006
"2019-04-15 10:59:00",3551,-0.00499999999999545
"2019-04-15 11:00:00",1470,-0.00500000000000966
"2019-04-15 11:01:00",1460,0.0100000000000051
"2019-04-15 11:02:00",1396,-0.0150000000000006
"2019-04-15 11:03:00",1300,0.019999999999996
"2019-04-15 11:04:00",800,-0.00999999999999091
"2019-04-15 11:05:00",2065,0.0249999999999915
"2019-04-15 11:06:00",1242,-0.00999999999999091
"2019-04-15 11:07:00",300,-0.00500000000000966
"2019-04-15 11:08:00",1837,-0.00999999999999091
"2019-04-15 11:09:00",1137,0
"2019-04-15 11:10:00",2170,-0.0250000000000057
"2019-04-15 11:11:00",2169,0.0117000000000047
"2019-04-15 11:12:00",2768,-0.0167000000000002
"2019-04-15 11:13:00",200,-0.0100000000000051
"2019-04-15 11:14:00",2200,0.0100000000000051
"2019-04-15 11:15:00",2147,-0.0100000000000051
"2019-04-15 11:16:00",400,0.00499999999999545
"2019-04-15 11:17:00",1200,0.0150000000000006
"2019-04-15 11:18:00",504,-0.00999999999999091
"2019-04-15 11:19:00",1900,0.00999999999999091
"2019-04-15 11:20:00",1801,0.0100000000000051
"2019-04-15 11:21:00",1256,0.019999999999996
"2019-04-15 11:22:00",600,-0.00999999999999091
"2019-04-15 11:23:00",967,-0.0200000000000102
"2019-04-15 11:24:00",2489,0
"2019-04-15 11:25:00",403,-0.0157999999999987
"2019-04-15 11:26:00",2872,0.0058000000000078
"2019-04-15 11:27:00",1304,0
"2019-04-15 11:28:00",1035,0
"2019-04-15 11:29:00",1250,0
"2019-04-15 11:30:00",1155,0.00999999999999091
"2019-04-15 11:31:00",1050,0.0100000000000051
"2019-04-15 11:32:00",2727,0
"2019-04-15 11:33:00",5096,0.00499999999999545
"2019-04-15 11:34:00",4392,0.00169999999999959
"2019-04-15 11:35:00",2012,0.0233000000000061
"2019-04-15 11:36:00",700,0
"2019-04-15 11:37:00",1730,0
"2019-04-15 11:38:00",491,-0.00509999999999877
"2019-04-15 11:39:00",3129,0.0250999999999948
"2019-04-15 11:40:00",2078,0
"2019-04-15 11:41:00",698,-0.00430000000000064
"2019-04-15 11:42:00",1400,0.0143000000000058
"2019-04-15 11:43:00",1105,0.0100000000000051
"2019-04-15 11:44:00",1610,-0.0400000000000063
"2019-04-15 11:45:00",2320,0.019999999999996
"2019-04-15 11:46:00",600,0
"2019-04-15 11:47:00",3240,-0.00499999999999545
"2019-04-15 11:48:00",1358,-0.0150000000000006
"2019-04-15 11:49:00",2031,0
"2019-04-15 11:50:00",1500,0
"2019-04-15 11:51:00",638,-0.0099000000000018
"2019-04-15 11:52:00",600,0.0099000000000018
"2019-04-15 11:53:00",583,-0.00369999999999493
"2019-04-15 11:54:00",2776,0.00369999999999493
"2019-04-15 11:55:00",1545,-0.0100000000000051
"2019-04-15 11:56:00",2599,0.0150000000000006
"2019-04-15 11:57:00",900,0.00500000000000966
"2019-04-15 11:58:00",1197,-0.00509999999999877
"2019-04-15 11:59:00",1355,-0.0099000000000018
"2019-04-15 12:00:00",1720,0.00499999999999545
"2019-04-15 12:01:00",2883,0
"2019-04-15 12:02:00",1300,0
"2019-04-15 12:03:00",1311,0.0100000000000051
"2019-04-15 12:04:00",700,0
"2019-04-15 12:05:00",200,0
"2019-04-15 12:06:00",4870,0.00600000000000023
"2019-04-15 12:07:00",200,0.00399999999999068
"2019-04-15 12:08:00",1775,-0.00999999999999091
"2019-04-15 12:09:00",720,-0.0100000000000051
"2019-04-15 12:10:00",2200,-0.0100000000000051
"2019-04-15 12:11:00",2300,0
"2019-04-15 12:12:00",7300,0.00500000000000966
"2019-04-15 12:13:00",3125,0.00499999999999545
"2019-04-15 12:14:00",1237,0.0100000000000051
"2019-04-15 12:15:00",996,0
"2019-04-15 12:16:00",2006,-0.0100000000000051
"2019-04-15 12:17:00",800,0
"2019-04-15 12:18:00",1300,0
"2019-04-15 12:19:00",540,-0.00660000000000593
"2019-04-15 12:20:00",1600,0.0166000000000111
"2019-04-15 12:21:00",3658,-0.00490000000000634
"2019-04-15 12:22:00",400,0.00490000000000634
"2019-04-15 12:23:00",500,0
"2019-04-15 12:24:00",1858,0.00999999999999091
"2019-04-15 12:25:00",1000,0.00500000000000966
"2019-04-15 12:26:00",1134,0.00499999999999545
"2019-04-15 12:27:00",1874,0.0150000000000006
"2019-04-15 12:28:00",1303,-0.0100000000000051
"2019-04-15 12:29:00",1220,-0.00499999999999545
"2019-04-15 12:30:00",2017,0.0450000000000017
"2019-04-15 12:31:00",490,0
"2019-04-15 12:32:00",4340,-0.0150000000000006
"2019-04-15 12:33:00",700,0
"2019-04-15 12:34:00",4519,-0.0140999999999991
"2019-04-15 12:35:00",1789,-0.00589999999999691
"2019-04-15 12:36:00",1200,0
"2019-04-15 12:37:00",730,0.00239999999999441
"2019-04-15 12:38:00",1010,0.012599999999992
"2019-04-15 12:39:00",325,-0.00499999999999545
"2019-04-15 12:40:00",200,-0.00999999999999091
"2019-04-15 12:41:00",1311,0.0237999999999943
"2019-04-15 12:42:00",213,0.00419999999999732
"2019-04-15 12:43:00",1208,-0.0180000000000007
"2019-04-15 12:44:00",5291,0.0147000000000048
"2019-04-15 12:45:00",2031,0.0052999999999912
"2019-04-15 12:46:00",400,-0.00999999999999091
"2019-04-15 12:47:00",922,-0.0122000000000071
"2019-04-15 12:48:00",200,0.00220000000000198
"2019-04-15 12:49:00",133,0.00339999999999918
"2019-04-15 12:50:00",2400,0.00660000000000593
"2019-04-15 12:51:00",1000,0.00419999999999732
"2019-04-15 12:52:00",2944,-0.0142000000000024
"2019-04-15 12:53:00",1949,0.0100000000000051
"2019-04-15 12:54:00",1600,0.00999999999999091
"2019-04-15 12:55:00",1103,-0.00999999999999091
"2019-04-15 12:56:00",100,0
"2019-04-15 12:57:00",774,-0.019999999999996
"2019-04-15 12:58:00",1028,0
"2019-04-15 12:59:00",100,0.00499999999999545
"2019-04-15 13:00:00",2079,0.00169999999999959
"2019-04-15 13:01:00",900,-0.00979999999999848
"2019-04-15 13:02:00",1797,-0.00190000000000623
"2019-04-15 13:03:00",1200,0.00500000000000966
"2019-04-15 13:04:00",3788,0.0149999999999864
"2019-04-15 13:05:00",1470,0
"2019-04-15 13:06:00",800,-0.0149999999999864
"2019-04-15 13:07:00",1650,-0.0200000000000102
"2019-04-15 13:08:00",400,-0.00999999999999091
"2019-04-15 13:09:00",2144,0.00999999999999091
"2019-04-15 13:10:00",704,-0.00999999999999091
"2019-04-15 13:11:00",300,0.00499999999999545
"2019-04-15 13:12:00",2614,-0.00499999999999545
"2019-04-15 13:13:00",500,0
"2019-04-15 13:14:00",2529,0.00999999999999091
"2019-04-15 13:15:00",2814,0.0150000000000006
"2019-04-15 13:16:00",1100,-0.0150000000000006
"2019-04-15 13:17:00",2560,0.0170000000000101
"2019-04-15 13:18:00",1294,-0.0120000000000005
"2019-04-15 13:19:00",2835,-0.0150000000000006
"2019-04-15 13:20:00",3464,0
"2019-04-15 13:21:00",200,0
"2019-04-15 13:22:00",3427,-0.0200000000000102
"2019-04-15 13:23:00",100,0
"2019-04-15 13:24:00",2165,0
"2019-04-15 13:25:00",2963,0.00500000000000966
"2019-04-15 13:26:00",3024,0.00199999999999534
"2019-04-15 13:27:00",8042,-0.0120000000000005
"2019-04-15 13:28:00",3229,0.0150000000000006
"2019-04-15 13:29:00",1618,0.0150000000000006
"2019-04-15 13:30:00",2789,-0.00169999999999959
"2019-04-15 13:31:00",2950,-0.00329999999999586
"2019-04-15 13:32:00",6419,-0.00500000000000966
"2019-04-15 13:33:00",5079,-0.0150000000000006
"2019-04-15 13:34:00",4999,-0.0300000000000011
"2019-04-15 13:35:00",3059,-0.0150000000000006
"2019-04-15 13:36:00",3808,-0.00999999999999091
"2019-04-15 13:37:00",956,-0.00500000000000966
"2019-04-15 13:38:00",3750,-0.00999999999999091
"2019-04-15 13:39:00",7022,0.00499999999999545
"2019-04-15 13:40:00",4003,-0.0150000000000006
"2019-04-15 13:41:00",1200,0
"2019-04-15 13:42:00",2936,-0.00999999999999091
"2019-04-15 13:43:00",4502,-0.00970000000000937
"2019-04-15 13:44:00",2801,0.00970000000000937
"2019-04-15 13:45:00",3220,0.00999999999999091
"2019-04-15 13:46:00",2200,0.0150000000000006
"2019-04-15 13:47:00",200,-0.00239999999999441
"2019-04-15 13:48:00",6831,-0.0126000000000062
"2019-04-15 13:49:00",1303,-0.00999999999999091
"2019-04-15 13:50:00",2085,0.00849999999999795
"2019-04-15 13:51:00",1688,0.00149999999999295
"2019-04-15 13:52:00",1750,0.00500000000000966
"2019-04-15 13:53:00",4648,0.019999999999996
"2019-04-15 13:54:00",504,-0.00100000000000477
"2019-04-15 13:55:00",2998,-0.0139999999999958
"2019-04-15 13:56:00",200,0
"2019-04-15 13:57:00",3455,-0.0100000000000051
"2019-04-15 13:58:00",3603,0.0150000000000006
"2019-04-15 13:59:00",1600,-0.0150000000000006
"2019-04-15 14:00:00",2525,0.0300000000000011
"2019-04-15 14:01:00",1800,-0.0100000000000051
"2019-04-15 14:02:00",400,0.00500000000000966
"2019-04-15 14:03:00",1200,-0.0150000000000006
"2019-04-15 14:04:00",757,0.00499999999999545
"2019-04-15 14:05:00",998,0
"2019-04-15 14:06:00",2191,-0.0112000000000023
"2019-04-15 14:07:00",1667,-0.0087999999999937
"2019-04-15 14:08:00",1783,-0.00499999999999545
"2019-04-15 14:09:00",3499,-0.0200000000000102
"2019-04-15 14:10:00",1123,0
"2019-04-15 14:11:00",1123,-0.00480000000000302
"2019-04-15 14:12:00",3962,-0.0230999999999995
"2019-04-15 14:13:00",4449,-0.0120999999999896
"2019-04-15 14:14:00",15151,0.00999999999999091
"2019-04-15 14:15:00",620,-0.00499999999999545
"2019-04-15 14:16:00",4685,0.019999999999996
"2019-04-15 14:17:00",1953,-0.0150000000000006
"2019-04-15 14:18:00",3319,-0.00999999999999091
"2019-04-15 14:19:00",515,9.99999999891088e-05
"2019-04-15 14:20:00",5360,-0.0100999999999942
"2019-04-15 14:21:00",500,0
"2019-04-15 14:22:00",5456,0.0100000000000051
"2019-04-15 14:23:00",1293,-0.00570000000000448
"2019-04-15 14:24:00",2202,-0.00430000000000064
"2019-04-15 14:25:00",1551,0.00499999999999545
"2019-04-15 14:26:00",3907,-0.00999999999999091
"2019-04-15 14:27:00",4974,0.00999999999999091
"2019-04-15 14:28:00",2314,0.00500000000000966
"2019-04-15 14:29:00",1715,-0.0100000000000051
"2019-04-15 14:30:00",8832,0.0199000000000069
"2019-04-15 14:31:00",2421,-0.0199000000000069
"2019-04-15 14:32:00",1000,0
"2019-04-15 14:33:00",1390,0
"2019-04-15 14:34:00",6696,-0.00499999999999545
"2019-04-15 14:35:00",1200,-0.00500000000000966
"2019-04-15 14:36:00",2361,0
"2019-04-15 14:37:00",7312,0.0150000000000006
"2019-04-15 14:38:00",435,0.000700000000009027
"2019-04-15 14:39:00",3436,-0.000700000000009027
"2019-04-15 14:40:00",5682,0.0100000000000051
"2019-04-15 14:41:00",5886,0.0300000000000011
"2019-04-15 14:42:00",20187,0
"2019-04-15 14:43:00",8239,-0.00499999999999545
"2019-04-15 14:44:00",9579,-0.00500000000000966
"2019-04-15 14:45:00",3185,0.00500000000000966
"2019-04-15 14:46:00",11321,0.0063999999999993
"2019-04-15 14:47:00",3566,-0.00140000000000384
"2019-04-15 14:48:00",1404,0
"2019-04-15 14:49:00",9885,0.00499999999999545
"2019-04-15 14:50:00",2008,0.00500000000000966
"2019-04-15 14:51:00",10715,0.019999999999996
"2019-04-15 14:52:00",18580,-0.00499999999999545
"2019-04-15 14:53:00",8952,0.00999999999999091
"2019-04-15 14:54:00",15610,-0.00999999999999091
"2019-04-15 14:55:00",6803,-0.0100000000000051
"2019-04-15 14:56:00",30429,0.0250000000000057
"2019-04-15 14:57:00",13212,-0.0100000000000051
"2019-04-15 14:58:00",13601,0.0150000000000006
"2019-04-15 14:59:00",46225,-0.280000000000001
"2019-04-15 15:02:00",70006,0.299999999999997
"2019-04-15 15:15:00",0,0
"2019-04-16 08:30:00",40055,-0.0699999999999932
"2019-04-16 08:31:00",9900,0.00999999999999091
"2019-04-16 08:32:00",22003,0.0200000000000102
"2019-04-16 08:33:00",8474,-0.0200000000000102
"2019-04-16 08:34:00",9512,-0.0300000000000011
"2019-04-16 08:35:00",7352,-0.039999999999992
"2019-04-16 08:36:00",4410,0.019999999999996
"2019-04-16 08:37:00",16898,-0.0100000000000051
"2019-04-16 08:38:00",24781,-0.019999999999996
"2019-04-16 08:39:00",3993,-0.019999999999996
"2019-04-16 08:40:00",1600,0
"2019-04-16 08:41:00",3433,0.019999999999996
"2019-04-16 08:42:00",1205,-0.00499999999999545
"2019-04-16 08:43:00",2272,0
"2019-04-16 08:44:00",5440,-0.00499999999999545
"2019-04-16 08:45:00",3946,-0.0200000000000102
"2019-04-16 08:46:00",10841,0.0250000000000057
"2019-04-16 08:47:00",2335,-0.00499999999999545
"2019-04-16 08:48:00",4916,-0.00600000000000023
"2019-04-16 08:49:00",4327,-0.0390000000000015
"2019-04-16 08:50:00",2536,0.0150000000000006
"2019-04-16 08:51:00",1889,-0.0700000000000074
"2019-04-16 08:52:00",3552,-0.019999999999996
"2019-04-16 08:53:00",3318,0
"2019-04-16 08:54:00",6226,0.039999999999992
"2019-04-16 08:55:00",700,-0.019999999999996
"2019-04-16 08:56:00",989,0.019999999999996
"2019-04-16 08:57:00",2057,-0.019999999999996
"2019-04-16 08:58:00",3497,-0.00659999999999172
"2019-04-16 08:59:00",2600,0.0165999999999968
"2019-04-16 09:00:00",10778,0
"2019-04-16 09:01:00",2400,0
"2019-04-16 09:02:00",5765,-0.0300000000000011
"2019-04-16 09:03:00",3196,0.00999999999999091
"2019-04-16 09:04:00",1144,0
"2019-04-16 09:05:00",3679,0.0150000000000006
"2019-04-16 09:06:00",2402,-0.00999999999999091
"2019-04-16 09:07:00",908,0.00499999999999545
"2019-04-16 09:08:00",2926,-0.0249999999999915
"2019-04-16 09:09:00",3496,0.00499999999999545
"2019-04-16 09:10:00",5098,0.0300000000000011
"2019-04-16 09:11:00",3400,0.0100999999999942
"2019-04-16 09:12:00",3659,0.0148999999999972
"2019-04-16 09:13:00",5262,-0.019999999999996
"2019-04-16 09:14:00",2800,-0.00499999999999545
"2019-04-16 09:15:00",4543,0.0150000000000006
"2019-04-16 09:16:00",12647,0.0150000000000006
"2019-04-16 09:17:00",5650,-0.00830000000000553
"2019-04-16 09:18:00",8834,0.0130999999999943
"2019-04-16 09:19:00",3622,-0.0162999999999869
"2019-04-16 09:20:00",9681,-0.0235000000000127
"2019-04-16 09:21:00",3665,0.0150000000000006
"2019-04-16 09:22:00",3356,0
"2019-04-16 09:23:00",2339,-0.00999999999999091
"2019-04-16 09:24:00",507,-0.0100000000000051
"2019-04-16 09:25:00",3815,0.0400000000000063
"2019-04-16 09:26:00",2077,0
"2019-04-16 09:27:00",2450,0.039999999999992
"2019-04-16 09:28:00",5500,0.0300000000000011
"2019-04-16 09:29:00",3864,-0.0300000000000011
"2019-04-16 09:30:00",4282,-0.019999999999996
"2019-04-16 09:31:00",2706,-0.0199000000000069
"2019-04-16 09:32:00",6701,-9.99999999891088e-05
"2019-04-16 09:33:00",9196,-0.0200000000000102
"2019-04-16 09:34:00",1950,-0.00499999999999545
"2019-04-16 09:35:00",800,0.00499999999999545
"2019-04-16 09:36:00",2100,0.0200000000000102
"2019-04-16 09:37:00",1130,-0.0100000000000051
"2019-04-16 09:38:00",2463,0
"2019-04-16 09:39:00",1590,-0.0150000000000006
"2019-04-16 09:40:00",4000,0.0250000000000057
"2019-04-16 09:41:00",6202,0.0300000000000011
"2019-04-16 09:42:00",2381,0.0198999999999927
"2019-04-16 09:43:00",5392,0.0250999999999948
"2019-04-16 09:44:00",1693,-0.0549999999999926
"2019-04-16 09:45:00",6055,0.0250000000000057
"2019-04-16 09:46:00",1166,0.0213999999999999
"2019-04-16 09:47:00",2200,0.00359999999999161
"2019-04-16 09:48:00",1275,-0.019999999999996
"2019-04-16 09:49:00",2055,0
"2019-04-16 09:50:00",800,-0.0100000000000051
"2019-04-16 09:51:00",7518,0.0100000000000051
"2019-04-16 09:52:00",700,0
"2019-04-16 09:53:00",4500,0.0300000000000011
"2019-04-16 09:54:00",2084,-0.019999999999996
"2019-04-16 09:55:00",1000,-0.0300000000000011
"2019-04-16 09:56:00",780,-0.0300000000000011
"2019-04-16 09:57:00",739,-0.0100000000000051
"2019-04-16 09:58:00",3930,0
"2019-04-16 09:59:00",2882,-0.0250000000000057
"2019-04-16 10:00:00",3250,0.0100000000000051
"2019-04-16 10:01:00",3160,0.0150000000000006
"2019-04-16 10:02:00",3012,0.0035000000000025
"2019-04-16 10:03:00",3224,0.0164999999999935
"2019-04-16 10:04:00",7671,-0.019999999999996
"2019-04-16 10:05:00",2656,0.0150000000000006
"2019-04-16 10:06:00",5423,0.0250000000000057
"2019-04-16 10:07:00",5116,0.00999999999999091
"2019-04-16 10:08:00",3657,0.0100000000000051
"2019-04-16 10:09:00",5300,-0.0100000000000051
"2019-04-16 10:10:00",730,0.0100000000000051
"2019-04-16 10:11:00",350,-0.019999999999996
"2019-04-16 10:12:00",957,0.0375999999999976
"2019-04-16 10:13:00",2986,0.0164999999999935
"2019-04-16 10:14:00",1770,0.015900000000002
"2019-04-16 10:15:00",3803,0.019999999999996
"2019-04-16 10:16:00",800,-0.019999999999996
"2019-04-16 10:17:00",2532,-0.00499999999999545
"2019-04-16 10:18:00",4924,0.00999999999999091
"2019-04-16 10:19:00",2010,-0.0148999999999972
"2019-04-16 10:20:00",100,-0.00010000000000332
"2019-04-16 10:21:00",1980,-0.00999999999999091
"2019-04-16 10:22:00",11447,0.00999999999999091
"2019-04-16 10:23:00",840,-0.00999999999999091
"2019-04-16 10:24:00",2600,-0.0100000000000051
"2019-04-16 10:25:00",1491,0.0100000000000051
"2019-04-16 10:26:00",2469,0
"2019-04-16 10:27:00",3624,-0.0100000000000051
"2019-04-16 10:28:00",1089,-0.0300000000000011
"2019-04-16 10:29:00",1308,0.0200000000000102
"2019-04-16 10:30:00",700,-0.0400000000000063
"2019-04-16 10:31:00",11858,-0.0100000000000051
"2019-04-16 10:32:00",9405,0.0200000000000102
"2019-04-16 10:33:00",4212,0.0249999999999915
"2019-04-16 10:34:00",3294,0
"2019-04-16 10:35:00",7721,0.00500000000000966
"2019-04-16 10:36:00",3619,-0.0300000000000011
"2019-04-16 10:37:00",500,-0.0300000000000011
"2019-04-16 10:38:00",2583,-0.0300000000000011
"2019-04-16 10:39:00",1210,-0.0100000000000051
"2019-04-16 10:40:00",1829,-0.0100000000000051
"2019-04-16 10:41:00",2410,-0.0299999999999869
"2019-04-16 10:42:00",1710,0.019999999999996
"2019-04-16 10:43:00",300,-0.0100000000000051
"2019-04-16 10:44:00",1300,0
"2019-04-16 10:45:00",4100,0.0100000000000051
"2019-04-16 10:46:00",3584,0.00499999999999545
"2019-04-16 10:47:00",300,0
"2019-04-16 10:48:00",337,-0.00499999999999545
"2019-04-16 10:49:00",1440,0.00999999999999091
"2019-04-16 10:50:00",1475,0.0200000000000102
"2019-04-16 10:51:00",880,0.00999999999999091
"2019-04-16 10:52:00",1027,0.0100000000000051
"2019-04-16 10:53:00",200,0.0100000000000051
"2019-04-16 10:54:00",2025,-0.0100000000000051
"2019-04-16 10:55:00",352,0.0063999999999993
"2019-04-16 10:56:00",400,0.00860000000000127
"2019-04-16 10:57:00",1162,0.0100000000000051
"2019-04-16 10:58:00",827,0.00499999999999545
"2019-04-16 10:59:00",855,0
"2019-04-16 11:00:00",6860,0
"2019-04-16 11:01:00",500,0.0100000000000051
"2019-04-16 11:02:00",200,-0.0150000000000006
"2019-04-16 11:03:00",1400,0.00499999999999545
"2019-04-16 11:04:00",4054,-0.0150000000000006
"2019-04-16 11:05:00",400,0.00499999999999545
"2019-04-16 11:06:00",514,-0.00499999999999545
"2019-04-16 11:07:00",510,-0.00499999999999545
"2019-04-16 11:08:00",1668,0.0150000000000006
"2019-04-16 11:09:00",1000,-0.00500000000000966
"2019-04-16 11:10:00",1084,-0.019999999999996
"2019-04-16 11:11:00",900,-0.00480000000000302
"2019-04-16 11:12:00",725,0.00480000000000302
"2019-04-16 11:13:00",1800,0
"2019-04-16 11:14:00",4670,0
"2019-04-16 11:15:00",4440,0
"2019-04-16 11:16:00",600,0.0100000000000051
"2019-04-16 11:17:00",6649,0.0150000000000006
"2019-04-16 11:18:00",500,-0.00500000000000966
"2019-04-16 11:19:00",101,0.00300000000000011
"2019-04-16 11:20:00",6500,-0.0279999999999916
"2019-04-16 11:21:00",200,-0.00500000000000966
"2019-04-16 11:22:00",608,-0.00999999999999091
"2019-04-16 11:23:00",949,-0.0230999999999995
"2019-04-16 11:24:00",1369,0.00309999999998922
"2019-04-16 11:25:00",500,0.0100000000000051
"2019-04-16 11:26:00",600,0
"2019-04-16 11:27:00",300,-0.00499999999999545
"2019-04-16 11:28:00",1531,0
"2019-04-16 11:29:00",1547,0
"2019-04-16 11:30:00",3970,0
"2019-04-16 11:31:00",3171,0.00499999999999545
"2019-04-16 11:32:00",4580,0.0100000000000051
"2019-04-16 11:33:00",424,0.00999999999999091
"2019-04-16 11:34:00",3124,-0.00499999999999545
"2019-04-16 11:35:00",1427,0
"2019-04-16 11:36:00",5125,0.0100000000000051
"2019-04-16 11:37:00",600,0.0150000000000006
"2019-04-16 11:38:00",1254,0
"2019-04-16 11:39:00",2534,-0.0200000000000102
"2019-04-16 11:40:00",2177,-0.00999999999999091
"2019-04-16 11:41:00",100,0
"2019-04-16 11:42:00",943,-0.00430000000000064
"2019-04-16 11:43:00",655,-0.00260000000000105
"2019-04-16 11:44:00",1503,0.00189999999999202
"2019-04-16 11:45:00",1618,0
"2019-04-16 11:46:00",6963,0.0183000000000106
"2019-04-16 11:47:00",1435,-0.013300000000001
"2019-04-16 11:48:00",800,-0.0250000000000057
"2019-04-16 11:49:00",1692,0.00499999999999545
"2019-04-16 11:50:00",1200,-0.00499999999999545
"2019-04-16 11:51:00",16719,0.0349999999999966
"2019-04-16 11:52:00",10700,-0.00499999999999545
"2019-04-16 11:53:00",1600,0
"2019-04-16 11:54:00",600,0.00499999999999545
"2019-04-16 11:55:00",4210,0.0165000000000077
"2019-04-16 11:56:00",1465,0.0035000000000025
"2019-04-16 11:57:00",1700,0.019999999999996
"2019-04-16 11:58:00",1400,-0.0100000000000051
"2019-04-16 11:59:00",1377,-0.00779999999998893
"2019-04-16 12:00:00",2990,0.0277999999999992
"2019-04-16 12:01:00",710,0
"2019-04-16 12:02:00",4004,0.00999999999999091
"2019-04-16 12:03:00",800,-0.00999999999999091
"2019-04-16 12:04:00",100,0.00999999999999091
"2019-04-16 12:05:00",1401,0.0100000000000051
"2019-04-16 12:06:00",1500,-0.0100000000000051
"2019-04-16 12:07:00",1200,0.0100000000000051
"2019-04-16 12:08:00",190,0
"2019-04-16 12:09:00",600,-0.0100000000000051
"2019-04-16 12:10:00",360,-0.00499999999999545
"2019-04-16 12:11:00",400,0
"2019-04-16 12:12:00",1166,-0.00159999999999627
"2019-04-16 12:13:00",315,-0.00840000000000884
"2019-04-16 12:14:00",3703,0.00180000000000291
"2019-04-16 12:15:00",7062,-0.0267999999999944
"2019-04-16 12:16:00",1414,0
"2019-04-16 12:17:00",2159,0.00679999999999836
"2019-04-16 12:18:00",650,-0.00679999999999836
"2019-04-16 12:19:00",1246,0.00499999999999545
"2019-04-16 12:20:00",1089,0.0100000000000051
"2019-04-16 12:21:00",502,0
"2019-04-16 12:22:00",1200,0.00499999999999545
"2019-04-16 12:23:00",2055,0
"2019-04-16 12:24:00",500,-0.00499999999999545
"2019-04-16 12:25:00",400,-0.00500000000000966
"2019-04-16 12:26:00",2871,0.00120000000001141
"2019-04-16 12:27:00",14379,0.0587999999999909
"2019-04-16 12:28:00",1500,-0.00369999999999493
"2019-04-16 12:29:00",1700,-0.00300000000000011
"2019-04-16 12:30:00",2969,0.0116999999999905
"2019-04-16 12:31:00",1800,-0.0149999999999864
"2019-04-16 12:32:00",487,-0.026600000000002
"2019-04-16 12:33:00",529,0.00159999999999627
"2019-04-16 12:34:00",700,-0.00360000000000582
"2019-04-16 12:35:00",2415,-0.00139999999998963
"2019-04-16 12:36:00",1088,0
"2019-04-16 12:37:00",3003,-0.00010000000000332
"2019-04-16 12:38:00",547,0.0100999999999942
"2019-04-16 12:39:00",2677,-0.00549999999999784
"2019-04-16 12:40:00",2176,0.00880000000000791
"2019-04-16 12:41:00",600,-0.00330000000001007
"2019-04-16 12:42:00",1562,-0.00539999999999452
"2019-04-16 12:43:00",1199,-0.00459999999999638
"2019-04-16 12:44:00",4048,-0.0100000000000051
"2019-04-16 12:45:00",513,-0.00660000000000593
"2019-04-16 12:46:00",7439,0.00160000000001048
"2019-04-16 12:47:00",800,0
"2019-04-16 12:49:00",850,-0.0100000000000051
"2019-04-16 12:50:00",1438,0
"2019-04-16 12:51:00",1270,0.00499999999999545
"2019-04-16 12:52:00",555,0.00270000000000437
"2019-04-16 12:53:00",428,-0.00740000000000407
"2019-04-16 12:54:00",1102,-0.00959999999999184
"2019-04-16 12:55:00",1478,-0.00570000000000448
"2019-04-16 12:56:00",4655,0.0100000000000051
"2019-04-16 12:57:00",1846,0.00260000000000105
"2019-04-16 12:59:00",2870,0.017399999999995
"2019-04-16 13:00:00",3213,0.0100000000000051
"2019-04-16 13:01:00",1336,0
"2019-04-16 13:02:00",132,-0.00570000000000448
"2019-04-16 13:03:00",980,0.0190999999999946
"2019-04-16 13:04:00",3182,-0.00339999999999918
"2019-04-16 13:05:00",2952,0.0263000000000062
"2019-04-16 13:06:00",2128,-0.00629999999999598
"2019-04-16 13:07:00",1400,-0.0200000000000102
"2019-04-16 13:08:00",450,0.0200000000000102
"2019-04-16 13:09:00",1433,0.00300000000000011
"2019-04-16 13:10:00",2028,0.00849999999999795
"2019-04-16 13:11:00",408,-0.00150000000000716
"2019-04-16 13:12:00",1507,0.0190000000000055
"2019-04-16 13:13:00",800,-0.00900000000000034
"2019-04-16 13:14:00",1000,0.00999999999999091
"2019-04-16 13:15:00",4350,0.0200000000000102
"2019-04-16 13:16:00",355,-0.0100000000000051
"2019-04-16 13:17:00",5097,0.0148999999999972
"2019-04-16 13:18:00",7736,0.00509999999999877
"2019-04-16 13:19:00",2953,0.0150000000000006
"2019-04-16 13:20:00",1426,-0.0190999999999946
"2019-04-16 13:21:00",880,0.0108000000000033
"2019-04-16 13:22:00",1514,0.00809999999999889
"2019-04-16 13:23:00",2500,0.015199999999993
"2019-04-16 13:24:00",1968,-0.00999999999999091
"2019-04-16 13:25:00",1524,0.00300000000000011
"2019-04-16 13:26:00",1000,-0.00300000000000011
"2019-04-16 13:27:00",3754,-0.0100000000000051
"2019-04-16 13:28:00",255,0
"2019-04-16 13:29:00",2130,-0.00180000000000291
"2019-04-16 13:30:00",6052,0.00180000000000291
"2019-04-16 13:31:00",1400,-0.0100000000000051
"2019-04-16 13:32:00",500,0.0100000000000051
"2019-04-16 13:33:00",500,0.019999999999996
"2019-04-16 13:34:00",800,-0.00300000000000011
"2019-04-16 13:35:00",1200,-0.00699999999999079
"2019-04-16 13:36:00",901,-0.0200000000000102
"2019-04-16 13:37:00",400,-0.00999999999999091
"2019-04-16 13:38:00",430,0
"2019-04-16 13:39:00",3885,-0.0100000000000051
"2019-04-16 13:40:00",1700,0.019999999999996
"2019-04-16 13:41:00",3373,0
"2019-04-16 13:42:00",3182,0
"2019-04-16 13:43:00",3875,-0.00999999999999091
"2019-04-16 13:44:00",371,0
"2019-04-16 13:45:00",2616,0
"2019-04-16 13:46:00",1862,0.00669999999999504
"2019-04-16 13:47:00",3483,0.013300000000001
"2019-04-16 13:48:00",5633,-0.00499999999999545
"2019-04-16 13:49:00",1279,-0.00500000000000966
"2019-04-16 13:50:00",500,-0.00999999999999091
"2019-04-16 13:51:00",2100,0.019999999999996
"2019-04-16 13:52:00",1978,-0.00499999999999545
"2019-04-16 13:53:00",2800,0
"2019-04-16 13:54:00",1200,0.00999999999999091
"2019-04-16 13:55:00",1862,0
"2019-04-16 13:56:00",1753,-0.0172999999999917
"2019-04-16 13:57:00",15134,-0.00769999999999982
"2019-04-16 13:58:00",3133,-0.00670000000000925
"2019-04-16 13:59:00",3231,0.00300000000000011
"2019-04-16 14:00:00",5438,0.00370000000000914
"2019-04-16 14:01:00",13036,-0.007000000000005
"2019-04-16 14:02:00",1624,-0.00300000000000011
"2019-04-16 14:03:00",3635,-0.0117000000000047
"2019-04-16 14:04:00",1200,0.00169999999999959
"2019-04-16 14:05:00",1797,0.00500000000000966
"2019-04-16 14:06:00",1200,0.00499999999999545
"2019-04-16 14:07:00",1000,-0.0100000000000051
"2019-04-16 14:08:00",1683,0.0200000000000102
"2019-04-16 14:09:00",11507,0
"2019-04-16 14:10:00",800,0.00499999999999545
"2019-04-16 14:11:00",500,0
"2019-04-16 14:12:00",3172,-0.0250000000000057
"2019-04-16 14:13:00",3115,0.00500000000000966
"2019-04-16 14:14:00",2099,0.00999999999999091
"2019-04-16 14:15:00",700,0.00500000000000966
"2019-04-16 14:16:00",5065,-0.0150000000000006
"2019-04-16 14:17:00",2236,0.00499999999999545
"2019-04-16 14:18:00",2746,-0.00419999999999732
"2019-04-16 14:19:00",4417,-0.0157999999999987
"2019-04-16 14:20:00",4546,0.0150000000000006
"2019-04-16 14:21:00",1100,0
"2019-04-16 14:22:00",2850,-0.00500000000000966
"2019-04-16 14:23:00",1482,0.00500000000000966
"2019-04-16 14:24:00",1640,-0.00500000000000966
"2019-04-16 14:25:00",3752,0
"2019-04-16 14:26:00",2018,0.00010000000000332
"2019-04-16 14:27:00",6648,-0.00010000000000332
"2019-04-16 14:28:00",5503,0.0300000000000011
"2019-04-16 14:29:00",3995,0
"2019-04-16 14:30:00",3980,-0.019999999999996
"2019-04-16 14:31:00",6193,-0.0100000000000051
"2019-04-16 14:32:00",5328,0.0150000000000006
"2019-04-16 14:33:00",6574,-0.0349999999999966
"2019-04-16 14:34:00",4246,-0.0150000000000006
"2019-04-16 14:35:00",7652,-0.019999999999996
"2019-04-16 14:36:00",2800,-0.019999999999996
"2019-04-16 14:37:00",10848,0.00499999999999545
"2019-04-16 14:38:00",5254,0.00499999999999545
"2019-04-16 14:39:00",4900,-0.00999999999999091
"2019-04-16 14:40:00",5187,0
"2019-04-16 14:41:00",12259,-0.0150000000000006
"2019-04-16 14:42:00",8334,-0.0100000000000051
"2019-04-16 14:43:00",10374,0.0250000000000057
"2019-04-16 14:44:00",2956,0
"2019-04-16 14:45:00",8856,0.00999999999999091
"2019-04-16 14:46:00",18818,0
"2019-04-16 14:47:00",4757,0
"2019-04-16 14:48:00",12915,-0.00999999999999091
"2019-04-16 14:49:00",13492,-0.0200000000000102
"2019-04-16 14:50:00",10542,0
"2019-04-16 14:51:00",3612,0.00500000000000966
"2019-04-16 14:52:00",8354,0.00499999999999545
"2019-04-16 14:53:00",8692,0.0100000000000051
"2019-04-16 14:54:00",8414,-0.00500000000000966
"2019-04-16 14:55:00",9751,-0.019999999999996
"2019-04-16 14:56:00",10326,0.0100000000000051
"2019-04-16 14:57:00",16178,-0.0200000000000102
"2019-04-16 14:58:00",14911,-0.019999999999996
"2019-04-16 14:59:00",61508,-0.0300000000000011
"2019-04-16 15:04:00",105394,0
"2019-04-16 15:15:00",0,0
"2019-04-17 08:30:00",29545,0.460000000000008
"2019-04-17 08:31:00",3761,-0.0100000000000051
"2019-04-17 08:32:00",19672,-0.00499999999999545
"2019-04-17 08:33:00",7461,-0.0150000000000006
"2019-04-17 08:34:00",6461,-0.0200000000000102
"2019-04-17 08:35:00",23763,0.0100000000000051
"2019-04-17 08:36:00",16267,-0.0150000000000006
"2019-04-17 08:37:00",13316,0.0349999999999966
"2019-04-17 08:38:00",14933,0.0200000000000102
"2019-04-17 08:39:00",8030,0.00999999999999091
"2019-04-17 08:40:00",3876,-0.0300000000000011
"2019-04-17 08:41:00",2421,0
"2019-04-17 08:42:00",2418,-0.0249999999999915
"2019-04-17 08:43:00",2600,0.0249999999999915
"2019-04-17 08:44:00",3942,-0.0150000000000006
"2019-04-17 08:45:00",3628,0.0150000000000006
"2019-04-17 08:46:00",2201,-0.00999999999999091
"2019-04-17 08:47:00",20867,0.00999999999999091
"2019-04-17 08:48:00",3873,0
"2019-04-17 08:49:00",3533,-0.019999999999996
"2019-04-17 08:50:00",21516,0.0330000000000013
"2019-04-17 08:51:00",2390,-0.0130000000000052
"2019-04-17 08:52:00",3406,-0.019999999999996
"2019-04-17 08:53:00",6980,-0.0100000000000051
"2019-04-17 08:54:00",7700,0.0350000000000108
"2019-04-17 08:55:00",892,0.00499999999999545
"2019-04-17 08:56:00",6765,-0.019999999999996
"2019-04-17 08:57:00",1900,0.0349999999999966
"2019-04-17 08:58:00",1991,0.0349999999999966
"2019-04-17 08:59:00",4089,-0.0300000000000011
"2019-04-17 09:00:00",7071,-0.0499999999999972
"2019-04-17 09:01:00",5401,-0.0250000000000057
"2019-04-17 09:02:00",2966,-0.00499999999999545
"2019-04-17 09:03:00",3265,0.00499999999999545
"2019-04-17 09:04:00",4071,0.0250000000000057
"2019-04-17 09:05:00",3476,-0.019999999999996
"2019-04-17 09:06:00",700,-0.0300000000000011
"2019-04-17 09:07:00",3255,0.019999999999996
"2019-04-17 09:08:00",7872,-0.0349999999999966
"2019-04-17 09:09:00",1502,-0.0450000000000017
"2019-04-17 09:10:00",5019,-0.019999999999996
"2019-04-17 09:11:00",3455,-0.0200000000000102
"2019-04-17 09:12:00",16735,0.0100000000000051
"2019-04-17 09:13:00",2154,0.0600000000000023
"2019-04-17 09:14:00",3208,-0.0300000000000011
"2019-04-17 09:15:00",2214,-0.0100000000000051
"2019-04-17 09:16:00",2001,0.00500000000000966
"2019-04-17 09:17:00",7209,-0.00500000000000966
"2019-04-17 09:18:00",2304,-0.0150000000000006
"2019-04-17 09:19:00",1400,-0.0157999999999987
"2019-04-17 09:20:00",3895,0.0258000000000038
"2019-04-17 09:21:00",6814,0.0150000000000006
"2019-04-17 09:22:00",2600,-0.0100000000000051
"2019-04-17 09:23:00",4743,0.0400000000000063
"2019-04-17 09:24:00",2900,-0.019999999999996
"2019-04-17 09:25:00",4509,0.0300000000000011
"2019-04-17 09:26:00",3400,0.019999999999996
"2019-04-17 09:27:00",3500,-0.0100000000000051
"2019-04-17 09:28:00",2139,0.0300000000000011
"2019-04-17 09:29:00",3918,0
"2019-04-17 09:30:00",6700,0.0400000000000063
"2019-04-17 09:31:00",2052,0.0249999999999915
"2019-04-17 09:32:00",2740,-0.0468999999999937
"2019-04-17 09:33:00",3723,-0.018100000000004
"2019-04-17 09:34:00",3160,0
"2019-04-17 09:35:00",2809,0.0100000000000051
"2019-04-17 09:36:00",1519,0.019999999999996
"2019-04-17 09:37:00",1600,-0.039999999999992
"2019-04-17 09:38:00",1550,0.00999999999999091
"2019-04-17 09:39:00",3704,0
"2019-04-17 09:40:00",1350,-0.0249999999999915
"2019-04-17 09:41:00",4239,0
"2019-04-17 09:42:00",4260,0.00499999999999545
"2019-04-17 09:43:00",800,0.019999999999996
"2019-04-17 09:44:00",1000,-0.019999999999996
"2019-04-17 09:45:00",1200,-0.0499999999999972
"2019-04-17 09:46:00",1730,0.0349999999999966
"2019-04-17 09:47:00",1325,0.0150000000000006
"2019-04-17 09:48:00",2945,0.0100000000000051
"2019-04-17 09:49:00",1508,-0.00500000000000966
"2019-04-17 09:50:00",2803,-0.0349999999999966
"2019-04-17 09:51:00",4496,-0.019999999999996
"2019-04-17 09:52:00",2303,0
"2019-04-17 09:53:00",1100,0
"2019-04-17 09:54:00",300,0.039999999999992
"2019-04-17 09:55:00",1662,0.0300000000000011
"2019-04-17 09:56:00",800,-0.0300000000000011
"2019-04-17 09:57:00",1340,0
"2019-04-17 09:58:00",5215,-0.019999999999996
"2019-04-17 09:59:00",14947,-0.0400000000000063
"2019-04-17 10:00:00",6305,-0.00999999999999091
"2019-04-17 10:01:00",3752,-0.0200000000000102
"2019-04-17 10:02:00",8668,0.00510000000001298
"2019-04-17 10:03:00",3844,-0.00510000000001298
"2019-04-17 10:04:00",3834,0.0100000000000051
"2019-04-17 10:05:00",1371,-0.0134999999999934
"2019-04-17 10:06:00",3000,0.00349999999998829
"2019-04-17 10:07:00",2965,0.0100000000000051
"2019-04-17 10:08:00",1490,0.0400000000000063
"2019-04-17 10:09:00",2316,0.019999999999996
"2019-04-17 10:10:00",1610,0
"2019-04-17 10:11:00",1135,0.00860000000000127
"2019-04-17 10:12:00",3315,-0.0221000000000089
"2019-04-17 10:13:00",500,-0.0264999999999986
"2019-04-17 10:14:00",1207,0
"2019-04-17 10:15:00",1822,0.0100000000000051
"2019-04-17 10:16:00",3700,-0.019999999999996
"2019-04-17 10:17:00",2513,0.00999999999999091
"2019-04-17 10:18:00",1403,-0.0230999999999995
"2019-04-17 10:19:00",1156,0.0212000000000074
"2019-04-17 10:20:00",2800,0.0219000000000023
"2019-04-17 10:21:00",1500,-0.0217000000000098
"2019-04-17 10:22:00",1300,0.00169999999999959
"2019-04-17 10:23:00",6869,0.00500000000000966
"2019-04-17 10:24:00",3673,-0.018100000000004
"2019-04-17 10:25:00",514,0.0230999999999995
"2019-04-17 10:26:00",2500,0.019999999999996
"2019-04-17 10:27:00",3214,-0.0099000000000018
"2019-04-17 10:28:00",2710,0.0199000000000069
"2019-04-17 10:29:00",4922,-0.0400000000000063
"2019-04-17 10:30:00",2265,-0.019999999999996
"2019-04-17 10:31:00",600,0
"2019-04-17 10:32:00",2211,-0.0600000000000023
"2019-04-17 10:33:00",5663,0.0250000000000057
"2019-04-17 10:34:00",16933,0.0549999999999926
"2019-04-17 10:35:00",19125,0.0100000000000051
"2019-04-17 10:36:00",6707,-0.0100000000000051
"2019-04-17 10:37:00",2400,0
"2019-04-17 10:38:00",1100,0.0300000000000011
"2019-04-17 10:39:00",11449,0.0101000000000084
"2019-04-17 10:40:00",1703,-0.0101000000000084
"2019-04-17 10:41:00",902,0.0350000000000108
"2019-04-17 10:42:00",200,-0.00500000000000966
"2019-04-17 10:43:00",822,0.0100000000000051
"2019-04-17 10:44:00",300,-0.019999999999996
"2019-04-17 10:45:00",1393,-0.0100000000000051
"2019-04-17 10:46:00",3488,0
"2019-04-17 10:47:00",1964,-0.0100000000000051
"2019-04-17 10:48:00",1286,0.0100000000000051
"2019-04-17 10:49:00",625,0.00499999999999545
"2019-04-17 10:50:00",500,-0.0150000000000006
"2019-04-17 10:51:00",400,-0.00609999999998934
"2019-04-17 10:52:00",665,-0.00790000000000646
"2019-04-17 10:53:00",2322,-0.0160000000000053
"2019-04-17 10:54:00",1777,0.0150000000000006
"2019-04-17 10:55:00",400,-0.00499999999999545
"2019-04-17 10:56:00",300,-0.019999999999996
"2019-04-17 10:57:00",400,-0.0245000000000033
"2019-04-17 10:58:00",2100,-0.00549999999999784
"2019-04-17 10:59:00",993,-0.00499999999999545
"2019-04-17 11:00:00",200,0.00499999999999545
"2019-04-17 11:01:00",900,0
"2019-04-17 11:02:00",1400,-0.0300000000000011
"2019-04-17 11:03:00",2650,0
"2019-04-17 11:04:00",4210,-0.019999999999996
"2019-04-17 11:05:00",1542,-0.0100000000000051
"2019-04-17 11:06:00",200,0
"2019-04-17 11:07:00",4735,0.0262000000000029
"2019-04-17 11:08:00",738,-0.0011999999999972
"2019-04-17 11:09:00",3156,0.00499999999999545
"2019-04-17 11:10:00",600,-0.0100000000000051
"2019-04-17 11:11:00",600,0
"2019-04-17 11:12:00",2518,-0.0178999999999974
"2019-04-17 11:13:00",956,0.00790000000000646
"2019-04-17 11:14:00",765,-0.0100000000000051
"2019-04-17 11:15:00",2187,-0.00860000000000127
"2019-04-17 11:16:00",1145,0.00360000000000582
"2019-04-17 11:17:00",1200,0.0150000000000006
"2019-04-17 11:18:00",1600,0.019999999999996
"2019-04-17 11:19:00",1365,0.0100000000000051
"2019-04-17 11:20:00",1530,0.00999999999999091
"2019-04-17 11:21:00",1170,-0.0035000000000025
"2019-04-17 11:22:00",1600,0.00670000000000925
"2019-04-17 11:23:00",1463,-0.0281999999999982
"2019-04-17 11:24:00",200,0
"2019-04-17 11:25:00",200,-0.00500000000000966
"2019-04-17 11:26:00",700,0.0200000000000102
"2019-04-17 11:27:00",300,0
"2019-04-17 11:28:00",500,0.00999999999999091
"2019-04-17 11:29:00",1314,-0.019999999999996
"2019-04-17 11:30:00",300,0.0100000000000051
"2019-04-17 11:31:00",1850,0.00149999999999295
"2019-04-17 11:32:00",300,0.00839999999999463
"2019-04-17 11:33:00",1161,0.00010000000000332
"2019-04-17 11:34:00",1375,-0.019999999999996
"2019-04-17 11:35:00",500,0.0150000000000006
"2019-04-17 11:36:00",200,0.00499999999999545
"2019-04-17 11:37:00",450,0.0150000000000006
"2019-04-17 11:38:00",400,0.0150000000000006
"2019-04-17 11:39:00",880,-0.019999999999996
"2019-04-17 11:40:00",200,-0.0100000000000051
"2019-04-17 11:41:00",300,-0.00999999999999091
"2019-04-17 11:42:00",1605,0.00999999999999091
"2019-04-17 11:43:00",425,0.00500000000000966
"2019-04-17 11:44:00",800,-0.0100000000000051
"2019-04-17 11:45:00",100,0.00499999999999545
"2019-04-17 11:46:00",1901,0.00889999999999702
"2019-04-17 11:47:00",2346,-0.00889999999999702
"2019-04-17 11:48:00",500,0
"2019-04-17 11:49:00",621,0.0199000000000069
"2019-04-17 11:50:00",2100,0.0147999999999939
"2019-04-17 11:51:00",1768,0.00530000000000541
"2019-04-17 11:52:00",1770,0.00999999999999091
"2019-04-17 11:53:00",737,0.0100000000000051
"2019-04-17 11:54:00",2387,-0.0100000000000051
"2019-04-17 11:55:00",835,0.0100000000000051
"2019-04-17 11:56:00",400,0
"2019-04-17 11:57:00",410,-0.0150000000000006
"2019-04-17 11:58:00",800,0.0150000000000006
"2019-04-17 11:59:00",400,-0.00499999999999545
"2019-04-17 12:00:00",1888,-0.00180000000000291
"2019-04-17 12:01:00",1900,0.00669999999999504
"2019-04-17 12:02:00",900,0.00010000000000332
"2019-04-17 12:03:00",100,0
"2019-04-17 12:04:00",200,0.0100000000000051
"2019-04-17 12:05:00",200,0
"2019-04-17 12:06:00",757,-0.0150000000000006
"2019-04-17 12:07:00",475,0.0150000000000006
"2019-04-17 12:08:00",500,0.00999999999999091
"2019-04-17 12:09:00",400,0
"2019-04-17 12:10:00",580,-0.019999999999996
"2019-04-17 12:11:00",2423,0.019999999999996
"2019-04-17 12:12:00",985,-0.00379999999999825
"2019-04-17 12:13:00",425,0.00010000000000332
"2019-04-17 12:14:00",373,-0.00130000000000052
"2019-04-17 12:15:00",3103,0.0250000000000057
"2019-04-17 12:16:00",653,-0.0100000000000051
"2019-04-17 12:17:00",1578,0.0399000000000029
"2019-04-17 12:18:00",1420,0.00439999999998975
"2019-04-17 12:19:00",208,-0.00429999999998643
"2019-04-17 12:20:00",300,-0.0100000000000051
"2019-04-17 12:21:00",250,0
"2019-04-17 12:22:00",2777,0.039999999999992
"2019-04-17 12:23:00",1800,-0.00999999999999091
"2019-04-17 12:24:00",2315,-0.0100000000000051
"2019-04-17 12:25:00",125,0.00280000000000769
"2019-04-17 12:26:00",1410,-0.0230999999999995
"2019-04-17 12:27:00",600,0.000299999999995748
"2019-04-17 12:28:00",1360,0
"2019-04-17 12:29:00",409,0.019999999999996
"2019-04-17 12:30:00",1975,-0.019999999999996
"2019-04-17 12:31:00",200,0.0100000000000051
"2019-04-17 12:32:00",1300,0.0149999999999864
"2019-04-17 12:33:00",600,0.0150000000000006
"2019-04-17 12:34:00",600,0.00680000000001257
"2019-04-17 12:35:00",314,-0.00680000000001257
"2019-04-17 12:36:00",700,-0.00999999999999091
"2019-04-17 12:37:00",1445,0.0131999999999977
"2019-04-17 12:38:00",665,-0.00320000000000675
"2019-04-17 12:39:00",1935,0.0147000000000048
"2019-04-17 12:40:00",100,-0.0046999999999997
"2019-04-17 12:41:00",7723,-0.0150000000000006
"2019-04-17 12:42:00",760,0.00499999999999545
"2019-04-17 12:43:00",300,0.00500000000000966
"2019-04-17 12:44:00",1502,-0.00880000000000791
"2019-04-17 12:45:00",7470,-0.0011999999999972
"2019-04-17 12:46:00",1400,-0.00499999999999545
"2019-04-17 12:47:00",1843,-0.0100000000000051
"2019-04-17 12:48:00",114,0.00679999999999836
"2019-04-17 12:49:00",1659,-0.00679999999999836
"2019-04-17 12:50:00",5186,0.0100000000000051
"2019-04-17 12:51:00",550,-0.0127000000000095
"2019-04-17 12:52:00",100,0.00270000000000437
"2019-04-17 12:53:00",800,0.0100000000000051
"2019-04-17 12:54:00",892,0.00499999999999545
"2019-04-17 12:55:00",500,-0.00499999999999545
"2019-04-17 12:56:00",1800,0
"2019-04-17 12:57:00",2294,0
"2019-04-17 12:58:00",700,0.00999999999999091
"2019-04-17 12:59:00",781,0
"2019-04-17 13:00:00",1036,-0.00619999999999266
"2019-04-17 13:01:00",600,0.0011999999999972
"2019-04-17 13:02:00",1330,-0.0103000000000009
"2019-04-17 13:03:00",700,-0.0146999999999906
"2019-04-17 13:04:00",800,0.0149999999999864
"2019-04-17 13:05:00",900,0
"2019-04-17 13:06:00",1600,-0.00499999999999545
"2019-04-17 13:07:00",630,0
"2019-04-17 13:08:00",1200,-0.00499999999999545
"2019-04-17 13:09:00",2624,-0.011400000000009
"2019-04-17 13:10:00",1400,-0.0285999999999973
"2019-04-17 13:11:00",800,-0.0249999999999915
"2019-04-17 13:12:00",4118,-0.000500000000002387
"2019-04-17 13:13:00",1443,-0.0195000000000078
"2019-04-17 13:14:00",1200,0.00500000000000966
"2019-04-17 13:15:00",1600,0.0150000000000006
"2019-04-17 13:16:00",400,0.00999999999999091
"2019-04-17 13:17:00",1026,-0.0176000000000016
"2019-04-17 13:18:00",4496,0.0276000000000067
"2019-04-17 13:19:00",272,0.00390000000000157
"2019-04-17 13:20:00",2767,-0.0139000000000067
"2019-04-17 13:21:00",762,-0.00499999999999545
"2019-04-17 13:22:00",1101,-0.0011999999999972
"2019-04-17 13:23:00",982,-0.00880000000000791
"2019-04-17 13:24:00",828,-0.00999999999999091
"2019-04-17 13:25:00",3296,-0.0350000000000108
"2019-04-17 13:26:00",1294,0.0400000000000063
"2019-04-17 13:27:00",1341,-0.00499999999999545
"2019-04-17 13:28:00",568,-0.00939999999999941
"2019-04-17 13:29:00",2587,-0.0206000000000017
"2019-04-17 13:30:00",3364,0.0150000000000006
"2019-04-17 13:31:00",430,0
"2019-04-17 13:33:00",560,0
"2019-04-17 13:34:00",1932,-0.03840000000001
"2019-04-17 13:35:00",2716,-0.0052999999999912
"2019-04-17 13:36:00",5276,-0.0163000000000011
"2019-04-17 13:37:00",1354,0
"2019-04-17 13:38:00",2374,-0.0100000000000051
"2019-04-17 13:39:00",1074,0
"2019-04-17 13:40:00",939,-0.00999999999999091
"2019-04-17 13:41:00",810,0
"2019-04-17 13:42:00",2079,0.019999999999996
"2019-04-17 13:43:00",1751,-0.0100000000000051
"2019-04-17 13:44:00",756,0.0100000000000051
"2019-04-17 13:45:00",901,0.00499999999999545
"2019-04-17 13:46:00",2561,0.00500000000000966
"2019-04-17 13:47:00",460,-0.0100000000000051
"2019-04-17 13:48:00",1420,0.0100000000000051
"2019-04-17 13:49:00",800,0
"2019-04-17 13:50:00",4100,0
"2019-04-17 13:51:00",426,0.00989999999998759
"2019-04-17 13:52:00",611,-0.0157999999999987
"2019-04-17 13:53:00",1481,0.00590000000001112
"2019-04-17 13:54:00",1223,0
"2019-04-17 13:55:00",400,-0.0100000000000051
"2019-04-17 13:56:00",4965,0.0104999999999933
"2019-04-17 13:57:00",7959,-0.000499999999988177
"2019-04-17 13:58:00",952,-0.0200000000000102
"2019-04-17 13:59:00",3029,0.0144999999999982
"2019-04-17 14:00:00",1007,0.015500000000003
"2019-04-17 14:01:00",2344,0
"2019-04-17 14:02:00",857,0.0116000000000014
"2019-04-17 14:03:00",700,-0.00159999999999627
"2019-04-17 14:04:00",1561,0.00629999999999598
"2019-04-17 14:05:00",6922,-0.00629999999999598
"2019-04-17 14:06:00",2007,0.019999999999996
"2019-04-17 14:07:00",3631,0
"2019-04-17 14:08:00",595,-0.019999999999996
"2019-04-17 14:09:00",230,-0.00130000000000052
"2019-04-17 14:10:00",2867,-0.0350999999999999
"2019-04-17 14:11:00",520,0.0063999999999993
"2019-04-17 14:12:00",516,-0.00780000000000314
"2019-04-17 14:13:00",12487,-0.0121999999999929
"2019-04-17 14:14:00",384,0.00999999999999091
"2019-04-17 14:15:00",1201,-0.00499999999999545
"2019-04-17 14:16:00",21179,-0.0250000000000057
"2019-04-17 14:17:00",3096,-0.00499999999999545
"2019-04-17 14:18:00",7334,-0.00499999999999545
"2019-04-17 14:19:00",3300,0.00499999999999545
"2019-04-17 14:20:00",950,0
"2019-04-17 14:21:00",4227,0
"2019-04-17 14:22:00",2139,0.0289000000000073
"2019-04-17 14:23:00",800,0.00109999999999388
"2019-04-17 14:24:00",7355,0
"2019-04-17 14:25:00",600,0
"2019-04-17 14:26:00",2143,-0.0250000000000057
"2019-04-17 14:27:00",1980,0.00520000000000209
"2019-04-17 14:28:00",3649,0.00480000000000302
"2019-04-17 14:29:00",3585,0
"2019-04-17 14:30:00",1700,0.00499999999999545
"2019-04-17 14:31:00",2677,-0.0249999999999915
"2019-04-17 14:32:00",3900,-0.00500000000000966
"2019-04-17 14:33:00",850,0.00450000000000728
"2019-04-17 14:34:00",9510,-0.0144999999999982
"2019-04-17 14:35:00",4413,-0.0100000000000051
"2019-04-17 14:36:00",4156,0
"2019-04-17 14:37:00",5273,0.0300000000000011
"2019-04-17 14:38:00",1055,0.00750000000000739
"2019-04-17 14:39:00",395,0.00169999999999959
"2019-04-17 14:40:00",4445,0.010799999999989
"2019-04-17 14:41:00",2070,0.0100000000000051
"2019-04-17 14:42:00",5893,0.0100000000000051
"2019-04-17 14:43:00",871,0
"2019-04-17 14:44:00",2825,0.0120000000000005
"2019-04-17 14:45:00",1891,-0.00200000000000955
"2019-04-17 14:46:00",8647,-0.0300000000000011
"2019-04-17 14:47:00",3911,0.0135000000000076
"2019-04-17 14:48:00",5137,0.0164999999999935
"2019-04-17 14:49:00",5256,-0.00499999999999545
"2019-04-17 14:50:00",4342,0.019999999999996
"2019-04-17 14:51:00",4383,0.0250000000000057
"2019-04-17 14:52:00",2928,0
"2019-04-17 14:53:00",4687,0
"2019-04-17 14:54:00",8596,0.0249999999999915
"2019-04-17 14:55:00",32063,-0.00499999999999545
"2019-04-17 14:56:00",34099,0
"2019-04-17 14:57:00",17045,0.0250000000000057
"2019-04-17 14:58:00",28461,-0.0150000000000006
"2019-04-17 14:59:00",95865,-0.0250000000000057
"2019-04-17 15:02:00",575389,0.0100000000000051
"2019-04-17 15:15:00",0,0
"2019-04-18 08:30:00",41572,-0.215000000000003
"2019-04-18 08:31:00",6431,-0.0349999999999966
"2019-04-18 08:32:00",6713,0.0600000000000023
"2019-04-18 08:33:00",6693,-0.0400000000000063
"2019-04-18 08:34:00",3827,-0.0150000000000006
"2019-04-18 08:35:00",1920,0
"2019-04-18 08:36:00",14172,-0.0750000000000028
"2019-04-18 08:37:00",9412,0.0150000000000006
"2019-04-18 08:38:00",20096,0.0200000000000102
"2019-04-18 08:39:00",9391,-0.0250000000000057
"2019-04-18 08:40:00",20862,0.0499999999999972
"2019-04-18 08:41:00",1216,0
"2019-04-18 08:42:00",2012,0.0300000000000011
"2019-04-18 08:43:00",6573,0.0349999999999966
"2019-04-18 08:44:00",1611,0
"2019-04-18 08:45:00",7207,-0.00999999999999091
"2019-04-18 08:46:00",3991,0.0150000000000006
"2019-04-18 08:47:00",2124,-0.0100000000000051
"2019-04-18 08:48:00",3600,0.019999999999996
"2019-04-18 08:49:00",2450,-0.019999999999996
"2019-04-18 08:50:00",9200,0.019999999999996
"2019-04-18 08:51:00",2187,-0.00999999999999091
"2019-04-18 08:52:00",2884,-0.0300000000000011
"2019-04-18 08:53:00",4098,0
"2019-04-18 08:54:00",4241,0.00999999999999091
"2019-04-18 08:55:00",7032,-0.0300000000000011
"2019-04-18 08:56:00",3000,0.00500000000000966
"2019-04-18 08:57:00",3850,0.0249999999999915
"2019-04-18 08:58:00",5474,-0.019999999999996
"2019-04-18 08:59:00",2158,0.0150000000000006
"2019-04-18 09:00:00",9400,-0.0450000000000017
"2019-04-18 09:01:00",3566,-0.00860000000000127
"2019-04-18 09:02:00",10621,-0.0413999999999959
"2019-04-18 09:03:00",9257,-0.0100000000000051
"2019-04-18 09:04:00",1000,0.0400000000000063
"2019-04-18 09:05:00",1400,-0.0150000000000006
"2019-04-18 09:06:00",1250,0.0100000000000051
"2019-04-18 09:07:00",2206,-0.0123000000000104
"2019-04-18 09:08:00",6134,-0.00269999999999015
"2019-04-18 09:09:00",1100,-0.00500000000000966
"2019-04-18 09:10:00",1450,-0.00499999999999545
"2019-04-18 09:11:00",2400,0.0250000000000057
"2019-04-18 09:12:00",2335,0.00489999999999213
"2019-04-18 09:13:00",7433,-0.0249000000000024
"2019-04-18 09:14:00",4529,-0.0249999999999915
"2019-04-18 09:15:00",2635,-0.00670000000000925
"2019-04-18 09:16:00",4578,-0.013300000000001
"2019-04-18 09:17:00",2600,0.0200000000000102
"2019-04-18 09:18:00",3236,0.0150000000000006
"2019-04-18 09:19:00",900,-0.0150000000000006
"2019-04-18 09:20:00",1000,-0.0200000000000102
"2019-04-18 09:21:00",1974,-0.0249999999999915
"2019-04-18 09:22:00",1000,-0.0150000000000006
"2019-04-18 09:23:00",2413,0
"2019-04-18 09:24:00",4758,-0.0100000000000051
"2019-04-18 09:25:00",8689,0.0165000000000077
"2019-04-18 09:26:00",1653,-0.0165000000000077
"2019-04-18 09:27:00",4559,0.0100000000000051
"2019-04-18 09:28:00",1290,0.00999999999999091
"2019-04-18 09:29:00",800,-0.00999999999999091
"2019-04-18 09:30:00",1500,-0.0100000000000051
"2019-04-18 09:31:00",500,-0.00999999999999091
"2019-04-18 09:32:00",4250,-0.0100000000000051
"2019-04-18 09:33:00",4661,-0.019999999999996
"2019-04-18 09:34:00",1100,0.0300000000000011
"2019-04-18 09:35:00",3523,0
"2019-04-18 09:36:00",4129,0.00499999999999545
"2019-04-18 09:37:00",3041,-0.0150000000000006
"2019-04-18 09:38:00",1000,0.019999999999996
"2019-04-18 09:39:00",1706,0.00530000000000541
"2019-04-18 09:40:00",1346,-0.0152999999999963
"2019-04-18 09:41:00",3700,-0.0300000000000011
"2019-04-18 09:42:00",11400,0
"2019-04-18 09:43:00",15333,0.00999999999999091
"2019-04-18 09:44:00",1562,-0.00499999999999545
"2019-04-18 09:45:00",8820,0.0250000000000057
"2019-04-18 09:46:00",2606,0
"2019-04-18 09:47:00",3200,-0.00100000000000477
"2019-04-18 09:48:00",2219,-0.0190000000000055
"2019-04-18 09:49:00",5061,0.0101000000000084
"2019-04-18 09:50:00",3064,-0.0101000000000084
"2019-04-18 09:51:00",892,-0.019999999999996
"2019-04-18 09:52:00",5646,-0.019999999999996
"2019-04-18 09:53:00",12016,-0.00500000000000966
"2019-04-18 09:54:00",30191,-0.0349999999999966
"2019-04-18 09:55:00",11702,0.0400000000000063
"2019-04-18 09:56:00",1352,0
"2019-04-18 09:57:00",3004,0.00999999999999091
"2019-04-18 09:58:00",2460,-0.019999999999996
"2019-04-18 09:59:00",2200,0
"2019-04-18 10:00:00",4020,-0.00499999999999545
"2019-04-18 10:01:00",1699,0.0150000000000006
"2019-04-18 10:02:00",1629,0.00999999999999091
"2019-04-18 10:03:00",1500,-0.019999999999996
"2019-04-18 10:04:00",3455,-0.019999999999996
"2019-04-18 10:05:00",17830,0.019999999999996
"2019-04-18 10:06:00",2952,0.0100000000000051
"2019-04-18 10:07:00",380,-0.007000000000005
"2019-04-18 10:08:00",1885,-0.00539999999999452
"2019-04-18 10:09:00",4731,0.00739999999998986
"2019-04-18 10:10:00",1150,-0.0249999999999915
"2019-04-18 10:11:00",2626,-0.0100000000000051
"2019-04-18 10:12:00",1421,-0.0100000000000051
"2019-04-18 10:13:00",2800,-0.00999999999999091
"2019-04-18 10:14:00",2799,-0.019999999999996
"2019-04-18 10:15:00",3964,0
"2019-04-18 10:16:00",3722,0
"2019-04-18 10:17:00",2430,-0.00010000000000332
"2019-04-18 10:18:00",2050,0.0100999999999942
"2019-04-18 10:19:00",3969,-0.00999999999999091
"2019-04-18 10:20:00",14011,0.00499999999999545
"2019-04-18 10:21:00",6000,0.0150000000000006
"2019-04-18 10:22:00",7444,0
"2019-04-18 10:23:00",2812,0.0244
"2019-04-18 10:24:00",5051,0.00560000000000116
"2019-04-18 10:25:00",3567,0.019999999999996
"2019-04-18 10:26:00",2025,-0.019999999999996
"2019-04-18 10:27:00",2259,-0.0251999999999981
"2019-04-18 10:28:00",6935,0.015199999999993
"2019-04-18 10:29:00",2949,0.0150000000000006
"2019-04-18 10:30:00",3227,0.0150000000000006
"2019-04-18 10:31:00",400,0
"2019-04-18 10:32:00",7485,0.0100000000000051
"2019-04-18 10:33:00",5388,-0.0300000000000011
"2019-04-18 10:34:00",7793,0.019999999999996
"2019-04-18 10:35:00",14677,-0.0150000000000006
"2019-04-18 10:36:00",1035,0.00499999999999545
"2019-04-18 10:37:00",850,0.0244
"2019-04-18 10:38:00",2140,0.00560000000000116
"2019-04-18 10:39:00",2882,-0.00499999999999545
"2019-04-18 10:40:00",2025,-0.00499999999999545
"2019-04-18 10:41:00",1731,0.00699999999999079
"2019-04-18 10:42:00",435,0.00300000000000011
"2019-04-18 10:43:00",1300,0.0200000000000102
"2019-04-18 10:44:00",1641,0
"2019-04-18 10:45:00",1784,-0.002900000000011
"2019-04-18 10:46:00",503,-0.00709999999999411
"2019-04-18 10:47:00",4013,0.019999999999996
"2019-04-18 10:48:00",1093,-0.000999999999990564
"2019-04-18 10:49:00",513,0.000999999999990564
"2019-04-18 10:50:00",3607,0.0250000000000057
"2019-04-18 10:51:00",8203,-0.00499999999999545
"2019-04-18 10:52:00",320,0.0109999999999957
"2019-04-18 10:53:00",900,0.0189999999999912
"2019-04-18 10:54:00",5517,-0.039999999999992
"2019-04-18 10:55:00",1361,0
"2019-04-18 10:56:00",3710,0
"2019-04-18 10:57:00",1285,0.019999999999996
"2019-04-18 10:58:00",800,-0.00999999999999091
"2019-04-18 10:59:00",100,0
"2019-04-18 11:00:00",200,-0.0100000000000051
"2019-04-18 11:01:00",1800,0
"2019-04-18 11:02:00",1370,-0.0349999999999966
"2019-04-18 11:03:00",500,0.0144999999999982
"2019-04-18 11:04:00",1300,0.000500000000002387
"2019-04-18 11:05:00",2261,-0.00500000000000966
"2019-04-18 11:06:00",5000,0.00500000000000966
"2019-04-18 11:07:00",2326,0
"2019-04-18 11:08:00",400,0.019999999999996
"2019-04-18 11:09:00",1266,-0.0100000000000051
"2019-04-18 11:10:00",1299,0
"2019-04-18 11:11:00",500,-0.00999999999999091
"2019-04-18 11:12:00",4550,-0.0100000000000051
"2019-04-18 11:13:00",700,-0.0100000000000051
"2019-04-18 11:14:00",1289,-0.019999999999996
"2019-04-18 11:15:00",1738,0.00400000000000489
"2019-04-18 11:16:00",1447,-0.01400000000001
"2019-04-18 11:17:00",2290,-0.00499999999999545
"2019-04-18 11:18:00",2558,-0.0150000000000006
"2019-04-18 11:19:00",200,0.00320000000000675
"2019-04-18 11:20:00",1900,-0.00320000000000675
"2019-04-18 11:21:00",419,0.00240000000000862
"2019-04-18 11:22:00",1300,-0.0224000000000046
"2019-04-18 11:23:00",4163,-0.019999999999996
"2019-04-18 11:24:00",2460,0.019999999999996
"2019-04-18 11:25:00",300,0
"2019-04-18 11:26:00",576,-0.0100000000000051
"2019-04-18 11:27:00",1950,0.0186000000000064
"2019-04-18 11:28:00",700,-0.0135999999999967
"2019-04-18 11:29:00",2150,0.019999999999996
"2019-04-18 11:30:00",969,0.0150000000000006
"2019-04-18 11:31:00",400,0
"2019-04-18 11:32:00",1858,0
"2019-04-18 11:33:00",500,0.00999999999999091
"2019-04-18 11:34:00",2020,0.00690000000000168
"2019-04-18 11:35:00",3549,-0.0318999999999932
"2019-04-18 11:36:00",1800,0.00499999999999545
"2019-04-18 11:37:00",1152,-0.0100000000000051
"2019-04-18 11:38:00",1900,0.0099000000000018
"2019-04-18 11:39:00",3541,0.00509999999999877
"2019-04-18 11:40:00",300,-0.00499999999999545
"2019-04-18 11:41:00",500,0
"2019-04-18 11:42:00",800,0
"2019-04-18 11:43:00",845,0.00499999999999545
"2019-04-18 11:44:00",233,-0.00130000000000052
"2019-04-18 11:45:00",2251,0.00630000000001019
"2019-04-18 11:46:00",973,-0.00900000000000034
"2019-04-18 11:47:00",550,0.00900000000000034
"2019-04-18 11:48:00",109,-0.00690000000000168
"2019-04-18 11:49:00",1700,0.0219000000000023
"2019-04-18 11:50:00",600,0.00499999999999545
"2019-04-18 11:51:00",1410,0.0100000000000051
"2019-04-18 11:52:00",2661,-0.0200000000000102
"2019-04-18 11:53:00",1140,0.0200000000000102
"2019-04-18 11:54:00",819,-0.0100000000000051
"2019-04-18 11:55:00",100,0.0100000000000051
"2019-04-18 11:56:00",900,0.0099000000000018
"2019-04-18 11:57:00",400,0.0150999999999897
"2019-04-18 11:58:00",5736,-0.00600000000000023
"2019-04-18 11:59:00",2730,0.0160000000000053
"2019-04-18 12:00:00",589,0.00100000000000477
"2019-04-18 12:01:00",6481,0.0240000000000009
"2019-04-18 12:02:00",1200,0
"2019-04-18 12:03:00",1533,0
"2019-04-18 12:04:00",6520,-0.0200000000000102
"2019-04-18 12:05:00",720,0.0300000000000011
"2019-04-18 12:06:00",1350,0.019999999999996
"2019-04-18 12:07:00",150,-0.00389999999998736
"2019-04-18 12:08:00",1553,-0.00610000000000355
"2019-04-18 12:09:00",1900,0.00999999999999091
"2019-04-18 12:10:00",900,0.0150000000000006
"2019-04-18 12:11:00",2300,-0.00499999999999545
"2019-04-18 12:12:00",727,0.019999999999996
"2019-04-18 12:13:00",1572,0.0099000000000018
"2019-04-18 12:14:00",685,-0.0131999999999977
"2019-04-18 12:15:00",352,0.000399999999999068
"2019-04-18 12:16:00",2200,-0.0121000000000038
"2019-04-18 12:17:00",1539,0.0200000000000102
"2019-04-18 12:18:00",3422,0.00499999999999545
"2019-04-18 12:19:00",1491,0
"2019-04-18 12:20:00",125,0
"2019-04-18 12:21:00",440,-0.0100000000000051
"2019-04-18 12:22:00",3945,-0.00499999999999545
"2019-04-18 12:23:00",1153,0.00499999999999545
"2019-04-18 12:24:00",500,0
"2019-04-18 12:25:00",200,0
"2019-04-18 12:26:00",682,-0.0249999999999915
"2019-04-18 12:27:00",9799,0.00509999999999877
"2019-04-18 12:29:00",6510,0.0112000000000023
"2019-04-18 12:30:00",500,0.00869999999999038
"2019-04-18 12:31:00",150,0.00490000000000634
"2019-04-18 12:32:00",10552,0.0151000000000039
"2019-04-18 12:33:00",500,-0.00500000000000966
"2019-04-18 12:34:00",2601,0.0150000000000006
"2019-04-18 12:35:00",900,-0.00999999999999091
"2019-04-18 12:36:00",1300,0
"2019-04-18 12:37:00",400,-0.0100000000000051
"2019-04-18 12:38:00",4097,-0.019999999999996
"2019-04-18 12:39:00",2500,0.00499999999999545
"2019-04-18 12:40:00",7693,-0.00499999999999545
"2019-04-18 12:41:00",4000,0
"2019-04-18 12:42:00",823,0.00619999999999266
"2019-04-18 12:43:00",200,-0.00619999999999266
"2019-04-18 12:44:00",400,0
"2019-04-18 12:45:00",5534,0.019999999999996
"2019-04-18 12:46:00",4406,-0.00430000000000064
"2019-04-18 12:47:00",740,-0.0106999999999999
"2019-04-18 12:48:00",7077,0.00499999999999545
"2019-04-18 12:51:00",1030,0.0100000000000051
"2019-04-18 12:52:00",990,-0.0144999999999982
"2019-04-18 12:53:00",1169,-0.015500000000003
"2019-04-18 12:54:00",110,0.0046999999999997
"2019-04-18 12:55:00",2504,0.00530000000000541
"2019-04-18 12:56:00",2661,-0.0100000000000051
"2019-04-18 12:57:00",1500,0.0100000000000051
"2019-04-18 12:58:00",760,-0.00500000000000966
"2019-04-18 12:59:00",102,0.00300000000000011
"2019-04-18 13:00:00",2345,-0.00279999999999347
"2019-04-18 13:01:00",2753,-0.0101999999999975
"2019-04-18 13:02:00",15372,0.00499999999999545
"2019-04-18 13:03:00",633,-0.00260000000000105
"2019-04-18 13:04:00",633,-0.00740000000000407
"2019-04-18 13:05:00",4414,-0.019999999999996
"2019-04-18 13:06:00",1181,-0.00999999999999091
"2019-04-18 13:07:00",3710,0.0198999999999927
"2019-04-18 13:08:00",704,-0.00490000000000634
"2019-04-18 13:09:00",1055,0.00500000000000966
"2019-04-18 13:10:00",700,-0.0100000000000051
"2019-04-18 13:11:00",2800,-0.019999999999996
"2019-04-18 13:12:00",1453,-0.0100000000000051
"2019-04-18 13:13:00",2600,-0.019999999999996
"2019-04-18 13:14:00",9600,-0.0100000000000051
"2019-04-18 13:15:00",455,0.0099000000000018
"2019-04-18 13:16:00",6321,0.00509999999999877
"2019-04-18 13:17:00",715,-0.00499999999999545
"2019-04-18 13:18:00",3165,0.0150000000000006
"2019-04-18 13:19:00",2300,0.0150000000000006
"2019-04-18 13:20:00",13326,0.0150000000000006
"2019-04-18 13:21:00",721,-0.00190000000000623
"2019-04-18 13:22:00",500,0.00330000000001007
"2019-04-18 13:23:00",1802,0.00359999999999161
"2019-04-18 13:24:00",881,0.0100000000000051
"2019-04-18 13:25:00",4413,-0.00670000000000925
"2019-04-18 13:26:00",2680,-0.00329999999999586
"2019-04-18 13:27:00",2119,-0.00999999999999091
"2019-04-18 13:28:00",4927,0.00989999999998759
"2019-04-18 13:29:00",1000,0.00509999999999877
"2019-04-18 13:30:00",634,-0.00499999999999545
"2019-04-18 13:31:00",2425,0.00490000000000634
"2019-04-18 13:32:00",1601,0.0150999999999897
"2019-04-18 13:33:00",900,0
"2019-04-18 13:34:00",1442,-0.00600000000000023
"2019-04-18 13:35:00",3320,0.00100000000000477
"2019-04-18 13:36:00",359,0
"2019-04-18 13:37:00",900,-0.00900000000000034
"2019-04-18 13:38:00",331,-0.00339999999999918
"2019-04-18 13:39:00",1365,0.00740000000000407
"2019-04-18 13:40:00",3224,0.0167000000000002
"2019-04-18 13:41:00",5017,0.0142999999999915
"2019-04-18 13:42:00",1100,-0.0109999999999957
"2019-04-18 13:43:00",1526,-0.0100000000000051
"2019-04-18 13:44:00",300,0
"2019-04-18 13:45:00",4250,-0.00999999999999091
"2019-04-18 13:46:00",1111,-0.0150000000000006
"2019-04-18 13:47:00",1200,-0.00499999999999545
"2019-04-18 13:48:00",7278,0.019999999999996
"2019-04-18 13:49:00",356,-0.00430000000000064
"2019-04-18 13:50:00",2265,-0.00260000000000105
"2019-04-18 13:51:00",1100,-0.00310000000000343
"2019-04-18 13:53:00",1400,-0.00860000000000127
"2019-04-18 13:54:00",3111,0.00360000000000582
"2019-04-18 13:55:00",1656,0.00999999999999091
"2019-04-18 13:56:00",200,-0.00499999999999545
"2019-04-18 13:57:00",1071,0.0100000000000051
"2019-04-18 13:58:00",2500,0.019999999999996
"2019-04-18 13:59:00",775,0.00539999999999452
"2019-04-18 14:00:00",423,-0.000399999999999068
"2019-04-18 14:01:00",311,-0.00499999999999545
"2019-04-18 14:02:00",2748,-0.0100000000000051
"2019-04-18 14:03:00",1425,-0.00999999999999091
"2019-04-18 14:04:00",2176,-0.0100000000000051
"2019-04-18 14:05:00",4051,0
"2019-04-18 14:06:00",1743,-0.0150000000000006
"2019-04-18 14:07:00",1900,0.00500000000000966
"2019-04-18 14:08:00",620,0.019999999999996
"2019-04-18 14:09:00",189,-0.00900000000000034
"2019-04-18 14:10:00",2975,0.0189999999999912
"2019-04-18 14:11:00",500,0
"2019-04-18 14:12:00",3412,0.0200000000000102
"2019-04-18 14:13:00",1291,-0.00500000000000966
"2019-04-18 14:14:00",700,0.0150000000000006
"2019-04-18 14:15:00",1733,0
"2019-04-18 14:16:00",3138,-0.0181999999999931
"2019-04-18 14:17:00",4530,0.00319999999999254
"2019-04-18 14:18:00",620,0
"2019-04-18 14:19:00",2600,-0.0150000000000006
"2019-04-18 14:20:00",3638,0.0100000000000051
"2019-04-18 14:21:00",4651,0.0250000000000057
"2019-04-18 14:22:00",4656,-0.0100000000000051
"2019-04-18 14:23:00",2461,0.00499999999999545
"2019-04-18 14:24:00",917,0
"2019-04-18 14:25:00",11722,0.0341000000000093
"2019-04-18 14:26:00",5058,0.0208999999999975
"2019-04-18 14:27:00",1800,-0.00499999999999545
"2019-04-18 14:28:00",4133,-0.0199000000000069
"2019-04-18 14:29:00",6464,-0.00010000000000332
"2019-04-18 14:30:00",3556,-0.0150000000000006
"2019-04-18 14:31:00",2213,0
"2019-04-18 14:32:00",5537,0.0100000000000051
"2019-04-18 14:33:00",3884,0.0250000000000057
"2019-04-18 14:34:00",1508,0
"2019-04-18 14:35:00",1816,0.00999999999999091
"2019-04-18 14:36:00",9682,-0.00999999999999091
"2019-04-18 14:37:00",6326,-0.0300000000000011
"2019-04-18 14:38:00",5578,0.0150000000000006
"2019-04-18 14:39:00",4540,-0.0150000000000006
"2019-04-18 14:40:00",5809,0.0249999999999915
"2019-04-18 14:41:00",6811,0
"2019-04-18 14:42:00",7512,-0.019999999999996
"2019-04-18 14:43:00",5026,0.0100000000000051
"2019-04-18 14:44:00",2300,0.00499999999999545
"2019-04-18 14:45:00",9698,-0.0150000000000006
"2019-04-18 14:46:00",6693,0.0150000000000006
"2019-04-18 14:47:00",6199,0.00499999999999545
"2019-04-18 14:48:00",3586,0.0100000000000051
"2019-04-18 14:49:00",9506,-0.0100000000000051
"2019-04-18 14:50:00",3640,-0.00499999999999545
"2019-04-18 14:51:00",10249,-0.019999999999996
"2019-04-18 14:52:00",7004,-0.0150000000000006
"2019-04-18 14:53:00",25613,-0.00190000000000623
"2019-04-18 14:54:00",15590,-0.00809999999999889
"2019-04-18 14:55:00",8047,0.00499999999999545
"2019-04-18 14:56:00",12880,0.0150000000000006
"2019-04-18 14:57:00",10483,-0.00499999999999545
"2019-04-18 14:58:00",10325,-0.00499999999999545
"2019-04-18 14:59:00",39600,-0.0450000000000017
"2019-04-18 15:02:00",37703,0
"2019-04-18 15:15:00",0,0
"2019-04-22 08:30:00",24998,0.390000000000001
"2019-04-22 08:31:00",16646,0.0600000000000023
"2019-04-22 08:32:00",3204,0.0349999999999966
"2019-04-22 08:33:00",13706,0.0249999999999915
"2019-04-22 08:34:00",11342,0.0600000000000023
"2019-04-22 08:35:00",12667,0
"2019-04-22 08:36:00",7156,0.0799999999999983
"2019-04-22 08:37:00",6142,-0.00999999999999091
"2019-04-22 08:38:00",4450,0.0249999999999915
"2019-04-22 08:39:00",14677,0.00500000000000966
"2019-04-22 08:40:00",7170,0
"2019-04-22 08:41:00",11852,0.039999999999992
"2019-04-22 08:42:00",2466,0.00500000000000966
"2019-04-22 08:43:00",2500,-0.0150000000000006
"2019-04-22 08:44:00",4748,0.039999999999992
"2019-04-22 08:45:00",4400,0.0100000000000051
"2019-04-22 08:46:00",1300,0.0300000000000011
"2019-04-22 08:47:00",7918,-0.0300000000000011
"2019-04-22 08:48:00",3720,-0.019999999999996
"2019-04-22 08:49:00",2010,-0.0135000000000076
"2019-04-22 08:50:00",1150,0.0135000000000076
"2019-04-22 08:51:00",2840,0.0149999999999864
"2019-04-22 08:52:00",1943,-0.019999999999996
"2019-04-22 08:53:00",2150,-0.0150000000000006
"2019-04-22 08:54:00",2100,-0.00999999999999091
"2019-04-22 08:55:00",1601,-0.015900000000002
"2019-04-22 08:56:00",1100,0.00589999999999691
"2019-04-22 08:57:00",600,-0.0100000000000051
"2019-04-22 08:58:00",1700,0
"2019-04-22 08:59:00",2746,0
"2019-04-22 09:00:00",3571,0.000200000000006639
"2019-04-22 09:01:00",4900,0.00979999999999848
"2019-04-22 09:02:00",3704,-0.0300000000000011
"2019-04-22 09:03:00",2700,-0.0160999999999945
"2019-04-22 09:04:00",1100,-0.00870000000000459
"2019-04-22 09:05:00",2350,0.024799999999999
"2019-04-22 09:06:00",2655,0.0400000000000063
"2019-04-22 09:07:00",655,0.00499999999999545
"2019-04-22 09:08:00",2180,-0.0349999999999966
"2019-04-22 09:09:00",8346,0
"2019-04-22 09:10:00",6213,0.0150000000000006
"2019-04-22 09:11:00",1950,-0.00500000000000966
"2019-04-22 09:12:00",1235,0.0100000000000051
"2019-04-22 09:13:00",5190,0.0100000000000051
"2019-04-22 09:14:00",4452,-0.0100000000000051
"2019-04-22 09:15:00",7719,0.00499999999999545
"2019-04-22 09:16:00",4191,-0.0300000000000011
"2019-04-22 09:17:00",4442,0.00679999999999836
"2019-04-22 09:18:00",1289,-0.000799999999998136
"2019-04-22 09:19:00",1177,0.000600000000005707
"2019-04-22 09:20:00",3450,0.0284000000000049
"2019-04-22 09:21:00",1453,-0.0100000000000051
"2019-04-22 09:22:00",3400,0.0400000000000063
"2019-04-22 09:23:00",5077,0
"2019-04-22 09:24:00",9032,0.0147999999999939
"2019-04-22 09:25:00",7249,0.00520000000000209
"2019-04-22 09:26:00",5715,0.0499999999999972
"2019-04-22 09:27:00",15500,0.0122000000000071
"2019-04-22 09:28:00",6750,0.0277999999999992
"2019-04-22 09:29:00",1601,-0.0100000000000051
"2019-04-22 09:30:00",3835,-0.019999999999996
"2019-04-22 09:31:00",14585,-0.0100000000000051
"2019-04-22 09:32:00",2866,0
"2019-04-22 09:33:00",10211,-0.0362999999999971
"2019-04-22 09:34:00",800,0.0212999999999965
"2019-04-22 09:35:00",1019,-0.00499999999999545
"2019-04-22 09:36:00",4726,-0.0105000000000075
"2019-04-22 09:37:00",3690,0.000500000000002387
"2019-04-22 09:38:00",2173,0
"2019-04-22 09:39:00",2589,-0.0100000000000051
"2019-04-22 09:40:00",720,0.0100000000000051
"2019-04-22 09:41:00",10380,0
"2019-04-22 09:42:00",2340,0
"2019-04-22 09:43:00",3781,-0.019999999999996
"2019-04-22 09:44:00",2477,-0.019999999999996
"2019-04-22 09:45:00",2501,0
"2019-04-22 09:46:00",500,-0.0100000000000051
"2019-04-22 09:47:00",1804,0.0249999999999915
"2019-04-22 09:48:00",1257,-0.00499999999999545
"2019-04-22 09:49:00",1939,0.0365000000000038
"2019-04-22 09:50:00",9788,-0.00650000000000261
"2019-04-22 09:51:00",1717,0
"2019-04-22 09:52:00",4600,0.0300000000000011
"2019-04-22 09:53:00",10314,0.00499999999999545
"2019-04-22 09:54:00",8112,-0.00499999999999545
"2019-04-22 09:55:00",301,0
"2019-04-22 09:56:00",600,0.00520000000000209
"2019-04-22 09:57:00",2200,0.00979999999999848
"2019-04-22 09:58:00",1137,-0.0150000000000006
"2019-04-22 09:59:00",1204,-0.00499999999999545
"2019-04-22 10:00:00",5000,0
"2019-04-22 10:01:00",3719,-0.00500000000000966
"2019-04-22 10:02:00",3767,0.00500000000000966
"2019-04-22 10:03:00",4397,0
"2019-04-22 10:04:00",1005,0.0150000000000006
"2019-04-22 10:05:00",660,0.00509999999999877
"2019-04-22 10:06:00",5102,-0.00509999999999877
"2019-04-22 10:07:00",1602,0.00999999999999091
"2019-04-22 10:08:00",3405,0.0350000000000108
"2019-04-22 10:09:00",2200,-0.00500000000000966
"2019-04-22 10:10:00",718,0.019999999999996
"2019-04-22 10:11:00",1500,0.0150000000000006
"2019-04-22 10:12:00",3537,-0.0150000000000006
"2019-04-22 10:13:00",1243,0.0100000000000051
"2019-04-22 10:14:00",526,0
"2019-04-22 10:15:00",1218,0
"2019-04-22 10:16:00",1557,-0.0100000000000051
"2019-04-22 10:17:00",1144,0
"2019-04-22 10:18:00",314,-0.00499999999999545
"2019-04-22 10:19:00",2190,0.0250000000000057
"2019-04-22 10:20:00",12667,0.019999999999996
"2019-04-22 10:21:00",1894,-0.0150000000000006
"2019-04-22 10:22:00",2290,-0.00499999999999545
"2019-04-22 10:23:00",3505,0.039999999999992
"2019-04-22 10:24:00",1300,0
"2019-04-22 10:25:00",2460,0.0150000000000006
"2019-04-22 10:26:00",8428,0.0250000000000057
"2019-04-22 10:27:00",2400,0.0100000000000051
"2019-04-22 10:28:00",1773,0.00999999999999091
"2019-04-22 10:29:00",5804,0.0100000000000051
"2019-04-22 10:30:00",17767,0.00480000000000302
"2019-04-22 10:31:00",5997,0.0388999999999982
"2019-04-22 10:32:00",4047,-0.00530000000000541
"2019-04-22 10:33:00",7500,-0.0383999999999958
"2019-04-22 10:34:00",1404,0.0249999999999915
"2019-04-22 10:35:00",2890,0.0100000000000051
"2019-04-22 10:36:00",1600,-0.00499999999999545
"2019-04-22 10:37:00",4925,0.0200999999999993
"2019-04-22 10:38:00",3900,-0.0200999999999993
"2019-04-22 10:39:00",1515,0.0150999999999897
"2019-04-22 10:40:00",1039,-0.00509999999999877
"2019-04-22 10:41:00",2429,-0.0063999999999993
"2019-04-22 10:42:00",1400,-0.00359999999999161
"2019-04-22 10:43:00",8236,-0.0100000000000051
"2019-04-22 10:44:00",3596,0.00499999999999545
"2019-04-22 10:45:00",2478,-0.00499999999999545
"2019-04-22 10:46:00",2916,0.019999999999996
"2019-04-22 10:47:00",700,0
"2019-04-22 10:48:00",1201,-0.00999999999999091
"2019-04-22 10:49:00",2700,0.00999999999999091
"2019-04-22 10:50:00",3929,0.0150000000000006
"2019-04-22 10:51:00",1851,0.011099999999999
"2019-04-22 10:52:00",4493,-0.0160999999999945
"2019-04-22 10:53:00",1666,0.00499999999999545
"2019-04-22 10:54:00",1390,-0.00499999999999545
"2019-04-22 10:55:00",700,-0.0147999999999939
"2019-04-22 10:56:00",812,0.00979999999999848
"2019-04-22 10:57:00",1675,-0.0150000000000006
"2019-04-22 10:58:00",400,0.00999999999999091
"2019-04-22 10:59:00",6145,0.00650000000000261
"2019-04-22 11:00:00",1800,-0.00650000000000261
"2019-04-22 11:01:00",3084,-0.0150000000000006
"2019-04-22 11:02:00",2609,0.0100000000000051
"2019-04-22 11:03:00",1828,0.00499999999999545
"2019-04-22 11:04:00",5245,0.0100000000000051
"2019-04-22 11:05:00",2522,-0.0100000000000051
"2019-04-22 11:06:00",2000,0
"2019-04-22 11:07:00",3000,-0.00499999999999545
"2019-04-22 11:08:00",2060,0.019999999999996
"2019-04-22 11:09:00",3350,-0.00499999999999545
"2019-04-22 11:10:00",2623,0.0138000000000034
"2019-04-22 11:11:00",440,-0.00379999999999825
"2019-04-22 11:12:00",875,0.00999999999999091
"2019-04-22 11:13:00",1576,0.0150000000000006
"2019-04-22 11:14:00",5061,0.0187000000000097
"2019-04-22 11:15:00",4344,0.026299999999992
"2019-04-22 11:16:00",650,0
"2019-04-22 11:17:00",2609,0
"2019-04-22 11:18:00",1000,-0.019999999999996
"2019-04-22 11:19:00",300,0.00499999999999545
"2019-04-22 11:20:00",3616,0
"2019-04-22 11:21:00",2199,-0.00199999999999534
"2019-04-22 11:22:00",750,-0.00809999999999889
"2019-04-22 11:23:00",2558,0.0250999999999948
"2019-04-22 11:24:00",1848,0.00499999999999545
"2019-04-22 11:25:00",3963,0.0100000000000051
"2019-04-22 11:26:00",515,-0.0150000000000006
"2019-04-22 11:27:00",830,0.0100000000000051
"2019-04-22 11:28:00",2201,0
"2019-04-22 11:29:00",2375,-0.0148999999999972
"2019-04-22 11:30:00",2683,-0.000200000000006639
"2019-04-22 11:31:00",409,-0.00490000000000634
"2019-04-22 11:32:00",667,0.00500000000000966
"2019-04-22 11:33:00",4712,-0.0150000000000006
"2019-04-22 11:34:00",2001,0.011099999999999
"2019-04-22 11:35:00",500,0.00889999999999702
"2019-04-22 11:36:00",1937,0.019999999999996
"2019-04-22 11:37:00",5400,0.0100000000000051
"2019-04-22 11:38:00",2600,0.019999999999996
"2019-04-22 11:39:00",2131,0.00500000000000966
"2019-04-22 11:40:00",4011,-0.0250000000000057
"2019-04-22 11:41:00",800,-0.00319999999999254
"2019-04-22 11:42:00",200,-0.00680000000001257
"2019-04-22 11:43:00",1205,0.0100000000000051
"2019-04-22 11:44:00",1405,0.00499999999999545
"2019-04-22 11:45:00",1669,0.00500000000000966
"2019-04-22 11:46:00",900,0.00999999999999091
"2019-04-22 11:47:00",400,0
"2019-04-22 11:48:00",549,0.00330000000001007
"2019-04-22 11:49:00",3317,0.0201999999999884
"2019-04-22 11:50:00",1948,-0.00349999999998829
"2019-04-22 11:51:00",600,-0.00360000000000582
"2019-04-22 11:52:00",3859,-0.030699999999996
"2019-04-22 11:53:00",2115,-0.00570000000000448
"2019-04-22 11:54:00",1800,0
"2019-04-22 11:55:00",722,0
"2019-04-22 11:56:00",3452,-0.00480000000000302
"2019-04-22 11:57:00",1384,0.0148000000000081
"2019-04-22 11:58:00",900,-0.00500000000000966
"2019-04-22 11:59:00",2511,-0.00499999999999545
"2019-04-22 12:00:00",1053,0
"2019-04-22 12:01:00",1030,0
"2019-04-22 12:02:00",2701,0.0150000000000006
"2019-04-22 12:03:00",2654,-0.00499999999999545
"2019-04-22 12:04:00",800,-0.00500000000000966
"2019-04-22 12:05:00",3841,0.00500000000000966
"2019-04-22 12:06:00",5555,0.00999999999999091
"2019-04-22 12:07:00",1148,-0.00999999999999091
"2019-04-22 12:08:00",500,0
"2019-04-22 12:09:00",850,0.00509999999999877
"2019-04-22 12:10:00",3460,-0.0101000000000084
"2019-04-22 12:11:00",996,-0.00499999999999545
"2019-04-22 12:12:00",1479,0.0153999999999996
"2019-04-22 12:13:00",1053,0.0126000000000062
"2019-04-22 12:14:00",1031,-0.00420000000001153
"2019-04-22 12:15:00",4947,-0.00959999999999184
"2019-04-22 12:16:00",1676,0.0157999999999987
"2019-04-22 12:17:00",400,0.0100000000000051
"2019-04-22 12:18:00",875,0
"2019-04-22 12:19:00",1400,-0.0150000000000006
"2019-04-22 12:20:00",1700,-0.00500000000000966
"2019-04-22 12:21:00",1622,0
"2019-04-22 12:22:00",1677,0.0100000000000051
"2019-04-22 12:23:00",1538,-0.019999999999996
"2019-04-22 12:24:00",2985,-0.0150000000000006
"2019-04-22 12:25:00",5343,-0.00500000000000966
"2019-04-22 12:26:00",1177,-0.00999999999999091
"2019-04-22 12:27:00",501,-0.0100000000000051
"2019-04-22 12:28:00",2198,0.0187999999999988
"2019-04-22 12:29:00",2300,0.0011999999999972
"2019-04-22 12:30:00",200,0
"2019-04-22 12:31:00",2000,-0.0046999999999997
"2019-04-22 12:32:00",500,-0.0052999999999912
"2019-04-22 12:33:00",1608,-0.0100000000000051
"2019-04-22 12:34:00",1023,0.0100000000000051
"2019-04-22 12:35:00",300,-0.0100000000000051
"2019-04-22 12:36:00",100,-0.0150000000000006
"2019-04-22 12:37:00",2501,0.0023000000000053
"2019-04-22 12:38:00",2250,-0.0023000000000053
"2019-04-22 12:39:00",1007,0.00499999999999545
"2019-04-22 12:40:00",1161,0.00500000000000966
"2019-04-22 12:41:00",4052,-0.00500000000000966
"2019-04-22 12:42:00",339,0
"2019-04-22 12:44:00",3211,0
"2019-04-22 12:45:00",8145,0.0100000000000051
"2019-04-22 12:46:00",955,0.0100000000000051
"2019-04-22 12:47:00",400,-0.0100000000000051
"2019-04-22 12:48:00",240,0.0100000000000051
"2019-04-22 12:49:00",900,-0.0170000000000101
"2019-04-22 12:50:00",797,0.0121000000000038
"2019-04-22 12:51:00",800,-0.00520000000000209
"2019-04-22 12:52:00",4662,0.025100000000009
"2019-04-22 12:53:00",4349,0.0150000000000006
"2019-04-22 12:54:00",3502,0.0198999999999927
"2019-04-22 12:55:00",3863,-0.0198999999999927
"2019-04-22 12:56:00",600,-0.0100000000000051
"2019-04-22 12:58:00",5866,-0.0250000000000057
"2019-04-22 12:59:00",100,-0.00499999999999545
"2019-04-22 13:00:00",300,0
"2019-04-22 13:01:00",3401,0.00499999999999545
"2019-04-22 13:02:00",1097,0.00500000000000966
"2019-04-22 13:03:00",14446,0.00499999999999545
"2019-04-22 13:04:00",632,0.00499999999999545
"2019-04-22 13:05:00",830,0.011099999999999
"2019-04-22 13:06:00",1412,0.00390000000000157
"2019-04-22 13:07:00",900,0
"2019-04-22 13:08:00",900,-0.0150000000000006
"2019-04-22 13:09:00",800,0
"2019-04-22 13:10:00",900,0
"2019-04-22 13:11:00",600,0
"2019-04-22 13:12:00",404,-0.019999999999996
"2019-04-22 13:13:00",700,-0.0100000000000051
"2019-04-22 13:14:00",1000,0.00500000000000966
"2019-04-22 13:15:00",600,-0.00500000000000966
"2019-04-22 13:16:00",1700,0.0200000000000102
"2019-04-22 13:17:00",1273,0.00919999999999277
"2019-04-22 13:18:00",3171,-0.00419999999999732
"2019-04-22 13:19:00",900,-0.00499999999999545
"2019-04-22 13:20:00",300,-0.0250000000000057
"2019-04-22 13:21:00",1688,-0.00499999999999545
"2019-04-22 13:22:00",5555,-0.00339999999999918
"2019-04-22 13:23:00",1300,0.0133999999999901
"2019-04-22 13:24:00",716,-0.00999999999999091
"2019-04-22 13:25:00",6055,-0.0150000000000006
"2019-04-22 13:26:00",2331,-0.00499999999999545
"2019-04-22 13:27:00",5029,-0.0150000000000006
"2019-04-22 13:28:00",9665,0
"2019-04-22 13:29:00",1577,0.00999999999999091
"2019-04-22 13:30:00",1216,0
"2019-04-22 13:31:00",3758,-0.0150000000000006
"2019-04-22 13:33:00",1807,-0.00999999999999091
"2019-04-22 13:34:00",13837,-0.0250000000000057
"2019-04-22 13:35:00",3144,-0.00499999999999545
"2019-04-22 13:36:00",1301,0.0150000000000006
"2019-04-22 13:37:00",6097,-0.00500000000000966
"2019-04-22 13:38:00",5188,-0.019999999999996
"2019-04-22 13:39:00",1401,-0.019999999999996
"2019-04-22 13:40:00",300,0
"2019-04-22 13:42:00",1521,0.019999999999996
"2019-04-22 13:43:00",3316,0.00499999999999545
"2019-04-22 13:44:00",300,-0.0011999999999972
"2019-04-22 13:45:00",200,0.0011999999999972
"2019-04-22 13:46:00",3772,0.00840000000000884
"2019-04-22 13:47:00",1021,-0.00339999999999918
"2019-04-22 13:48:00",1207,0.00999999999999091
"2019-04-22 13:49:00",300,0.00900000000000034
"2019-04-22 13:50:00",1498,-0.00900000000000034
"2019-04-22 13:51:00",1124,0.0046999999999997
"2019-04-22 13:52:00",2430,0.00530000000000541
"2019-04-22 13:53:00",1946,0.0100000000000051
"2019-04-22 13:54:00",420,0.00999999999999091
"2019-04-22 13:55:00",958,0.00500000000000966
"2019-04-22 13:56:00",419,0
"2019-04-22 13:57:00",1837,-0.0100000000000051
"2019-04-22 13:58:00",3047,0.0100000000000051
"2019-04-22 13:59:00",400,-0.00500000000000966
"2019-04-22 14:00:00",300,-0.00499999999999545
"2019-04-22 14:01:00",2501,0.00499999999999545
"2019-04-22 14:02:00",600,0
"2019-04-22 14:03:00",450,0.00500000000000966
"2019-04-22 14:04:00",2175,-0.01400000000001
"2019-04-22 14:05:00",650,-0.000999999999990564
"2019-04-22 14:06:00",2801,0.00999999999999091
"2019-04-22 14:07:00",1667,0.00670000000000925
"2019-04-22 14:08:00",3000,-0.0267000000000053
"2019-04-22 14:09:00",2448,0.0100000000000051
"2019-04-22 14:10:00",1547,0
"2019-04-22 14:11:00",3168,0.0099000000000018
"2019-04-22 14:12:00",430,-0.00390000000000157
"2019-04-22 14:13:00",1245,0.00399999999999068
"2019-04-22 14:14:00",100,0
"2019-04-22 14:15:00",1977,0.0160000000000053
"2019-04-22 14:16:00",849,0.00400000000000489
"2019-04-22 14:17:00",1209,0
"2019-04-22 14:18:00",1922,-0.0100000000000051
"2019-04-22 14:19:00",3113,-0.0100000000000051
"2019-04-22 14:20:00",2000,-0.00999999999999091
"2019-04-22 14:21:00",1270,0.00669999999999504
"2019-04-22 14:22:00",5970,0.0182999999999964
"2019-04-22 14:23:00",2445,-0.00999999999999091
"2019-04-22 14:24:00",3022,0
"2019-04-22 14:25:00",1200,-0.00500000000000966
"2019-04-22 14:26:00",813,0.0100000000000051
"2019-04-22 14:27:00",1168,-0.00509999999999877
"2019-04-22 14:28:00",780,-0.00490000000000634
"2019-04-22 14:29:00",5221,-0.00499999999999545
"2019-04-22 14:30:00",2964,0.0241000000000042
"2019-04-22 14:31:00",1000,-0.00410000000000821
"2019-04-22 14:32:00",850,0
"2019-04-22 14:33:00",500,0
"2019-04-22 14:34:00",8853,0.0105000000000075
"2019-04-22 14:35:00",1736,-0.000500000000002387
"2019-04-22 14:36:00",2210,0.00499999999999545
"2019-04-22 14:37:00",1415,-0.00499999999999545
"2019-04-22 14:38:00",5615,0.0100000000000051
"2019-04-22 14:39:00",7887,0.00499999999999545
"2019-04-22 14:40:00",1220,0.00999999999999091
"2019-04-22 14:41:00",848,-0.00499999999999545
"2019-04-22 14:42:00",9643,-0.017799999999994
"2019-04-22 14:43:00",6325,-0.00520000000000209
"2019-04-22 14:44:00",12171,-0.0169999999999959
"2019-04-22 14:45:00",11613,0.00499999999999545
"2019-04-22 14:46:00",9077,-0.0100000000000051
"2019-04-22 14:47:00",3475,-0.00499999999999545
"2019-04-22 14:48:00",4907,0.0150000000000006
"2019-04-22 14:49:00",2358,-0.00499999999999545
"2019-04-22 14:50:00",4417,0.00499999999999545
"2019-04-22 14:51:00",3562,-0.00499999999999545
"2019-04-22 14:52:00",12391,0.00499999999999545
"2019-04-22 14:53:00",10618,0.00499999999999545
"2019-04-22 14:54:00",5872,0
"2019-04-22 14:55:00",6973,-0.0150000000000006
"2019-04-22 14:56:00",13062,-0.019999999999996
"2019-04-22 14:57:00",18103,-0.019999999999996
"2019-04-22 14:58:00",21606,0
"2019-04-22 14:59:00",36625,0.00999999999999091
"2019-04-22 15:02:00",24490,0
"2019-04-22 15:15:00",0,0
"2019-04-23 08:30:00",48678,-0.0499999999999972
"2019-04-23 08:31:00",6172,0
"2019-04-23 08:32:00",3000,-0.00999999999999091
"2019-04-23 08:33:00",14531,-0.0150000000000006
"2019-04-23 08:34:00",3108,0.0150000000000006
"2019-04-23 08:35:00",4870,0.00999999999999091
"2019-04-23 08:36:00",4141,0.0349999999999966
"2019-04-23 08:37:00",10647,-0.00499999999999545
"2019-04-23 08:38:00",9536,0.0300000000000011
"2019-04-23 08:39:00",13283,0.0099000000000018
"2019-04-23 08:40:00",3918,0.0100999999999942
"2019-04-23 08:41:00",10694,0.0200000000000102
"2019-04-23 08:42:00",10037,0.00999999999999091
"2019-04-23 08:43:00",5549,0.0169999999999959
"2019-04-23 08:44:00",2406,-0.0169999999999959
"2019-04-23 08:45:00",4768,-0.00319999999999254
"2019-04-23 08:46:00",5659,-0.00180000000000291
"2019-04-23 08:47:00",11546,-0.00499999999999545
"2019-04-23 08:48:00",9898,-0.0450000000000017
"2019-04-23 08:49:00",5531,0.00999999999999091
"2019-04-23 08:50:00",11253,0
"2019-04-23 08:51:00",3924,-0.00499999999999545
"2019-04-23 08:52:00",16652,0.019999999999996
"2019-04-23 08:53:00",15580,-0.00999999999999091
"2019-04-23 08:54:00",15270,0.019999999999996
"2019-04-23 08:55:00",1890,-0.019999999999996
"2019-04-23 08:56:00",7074,-0.0300000000000011
"2019-04-23 08:57:00",10314,0
"2019-04-23 08:58:00",9622,0.0300000000000011
"2019-04-23 08:59:00",2540,0.00999999999999091
"2019-04-23 09:00:00",1700,-0.019999999999996
"2019-04-23 09:01:00",3731,-0.019999999999996
"2019-04-23 09:02:00",5844,-0.0100000000000051
"2019-04-23 09:03:00",1331,0.0300000000000011
"2019-04-23 09:04:00",4103,-0.0300000000000011
"2019-04-23 09:05:00",3663,-0.0100000000000051
"2019-04-23 09:06:00",908,-0.00499999999999545
"2019-04-23 09:07:00",2007,-0.00499999999999545
"2019-04-23 09:08:00",2501,-0.0300000000000011
"2019-04-23 09:09:00",2182,0.019999999999996
"2019-04-23 09:10:00",2625,0.00499999999999545
"2019-04-23 09:11:00",4800,-0.00499999999999545
"2019-04-23 09:12:00",4275,0
"2019-04-23 09:13:00",2504,-0.00999999999999091
"2019-04-23 09:14:00",4003,-0.0100000000000051
"2019-04-23 09:15:00",2200,-0.0100000000000051
"2019-04-23 09:16:00",2663,0.0100000000000051
"2019-04-23 09:17:00",2112,0
"2019-04-23 09:18:00",18852,-0.0400000000000063
"2019-04-23 09:19:00",4610,0.0150000000000006
"2019-04-23 09:20:00",2208,-0.00650000000000261
"2019-04-23 09:21:00",4400,0.0165000000000077
"2019-04-23 09:22:00",2716,-0.0150000000000006
"2019-04-23 09:23:00",2258,0.0400000000000063
"2019-04-23 09:24:00",4810,0.00999999999999091
"2019-04-23 09:25:00",9775,0
"2019-04-23 09:26:00",3351,0.0100000000000051
"2019-04-23 09:27:00",4011,0
"2019-04-23 09:28:00",4074,-0.0100000000000051
"2019-04-23 09:29:00",2485,-0.00999999999999091
"2019-04-23 09:30:00",1500,0
"2019-04-23 09:31:00",9909,0
"2019-04-23 09:32:00",3726,0
"2019-04-23 09:33:00",8542,-0.0150000000000006
"2019-04-23 09:34:00",2308,0.00499999999999545
"2019-04-23 09:35:00",3611,-0.0100000000000051
"2019-04-23 09:36:00",1527,0.0300000000000011
"2019-04-23 09:37:00",7500,0.0100000000000051
"2019-04-23 09:38:00",4069,0.0225999999999971
"2019-04-23 09:39:00",6049,-0.00740000000000407
"2019-04-23 09:40:00",7237,0.0289000000000073
"2019-04-23 09:41:00",4225,0.0108999999999924
"2019-04-23 09:42:00",8307,0.0250000000000057
"2019-04-23 09:43:00",9600,-0.00499999999999545
"2019-04-23 09:44:00",9041,-0.00500000000000966
"2019-04-23 09:45:00",1100,0.0100000000000051
"2019-04-23 09:46:00",1910,-0.0100000000000051
"2019-04-23 09:47:00",10380,0.0300000000000011
"2019-04-23 09:48:00",6355,-0.00569999999999027
"2019-04-23 09:49:00",1200,-0.0243000000000109
"2019-04-23 09:50:00",2453,-0.00499999999999545
"2019-04-23 09:51:00",2343,0.0250000000000057
"2019-04-23 09:52:00",12017,-0.00500000000000966
"2019-04-23 09:53:00",3690,0.0063999999999993
"2019-04-23 09:54:00",17538,0.00860000000000127
"2019-04-23 09:55:00",2006,0.0250000000000057
"2019-04-23 09:56:00",5853,0.0150000000000006
"2019-04-23 09:57:00",4158,-0.0099000000000018
"2019-04-23 09:58:00",7600,0.0099000000000018
"2019-04-23 09:59:00",620,0.00419999999999732
"2019-04-23 10:00:00",6577,0.0258000000000038
"2019-04-23 10:01:00",6018,0
"2019-04-23 10:02:00",4739,0.00499999999999545
"2019-04-23 10:03:00",9404,-0.0150000000000006
"2019-04-23 10:04:00",5337,-0.0100000000000051
"2019-04-23 10:05:00",1200,0.0166000000000111
"2019-04-23 10:06:00",7300,-0.00660000000000593
"2019-04-23 10:07:00",1245,-0.0100000000000051
"2019-04-23 10:08:00",4810,-0.0300000000000011
"2019-04-23 10:09:00",1988,0
"2019-04-23 10:10:00",5690,0.0200000000000102
"2019-04-23 10:11:00",4149,0
"2019-04-23 10:12:00",9938,0
"2019-04-23 10:13:00",4777,0.00289999999999679
"2019-04-23 10:14:00",7755,-0.0129000000000019
"2019-04-23 10:15:00",7238,0
"2019-04-23 10:16:00",3000,-0.019999999999996
"2019-04-23 10:17:00",7600,-0.0300000000000011
"2019-04-23 10:18:00",12928,0.0100000000000051
"2019-04-23 10:19:00",4693,0.00999999999999091
"2019-04-23 10:20:00",9577,-0.039999999999992
"2019-04-23 10:21:00",3864,0.019999999999996
"2019-04-23 10:22:00",6307,-0.00499999999999545
"2019-04-23 10:23:00",12322,-0.0250000000000057
"2019-04-23 10:24:00",16010,0.019999999999996
"2019-04-23 10:25:00",2700,-0.00499999999999545
"2019-04-23 10:26:00",2181,-0.0150000000000006
"2019-04-23 10:27:00",4725,-0.00499999999999545
"2019-04-23 10:28:00",15527,-0.0350000000000108
"2019-04-23 10:29:00",9229,-0.00999999999999091
"2019-04-23 10:30:00",3661,-0.0150000000000006
"2019-04-23 10:31:00",16010,-0.00499999999999545
"2019-04-23 10:32:00",1736,-0.0100000000000051
"2019-04-23 10:33:00",6070,-0.019999999999996
"2019-04-23 10:34:00",7336,0.00999999999999091
"2019-04-23 10:35:00",13247,-0.00999999999999091
"2019-04-23 10:36:00",7364,0
"2019-04-23 10:37:00",4484,-0.0200000000000102
"2019-04-23 10:38:00",300,0
"2019-04-23 10:39:00",700,-0.019999999999996
"2019-04-23 10:40:00",8907,0.019999999999996
"2019-04-23 10:41:00",1294,0.0100000000000051
"2019-04-23 10:42:00",2921,-0.0100000000000051
"2019-04-23 10:43:00",250,0.00010000000000332
"2019-04-23 10:44:00",2300,0.0199000000000069
"2019-04-23 10:45:00",17724,0.0150000000000006
"2019-04-23 10:46:00",1900,0.0150000000000006
"2019-04-23 10:47:00",3200,0
"2019-04-23 10:48:00",4430,-0.0200000000000102
"2019-04-23 10:49:00",1780,0.00660000000000593
"2019-04-23 10:50:00",1748,0.0134000000000043
"2019-04-23 10:51:00",14750,0.019999999999996
"2019-04-23 10:52:00",2000,0.039999999999992
"2019-04-23 10:53:00",2589,0.0200000000000102
"2019-04-23 10:54:00",3900,0.00999999999999091
"2019-04-23 10:55:00",1836,0.0100000000000051
"2019-04-23 10:56:00",245,-0.00499999999999545
"2019-04-23 10:57:00",2252,-0.00960000000000605
"2019-04-23 10:58:00",3048,-0.0169999999999959
"2019-04-23 10:59:00",1100,-0.0284000000000049
"2019-04-23 11:00:00",2600,0.0300000000000011
"2019-04-23 11:01:00",1500,-0.019999999999996
"2019-04-23 11:02:00",3600,-0.0300000000000011
"2019-04-23 11:03:00",7300,0.00999999999999091
"2019-04-23 11:04:00",1060,0
"2019-04-23 11:05:00",2515,0.0250000000000057
"2019-04-23 11:06:00",2079,0.00499999999999545
"2019-04-23 11:07:00",2424,0
"2019-04-23 11:08:00",1298,0.0100000000000051
"2019-04-23 11:09:00",1241,-0.0100000000000051
"2019-04-23 11:10:00",851,-0.00499999999999545
"2019-04-23 11:11:00",2650,-0.00849999999999795
"2019-04-23 11:12:00",200,-0.00289999999999679
"2019-04-23 11:13:00",4756,-0.0186000000000064
"2019-04-23 11:14:00",3126,0.019999999999996
"2019-04-23 11:15:00",1200,-0.00999999999999091
"2019-04-23 11:16:00",600,0.00319999999999254
"2019-04-23 11:17:00",4553,-0.0381999999999891
"2019-04-23 11:18:00",2773,-0.0200000000000102
"2019-04-23 11:19:00",2024,0.0100000000000051
"2019-04-23 11:20:00",3150,-0.0100000000000051
"2019-04-23 11:21:00",2827,-0.00499999999999545
"2019-04-23 11:22:00",6708,-0.0100000000000051
"2019-04-23 11:23:00",1350,-0.00600000000000023
"2019-04-23 11:24:00",2516,-0.00459999999999638
"2019-04-23 11:25:00",814,0.0023000000000053
"2019-04-23 11:26:00",400,-0.00169999999999959
"2019-04-23 11:27:00",2000,0
"2019-04-23 11:28:00",2700,-0.00500000000000966
"2019-04-23 11:29:00",5474,-0.0249999999999915
"2019-04-23 11:30:00",6166,-0.0150000000000006
"2019-04-23 11:31:00",9869,0.00499999999999545
"2019-04-23 11:32:00",2082,-0.0249000000000024
"2019-04-23 11:33:00",3737,-0.00650000000000261
"2019-04-23 11:34:00",12858,-0.0135999999999967
"2019-04-23 11:35:00",1400,0.0250000000000057
"2019-04-23 11:36:00",4133,0.00999999999999091
"2019-04-23 11:37:00",3000,-0.0150000000000006
"2019-04-23 11:38:00",2325,0.00300000000000011
"2019-04-23 11:39:00",925,0.0120000000000005
"2019-04-23 11:40:00",2390,-0.000999999999990564
"2019-04-23 11:41:00",1100,-0.000700000000009027
"2019-04-23 11:42:00",1487,0.00169999999999959
"2019-04-23 11:43:00",175,0
"2019-04-23 11:44:00",100,0
"2019-04-23 11:45:00",1478,0.00280000000000769
"2019-04-23 11:46:00",7458,0.0190999999999946
"2019-04-23 11:47:00",800,0.0131000000000085
"2019-04-23 11:48:00",770,-0.0100000000000051
"2019-04-23 11:49:00",880,0.0100000000000051
"2019-04-23 11:50:00",2920,-0.0148000000000081
"2019-04-23 11:51:00",700,-0.0202000000000027
"2019-04-23 11:52:00",2200,0.0150000000000006
"2019-04-23 11:53:00",2352,-0.00999999999999091
"2019-04-23 11:54:00",1000,-0.00500000000000966
"2019-04-23 11:55:00",861,0.00500000000000966
"2019-04-23 11:56:00",669,0.00860000000000127
"2019-04-23 11:57:00",1850,0.0113999999999947
"2019-04-23 11:58:00",550,0.0100000000000051
"2019-04-23 11:59:00",482,0
"2019-04-23 12:00:00",500,0.00499999999999545
"2019-04-23 12:01:00",7507,0.0100000000000051
"2019-04-23 12:02:00",1191,-0.0150000000000006
"2019-04-23 12:03:00",245,0.00999999999999091
"2019-04-23 12:04:00",200,-0.00359999999999161
"2019-04-23 12:05:00",900,-0.0138000000000034
"2019-04-23 12:06:00",200,0.00239999999999441
"2019-04-23 12:07:00",2600,0.00500000000000966
"2019-04-23 12:08:00",300,-0.000700000000009027
"2019-04-23 12:09:00",899,-0.00619999999999266
"2019-04-23 12:10:00",700,0.00220000000000198
"2019-04-23 12:11:00",2200,-0.00190000000000623
"2019-04-23 12:12:00",300,0.00660000000000593
"2019-04-23 12:13:00",526,-0.00339999999999918
"2019-04-23 12:14:00",4027,-0.0209000000000117
"2019-04-23 12:15:00",1346,-0.000699999999994816
"2019-04-23 12:16:00",1600,-0.0150000000000006
"2019-04-23 12:17:00",700,0.0100000000000051
"2019-04-23 12:18:00",1050,-0.00010000000000332
"2019-04-23 12:19:00",1500,-0.00490000000000634
"2019-04-23 12:20:00",1013,0.00169999999999959
"2019-04-23 12:21:00",6340,-0.0167000000000002
"2019-04-23 12:22:00",2873,-0.0149999999999864
"2019-04-23 12:23:00",3000,-0.0250000000000057
"2019-04-23 12:24:00",5304,0.00749999999999318
"2019-04-23 12:25:00",5499,-0.00749999999999318
"2019-04-23 12:26:00",1238,-0.00499999999999545
"2019-04-23 12:27:00",18547,0
"2019-04-23 12:28:00",1311,-0.0150000000000006
"2019-04-23 12:29:00",3065,-0.0100000000000051
"2019-04-23 12:30:00",8065,-0.0150000000000006
"2019-04-23 12:31:00",6964,0.00499999999999545
"2019-04-23 12:32:00",9084,0.0100000000000051
"2019-04-23 12:33:00",13775,-0.0100000000000051
"2019-04-23 12:34:00",9927,0.0199000000000069
"2019-04-23 12:35:00",735,-0.0099000000000018
"2019-04-23 12:36:00",705,-0.00499999999999545
"2019-04-23 12:37:00",300,0.00499999999999545
"2019-04-23 12:38:00",3352,-0.00900000000000034
"2019-04-23 12:39:00",800,-0.00100000000000477
"2019-04-23 12:40:00",2985,-0.0150000000000006
"2019-04-23 12:41:00",1099,-0.00499999999999545
"2019-04-23 12:42:00",4710,0.00499999999999545
"2019-04-23 12:43:00",2545,-0.00499999999999545
"2019-04-23 12:44:00",1728,0.0100000000000051
"2019-04-23 12:45:00",550,0
"2019-04-23 12:46:00",2100,-0.0100000000000051
"2019-04-23 12:47:00",2419,0
"2019-04-23 12:48:00",874,0.00809999999999889
"2019-04-23 12:49:00",300,-0.00300000000000011
"2019-04-23 12:50:00",1171,-0.00109999999999388
"2019-04-23 12:51:00",5285,0.00600000000000023
"2019-04-23 12:52:00",1100,0
"2019-04-23 12:53:00",1300,0
"2019-04-23 12:54:00",6895,-0.0100000000000051
"2019-04-23 12:55:00",3756,0.00300000000000011
"2019-04-23 12:56:00",2787,-0.00300000000000011
"2019-04-23 12:57:00",1182,0.0109999999999957
"2019-04-23 12:58:00",3200,-0.000999999999990564
"2019-04-23 12:59:00",2227,0
"2019-04-23 13:00:00",392,0.00699999999999079
"2019-04-23 13:01:00",808,-0.00699999999999079
"2019-04-23 13:02:00",500,0
"2019-04-23 13:03:00",2420,0.00480000000000302
"2019-04-23 13:04:00",2300,0.00509999999999877
"2019-04-23 13:05:00",516,-0.00180000000000291
"2019-04-23 13:06:00",4725,0.00189999999999202
"2019-04-23 13:07:00",5104,0.0100000000000051
"2019-04-23 13:08:00",2353,0.00369999999999493
"2019-04-23 13:09:00",11165,-0.00369999999999493
"2019-04-23 13:10:00",1100,0.0100000000000051
"2019-04-23 13:11:00",1000,0
"2019-04-23 13:12:00",2446,0.0099000000000018
"2019-04-23 13:13:00",3730,0.0144999999999982
"2019-04-23 13:14:00",1847,-0.00440000000000396
"2019-04-23 13:15:00",641,0
"2019-04-23 13:16:00",2399,0.0150000000000006
"2019-04-23 13:17:00",2865,0.0150000000000006
"2019-04-23 13:18:00",1353,0.00889999999999702
"2019-04-23 13:19:00",1400,-0.028899999999993
"2019-04-23 13:20:00",1722,0.00979999999999848
"2019-04-23 13:21:00",550,-0.00520000000000209
"2019-04-23 13:22:00",2956,-0.0146000000000015
"2019-04-23 13:23:00",688,-0.0100000000000051
"2019-04-23 13:24:00",558,0.00500000000000966
"2019-04-23 13:25:00",1400,-0.0150000000000006
"2019-04-23 13:26:00",5100,0
"2019-04-23 13:27:00",4044,0
"2019-04-23 13:28:00",2694,0.00999999999999091
"2019-04-23 13:29:00",1700,-0.019999999999996
"2019-04-23 13:30:00",100,0.00499999999999545
"2019-04-23 13:31:00",2670,0.00500000000000966
"2019-04-23 13:32:00",1600,-0.00300000000000011
"2019-04-23 13:33:00",300,-0.00390000000000157
"2019-04-23 13:34:00",300,0.00180000000000291
"2019-04-23 13:35:00",2932,-0.0111000000000132
"2019-04-23 13:36:00",4222,-0.00699999999999079
"2019-04-23 13:37:00",3449,0.00520000000000209
"2019-04-23 13:38:00",1566,0.00799999999999557
"2019-04-23 13:39:00",1151,-0.00589999999999691
"2019-04-23 13:40:00",9833,-0.0140999999999991
"2019-04-23 13:41:00",457,0.0046999999999997
"2019-04-23 13:42:00",1100,-0.0046999999999997
"2019-04-23 13:43:00",14662,-0.00540000000000873
"2019-04-23 13:44:00",2573,0.000700000000009027
"2019-04-23 13:45:00",11843,0.00969999999999516
"2019-04-23 13:46:00",1350,0.00499999999999545
"2019-04-23 13:47:00",6512,-0.0249999999999915
"2019-04-23 13:48:00",139,0
"2019-04-23 13:49:00",3185,0.0109999999999957
"2019-04-23 13:50:00",4701,0.00900000000000034
"2019-04-23 13:51:00",2583,0.00499999999999545
"2019-04-23 13:52:00",1062,0.0100000000000051
"2019-04-23 13:53:00",16496,-0.0100000000000051
"2019-04-23 13:54:00",1000,-0.00109999999999388
"2019-04-23 13:55:00",2535,0.00109999999999388
"2019-04-23 13:56:00",5292,0
"2019-04-23 13:57:00",6416,0.0100000000000051
"2019-04-23 13:58:00",4897,0.0100000000000051
"2019-04-23 13:59:00",400,-0.0100000000000051
"2019-04-23 14:00:00",2555,-0.019999999999996
"2019-04-23 14:01:00",1808,-0.00500000000000966
"2019-04-23 14:02:00",3603,0.00500000000000966
"2019-04-23 14:03:00",2212,-0.0100000000000051
"2019-04-23 14:04:00",8297,0.0100000000000051
"2019-04-23 14:05:00",450,0
"2019-04-23 14:06:00",600,0.00999999999999091
"2019-04-23 14:07:00",32178,-0.0150000000000006
"2019-04-23 14:08:00",1097,-0.00499999999999545
"2019-04-23 14:09:00",1238,0
"2019-04-23 14:10:00",2300,0.0150000000000006
"2019-04-23 14:11:00",807,-0.00499999999999545
"2019-04-23 14:12:00",6304,-0.0200000000000102
"2019-04-23 14:13:00",2600,0.00900000000000034
"2019-04-23 14:14:00",1506,0.0177000000000049
"2019-04-23 14:15:00",706,-0.00329999999999586
"2019-04-23 14:16:00",1824,-0.0134000000000043
"2019-04-23 14:17:00",6600,0.00499999999999545
"2019-04-23 14:18:00",745,-0.00499999999999545
"2019-04-23 14:19:00",807,-0.00749999999999318
"2019-04-23 14:20:00",1216,-0.00250000000001194
"2019-04-23 14:21:00",7454,0.00650000000000261
"2019-04-23 14:22:00",415,-0.00010000000000332
"2019-04-23 14:23:00",4015,0.0193000000000012
"2019-04-23 14:25:00",4508,0.00430000000000064
"2019-04-23 14:26:00",1620,0.007000000000005
"2019-04-23 14:27:00",409,-0.00199999999999534
"2019-04-23 14:28:00",6653,-0.0169000000000068
"2019-04-23 14:29:00",800,-0.00809999999999889
"2019-04-23 14:30:00",6344,0.00499999999999545
"2019-04-23 14:31:00",400,0.00500000000000966
"2019-04-23 14:32:00",1311,-0.0100000000000051
"2019-04-23 14:33:00",16172,-0.00499999999999545
"2019-04-23 14:34:00",1579,0
"2019-04-23 14:35:00",7407,-0.00500000000000966
"2019-04-23 14:36:00",15823,-0.00999999999999091
"2019-04-23 14:37:00",10975,0.019999999999996
"2019-04-23 14:38:00",7321,0
"2019-04-23 14:39:00",2567,-0.0150000000000006
"2019-04-23 14:40:00",17637,0.0182000000000073
"2019-04-23 14:41:00",1972,-0.00320000000000675
"2019-04-23 14:42:00",1300,0.00709999999999411
"2019-04-23 14:43:00",9490,-0.0120999999999896
"2019-04-23 14:44:00",6494,0.00999999999999091
"2019-04-23 14:45:00",6734,-0.00499999999999545
"2019-04-23 14:46:00",2600,-0.0100000000000051
"2019-04-23 14:47:00",2913,0.00500000000000966
"2019-04-23 14:48:00",18848,0.019999999999996
"2019-04-23 14:49:00",3475,0.0164999999999935
"2019-04-23 14:50:00",3807,0.0035000000000025
"2019-04-23 14:51:00",12584,0.0200000000000102
"2019-04-23 14:52:00",2443,0.00499999999999545
"2019-04-23 14:53:00",4393,-0.00669999999999504
"2019-04-23 14:54:00",26637,0.00669999999999504
"2019-04-23 14:55:00",7417,-0.00499999999999545
"2019-04-23 14:56:00",7367,-0.0100000000000051
"2019-04-23 14:57:00",16431,0.00490000000000634
"2019-04-23 14:58:00",18741,-0.0199000000000069
"2019-04-23 14:59:00",25404,0
"2019-04-23 15:02:00",48109,0
"2019-04-23 15:15:00",0,0
"2019-04-24 08:30:00",44149,-0.730000000000004
"2019-04-24 08:31:00",33959,-0.0699999999999932
"2019-04-24 08:32:00",9984,-0.0164000000000044
"2019-04-24 08:33:00",7862,-0.0228999999999928
"2019-04-24 08:34:00",6468,-0.020700000000005
"2019-04-24 08:35:00",9196,-0.0400000000000063
"2019-04-24 08:36:00",11258,0.0300000000000011
"2019-04-24 08:37:00",7680,-0.019999999999996
"2019-04-24 08:38:00",11551,-0.0100000000000051
"2019-04-24 08:39:00",5761,-0.039999999999992
"2019-04-24 08:40:00",12213,-0.0100000000000051
"2019-04-24 08:41:00",9077,0.0100000000000051
"2019-04-24 08:42:00",9358,-0.019999999999996
"2019-04-24 08:43:00",10322,-0.0101000000000084
"2019-04-24 08:44:00",17285,-0.0298999999999978
"2019-04-24 08:45:00",18815,-0.0399999999999991
"2019-04-24 08:46:00",10409,0.0167999999999964
"2019-04-24 08:47:00",5328,-0.0167999999999964
"2019-04-24 08:48:00",7457,-0.0564000000000036
"2019-04-24 08:49:00",16627,-0.0335999999999999
"2019-04-24 08:50:00",3310,0.0130000000000052
"2019-04-24 08:51:00",5008,0.0569999999999951
"2019-04-24 08:52:00",9378,0.0399999999999991
"2019-04-24 08:53:00",14799,-0.00999999999999801
"2019-04-24 08:54:00",16181,0
"2019-04-24 08:55:00",7910,0.0400000000000063
"2019-04-24 08:56:00",5403,-0.0100000000000051
"2019-04-24 08:57:00",2723,-0.0200000000000031
"2019-04-24 08:58:00",10068,-0.019999999999996
"2019-04-24 08:59:00",5467,-0.0174999999999983
"2019-04-24 09:00:00",24250,-0.042500000000004
"2019-04-24 09:01:00",15906,0.0249999999999986
"2019-04-24 09:02:00",14879,-0.0159999999999982
"2019-04-24 09:03:00",4182,-0.0289999999999964
"2019-04-24 09:04:00",14211,0
"2019-04-24 09:05:00",4412,0
"2019-04-24 09:06:00",19694,0.00479999999999592
"2019-04-24 09:07:00",13080,0.00520000000000209
"2019-04-24 09:08:00",10945,-0.00999999999999801
"2019-04-24 09:09:00",3750,0.0499999999999972
"2019-04-24 09:10:00",12870,-0.0337000000000032
"2019-04-24 09:11:00",10131,-0.0262999999999991
"2019-04-24 09:12:00",7898,0.0100000000000051
"2019-04-24 09:13:00",3328,0
"2019-04-24 09:14:00",10870,-0.00500000000000256
"2019-04-24 09:15:00",22421,0.0150000000000006
"2019-04-24 09:16:00",6251,0.0499999999999972
"2019-04-24 09:17:00",6469,0.0100000000000051
"2019-04-24 09:18:00",17357,0.019999999999996
"2019-04-24 09:19:00",13403,0.00999999999999801
"2019-04-24 09:20:00",2656,-0.019999999999996
"2019-04-24 09:21:00",7137,0.00999999999999801
"2019-04-24 09:22:00",4550,-0.019999999999996
"2019-04-24 09:23:00",9000,0.00999999999999801
"2019-04-24 09:24:00",12453,0.0300000000000011
"2019-04-24 09:25:00",4014,0.0449999999999946
"2019-04-24 09:26:00",3716,0.00500000000000966
"2019-04-24 09:27:00",5408,0.019999999999996
"2019-04-24 09:28:00",1500,0.00999999999999091
"2019-04-24 09:29:00",10421,0.0350000000000108
"2019-04-24 09:30:00",1800,-0.0700000000000074
"2019-04-24 09:31:00",1931,0.0250000000000057
"2019-04-24 09:32:00",4625,0.00999999999999091
"2019-04-24 09:33:00",6250,0.0100000000000051
"2019-04-24 09:34:00",3600,0.0100000000000051
"2019-04-24 09:35:00",8168,0.0349999999999966
"2019-04-24 09:36:00",2450,-0.0250000000000057
"2019-04-24 09:37:00",5707,-0.019999999999996
"2019-04-24 09:38:00",3400,0
"2019-04-24 09:39:00",4433,-0.0100999999999942
"2019-04-24 09:40:00",4619,-0.0349000000000075
"2019-04-24 09:41:00",4800,0.0250000000000057
"2019-04-24 09:42:00",4230,-0.0600000000000023
"2019-04-24 09:43:00",8906,-0.00999999999999801
"2019-04-24 09:44:00",1900,-0.0350000000000037
"2019-04-24 09:45:00",4678,0.00500000000000256
"2019-04-24 09:46:00",2715,0.0165999999999968
"2019-04-24 09:47:00",2200,0.0234000000000023
"2019-04-24 09:48:00",4450,0.019999999999996
"2019-04-24 09:49:00",7250,-0.00999999999999091
"2019-04-24 09:50:00",10072,-0.0200000000000031
"2019-04-24 09:51:00",4971,-0.0101000000000013
"2019-04-24 09:52:00",1526,-0.0198999999999998
"2019-04-24 09:53:00",2620,-0.00999999999999801
"2019-04-24 09:54:00",4680,0.019999999999996
"2019-04-24 09:55:00",7013,0.00999999999999801
"2019-04-24 09:56:00",900,0.0100000000000051
"2019-04-24 09:57:00",5411,0
"2019-04-24 09:58:00",9015,0
"2019-04-24 09:59:00",9414,0
"2019-04-24 10:00:00",14466,0
"2019-04-24 10:01:00",6861,0
"2019-04-24 10:02:00",1936,0
"2019-04-24 10:03:00",31847,0.0200000000000031
"2019-04-24 10:04:00",1370,-0.0100000000000051
"2019-04-24 10:05:00",11445,-0.00999999999999801
"2019-04-24 10:06:00",10249,0.00499999999999545
"2019-04-24 10:07:00",6132,0.00489999999999924
"2019-04-24 10:08:00",5360,-0.0498999999999938
"2019-04-24 10:09:00",8710,0.019999999999996
"2019-04-24 10:10:00",3066,0
"2019-04-24 10:11:00",2989,0
"2019-04-24 10:12:00",4050,0.00999999999999801
"2019-04-24 10:13:00",4540,0.0300000000000082
"2019-04-24 10:14:00",9210,0.00999999999999091
"2019-04-24 10:15:00",25909,-0.00999999999999091
"2019-04-24 10:16:00",3700,0.00999999999999091
"2019-04-24 10:17:00",11232,-0.019999999999996
"2019-04-24 10:18:00",1974,-0.0200000000000031
"2019-04-24 10:19:00",6928,0.0200000000000031
"2019-04-24 10:20:00",12556,-0.0300000000000011
"2019-04-24 10:21:00",2990,-0.00999999999999801
"2019-04-24 10:22:00",1937,0
"2019-04-24 10:23:00",5954,0.00500000000000256
"2019-04-24 10:24:00",4917,0.00499999999999545
"2019-04-24 10:25:00",5370,-0.00999999999999801
"2019-04-24 10:26:00",26167,0.0599999999999952
"2019-04-24 10:27:00",16289,-0.0249999999999986
"2019-04-24 10:28:00",23396,-0.0150999999999968
"2019-04-24 10:29:00",29077,0.0101000000000013
"2019-04-24 10:30:00",3348,-0.0149000000000044
"2019-04-24 10:31:00",4702,-0.0150999999999968
"2019-04-24 10:32:00",4101,-0.00999999999999801
"2019-04-24 10:33:00",9030,0.029999999999994
"2019-04-24 10:34:00",9080,0.0251000000000019
"2019-04-24 10:35:00",2311,0.00490000000000634
"2019-04-24 10:36:00",1983,0.0190999999999946
"2019-04-24 10:37:00",2945,-0.0290999999999997
"2019-04-24 10:38:00",29440,0.019999999999996
"2019-04-24 10:39:00",2426,0
"2019-04-24 10:40:00",2395,-0.00999999999999091
"2019-04-24 10:41:00",2000,-0.0100000000000051
"2019-04-24 10:42:00",3965,-0.0200000000000031
"2019-04-24 10:43:00",2537,0.00500000000000256
"2019-04-24 10:44:00",1226,0.00500000000000256
"2019-04-24 10:45:00",10682,0
"2019-04-24 10:46:00",2936,-0.0100000000000051
"2019-04-24 10:47:00",1525,-0.0499999999999972
"2019-04-24 10:48:00",2150,-0.0200000000000031
"2019-04-24 10:49:00",4465,-0.029999999999994
"2019-04-24 10:50:00",5408,0
"2019-04-24 10:51:00",1129,0.00589999999999691
"2019-04-24 10:52:00",5408,0.0041000000000011
"2019-04-24 10:53:00",3363,-0.00999999999999801
"2019-04-24 10:54:00",2825,-0.00550000000000495
"2019-04-24 10:55:00",3313,0.015500000000003
"2019-04-24 10:56:00",567,0.019999999999996
"2019-04-24 10:57:00",1244,-0.019999999999996
"2019-04-24 10:58:00",1050,-0.0063999999999993
"2019-04-24 10:59:00",4059,-0.0136000000000038
"2019-04-24 11:00:00",2554,0
"2019-04-24 11:01:00",4711,-0.00999999999999801
"2019-04-24 11:02:00",6242,0
"2019-04-24 11:03:00",1768,0.0300000000000011
"2019-04-24 11:04:00",300,-0.00520000000000209
"2019-04-24 11:05:00",4472,-0.024799999999999
"2019-04-24 11:06:00",1406,0.00999999999999801
"2019-04-24 11:07:00",7354,-0.0244999999999962
"2019-04-24 11:08:00",1720,0.0108999999999995
"2019-04-24 11:09:00",500,0.00359999999999872
"2019-04-24 11:10:00",4105,0
"2019-04-24 11:11:00",4200,-0.00999999999999801
"2019-04-24 11:12:00",6530,-0.00359999999999872
"2019-04-24 11:13:00",9902,0.0335999999999999
"2019-04-24 11:14:00",5732,0.00999999999999801
"2019-04-24 11:15:00",2022,0.00999999999999801
"2019-04-24 11:16:00",360,0.0099000000000018
"2019-04-24 11:17:00",3543,-0.0198999999999998
"2019-04-24 11:18:00",7620,-0.00999999999999801
"2019-04-24 11:19:00",2295,-0.0200000000000031
"2019-04-24 11:20:00",9040,0
"2019-04-24 11:21:00",7564,-0.0046999999999997
"2019-04-24 11:22:00",9492,0.0046999999999997
"2019-04-24 11:23:00",4100,0.00509999999999877
"2019-04-24 11:24:00",1000,-0.0101000000000013
"2019-04-24 11:25:00",1531,0.00790000000000646
"2019-04-24 11:26:00",1600,-0.0129000000000019
"2019-04-24 11:28:00",1439,-0.00999999999999801
"2019-04-24 11:29:00",4935,-0.0450000000000017
"2019-04-24 11:30:00",2050,-0.00500000000000256
"2019-04-24 11:31:00",1000,0
"2019-04-24 11:32:00",2600,0.00500000000000256
"2019-04-24 11:33:00",2267,-0.0100000000000051
"2019-04-24 11:34:00",4000,-0.0149999999999935
"2019-04-24 11:35:00",12177,-0.0400000000000063
"2019-04-24 11:36:00",10600,-0.0399999999999991
"2019-04-24 11:37:00",6932,0.0300000000000011
"2019-04-24 11:38:00",400,-0.00999999999999801
"2019-04-24 11:39:00",7227,-0.0200000000000031
"2019-04-24 11:40:00",1625,0.00520000000000209
"2019-04-24 11:41:00",7256,-0.0152000000000001
"2019-04-24 11:42:00",8653,0.00999999999999801
"2019-04-24 11:43:00",3793,0.0168999999999997
"2019-04-24 11:44:00",3625,-0.00689999999999458
"2019-04-24 11:45:00",5045,0.0200999999999993
"2019-04-24 11:46:00",2655,-0.0200999999999993
"2019-04-24 11:47:00",1350,0
"2019-04-24 11:48:00",510,0.0046999999999997
"2019-04-24 11:49:00",5350,-0.00800000000000267
"2019-04-24 11:50:00",12268,0.0382999999999996
"2019-04-24 11:51:00",3555,-0.019999999999996
"2019-04-24 11:52:00",1268,0.00399999999999778
"2019-04-24 11:53:00",1550,0.000999999999997669
"2019-04-24 11:54:00",2649,0.00999999999999801
"2019-04-24 11:55:00",830,-0.00499999999999545
"2019-04-24 11:56:00",3118,-0.00500000000000256
"2019-04-24 11:57:00",2483,0.00500000000000256
"2019-04-24 11:58:00",9272,0.00499999999999545
"2019-04-24 11:59:00",1605,-0.0149999999999935
"2019-04-24 12:00:00",12840,-0.0550000000000068
"2019-04-24 12:01:00",5501,-0.00999999999999801
"2019-04-24 12:02:00",13247,-0.00999999999999801
"2019-04-24 12:03:00",3348,-0.00999999999999801
"2019-04-24 12:04:00",5141,0.00499999999999545
"2019-04-24 12:05:00",5023,-0.0150000000000006
"2019-04-24 12:06:00",4168,0
"2019-04-24 12:07:00",3700,-0.0150000000000006
"2019-04-24 12:08:00",5543,0.00500000000000256
"2019-04-24 12:09:00",4602,0.0200000000000031
"2019-04-24 12:10:00",3077,-0.0200000000000031
"2019-04-24 12:11:00",2600,-0.00500000000000256
"2019-04-24 12:12:00",3200,0
"2019-04-24 12:13:00",3103,-0.00499999999999545
"2019-04-24 12:14:00",3050,-0.00500000000000256
"2019-04-24 12:15:00",4873,0.0345000000000013
"2019-04-24 12:16:00",5168,-0.0195000000000007
"2019-04-24 12:17:00",1500,0.00999999999999801
"2019-04-24 12:18:00",2758,-0.0150000000000006
"2019-04-24 12:19:00",2842,-0.00219999999999487
"2019-04-24 12:20:00",4412,0.022199999999998
"2019-04-24 12:21:00",2624,0.0300000000000011
"2019-04-24 12:22:00",1300,-0.00999999999999801
"2019-04-24 12:23:00",3559,0.00839999999999463
"2019-04-24 12:24:00",200,0.00659999999999883
"2019-04-24 12:25:00",4018,-0.0200999999999993
"2019-04-24 12:26:00",7553,0.00010000000000332
"2019-04-24 12:27:00",1356,0.00500000000000256
"2019-04-24 12:28:00",600,0.00499999999999545
"2019-04-24 12:29:00",1209,0
"2019-04-24 12:30:00",5545,-0.0178999999999974
"2019-04-24 12:31:00",1400,-0.00209999999999866
"2019-04-24 12:32:00",3998,0.00809999999999889
"2019-04-24 12:33:00",2687,0.00679999999999836
"2019-04-24 12:34:00",1850,-0.00489999999999924
"2019-04-24 12:35:00",2761,-0.0127999999999986
"2019-04-24 12:36:00",600,-0.0122
"2019-04-24 12:37:00",4565,0.0124999999999957
"2019-04-24 12:38:00",1808,-0.00249999999999773
"2019-04-24 12:39:00",1500,0
"2019-04-24 12:40:00",6157,0.00999999999999801
"2019-04-24 12:41:00",2470,-0.00499999999999545
"2019-04-24 12:42:00",1700,-0.0200000000000031
"2019-04-24 12:43:00",3410,0
"2019-04-24 12:44:00",3912,-0.00500000000000256
"2019-04-24 12:45:00",3299,-0.00999999999999801
"2019-04-24 12:46:00",10014,-0.0249999999999986
"2019-04-24 12:47:00",10510,0.00999999999999801
"2019-04-24 12:48:00",4122,0
"2019-04-24 12:49:00",901,-0.00750000000000028
"2019-04-24 12:50:00",2710,-0.00249999999999773
"2019-04-24 12:51:00",400,0
"2019-04-24 12:52:00",500,-0.00500000000000256
"2019-04-24 12:53:00",3721,0.0200000000000031
"2019-04-24 12:54:00",1648,-0.00509999999999877
"2019-04-24 12:55:00",177,-0.00270000000000437
"2019-04-24 12:56:00",1100,-0.00719999999999743
"2019-04-24 12:57:00",3844,-0.0200000000000031
"2019-04-24 12:58:00",5461,0.0100000000000051
"2019-04-24 12:59:00",1163,0.00999999999999801
"2019-04-24 13:00:00",887,-0.00999999999999801
"2019-04-24 13:01:00",3575,0.00999999999999801
"2019-04-24 13:02:00",8064,-0.00999999999999801
"2019-04-24 13:03:00",4003,0.00999999999999801
"2019-04-24 13:04:00",5372,-0.00999999999999801
"2019-04-24 13:05:00",3330,-0.0100000000000051
"2019-04-24 13:06:00",5664,-0.000999999999997669
"2019-04-24 13:07:00",9633,0.000999999999997669
"2019-04-24 13:08:00",1100,0.0100000000000051
"2019-04-24 13:09:00",2880,0
"2019-04-24 13:10:00",9500,0
"2019-04-24 13:12:00",3299,0.0198999999999998
"2019-04-24 13:13:00",1705,-0.0099000000000018
"2019-04-24 13:14:00",3563,0
"2019-04-24 13:15:00",2159,0.0200000000000031
"2019-04-24 13:16:00",3968,0.019999999999996
"2019-04-24 13:17:00",2200,0.0029000000000039
"2019-04-24 13:18:00",2377,-0.0029000000000039
"2019-04-24 13:19:00",3453,0.00999999999999801
"2019-04-24 13:20:00",8165,-0.0238999999999976
"2019-04-24 13:21:00",1600,-0.011099999999999
"2019-04-24 13:22:00",19358,0.0249999999999986
"2019-04-24 13:23:00",12432,0.0150000000000006
"2019-04-24 13:24:00",3397,0.00829999999999842
"2019-04-24 13:25:00",2588,-0.013300000000001
"2019-04-24 13:26:00",749,-0.00169999999999959
"2019-04-24 13:27:00",4889,-0.0182999999999964
"2019-04-24 13:28:00",600,-0.0200000000000031
"2019-04-24 13:29:00",2177,-0.019999999999996
"2019-04-24 13:30:00",5884,-0.0166000000000039
"2019-04-24 13:31:00",4698,-0.0133999999999972
"2019-04-24 13:32:00",1750,0
"2019-04-24 13:33:00",12182,-0.0150000000000006
"2019-04-24 13:34:00",5090,-0.0150000000000006
"2019-04-24 13:35:00",200,0.00500000000000256
"2019-04-24 13:36:00",2130,0.00110000000000099
"2019-04-24 13:37:00",4098,0.00389999999999446
"2019-04-24 13:38:00",5446,-0.00499999999999545
"2019-04-24 13:39:00",4939,-0.0150000000000006
"2019-04-24 13:40:00",1910,-0.00400000000000489
"2019-04-24 13:41:00",13166,-0.0359999999999943
"2019-04-24 13:42:00",13024,0.00989999999999469
"2019-04-24 13:43:00",1716,0.00510000000000588
"2019-04-24 13:44:00",1109,0
"2019-04-24 13:45:00",400,0
"2019-04-24 13:46:00",4363,0.0249999999999986
"2019-04-24 13:47:00",100,-0.00500000000000256
"2019-04-24 13:48:00",4078,0.00209999999999866
"2019-04-24 13:49:00",1570,-0.0069999999999979
"2019-04-24 13:50:00",5126,0.0099000000000018
"2019-04-24 13:51:00",3683,0.00999999999999801
"2019-04-24 13:52:00",2200,-0.00999999999999801
"2019-04-24 13:53:00",7322,-0.0200000000000031
"2019-04-24 13:54:00",1100,0.00999999999999801
"2019-04-24 13:55:00",4210,0.0263000000000062
"2019-04-24 13:56:00",3761,-0.0113000000000056
"2019-04-24 13:57:00",4900,-0.0139999999999958
"2019-04-24 13:58:00",400,-0.00100000000000477
"2019-04-24 13:59:00",1060,-0.00209999999999866
"2019-04-24 14:00:00",5475,0.027000000000001
"2019-04-24 14:01:00",3416,0.00509999999999877
"2019-04-24 14:02:00",1948,-0.0152000000000001
"2019-04-24 14:03:00",3050,-0.014800000000001
"2019-04-24 14:04:00",2764,-0.00999999999999801
"2019-04-24 14:05:00",2691,-0.00999999999999801
"2019-04-24 14:06:00",4935,0.00999999999999801
"2019-04-24 14:07:00",2154,0.00520000000000209
"2019-04-24 14:08:00",759,-0.000199999999999534
"2019-04-24 14:09:00",6239,-0.0200000000000031
"2019-04-24 14:10:00",4622,-0.00199999999999534
"2019-04-24 14:11:00",34754,-0.0130000000000052
"2019-04-24 14:12:00",700,0.00659999999999883
"2019-04-24 14:13:00",4282,-0.00159999999999627
"2019-04-24 14:14:00",4206,-0.00500000000000256
"2019-04-24 14:15:00",1810,0
"2019-04-24 14:16:00",6387,-0.00499999999999545
"2019-04-24 14:17:00",8403,-0.00500000000000256
"2019-04-24 14:18:00",8156,0.00999999999999801
"2019-04-24 14:19:00",4981,0.0200000000000031
"2019-04-24 14:20:00",6743,-0.00500000000000256
"2019-04-24 14:21:00",6902,0.0100000000000051
"2019-04-24 14:22:00",3983,0.0135999999999967
"2019-04-24 14:23:00",1200,0.00139999999999674
"2019-04-24 14:24:00",5580,0.0201000000000064
"2019-04-24 14:25:00",4520,-0.0101000000000013
"2019-04-24 14:26:00",6733,0.0165999999999968
"2019-04-24 14:27:00",16059,-0.0140999999999991
"2019-04-24 14:28:00",9029,0.00750000000000028
"2019-04-24 14:29:00",7684,0
"2019-04-24 14:30:00",5003,0.0200000000000031
"2019-04-24 14:31:00",5436,0.0149999999999935
"2019-04-24 14:32:00",3420,0
"2019-04-24 14:33:00",15029,0.00490000000000634
"2019-04-24 14:34:00",1878,-0.00490000000000634
"2019-04-24 14:35:00",11245,-0.0196999999999932
"2019-04-24 14:36:00",3111,0.0046999999999997
"2019-04-24 14:37:00",7307,-0.00500000000000256
"2019-04-24 14:38:00",3010,0.00999999999999801
"2019-04-24 14:39:00",2102,-0.00999999999999801
"2019-04-24 14:40:00",9053,-0.00509999999999877
"2019-04-24 14:41:00",2127,0.00509999999999877
"2019-04-24 14:42:00",775,-0.00169999999999959
"2019-04-24 14:43:00",100,0.00670000000000215
"2019-04-24 14:44:00",9792,0.0499999999999972
"2019-04-24 14:45:00",6409,-0.0150000000000006
"2019-04-24 14:46:00",6018,-0.00500000000000256
"2019-04-24 14:47:00",25148,-0.019999999999996
"2019-04-24 14:48:00",4439,0.00439999999999685
"2019-04-24 14:49:00",2623,0.000599999999998602
"2019-04-24 14:50:00",9102,-0.0149999999999935
"2019-04-24 14:51:00",9975,-0.0150000000000006
"2019-04-24 14:52:00",18225,0.0150000000000006
"2019-04-24 14:53:00",13877,0.00999999999999801
"2019-04-24 14:54:00",26874,-0.00999999999999801
"2019-04-24 14:55:00",19987,-0.0100000000000051
"2019-04-24 14:56:00",18133,0
"2019-04-24 14:57:00",28072,-0.00999999999999801
"2019-04-24 14:58:00",22094,-0.0200000000000031
"2019-04-24 14:59:00",60280,-0.00999999999999801
"2019-04-24 15:02:00",45024,-0.00999999999999801
"2019-04-24 15:15:00",0,0
"2019-04-25 08:30:00",84938,0.0749999999999957
"2019-04-25 08:31:00",11107,-0.00499999999999545
"2019-04-25 08:32:00",11021,-0.0200000000000031
"2019-04-25 08:33:00",9520,0.0399999999999991
"2019-04-25 08:34:00",8912,0.0100000000000051
"2019-04-25 08:35:00",13439,0
"2019-04-25 08:36:00",9444,0.0499999999999972
"2019-04-25 08:37:00",5624,0.00999999999999801
"2019-04-25 08:38:00",5991,-0.029999999999994
"2019-04-25 08:39:00",7801,-0.0200000000000031
"2019-04-25 08:40:00",10553,-0.0600000000000023
"2019-04-25 08:41:00",4200,0
"2019-04-25 08:42:00",4625,0.0300000000000011
"2019-04-25 08:43:00",9355,-0.0399999999999991
"2019-04-25 08:44:00",13435,0
"2019-04-25 08:45:00",4693,0.0150000000000006
"2019-04-25 08:46:00",5304,-0.00500000000000256
"2019-04-25 08:47:00",8084,0.0200000000000031
"2019-04-25 08:48:00",3260,-0.00500000000000256
"2019-04-25 08:49:00",7572,0.00500000000000256
"2019-04-25 08:50:00",6600,0.00499999999999545
"2019-04-25 08:51:00",7500,-0.00499999999999545
"2019-04-25 08:52:00",400,-0.00999999999999801
"2019-04-25 08:53:00",5548,0.00999999999999801
"2019-04-25 08:54:00",11570,-0.00999999999999801
"2019-04-25 08:55:00",4759,0.0349999999999966
"2019-04-25 08:56:00",20202,0.0150000000000006
"2019-04-25 08:57:00",11738,0.00500000000000256
"2019-04-25 08:58:00",3359,0.0349999999999966
"2019-04-25 08:59:00",4493,0.0200000000000031
"2019-04-25 09:00:00",18825,0.019999999999996
"2019-04-25 09:01:00",6937,-0.00999999999999801
"2019-04-25 09:02:00",5976,-0.00999999999999801
"2019-04-25 09:03:00",19306,0.0499999999999972
"2019-04-25 09:04:00",17073,0.0249999999999986
"2019-04-25 09:05:00",4274,0.0249999999999986
"2019-04-25 09:06:00",6412,0.0100000000000051
"2019-04-25 09:07:00",3705,-0.0150000000000006
"2019-04-25 09:08:00",11279,-0.00999999999999801
"2019-04-25 09:09:00",3516,-0.0450000000000017
"2019-04-25 09:10:00",3027,0.00999999999999801
"2019-04-25 09:11:00",3475,-0.0200000000000031
"2019-04-25 09:12:00",4078,-0.00999999999999801
"2019-04-25 09:13:00",6229,-0.019999999999996
"2019-04-25 09:14:00",6515,-0.0200000000000031
"2019-04-25 09:15:00",5738,-0.0150000000000006
"2019-04-25 09:16:00",4500,0.00500000000000256
"2019-04-25 09:17:00",7624,0.0300000000000011
"2019-04-25 09:18:00",7011,-0.0100000000000051
"2019-04-25 09:19:00",10154,0.0700000000000003
"2019-04-25 09:20:00",6407,-0.0300000000000011
"2019-04-25 09:21:00",17657,-0.00999999999999801
"2019-04-25 09:22:00",13381,0.0150000000000006
"2019-04-25 09:23:00",6328,0.0150000000000006
"2019-04-25 09:24:00",11849,0.0178999999999974
"2019-04-25 09:25:00",3903,0.0320999999999998
"2019-04-25 09:26:00",2200,-0.00499999999999545
"2019-04-25 09:27:00",3964,0
"2019-04-25 09:28:00",2600,-0.0150000000000006
"2019-04-25 09:29:00",3374,-0.00500000000000256
"2019-04-25 09:30:00",4616,-0.0399999999999991
"2019-04-25 09:31:00",2308,-0.00500000000000256
"2019-04-25 09:32:00",9187,0.0100000000000051
"2019-04-25 09:33:00",5860,-0.0100000000000051
"2019-04-25 09:34:00",4392,-0.0149999999999935
"2019-04-25 09:35:00",7606,0.0349999999999966
"2019-04-25 09:36:00",8598,0.0200000000000031
"2019-04-25 09:37:00",7147,0.00999999999999801
"2019-04-25 09:38:00",4823,-0.00999999999999801
"2019-04-25 09:39:00",2900,0.019999999999996
"2019-04-25 09:40:00",17912,-0.00999999999999801
"2019-04-25 09:41:00",3558,0.00999999999999801
"2019-04-25 09:42:00",4912,-0.00999999999999801
"2019-04-25 09:43:00",2500,0
"2019-04-25 09:44:00",6900,0.0300000000000011
"2019-04-25 09:45:00",6616,0.0249999999999986
"2019-04-25 09:46:00",1400,-0.0350000000000037
"2019-04-25 09:47:00",2600,0.0200000000000031
"2019-04-25 09:48:00",3247,0.0200000000000031
"2019-04-25 09:49:00",1800,0.00989999999999469
"2019-04-25 09:50:00",4127,0.0301000000000045
"2019-04-25 09:51:00",1920,-0.0100000000000051
"2019-04-25 09:52:00",6281,0.0100000000000051
"2019-04-25 09:53:00",1535,-0.0150000000000006
"2019-04-25 09:54:00",4092,-0.0249999999999986
"2019-04-25 09:55:00",3647,0.00359999999999872
"2019-04-25 09:56:00",11415,-0.0136000000000038
"2019-04-25 09:57:00",9834,-0.0150000000000006
"2019-04-25 09:58:00",4000,0.0150000000000006
"2019-04-25 09:59:00",9132,0.0200000000000031
"2019-04-25 10:00:00",3753,0
"2019-04-25 10:01:00",10126,0
"2019-04-25 10:02:00",2000,0.019999999999996
"2019-04-25 10:03:00",5246,0.0150000000000006
"2019-04-25 10:04:00",4957,0.0150000000000006
"2019-04-25 10:05:00",2840,0.0100000000000051
"2019-04-25 10:06:00",4100,-0.0100000000000051
"2019-04-25 10:07:00",3772,0.0100000000000051
"2019-04-25 10:08:00",3827,-0.00010000000000332
"2019-04-25 10:09:00",9127,-0.0298999999999978
"2019-04-25 10:10:00",500,-0.00500000000000256
"2019-04-25 10:11:00",5176,0.0249999999999986
"2019-04-25 10:12:00",10373,-0.00999999999999801
"2019-04-25 10:13:00",1476,0.00999999999999801
"2019-04-25 10:14:00",6432,-0.0450000000000017
"2019-04-25 10:15:00",3399,-0.0149999999999935
"2019-04-25 10:16:00",7079,0.00999999999999801
"2019-04-25 10:17:00",4390,-0.00999999999999801
"2019-04-25 10:18:00",2908,0.00999999999999801
"2019-04-25 10:19:00",3407,0.00499999999999545
"2019-04-25 10:20:00",3536,0.00500000000000256
"2019-04-25 10:21:00",3296,0.0200000000000031
"2019-04-25 10:22:00",2790,-0.0200000000000031
"2019-04-25 10:23:00",3000,0.00999999999999801
"2019-04-25 10:24:00",1000,-0.00999999999999801
"2019-04-25 10:25:00",4596,0.00500000000000256
"2019-04-25 10:26:00",6993,0.00499999999999545
"2019-04-25 10:27:00",5916,-0.019999999999996
"2019-04-25 10:28:00",2004,-0.00500000000000256
"2019-04-25 10:29:00",14260,-0.0249999999999986
"2019-04-25 10:30:00",3786,0.0200000000000031
"2019-04-25 10:31:00",5612,0
"2019-04-25 10:32:00",950,0
"2019-04-25 10:33:00",5149,-0.0100000000000051
"2019-04-25 10:34:00",7043,0
"2019-04-25 10:35:00",10397,-0.00999999999999801
"2019-04-25 10:36:00",1725,0.00500000000000256
"2019-04-25 10:37:00",535,0.0100999999999942
"2019-04-25 10:38:00",2100,0.0149000000000044
"2019-04-25 10:39:00",200,-0.00500000000000256
"2019-04-25 10:40:00",338,0.00500000000000256
"2019-04-25 10:41:00",1700,0
"2019-04-25 10:42:00",614,0.00499999999999545
"2019-04-25 10:43:00",2100,-0.0149999999999935
"2019-04-25 10:44:00",513,-0.0200000000000031
"2019-04-25 10:45:00",2607,0.00999999999999801
"2019-04-25 10:46:00",806,-0.00499999999999545
"2019-04-25 10:47:00",853,-0.0183000000000035
"2019-04-25 10:48:00",400,-0.00670000000000215
"2019-04-25 10:49:00",700,-0.00999999999999801
"2019-04-25 10:50:00",300,0.00339999999999918
"2019-04-25 10:51:00",800,0.00659999999999883
"2019-04-25 10:52:00",354,-0.00999999999999801
"2019-04-25 10:53:00",1817,0
"2019-04-25 10:54:00",3945,0.0200000000000031
"2019-04-25 10:55:00",1000,0.00999999999999801
"2019-04-25 10:56:00",1264,0.00999999999999801
"2019-04-25 10:57:00",5705,0.00500000000000256
"2019-04-25 10:58:00",2439,-0.0150000000000006
"2019-04-25 10:59:00",1907,-0.0200000000000031
"2019-04-25 11:00:00",4969,0.0300000000000011
"2019-04-25 11:01:00",5116,-0.00499999999999545
"2019-04-25 11:02:00",1598,0.00509999999999877
"2019-04-25 11:03:00",4753,-0.00509999999999877
"2019-04-25 11:04:00",933,0.00499999999999545
"2019-04-25 11:05:00",1690,0.00659999999999883
"2019-04-25 11:06:00",1020,-0.0103999999999971
"2019-04-25 11:07:00",4069,-0.00619999999999976
"2019-04-25 11:08:00",300,0.00999999999999801
"2019-04-25 11:09:00",2694,0
"2019-04-25 11:10:00",3000,0.0150000000000006
"2019-04-25 11:11:00",1431,0.00500000000000256
"2019-04-25 11:12:00",351,-0.00789999999999935
"2019-04-25 11:13:00",1400,-0.00209999999999866
"2019-04-25 11:14:00",331,0.0149999999999935
"2019-04-25 11:15:00",1017,-0.0149999999999935
"2019-04-25 11:16:00",350,0
"2019-04-25 11:17:00",200,-0.00500000000000256
"2019-04-25 11:18:00",926,-0.00500000000000256
"2019-04-25 11:19:00",868,0.00500000000000256
"2019-04-25 11:20:00",425,-0.0131000000000014
"2019-04-25 11:21:00",775,0.0114000000000019
"2019-04-25 11:22:00",101,0.000799999999998136
"2019-04-25 11:24:00",1154,-0.0041000000000011
"2019-04-25 11:25:00",2043,0.00359999999999872
"2019-04-25 11:26:00",100,0.0064000000000064
"2019-04-25 11:27:00",430,0.00489999999999924
"2019-04-25 11:28:00",600,0.00509999999999877
"2019-04-25 11:29:00",1932,-0.0249999999999986
"2019-04-25 11:30:00",3377,-0.00500000000000256
"2019-04-25 11:31:00",1400,0.00999999999999801
"2019-04-25 11:32:00",2066,0.0200000000000031
"2019-04-25 11:33:00",512,-0.00999999999999801
"2019-04-25 11:34:00",2244,0
"2019-04-25 11:35:00",1300,0.00729999999999364
"2019-04-25 11:36:00",500,0.0127000000000024
"2019-04-25 11:37:00",698,-0.00430000000000064
"2019-04-25 11:38:00",3183,0.00930000000000319
"2019-04-25 11:39:00",1400,0
"2019-04-25 11:40:00",1452,-0.00500000000000256
"2019-04-25 11:41:00",1008,0
"2019-04-25 11:42:00",2077,0.00679999999999836
"2019-04-25 11:43:00",100,-0.00369999999999493
"2019-04-25 11:44:00",778,-0.00310000000000343
"2019-04-25 11:45:00",1000,0.0200000000000031
"2019-04-25 11:46:00",100,-0.00500000000000256
"2019-04-25 11:47:00",2005,0.0150000000000006
"2019-04-25 11:48:00",270,0
"2019-04-25 11:49:00",2881,0
"2019-04-25 11:50:00",631,0.00999999999999801
"2019-04-25 11:51:00",4687,-0.00999999999999801
"2019-04-25 11:53:00",350,0.0150000000000006
"2019-04-25 11:54:00",3150,0
"2019-04-25 11:55:00",500,0.00999999999999801
"2019-04-25 11:56:00",2514,-0.00499999999999545
"2019-04-25 11:57:00",800,0.00999999999999801
"2019-04-25 11:58:00",500,0.00999999999999801
"2019-04-25 11:59:00",1294,0.0150000000000006
"2019-04-25 12:00:00",1100,-0.00500000000000256
"2019-04-25 12:01:00",1400,0.0100000000000051
"2019-04-25 12:02:00",5015,0.00499999999999545
"2019-04-25 12:03:00",2100,0.0150000000000006
"2019-04-25 12:04:00",1500,-0.00499999999999545
"2019-04-25 12:05:00",641,-0.00500000000000256
"2019-04-25 12:06:00",604,0
"2019-04-25 12:07:00",5356,0.00999999999999801
"2019-04-25 12:08:00",1264,-0.00999999999999801
"2019-04-25 12:09:00",3014,-0.0249999999999986
"2019-04-25 12:10:00",100,0.00499999999999545
"2019-04-25 12:11:00",300,-0.00309999999999633
"2019-04-25 12:12:00",1569,-0.00690000000000168
"2019-04-25 12:13:00",3369,0.00999999999999801
"2019-04-25 12:14:00",4232,0.0200000000000031
"2019-04-25 12:15:00",100,0
"2019-04-25 12:16:00",200,-0.0200000000000031
"2019-04-25 12:17:00",479,0.0100000000000051
"2019-04-25 12:18:00",2621,0.00999999999999801
"2019-04-25 12:19:00",1000,-0.00999999999999801
"2019-04-25 12:20:00",300,0.00999999999999801
"2019-04-25 12:21:00",2701,0.00500000000000256
"2019-04-25 12:22:00",700,0.000799999999998136
"2019-04-25 12:23:00",2187,-0.00580000000000069
"2019-04-25 12:24:00",900,0
"2019-04-25 12:25:00",1000,0
"2019-04-25 12:27:00",1670,0.0399999999999991
"2019-04-25 12:28:00",2500,-0.00500000000000256
"2019-04-25 12:29:00",4577,-0.00499999999999545
"2019-04-25 12:30:00",2200,0.00499999999999545
"2019-04-25 12:31:00",3486,-0.0150000000000006
"2019-04-25 12:32:00",100,-0.00999999999999801
"2019-04-25 12:34:00",700,0.00999999999999801
"2019-04-25 12:35:00",220,0.00750000000000028
"2019-04-25 12:36:00",700,-0.00739999999999696
"2019-04-25 12:37:00",1058,-0.00880000000000081
"2019-04-25 12:38:00",1177,0.00319999999999965
"2019-04-25 12:39:00",1300,-0.00949999999999562
"2019-04-25 12:40:00",400,0.00499999999999545
"2019-04-25 12:41:00",1126,-0.0150000000000006
"2019-04-25 12:42:00",721,-0.00999999999999801
"2019-04-25 12:43:00",5871,0.00500000000000256
"2019-04-25 12:44:00",300,-0.0150000000000006
"2019-04-25 12:45:00",2672,0.00999999999999801
"2019-04-25 12:46:00",1489,-0.00809999999999889
"2019-04-25 12:47:00",331,0.00309999999999633
"2019-04-25 12:48:00",856,-0.00339999999999918
"2019-04-25 12:49:00",2762,-0.00159999999999627
"2019-04-25 12:50:00",5340,-0.00500000000000256
"2019-04-25 12:51:00",1775,-0.00999999999999801
"2019-04-25 12:52:00",867,0.00719999999999743
"2019-04-25 12:53:00",922,-0.0270999999999972
"2019-04-25 12:54:00",670,0.0099000000000018
"2019-04-25 12:55:00",600,0.0148999999999972
"2019-04-25 12:56:00",900,0.0150999999999968
"2019-04-25 12:57:00",2456,-0.00999999999999801
"2019-04-25 12:58:00",1522,0
"2019-04-25 12:59:00",3800,0
"2019-04-25 13:00:00",4451,0.0200000000000031
"2019-04-25 13:01:00",500,0
"2019-04-25 13:02:00",1389,-0.0200000000000031
"2019-04-25 13:03:00",365,0.00999999999999801
"2019-04-25 13:04:00",1700,-0.00499999999999545
"2019-04-25 13:05:00",1200,0.00159999999999627
"2019-04-25 13:06:00",1139,-0.0165999999999968
"2019-04-25 13:07:00",900,-0.0249999999999986
"2019-04-25 13:08:00",1383,0.0150000000000006
"2019-04-25 13:09:00",500,0
"2019-04-25 13:10:00",1150,-0.0100000000000051
"2019-04-25 13:11:00",800,-0.019999999999996
"2019-04-25 13:12:00",824,-0.00500000000000256
"2019-04-25 13:13:00",2086,-0.00500000000000256
"2019-04-25 13:14:00",800,-0.0150000000000006
"2019-04-25 13:15:00",1025,-0.00999999999999801
"2019-04-25 13:16:00",3752,0.00500000000000256
"2019-04-25 13:17:00",1987,-0.0200000000000031
"2019-04-25 13:18:00",845,-0.0133999999999972
"2019-04-25 13:19:00",3459,-0.026600000000002
"2019-04-25 13:20:00",29337,-0.0600000000000023
"2019-04-25 13:21:00",6920,0
"2019-04-25 13:22:00",900,0.0100000000000051
"2019-04-25 13:23:00",200,0.00999999999999801
"2019-04-25 13:24:00",2300,0.00999999999999801
"2019-04-25 13:25:00",800,-0.00999999999999801
"2019-04-25 13:26:00",458,0.00999999999999801
"2019-04-25 13:27:00",658,-0.018499999999996
"2019-04-25 13:28:00",843,-0.00140000000000384
"2019-04-25 13:29:00",1200,0.0149000000000044
"2019-04-25 13:30:00",2360,-0.00830000000000553
"2019-04-25 13:31:00",500,0.00500000000000256
"2019-04-25 13:32:00",2335,0.00330000000000297
"2019-04-25 13:33:00",7760,0.00499999999999545
"2019-04-25 13:34:00",1150,0.00500000000000256
"2019-04-25 13:35:00",100,-0.00500000000000256
"2019-04-25 13:36:00",3152,-0.00999999999999801
"2019-04-25 13:37:00",1900,0.00500000000000256
"2019-04-25 13:38:00",2440,0.00999999999999801
"2019-04-25 13:39:00",1913,-0.0249000000000024
"2019-04-25 13:40:00",1381,-0.0101000000000013
"2019-04-25 13:41:00",700,0
"2019-04-25 13:42:00",2681,0.0100000000000051
"2019-04-25 13:43:00",2677,-0.0100000000000051
"2019-04-25 13:44:00",1000,-0.00999999999999801
"2019-04-25 13:45:00",1900,-0.00489999999999924
"2019-04-25 13:46:00",2000,0.0148999999999972
"2019-04-25 13:47:00",6400,0.0100000000000051
"2019-04-25 13:48:00",3400,0.00499999999999545
"2019-04-25 13:49:00",4453,-0.0150000000000006
"2019-04-25 13:50:00",3100,0.0200000000000031
"2019-04-25 13:51:00",2300,0
"2019-04-25 13:52:00",1185,-0.0200000000000031
"2019-04-25 13:53:00",5324,0.0110000000000028
"2019-04-25 13:54:00",2035,0.00399999999999778
"2019-04-25 13:55:00",500,-0.00499999999999545
"2019-04-25 13:56:00",10843,-0.00500000000000256
"2019-04-25 13:57:00",2200,0.0200000000000031
"2019-04-25 13:58:00",1858,0
"2019-04-25 13:59:00",1148,0
"2019-04-25 14:00:00",6045,0.00499999999999545
"2019-04-25 14:01:00",1745,0
"2019-04-25 14:02:00",2198,-0.00499999999999545
"2019-04-25 14:03:00",8378,-0.0150000000000006
"2019-04-25 14:04:00",1650,0
"2019-04-25 14:05:00",3087,0.00999999999999801
"2019-04-25 14:06:00",2612,-0.00999999999999801
"2019-04-25 14:07:00",4326,0.00499999999999545
"2019-04-25 14:08:00",2100,-0.00999999999999801
"2019-04-25 14:09:00",1653,0
"2019-04-25 14:10:00",1802,0
"2019-04-25 14:11:00",103002,0.00489999999999924
"2019-04-25 14:12:00",2500,0.0151000000000039
"2019-04-25 14:13:00",1100,0
"2019-04-25 14:14:00",3338,-0.0100000000000051
"2019-04-25 14:15:00",2907,0
"2019-04-25 14:16:00",1800,0
"2019-04-25 14:17:00",22139,-0.00499999999999545
"2019-04-25 14:18:00",10419,0.0349999999999966
"2019-04-25 14:19:00",1400,0
"2019-04-25 14:20:00",4251,0.00500000000000256
"2019-04-25 14:21:00",2400,0.00999999999999801
"2019-04-25 14:22:00",3994,-0.0249999999999986
"2019-04-25 14:23:00",1933,0.00500000000000256
"2019-04-25 14:24:00",2016,0.00999999999999801
"2019-04-25 14:25:00",6736,0
"2019-04-25 14:26:00",3982,0.00500000000000256
"2019-04-25 14:27:00",6832,0.0149999999999935
"2019-04-25 14:28:00",3898,-0.00999999999999801
"2019-04-25 14:29:00",6190,0.0249999999999986
"2019-04-25 14:30:00",14427,-0.019999999999996
"2019-04-25 14:31:00",4447,0.00499999999999545
"2019-04-25 14:32:00",1600,-0.00499999999999545
"2019-04-25 14:33:00",7683,0.00999999999999801
"2019-04-25 14:34:00",5913,-0.00999999999999801
"2019-04-25 14:35:00",9443,-0.00500000000000256
"2019-04-25 14:36:00",4889,-0.00999999999999801
"2019-04-25 14:37:00",5532,0
"2019-04-25 14:38:00",3149,-0.00999999999999801
"2019-04-25 14:39:00",11200,0.00999999999999801
"2019-04-25 14:40:00",2039,0.0300000000000011
"2019-04-25 14:41:00",6894,-0.0200000000000031
"2019-04-25 14:42:00",2200,0
"2019-04-25 14:43:00",2682,0.00610000000000355
"2019-04-25 14:44:00",2638,0.0289000000000001
"2019-04-25 14:45:00",6538,-0.00500000000000256
"2019-04-25 14:46:00",6466,-0.0200000000000031
"2019-04-25 14:47:00",4816,-0.00999999999999801
"2019-04-25 14:48:00",7395,-0.0300000000000011
"2019-04-25 14:49:00",3379,-0.00499999999999545
"2019-04-25 14:50:00",3197,0.00499999999999545
"2019-04-25 14:51:00",12116,-0.019999999999996
"2019-04-25 14:52:00",5108,0.0099000000000018
"2019-04-25 14:53:00",6750,-0.0099000000000018
"2019-04-25 14:54:00",10561,0
"2019-04-25 14:55:00",9577,-0.0100000000000051
"2019-04-25 14:56:00",35574,0
"2019-04-25 14:57:00",15594,-0.0249999999999986
"2019-04-25 14:58:00",8768,0.0150000000000006
"2019-04-25 14:59:00",18994,-0.0300000000000011
"2019-04-25 15:02:00",20638,0
"2019-04-25 15:15:00",0,0
"2019-04-26 08:30:00",105754,-0.449999999999996
"2019-04-26 08:31:00",10459,0.0499999999999972
"2019-04-26 08:32:00",18419,0.0367000000000033
"2019-04-26 08:33:00",24398,-0.0167000000000002
"2019-04-26 08:34:00",9393,-0.0500000000000043
"2019-04-26 08:35:00",18109,-0.00999999999999801
"2019-04-26 08:36:00",23903,-0.0399999999999991
"2019-04-26 08:37:00",11668,-0.0869
"2019-04-26 08:38:00",20475,-0.0630999999999986
"2019-04-26 08:39:00",6580,0.0150000000000006
"2019-04-26 08:40:00",5880,9.99999999962142e-05
"2019-04-26 08:41:00",7581,0.0149000000000044
"2019-04-26 08:42:00",8705,-0.0121000000000038
"2019-04-26 08:43:00",4806,-0.00289999999999679
"2019-04-26 08:44:00",600,-0.00500000000000256
"2019-04-26 08:45:00",10124,0.0300000000000011
"2019-04-26 08:46:00",4629,-0.0399999999999991
"2019-04-26 08:47:00",2700,0.0300000000000011
"2019-04-26 08:48:00",6163,0.00999999999999801
"2019-04-26 08:49:00",4500,-0.00999999999999801
"2019-04-26 08:50:00",18608,0
"2019-04-26 08:51:00",2705,0
"2019-04-26 08:52:00",9020,-0.0100000000000051
"2019-04-26 08:53:00",5716,0
"2019-04-26 08:54:00",4891,-0.019999999999996
"2019-04-26 08:55:00",38115,-0.0300000000000011
"2019-04-26 08:56:00",24956,-0.0300000000000011
"2019-04-26 08:57:00",84545,0.00999999999999801
"2019-04-26 08:58:00",2900,0.0200000000000031
"2019-04-26 08:59:00",3976,-0.0500000000000043
"2019-04-26 09:00:00",40526,-0.0198999999999998
"2019-04-26 09:01:00",4006,0.0299000000000049
"2019-04-26 09:02:00",4646,-0.0200000000000031
"2019-04-26 09:03:00",6652,0.00500000000000256
"2019-04-26 09:04:00",3065,0.00499999999999545
"2019-04-26 09:05:00",17285,-0.0149999999999935
"2019-04-26 09:06:00",9678,-0.0200000000000031
"2019-04-26 09:07:00",7296,-0.0549999999999997
"2019-04-26 09:08:00",11465,-0.0399999999999991
"2019-04-26 09:09:00",22354,-0.0150000000000006
"2019-04-26 09:10:00",25914,0
"2019-04-26 09:11:00",8817,-0.00500000000000256
"2019-04-26 09:12:00",11276,-0.019999999999996
"2019-04-26 09:13:00",2858,0.00999999999999801
"2019-04-26 09:14:00",15381,0.00999999999999801
"2019-04-26 09:15:00",5051,0.0100000000000051
"2019-04-26 09:16:00",9221,-0.0200000000000031
"2019-04-26 09:17:00",13562,0.023299999999999
"2019-04-26 09:18:00",9821,0.0367000000000033
"2019-04-26 09:19:00",8248,0.0300000000000011
"2019-04-26 09:20:00",8404,0
"2019-04-26 09:21:00",8279,0.00999999999999801
"2019-04-26 09:22:00",16023,-0.00999999999999801
"2019-04-26 09:23:00",4258,0.00999999999999801
"2019-04-26 09:24:00",2313,0.019999999999996
"2019-04-26 09:25:00",12230,0.0500000000000043
"2019-04-26 09:26:00",3066,0.00399999999999778
"2019-04-26 09:27:00",2740,-0.00399999999999778
"2019-04-26 09:28:00",1900,0.00999999999999801
"2019-04-26 09:29:00",4838,-0.0300000000000011
"2019-04-26 09:30:00",11509,0.00999999999999801
"2019-04-26 09:31:00",1350,0
"2019-04-26 09:32:00",1705,-0.0132999999999939
"2019-04-26 09:33:00",3850,-0.0167000000000002
"2019-04-26 09:34:00",4650,0.019999999999996
"2019-04-26 09:35:00",12330,-0.00999999999999801
"2019-04-26 09:36:00",2793,-0.0401000000000025
"2019-04-26 09:37:00",1986,0.0101000000000013
"2019-04-26 09:38:00",1995,-0.019999999999996
"2019-04-26 09:39:00",1405,0.00999999999999801
"2019-04-26 09:40:00",1500,0.00999999999999801
"2019-04-26 09:41:00",4126,-0.0300000000000011
"2019-04-26 09:42:00",13450,-0.0399999999999991
"2019-04-26 09:43:00",9728,0
"2019-04-26 09:44:00",8124,0.0279000000000025
"2019-04-26 09:45:00",3358,0.0120999999999967
"2019-04-26 09:46:00",4456,-0.00999999999999801
"2019-04-26 09:47:00",4123,0
"2019-04-26 09:48:00",4634,-0.0198999999999998
"2019-04-26 09:49:00",3726,0.0099000000000018
"2019-04-26 09:50:00",2317,-0.0200000000000031
"2019-04-26 09:51:00",3800,0.00999999999999801
"2019-04-26 09:52:00",8528,0.0300000000000011
"2019-04-26 09:53:00",8580,0
"2019-04-26 09:54:00",5174,-0.0300000000000011
"2019-04-26 09:55:00",5679,-0.00499999999999545
"2019-04-26 09:56:00",4550,-0.0150000000000006
"2019-04-26 09:57:00",11762,-0.0900000000000034
"2019-04-26 09:58:00",26626,0.0200000000000031
"2019-04-26 09:59:00",4000,-0.0200000000000031
"2019-04-26 10:00:00",8864,0
"2019-04-26 10:01:00",7996,0.0200000000000031
"2019-04-26 10:02:00",20580,-0.0500000000000043
"2019-04-26 10:03:00",12928,0.0200000000000031
"2019-04-26 10:04:00",49191,0.0300000000000011
"2019-04-26 10:05:00",25965,0.0499999999999972
"2019-04-26 10:06:00",6514,-0.019999999999996
"2019-04-26 10:07:00",7742,0.019999999999996
"2019-04-26 10:08:00",9336,0.0200000000000031
"2019-04-26 10:09:00",7950,0
"2019-04-26 10:10:00",11700,-0.0200000000000031
"2019-04-26 10:11:00",4500,0.0399999999999991
"2019-04-26 10:12:00",11432,0.0200000000000031
"2019-04-26 10:13:00",6763,0.00999999999999801
"2019-04-26 10:14:00",10453,0
"2019-04-26 10:15:00",9758,0.0264999999999986
"2019-04-26 10:16:00",4670,-0.0164999999999935
"2019-04-26 10:17:00",6115,0.019999999999996
"2019-04-26 10:18:00",4954,0.0129999999999981
"2019-04-26 10:19:00",12967,0.036999999999999
"2019-04-26 10:20:00",11586,-0.00499999999999545
"2019-04-26 10:21:00",4160,-0.0150000000000006
"2019-04-26 10:22:00",10240,0.0099000000000018
"2019-04-26 10:23:00",6976,-0.0099000000000018
"2019-04-26 10:24:00",4644,0
"2019-04-26 10:25:00",9561,-0.0200000000000031
"2019-04-26 10:26:00",13035,0.0100000000000051
"2019-04-26 10:27:00",7453,0.029999999999994
"2019-04-26 10:28:00",3321,-0.00999999999999801
"2019-04-26 10:29:00",15422,0.0399999999999991
"2019-04-26 10:30:00",4804,-0.0227000000000004
"2019-04-26 10:31:00",22525,0.0527000000000015
"2019-04-26 10:32:00",29869,0
"2019-04-26 10:33:00",25598,0.0300000000000011
"2019-04-26 10:34:00",13251,-0.00500000000000256
"2019-04-26 10:35:00",6853,0.00550000000000495
"2019-04-26 10:36:00",2047,-0.0105000000000004
"2019-04-26 10:37:00",5649,0
"2019-04-26 10:38:00",2149,0.00999999999999801
"2019-04-26 10:39:00",5500,-0.0200000000000031
"2019-04-26 10:40:00",800,0.0179000000000045
"2019-04-26 10:41:00",3650,0.018499999999996
"2019-04-26 10:42:00",2725,-0.0163999999999973
"2019-04-26 10:43:00",1004,0
"2019-04-26 10:44:00",100,-0.0150000000000006
"2019-04-26 10:45:00",1608,-0.0150000000000006
"2019-04-26 10:46:00",4104,0.0300000000000011
"2019-04-26 10:47:00",3850,0
"2019-04-26 10:48:00",2424,-0.0200000000000031
"2019-04-26 10:49:00",5216,0.0200000000000031
"2019-04-26 10:50:00",2500,-0.0200000000000031
"2019-04-26 10:51:00",8189,0.0100000000000051
"2019-04-26 10:52:00",9412,-0.0249999999999986
"2019-04-26 10:53:00",2434,0.0115999999999943
"2019-04-26 10:54:00",1757,-0.0165999999999968
"2019-04-26 10:55:00",3278,-0.00999999999999801
"2019-04-26 10:56:00",4145,-0.0400000000000063
"2019-04-26 10:57:00",400,-0.00999999999999801
"2019-04-26 10:58:00",908,0.00650000000000261
"2019-04-26 10:59:00",1647,-0.0146000000000015
"2019-04-26 11:00:00",1100,-0.0118999999999971
"2019-04-26 11:01:00",3052,0.0234999999999985
"2019-04-26 11:02:00",100,-0.0035000000000025
"2019-04-26 11:03:00",3115,-0.0300000000000011
"2019-04-26 11:04:00",2715,0
"2019-04-26 11:05:00",900,-0.00499999999999545
"2019-04-26 11:06:00",3053,-0.0112000000000023
"2019-04-26 11:07:00",1058,0.00619999999999976
"2019-04-26 11:08:00",4981,0
"2019-04-26 11:09:00",1300,0
"2019-04-26 11:10:00",1000,0.00999999999999801
"2019-04-26 11:11:00",700,-0.00999999999999801
"2019-04-26 11:12:00",1045,-0.0167999999999964
"2019-04-26 11:13:00",8054,-0.0132000000000048
"2019-04-26 11:14:00",1600,0.0200000000000031
"2019-04-26 11:15:00",1100,0.00520000000000209
"2019-04-26 11:16:00",300,0.00479999999999592
"2019-04-26 11:17:00",5137,0.0249999999999986
"2019-04-26 11:18:00",8183,0.00500000000000256
"2019-04-26 11:19:00",982,-0.00999999999999801
"2019-04-26 11:20:00",1267,0.0150000000000006
"2019-04-26 11:21:00",2270,-0.0150000000000006
"2019-04-26 11:22:00",720,-0.00500000000000256
"2019-04-26 11:23:00",3600,-0.00500000000000256
"2019-04-26 11:24:00",506,-0.00999999999999801
"2019-04-26 11:25:00",1000,-0.019999999999996
"2019-04-26 11:26:00",2998,0
"2019-04-26 11:27:00",897,-0.00500000000000256
"2019-04-26 11:28:00",2205,0.00500000000000256
"2019-04-26 11:29:00",5063,-0.00500000000000256
"2019-04-26 11:30:00",2483,0
"2019-04-26 11:31:00",5374,-0.0150000000000006
"2019-04-26 11:32:00",2180,0
"2019-04-26 11:33:00",2613,-0.00460000000000349
"2019-04-26 11:34:00",2998,-0.0253999999999976
"2019-04-26 11:35:00",2844,-0.00500000000000256
"2019-04-26 11:36:00",422,-0.00499999999999545
"2019-04-26 11:37:00",1717,-0.00999999999999801
"2019-04-26 11:38:00",924,0.0194999999999936
"2019-04-26 11:39:00",9197,0.0205000000000055
"2019-04-26 11:40:00",1900,-0.0200000000000031
"2019-04-26 11:41:00",2100,0.00999999999999801
"2019-04-26 11:42:00",507,0.0099000000000018
"2019-04-26 11:43:00",1400,-0.0099000000000018
"2019-04-26 11:44:00",200,0.0100000000000051
"2019-04-26 11:45:00",5408,0.00669999999999504
"2019-04-26 11:46:00",5290,0.0183000000000035
"2019-04-26 11:47:00",3257,-0.0249999999999986
"2019-04-26 11:48:00",1404,0.00999999999999801
"2019-04-26 11:49:00",630,0.0150000000000006
"2019-04-26 11:50:00",1700,-0.00999999999999801
"2019-04-26 11:51:00",1300,0.00499999999999545
"2019-04-26 11:52:00",760,0.0100000000000051
"2019-04-26 11:53:00",7817,0.019999999999996
"2019-04-26 11:54:00",2911,0.0300000000000011
"2019-04-26 11:55:00",3075,-0.0399999999999991
"2019-04-26 11:56:00",7727,-0.0200000000000031
"2019-04-26 11:57:00",15879,0
"2019-04-26 11:58:00",1400,0.0100000000000051
"2019-04-26 11:59:00",400,0.00999999999999801
"2019-04-26 12:00:00",300,0.00999999999999801
"2019-04-26 12:01:00",2500,0.0399999999999991
"2019-04-26 12:02:00",1000,0.0300000000000011
"2019-04-26 12:03:00",5026,-0.0200000000000031
"2019-04-26 12:04:00",400,-0.00999999999999801
"2019-04-26 12:05:00",575,-0.00999999999999801
"2019-04-26 12:06:00",2659,-0.0399999999999991
"2019-04-26 12:07:00",4557,0
"2019-04-26 12:08:00",1055,-0.00999999999999801
"2019-04-26 12:09:00",3810,0.00999999999999801
"2019-04-26 12:10:00",8510,0
"2019-04-26 12:11:00",3613,-0.0035000000000025
"2019-04-26 12:12:00",1300,-0.0165000000000006
"2019-04-26 12:13:00",7250,-0.00999999999999801
"2019-04-26 12:14:00",5507,0
"2019-04-26 12:15:00",4200,-0.0148999999999972
"2019-04-26 12:16:00",3400,-0.0251000000000019
"2019-04-26 12:17:00",4700,0.00499999999999545
"2019-04-26 12:18:00",9637,0.0100000000000051
"2019-04-26 12:19:00",1206,0.019999999999996
"2019-04-26 12:20:00",1101,-0.00499999999999545
"2019-04-26 12:21:00",900,0
"2019-04-26 12:22:00",1050,0.00499999999999545
"2019-04-26 12:23:00",4533,-0.00489999999999924
"2019-04-26 12:24:00",4155,-0.00509999999999877
"2019-04-26 12:25:00",100,-0.00500000000000256
"2019-04-26 12:26:00",700,0
"2019-04-26 12:27:00",2808,0
"2019-04-26 12:28:00",3200,0.0153999999999996
"2019-04-26 12:29:00",400,0.00460000000000349
"2019-04-26 12:30:00",758,0.00999999999999801
"2019-04-26 12:31:00",9463,0.0099000000000018
"2019-04-26 12:32:00",10300,0.0101000000000013
"2019-04-26 12:33:00",5252,0.00900000000000034
"2019-04-26 12:34:00",616,-0.00900000000000034
"2019-04-26 12:35:00",2708,-0.00999999999999801
"2019-04-26 12:36:00",988,0
"2019-04-26 12:37:00",1400,0
"2019-04-26 12:38:00",2200,0.00499999999999545
"2019-04-26 12:39:00",5000,0
"2019-04-26 12:40:00",19935,-0.0204000000000022
"2019-04-26 12:41:00",10575,-0.00959999999999894
"2019-04-26 12:42:00",4438,0.0200000000000031
"2019-04-26 12:43:00",2200,0.00500000000000256
"2019-04-26 12:44:00",1805,0.00919999999999987
"2019-04-26 12:45:00",7647,0.000799999999998136
"2019-04-26 12:46:00",26840,0.0249999999999986
"2019-04-26 12:47:00",1010,0.00500000000000256
"2019-04-26 12:49:00",659,0
"2019-04-26 12:50:00",834,0.00659999999999883
"2019-04-26 12:51:00",1628,-0.00659999999999883
"2019-04-26 12:52:00",1074,-0.0100000000000051
"2019-04-26 12:53:00",300,0
"2019-04-26 12:54:00",300,0
"2019-04-26 12:55:00",2407,0
"2019-04-26 12:56:00",1173,0.0168999999999997
"2019-04-26 12:57:00",102,-0.00369999999999493
"2019-04-26 12:58:00",5583,0.0317999999999969
"2019-04-26 12:59:00",2195,0.00500000000000256
"2019-04-26 13:00:00",1421,0.0152000000000001
"2019-04-26 13:01:00",100,-0.0152000000000001
"2019-04-26 13:02:00",2751,-0.0300000000000011
"2019-04-26 13:03:00",3303,-0.00500000000000256
"2019-04-26 13:04:00",3503,0.0150000000000006
"2019-04-26 13:05:00",4202,0
"2019-04-26 13:06:00",24479,-0.00499999999999545
"2019-04-26 13:07:00",1670,-0.0100000000000051
"2019-04-26 13:08:00",2793,-0.0150000000000006
"2019-04-26 13:09:00",7432,0.0150000000000006
"2019-04-26 13:10:00",1000,0
"2019-04-26 13:11:00",4822,0.0118000000000009
"2019-04-26 13:12:00",4804,-0.0167999999999964
"2019-04-26 13:13:00",2039,-0.0300000000000011
"2019-04-26 13:14:00",530,0
"2019-04-26 13:15:00",1785,0
"2019-04-26 13:16:00",1046,0
"2019-04-26 13:17:00",584,0.00999999999999801
"2019-04-26 13:18:00",1965,0.0099000000000018
"2019-04-26 13:19:00",2118,9.99999999962142e-05
"2019-04-26 13:20:00",100,0
"2019-04-26 13:21:00",1200,0.0250000000000057
"2019-04-26 13:22:00",9862,0.0249999999999986
"2019-04-26 13:23:00",1233,0.0167999999999964
"2019-04-26 13:24:00",10152,-0.0167999999999964
"2019-04-26 13:25:00",1000,-0.0100000000000051
"2019-04-26 13:26:00",500,0
"2019-04-26 13:27:00",2936,0.0200000000000031
"2019-04-26 13:28:00",1350,0.00999999999999801
"2019-04-26 13:29:00",2320,-0.0352999999999994
"2019-04-26 13:30:00",1688,0.00529999999999831
"2019-04-26 13:31:00",1330,0.0200000000000031
"2019-04-26 13:32:00",3204,0
"2019-04-26 13:33:00",625,0.00999999999999801
"2019-04-26 13:34:00",7310,0.00720000000000454
"2019-04-26 13:35:00",1691,-0.0272000000000006
"2019-04-26 13:36:00",1796,-0.0100000000000051
"2019-04-26 13:37:00",1428,0
"2019-04-26 13:38:00",7156,-0.019999999999996
"2019-04-26 13:39:00",500,0.00500000000000256
"2019-04-26 13:40:00",2200,-0.00500000000000256
"2019-04-26 13:41:00",926,0
"2019-04-26 13:42:00",2000,-0.00339999999999918
"2019-04-26 13:43:00",1030,-0.00659999999999883
"2019-04-26 13:44:00",2117,-0.0250000000000057
"2019-04-26 13:45:00",2900,-0.00499999999999545
"2019-04-26 13:46:00",3972,-0.00500000000000256
"2019-04-26 13:47:00",3500,-0.00499999999999545
"2019-04-26 13:48:00",1976,-0.0100000000000051
"2019-04-26 13:49:00",700,-0.00499999999999545
"2019-04-26 13:50:00",1200,-0.00010000000000332
"2019-04-26 13:51:00",1661,-0.0099000000000018
"2019-04-26 13:52:00",855,-0.00499999999999545
"2019-04-26 13:53:00",318,0.00619999999999976
"2019-04-26 13:54:00",2400,0.00880000000000081
"2019-04-26 13:55:00",1250,-0.00500000000000256
"2019-04-26 13:56:00",2751,-0.00500000000000256
"2019-04-26 13:57:00",3045,0.00500000000000256
"2019-04-26 13:58:00",1468,0.00500000000000256
"2019-04-26 13:59:00",2816,-0.0150000000000006
"2019-04-26 14:00:00",2549,0.0150000000000006
"2019-04-26 14:01:00",200,0.0112999999999985
"2019-04-26 14:02:00",14425,0.0137
"2019-04-26 14:03:00",1500,0.019999999999996
"2019-04-26 14:04:00",2724,0.0100000000000051
"2019-04-26 14:05:00",6531,0
"2019-04-26 14:06:00",3941,0.019999999999996
"2019-04-26 14:07:00",3180,-0.019999999999996
"2019-04-26 14:08:00",1425,-0.00500000000000256
"2019-04-26 14:09:00",1607,-0.00739999999999696
"2019-04-26 14:10:00",5003,-0.00260000000000105
"2019-04-26 14:11:00",2848,-0.0243000000000038
"2019-04-26 14:12:00",10840,-0.0206999999999979
"2019-04-26 14:13:00",3706,0.00999999999999801
"2019-04-26 14:14:00",1821,-0.0150000000000006
"2019-04-26 14:15:00",2150,0.0150000000000006
"2019-04-26 14:16:00",2103,0
"2019-04-26 14:17:00",2658,-0.00999999999999801
"2019-04-26 14:18:00",6157,0.0200000000000031
"2019-04-26 14:19:00",1420,0.0046999999999997
"2019-04-26 14:20:00",1235,-0.0046999999999997
"2019-04-26 14:21:00",3469,0.00499999999999545
"2019-04-26 14:22:00",2855,-0.00820000000000221
"2019-04-26 14:23:00",912,-0.0017999999999958
"2019-04-26 14:24:00",1643,-0.00500000000000256
"2019-04-26 14:25:00",8803,0.0100000000000051
"2019-04-26 14:26:00",3678,-0.0100000000000051
"2019-04-26 14:27:00",5858,-0.019999999999996
"2019-04-26 14:28:00",4800,0.00499999999999545
"2019-04-26 14:29:00",28927,0.0150000000000006
"2019-04-26 14:30:00",12662,0.0150000000000006
"2019-04-26 14:31:00",7441,0.00500000000000256
"2019-04-26 14:32:00",3375,0.00999999999999801
"2019-04-26 14:33:00",1831,0.00999999999999801
"2019-04-26 14:34:00",2968,0
"2019-04-26 14:35:00",3185,0
"2019-04-26 14:36:00",4949,0.0300000000000011
"2019-04-26 14:37:00",4239,-0.00999999999999801
"2019-04-26 14:38:00",3030,-0.00999999999999801
"2019-04-26 14:39:00",7852,0.00999999999999801
"2019-04-26 14:40:00",2600,0
"2019-04-26 14:41:00",2546,-0.00500000000000256
"2019-04-26 14:42:00",4674,-0.019999999999996
"2019-04-26 14:43:00",18479,-0.00500000000000256
"2019-04-26 14:44:00",7887,0.0350000000000037
"2019-04-26 14:45:00",3754,-0.0150000000000006
"2019-04-26 14:46:00",2975,-0.0100000000000051
"2019-04-26 14:47:00",4126,-0.00999999999999801
"2019-04-26 14:48:00",5819,0.0200000000000031
"2019-04-26 14:49:00",3072,-0.00780000000000314
"2019-04-26 14:50:00",12547,0.0277999999999992
"2019-04-26 14:51:00",6355,0.00500000000000256
"2019-04-26 14:52:00",4857,0.00999999999999801
"2019-04-26 14:53:00",8540,0.00500000000000256
"2019-04-26 14:54:00",39897,0.0499999999999972
"2019-04-26 14:55:00",15605,-0.0150000000000006
"2019-04-26 14:56:00",29236,0.0300000000000011
"2019-04-26 14:57:00",42471,0.0350000000000037
"2019-04-26 14:58:00",17168,0.00999999999999801
"2019-04-26 14:59:00",58481,0.0300000000000011
"2019-04-26 15:01:00",24938,0
"2019-04-26 15:15:00",0,0
"2019-04-29 08:30:00",30896,-0.289999999999999
"2019-04-29 08:31:00",14285,0.0700000000000003
"2019-04-29 08:32:00",15895,-0.0300000000000011
"2019-04-29 08:33:00",15142,0.00499999999999545
"2019-04-29 08:34:00",6361,0
"2019-04-29 08:35:00",11465,-0.0449999999999946
"2019-04-29 08:36:00",16330,-0.0400000000000063
"2019-04-29 08:37:00",2432,0.0100000000000051
"2019-04-29 08:38:00",2830,0.00999999999999801
"2019-04-29 08:39:00",3001,-0.0399999999999991
"2019-04-29 08:40:00",2306,-0.0200000000000031
"2019-04-29 08:41:00",3360,0.0200000000000031
"2019-04-29 08:42:00",6942,9.99999999962142e-05
"2019-04-29 08:43:00",3930,-9.99999999962142e-05
"2019-04-29 08:44:00",7177,-0.0249999999999986
"2019-04-29 08:45:00",12925,0.00499999999999545
"2019-04-29 08:46:00",3184,-0.019999999999996
"2019-04-29 08:47:00",2070,0.00999999999999801
"2019-04-29 08:48:00",5999,0
"2019-04-29 08:49:00",10337,-0.0200000000000031
"2019-04-29 08:50:00",24417,-0.019999999999996
"2019-04-29 08:51:00",13618,0.019999999999996
"2019-04-29 08:52:00",5537,0.0100000000000051
"2019-04-29 08:53:00",1000,-0.0300000000000011
"2019-04-29 08:54:00",4539,0.00999999999999801
"2019-04-29 08:55:00",475,0
"2019-04-29 08:56:00",5259,0.0299000000000049
"2019-04-29 08:57:00",3533,-0.0122
"2019-04-29 08:58:00",4348,-0.0277000000000029
"2019-04-29 08:59:00",4252,-0.0499999999999972
"2019-04-29 09:00:00",11405,0.0699999999999932
"2019-04-29 09:01:00",19290,0.0150000000000006
"2019-04-29 09:02:00",13842,0.0250000000000057
"2019-04-29 09:03:00",19892,0.0150000000000006
"2019-04-29 09:04:00",5563,0.0449999999999946
"2019-04-29 09:05:00",5546,0.0600000000000023
"2019-04-29 09:06:00",9932,-0.00999999999999801
"2019-04-29 09:07:00",1601,-0.0200000000000031
"2019-04-29 09:08:00",8587,-0.0300000000000011
"2019-04-29 09:09:00",4630,-0.019999999999996
"2019-04-29 09:10:00",6198,-0.0200000000000031
"2019-04-29 09:11:00",7753,-0.0300000000000011
"2019-04-29 09:12:00",4300,-0.019999999999996
"2019-04-29 09:13:00",3358,0.0300000000000011
"2019-04-29 09:14:00",1450,0
"2019-04-29 09:15:00",1901,-0.0100000000000051
"2019-04-29 09:16:00",19545,-0.00999999999999801
"2019-04-29 09:17:00",5266,0.00999999999999801
"2019-04-29 09:18:00",1480,0.0200000000000031
"2019-04-29 09:19:00",5185,0.0300999999999974
"2019-04-29 09:20:00",17700,0.0399000000000029
"2019-04-29 09:21:00",2000,-0.00999999999999801
"2019-04-29 09:22:00",5981,0.00999999999999801
"2019-04-29 09:23:00",2285,-0.00500000000000256
"2019-04-29 09:24:00",1092,-0.0150000000000006
"2019-04-29 09:25:00",8122,0.0350000000000037
"2019-04-29 09:26:00",4536,-0.00509999999999877
"2019-04-29 09:27:00",2069,-0.0099000000000018
"2019-04-29 09:28:00",2900,0
"2019-04-29 09:29:00",3064,-0.00999999999999801
"2019-04-29 09:30:00",2600,0.0399999999999991
"2019-04-29 09:31:00",3878,0.00499999999999545
"2019-04-29 09:32:00",6414,0.0250000000000057
"2019-04-29 09:33:00",3452,0.0399999999999991
"2019-04-29 09:34:00",2456,0.0399999999999991
"2019-04-29 09:35:00",3192,0.00999999999999801
"2019-04-29 09:36:00",4496,0.00999999999999801
"2019-04-29 09:37:00",3508,-0.00999999999999801
"2019-04-29 09:38:00",2609,0.015500000000003
"2019-04-29 09:39:00",1602,-0.0307999999999993
"2019-04-29 09:40:00",8059,-0.00470000000000681
"2019-04-29 09:41:00",1809,0.0150000000000006
"2019-04-29 09:42:00",1747,0
"2019-04-29 09:43:00",3472,-0.019999999999996
"2019-04-29 09:44:00",1200,0
"2019-04-29 09:45:00",4000,-0.00999999999999801
"2019-04-29 09:46:00",1579,-0.00870000000000459
"2019-04-29 09:47:00",3515,0.00870000000000459
"2019-04-29 09:48:00",5379,0.0149999999999935
"2019-04-29 09:49:00",2869,-0.00999999999999801
"2019-04-29 09:50:00",4592,-0.00999999999999801
"2019-04-29 09:51:00",665,-0.0150000000000006
"2019-04-29 09:52:00",800,0
"2019-04-29 09:53:00",1390,0.0150000000000006
"2019-04-29 09:54:00",2767,0.00999999999999801
"2019-04-29 09:55:00",415,0.00999999999999801
"2019-04-29 09:56:00",1356,0
"2019-04-29 09:57:00",1487,0.0150000000000006
"2019-04-29 09:58:00",915,-0.019999999999996
"2019-04-29 09:59:00",2906,-0.0150000000000006
"2019-04-29 10:00:00",3643,0
"2019-04-29 10:01:00",2636,0.00999999999999801
"2019-04-29 10:02:00",2098,-0.00750000000000028
"2019-04-29 10:03:00",4073,-0.00249999999999773
"2019-04-29 10:04:00",750,0.0249999999999986
"2019-04-29 10:05:00",1350,-0.0150000000000006
"2019-04-29 10:06:00",650,-0.019999999999996
"2019-04-29 10:07:00",1079,0.00999999999999801
"2019-04-29 10:08:00",2300,-0.00999999999999801
"2019-04-29 10:09:00",953,-0.0100000000000051
"2019-04-29 10:10:00",3112,0.0150000000000006
"2019-04-29 10:11:00",1380,0.00500000000000256
"2019-04-29 10:12:00",2359,0
"2019-04-29 10:13:00",300,-0.00999999999999801
"2019-04-29 10:14:00",1300,0
"2019-04-29 10:15:00",1001,-0.0041000000000011
"2019-04-29 10:16:00",1681,-0.00930000000000319
"2019-04-29 10:17:00",2616,0.00339999999999918
"2019-04-29 10:18:00",2609,-0.00999999999999801
"2019-04-29 10:19:00",2234,0.00999999999999801
"2019-04-29 10:20:00",3976,-0.00999999999999801
"2019-04-29 10:21:00",9015,0
"2019-04-29 10:22:00",8646,0.0200000000000031
"2019-04-29 10:23:00",5157,-0.0250000000000057
"2019-04-29 10:24:00",1468,-0.019999999999996
"2019-04-29 10:25:00",5231,-0.0450000000000017
"2019-04-29 10:26:00",10479,-0.0150000000000006
"2019-04-29 10:27:00",6634,0.0450000000000017
"2019-04-29 10:28:00",1395,-0.0150000000000006
"2019-04-29 10:29:00",2706,-0.0200000000000031
"2019-04-29 10:30:00",3099,0.00500000000000256
"2019-04-29 10:31:00",770,0.0200000000000031
"2019-04-29 10:32:00",2337,0
"2019-04-29 10:33:00",1297,0.00499999999999545
"2019-04-29 10:34:00",9506,0.0100000000000051
"2019-04-29 10:35:00",3875,-0.0150000000000006
"2019-04-29 10:36:00",6761,0.0150000000000006
"2019-04-29 10:37:00",1100,-0.00500000000000256
"2019-04-29 10:38:00",3902,0.0300000000000011
"2019-04-29 10:39:00",1404,-0.00999999999999801
"2019-04-29 10:40:00",2359,-0.0151000000000039
"2019-04-29 10:41:00",5441,0.0200999999999993
"2019-04-29 10:42:00",1455,0.0114000000000019
"2019-04-29 10:43:00",3513,0.00359999999999872
"2019-04-29 10:44:00",1901,0
"2019-04-29 10:45:00",1200,0.00670000000000215
"2019-04-29 10:46:00",2590,-0.0167000000000002
"2019-04-29 10:47:00",3692,0.0300000000000011
"2019-04-29 10:48:00",900,0.00999999999999801
"2019-04-29 10:49:00",1200,-0.0114000000000019
"2019-04-29 10:50:00",1198,0.00580000000000069
"2019-04-29 10:51:00",1111,0.0206000000000017
"2019-04-29 10:52:00",556,-0.00010000000000332
"2019-04-29 10:53:00",1795,-0.0148999999999972
"2019-04-29 10:54:00",600,-0.00690000000000168
"2019-04-29 10:55:00",200,0.00690000000000168
"2019-04-29 10:56:00",1416,0.00999999999999801
"2019-04-29 10:57:00",1010,0.00999999999999801
"2019-04-29 10:58:00",1802,-0.00999999999999801
"2019-04-29 10:59:00",401,0.00500000000000256
"2019-04-29 11:00:00",1690,-0.00500000000000256
"2019-04-29 11:01:00",1643,-0.019999999999996
"2019-04-29 11:02:00",350,0
"2019-04-29 11:03:00",1520,0.00999999999999801
"2019-04-29 11:04:00",2300,0.00999999999999801
"2019-04-29 11:05:00",1415,0.00999999999999801
"2019-04-29 11:06:00",2026,-0.019999999999996
"2019-04-29 11:07:00",1250,0.00999999999999801
"2019-04-29 11:08:00",1654,0.00999999999999801
"2019-04-29 11:09:00",3691,0.0313000000000017
"2019-04-29 11:10:00",4294,-0.00130000000000052
"2019-04-29 11:11:00",4721,0
"2019-04-29 11:12:00",601,-0.00999999999999801
"2019-04-29 11:13:00",932,0.00610000000000355
"2019-04-29 11:14:00",2370,0.0137
"2019-04-29 11:15:00",1838,-0.0023000000000053
"2019-04-29 11:16:00",701,-0.013300000000001
"2019-04-29 11:17:00",740,-0.00679999999999836
"2019-04-29 11:18:00",400,0.00610000000000355
"2019-04-29 11:20:00",500,0.021099999999997
"2019-04-29 11:21:00",100,0.00540000000000163
"2019-04-29 11:22:00",2154,0.0349999999999966
"2019-04-29 11:23:00",7335,0.0100000000000051
"2019-04-29 11:24:00",1990,-0.00500000000000256
"2019-04-29 11:25:00",696,0
"2019-04-29 11:26:00",1655,-0.00999999999999801
"2019-04-29 11:27:00",1429,-0.00180000000000291
"2019-04-29 11:28:00",2916,-0.0131999999999977
"2019-04-29 11:29:00",600,0.0399999999999991
"2019-04-29 11:30:00",4374,0.0150000000000006
"2019-04-29 11:31:00",957,0
"2019-04-29 11:32:00",200,-0.00500000000000256
"2019-04-29 11:33:00",1514,-0.00499999999999545
"2019-04-29 11:34:00",941,-0.0100000000000051
"2019-04-29 11:35:00",100,0.00500000000000256
"2019-04-29 11:36:00",800,0.0399999999999991
"2019-04-29 11:38:00",1513,-0.0249999999999986
"2019-04-29 11:39:00",1950,-0.0300000000000011
"2019-04-29 11:40:00",700,-0.00999999999999801
"2019-04-29 11:41:00",3400,0.0300000000000011
"2019-04-29 11:42:00",855,0.00519999999999499
"2019-04-29 11:43:00",1199,-0.00519999999999499
"2019-04-29 11:44:00",1001,-0.00500000000000256
"2019-04-29 11:45:00",1000,0
"2019-04-29 11:46:00",895,0.0101000000000013
"2019-04-29 11:47:00",3617,0.0349000000000004
"2019-04-29 11:48:00",2188,0.00999999999999801
"2019-04-29 11:49:00",501,0.00999999999999801
"2019-04-29 11:50:00",3601,-0.00499999999999545
"2019-04-29 11:51:00",976,-0.00500000000000256
"2019-04-29 11:52:00",2502,0.0200000000000031
"2019-04-29 11:53:00",1256,0
"2019-04-29 11:54:00",450,0.000999999999997669
"2019-04-29 11:55:00",1609,-0.0157999999999987
"2019-04-29 11:56:00",2614,-0.0118000000000009
"2019-04-29 11:57:00",253,0.0017999999999958
"2019-04-29 11:58:00",601,0.00480000000000302
"2019-04-29 11:59:00",1700,0.0200000000000031
"2019-04-29 12:00:00",1063,0
"2019-04-29 12:01:00",3427,0.0499999999999972
"2019-04-29 12:02:00",1766,0
"2019-04-29 12:03:00",1388,-0.0200000000000031
"2019-04-29 12:04:00",2499,0.00500000000000256
"2019-04-29 12:05:00",754,-0.00189999999999912
"2019-04-29 12:06:00",741,-0.00950000000000273
"2019-04-29 12:07:00",9869,-0.0183999999999997
"2019-04-29 12:08:00",1401,0.014800000000001
"2019-04-29 12:09:00",1000,-0.00999999999999801
"2019-04-29 12:10:00",300,0.0150000000000006
"2019-04-29 12:11:00",278,-0.00500000000000256
"2019-04-29 12:12:00",800,-0.00679999999999836
"2019-04-29 12:13:00",500,0.00679999999999836
"2019-04-29 12:14:00",11377,0
"2019-04-29 12:15:00",607,0.0200000000000031
"2019-04-29 12:16:00",1001,-0.0150000000000006
"2019-04-29 12:17:00",700,-0.00500000000000256
"2019-04-29 12:18:00",1660,-0.0300000000000011
"2019-04-29 12:19:00",324,0.00670000000000215
"2019-04-29 12:20:00",1806,0.00829999999999842
"2019-04-29 12:21:00",400,0.0150000000000006
"2019-04-29 12:22:00",1901,0.0150000000000006
"2019-04-29 12:23:00",4301,-0.00489999999999924
"2019-04-29 12:24:00",623,-0.00670000000000215
"2019-04-29 12:25:00",1454,0.0166000000000039
"2019-04-29 12:26:00",1270,0
"2019-04-29 12:27:00",1601,0
"2019-04-29 12:28:00",1864,0.00499999999999545
"2019-04-29 12:29:00",2118,-0.00499999999999545
"2019-04-29 12:30:00",2371,0
"2019-04-29 12:31:00",2640,0.0130999999999943
"2019-04-29 12:32:00",800,0.0119000000000042
"2019-04-29 12:33:00",2748,-0.00800000000000267
"2019-04-29 12:34:00",1300,-0.0069999999999979
"2019-04-29 12:35:00",618,0
"2019-04-29 12:36:00",2400,-0.0200999999999993
"2019-04-29 12:37:00",861,-0.00379999999999825
"2019-04-29 12:38:00",300,0.00389999999999446
"2019-04-29 12:39:00",1301,0.0100000000000051
"2019-04-29 12:40:00",2980,-0.0399999999999991
"2019-04-29 12:41:00",1130,0.0147999999999939
"2019-04-29 12:42:00",300,0.00520000000000209
"2019-04-29 12:43:00",500,0
"2019-04-29 12:44:00",1704,-0.0140000000000029
"2019-04-29 12:45:00",1122,0.00400000000000489
"2019-04-29 12:46:00",1001,0.00999999999999801
"2019-04-29 12:47:00",1521,0.0150000000000006
"2019-04-29 12:48:00",901,0.0150000000000006
"2019-04-29 12:49:00",4484,0.0249999999999986
"2019-04-29 12:50:00",1670,0
"2019-04-29 12:51:00",1423,0.00500000000000256
"2019-04-29 12:52:00",1396,-0.00500000000000256
"2019-04-29 12:53:00",208,-0.00999999999999801
"2019-04-29 12:54:00",480,0.000700000000001921
"2019-04-29 12:55:00",723,-0.00180000000000291
"2019-04-29 12:56:00",1837,-0.00390000000000157
"2019-04-29 12:57:00",1900,0
"2019-04-29 12:58:00",950,-0.00999999999999801
"2019-04-29 12:59:00",1955,0.019999999999996
"2019-04-29 13:00:00",654,-0.00389999999999446
"2019-04-29 13:01:00",500,0.00389999999999446
"2019-04-29 13:02:00",2689,-0.00499999999999545
"2019-04-29 13:03:00",2418,0.00499999999999545
"2019-04-29 13:04:00",2494,-0.0164999999999935
"2019-04-29 13:05:00",1639,-0.00360000000000582
"2019-04-29 13:06:00",750,0.00510000000000588
"2019-04-29 13:07:00",1283,0.00999999999999801
"2019-04-29 13:08:00",1917,0.00229999999999819
"2019-04-29 13:09:00",710,-0.0041000000000011
"2019-04-29 13:10:00",1799,-0.0332000000000008
"2019-04-29 13:11:00",520,0.00500000000000256
"2019-04-29 13:12:00",592,-0.00500000000000256
"2019-04-29 13:13:00",754,0.00500000000000256
"2019-04-29 13:14:00",1482,-0.00500000000000256
"2019-04-29 13:15:00",1100,-0.00499999999999545
"2019-04-29 13:16:00",1601,-0.0100000000000051
"2019-04-29 13:17:00",1595,0.0113000000000056
"2019-04-29 13:18:00",2576,0.00369999999999493
"2019-04-29 13:19:00",1991,0
"2019-04-29 13:20:00",816,0.0200000000000031
"2019-04-29 13:21:00",1996,0
"2019-04-29 13:22:00",901,-0.0069999999999979
"2019-04-29 13:23:00",3000,0.00199999999999534
"2019-04-29 13:24:00",3518,0.00500000000000256
"2019-04-29 13:25:00",2645,-0.0200000000000031
"2019-04-29 13:26:00",1240,-0.00999999999999801
"2019-04-29 13:27:00",4614,0.00440000000000396
"2019-04-29 13:28:00",1000,0.0205999999999946
"2019-04-29 13:29:00",500,-0.00499999999999545
"2019-04-29 13:30:00",958,0
"2019-04-29 13:31:00",200,-0.0100000000000051
"2019-04-29 13:32:00",1800,0.0200000000000031
"2019-04-29 13:33:00",733,0
"2019-04-29 13:34:00",700,0.00500000000000256
"2019-04-29 13:35:00",2080,-0.0250000000000057
"2019-04-29 13:36:00",600,0.00500000000000256
"2019-04-29 13:37:00",390,0
"2019-04-29 13:38:00",1649,-0.0150000000000006
"2019-04-29 13:39:00",600,-0.00999999999999801
"2019-04-29 13:40:00",928,-0.0135000000000005
"2019-04-29 13:41:00",1014,0.00849999999999795
"2019-04-29 13:42:00",1023,0
"2019-04-29 13:43:00",551,-0.00499999999999545
"2019-04-29 13:44:00",200,-0.00500000000000256
"2019-04-29 13:45:00",1452,-0.00500000000000256
"2019-04-29 13:46:00",1900,-0.00999999999999801
"2019-04-29 13:47:00",2051,-0.0249999999999986
"2019-04-29 13:48:00",2242,0.0135000000000005
"2019-04-29 13:49:00",1300,-0.011099999999999
"2019-04-29 13:50:00",1547,-0.0112000000000023
"2019-04-29 13:51:00",244,-0.00120000000000431
"2019-04-29 13:52:00",2139,-0.019599999999997
"2019-04-29 13:53:00",6011,0.00460000000000349
"2019-04-29 13:54:00",716,-0.00580000000000069
"2019-04-29 13:55:00",6225,-0.0342000000000056
"2019-04-29 13:56:00",3903,0.0150000000000006
"2019-04-29 13:57:00",729,0.0150000000000006
"2019-04-29 13:58:00",6976,-0.00499999999999545
"2019-04-29 13:59:00",800,0.0150000000000006
"2019-04-29 14:00:00",5305,0
"2019-04-29 14:01:00",2691,0.0149999999999935
"2019-04-29 14:02:00",2000,0
"2019-04-29 14:03:00",1952,0
"2019-04-29 14:04:00",2963,0.0100000000000051
"2019-04-29 14:05:00",5201,0.00499999999999545
"2019-04-29 14:06:00",2366,0.0100000000000051
"2019-04-29 14:07:00",511,0
"2019-04-29 14:08:00",2422,0.0131999999999977
"2019-04-29 14:09:00",305,0.00430000000000064
"2019-04-29 14:10:00",7894,0.00189999999999912
"2019-04-29 14:11:00",500,0.000599999999998602
"2019-04-29 14:12:00",1534,0.00500000000000256
"2019-04-29 14:13:00",3934,-0.00500000000000256
"2019-04-29 14:14:00",602,0
"2019-04-29 14:15:00",844,0.0200000000000031
"2019-04-29 14:16:00",2375,-0.0035000000000025
"2019-04-29 14:17:00",3875,-0.0165000000000006
"2019-04-29 14:18:00",211,0
"2019-04-29 14:19:00",234,-0.0034999999999954
"2019-04-29 14:20:00",1701,0.018499999999996
"2019-04-29 14:21:00",1851,-0.00999999999999801
"2019-04-29 14:22:00",1357,0.0099000000000018
"2019-04-29 14:23:00",2198,-0.0249000000000024
"2019-04-29 14:24:00",1900,-0.0249999999999986
"2019-04-29 14:25:00",3163,0
"2019-04-29 14:26:00",3915,0.00499999999999545
"2019-04-29 14:27:00",2509,0.0101000000000013
"2019-04-29 14:28:00",1919,0.00489999999999924
"2019-04-29 14:30:00",1513,0.0150000000000006
"2019-04-29 14:31:00",2923,0.0200000000000031
"2019-04-29 14:32:00",5765,-0.0198999999999998
"2019-04-29 14:33:00",1376,-0.00550000000000495
"2019-04-29 14:34:00",3554,-0.0194999999999936
"2019-04-29 14:35:00",700,-0.00510000000000588
"2019-04-29 14:36:00",3823,0.0165000000000006
"2019-04-29 14:37:00",1020,-0.00150000000000006
"2019-04-29 14:38:00",2411,0
"2019-04-29 14:39:00",300,0
"2019-04-29 14:40:00",13442,0.0150000000000006
"2019-04-29 14:41:00",15402,-0.019999999999996
"2019-04-29 14:42:00",1000,-0.00010000000000332
"2019-04-29 14:43:00",984,-0.0099000000000018
"2019-04-29 14:44:00",3156,0
"2019-04-29 14:45:00",6048,0.0100000000000051
"2019-04-29 14:46:00",2222,-0.0100000000000051
"2019-04-29 14:47:00",5718,0.0200000000000031
"2019-04-29 14:48:00",2187,0
"2019-04-29 14:49:00",7830,0.0300000000000011
"2019-04-29 14:50:00",10592,0.00499999999999545
"2019-04-29 14:51:00",13283,-0.0149999999999935
"2019-04-29 14:52:00",6626,0.00499999999999545
"2019-04-29 14:53:00",4068,0.00500000000000256
"2019-04-29 14:54:00",18223,-0.00999999999999801
"2019-04-29 14:55:00",7992,0.0198999999999998
"2019-04-29 14:56:00",10997,-0.00210000000000576
"2019-04-29 14:57:00",4356,-0.00280000000000058
"2019-04-29 14:58:00",18067,0.0249000000000024
"2019-04-29 14:59:00",27638,0.00010000000000332
"2019-04-29 15:02:00",24195,0
"2019-04-29 15:15:00",0,0
"2019-04-30 08:30:00",37636,0.449999999999996
"2019-04-30 08:31:00",13734,0.0200000000000031
"2019-04-30 08:32:00",5121,0
"2019-04-30 08:33:00",6350,0.00999999999999801
"2019-04-30 08:34:00",5561,0.00999999999999801
"2019-04-30 08:35:00",6023,-0.0799999999999983
"2019-04-30 08:36:00",23925,-0.0300000000000011
"2019-04-30 08:37:00",20350,0.0399999999999991
"2019-04-30 08:38:00",4383,-0.0499999999999972
"2019-04-30 08:39:00",6562,-0.0200000000000031
"2019-04-30 08:40:00",12366,-0.0399999999999991
"2019-04-30 08:41:00",4991,0.0300000000000011
"2019-04-30 08:42:00",3698,-0.00999999999999801
"2019-04-30 08:43:00",2521,0.0499999999999972
"2019-04-30 08:44:00",2301,-0.0150000000000006
"2019-04-30 08:45:00",7462,-0.0249999999999986
"2019-04-30 08:46:00",2317,-0.00999999999999801
"2019-04-30 08:47:00",5204,0.00999999999999801
"2019-04-30 08:48:00",4235,0.0399999999999991
"2019-04-30 08:49:00",6120,0.0399999999999991
"2019-04-30 08:50:00",6406,-0.0599999999999952
"2019-04-30 08:51:00",500,0
"2019-04-30 08:52:00",2400,0.019999999999996
"2019-04-30 08:53:00",1803,0
"2019-04-30 08:54:00",2670,0.0200000000000031
"2019-04-30 08:55:00",1800,-0.0200000000000031
"2019-04-30 08:56:00",15990,0.0200000000000031
"2019-04-30 08:57:00",2938,-0.0200999999999993
"2019-04-30 08:58:00",3606,-0.0198999999999998
"2019-04-30 08:59:00",9375,-0.0200000000000031
"2019-04-30 09:00:00",3648,-0.019999999999996
"2019-04-30 09:01:00",3545,-0.0200000000000031
"2019-04-30 09:02:00",13231,-0.00999999999999801
"2019-04-30 09:03:00",10224,-0.0200000000000031
"2019-04-30 09:04:00",8626,0.0350000000000037
"2019-04-30 09:05:00",2785,-0.0150000000000006
"2019-04-30 09:06:00",8533,0.00999999999999801
"2019-04-30 09:07:00",6700,0.00500000000000256
"2019-04-30 09:08:00",9167,-0.0549999999999997
"2019-04-30 09:09:00",2604,0.0150000000000006
"2019-04-30 09:10:00",10756,0.0399999999999991
"2019-04-30 09:11:00",15704,-0.0150000000000006
"2019-04-30 09:12:00",9736,0
"2019-04-30 09:13:00",10720,-0.0132000000000048
"2019-04-30 09:14:00",10387,0.00319999999999965
"2019-04-30 09:15:00",2533,0
"2019-04-30 09:16:00",5127,0.0200000000000031
"2019-04-30 09:17:00",8445,0.0499999999999972
"2019-04-30 09:18:00",8827,0
"2019-04-30 09:19:00",5916,0
"2019-04-30 09:20:00",5053,0
"2019-04-30 09:21:00",15745,0.0100000000000051
"2019-04-30 09:22:00",8654,-0.0100000000000051
"2019-04-30 09:23:00",4347,0
"2019-04-30 09:24:00",2222,-0.00499999999999545
"2019-04-30 09:25:00",2200,0
"2019-04-30 09:26:00",5396,-0.0150000000000006
"2019-04-30 09:27:00",5014,0.00999999999999801
"2019-04-30 09:28:00",700,0.00999999999999801
"2019-04-30 09:29:00",7330,0.0501000000000005
"2019-04-30 09:30:00",8203,-0.0100999999999942
"2019-04-30 09:31:00",4587,0.00499999999999545
"2019-04-30 09:32:00",1669,0.0300000000000011
"2019-04-30 09:33:00",14586,0.0200000000000031
"2019-04-30 09:34:00",8125,-0.0350000000000037
"2019-04-30 09:35:00",12400,0.00999999999999801
"2019-04-30 09:36:00",9709,-0.00999999999999801
"2019-04-30 09:37:00",27492,0
"2019-04-30 09:38:00",14059,-0.00280000000000058
"2019-04-30 09:39:00",6527,-0.0122
"2019-04-30 09:40:00",3878,0.00500000000000256
"2019-04-30 09:41:00",11109,0
"2019-04-30 09:42:00",8671,0.00499999999999545
"2019-04-30 09:43:00",19309,-0.0249999999999986
"2019-04-30 09:44:00",8780,0.0350000000000037
"2019-04-30 09:45:00",16870,0.0499999999999972
"2019-04-30 09:46:00",2260,0.0150000000000006
"2019-04-30 09:47:00",13250,0
"2019-04-30 09:48:00",6067,-0.019999999999996
"2019-04-30 09:49:00",4760,-0.0175000000000054
"2019-04-30 09:50:00",2700,0.00750000000000028
"2019-04-30 09:51:00",1100,-0.019999999999996
"2019-04-30 09:52:00",15482,0.0150000000000006
"2019-04-30 09:53:00",1345,0.00499999999999545
"2019-04-30 09:54:00",6010,0.0100000000000051
"2019-04-30 09:55:00",2086,0.0499999999999972
"2019-04-30 09:56:00",2525,-0.00999999999999801
"2019-04-30 09:57:00",3219,-0.0300000000000011
"2019-04-30 09:58:00",4186,0.019999999999996
"2019-04-30 09:59:00",2300,-0.00999999999999801
"2019-04-30 10:00:00",3850,-0.0700000000000003
"2019-04-30 10:01:00",4828,0.0200000000000031
"2019-04-30 10:02:00",1700,-0.0399999999999991
"2019-04-30 10:03:00",1905,-0.0400000000000063
"2019-04-30 10:04:00",9262,-0.029999999999994
"2019-04-30 10:05:00",2920,0.029999999999994
"2019-04-30 10:06:00",2650,-0.019999999999996
"2019-04-30 10:07:00",16896,-0.0300000000000011
"2019-04-30 10:08:00",5116,0.00999999999999801
"2019-04-30 10:09:00",24421,0.0200000000000031
"2019-04-30 10:10:00",23388,-0.0300000000000011
"2019-04-30 10:11:00",8095,0.0300000000000011
"2019-04-30 10:12:00",3842,0.000299999999995748
"2019-04-30 10:13:00",2100,-0.0302999999999969
"2019-04-30 10:14:00",12188,0.0399999999999991
"2019-04-30 10:15:00",3335,-0.00860000000000127
"2019-04-30 10:16:00",15500,-0.00139999999999674
"2019-04-30 10:17:00",7891,0.0600000000000023
"2019-04-30 10:18:00",6178,0.019999999999996
"2019-04-30 10:19:00",2957,0.00999999999999801
"2019-04-30 10:20:00",4934,0.0400000000000063
"2019-04-30 10:21:00",2830,0.00999999999999801
"2019-04-30 10:22:00",5280,0.0399999999999991
"2019-04-30 10:23:00",2735,0
"2019-04-30 10:24:00",4100,0.0399999999999991
"2019-04-30 10:25:00",4087,0.0300000000000011
"2019-04-30 10:26:00",6203,-0.00999999999999801
"2019-04-30 10:27:00",2701,-0.0150000000000006
"2019-04-30 10:28:00",4630,0.0449999999999946
"2019-04-30 10:29:00",8895,0.0100000000000051
"2019-04-30 10:30:00",1718,-0.00500000000000256
"2019-04-30 10:31:00",1586,0.0519999999999996
"2019-04-30 10:32:00",2499,-0.0319999999999965
"2019-04-30 10:33:00",8909,0.019999999999996
"2019-04-30 10:34:00",3643,-0.0150000000000006
"2019-04-30 10:35:00",1600,-0.00669999999999504
"2019-04-30 10:36:00",8306,0.0156999999999954
"2019-04-30 10:37:00",92524,0.0200000000000031
"2019-04-30 10:38:00",8598,0.0210000000000008
"2019-04-30 10:39:00",8907,0
"2019-04-30 10:40:00",1207,-0.0200000000000031
"2019-04-30 10:41:00",5932,-0.019999999999996
"2019-04-30 10:42:00",1548,-0.0099000000000018
"2019-04-30 10:43:00",5902,-0.0152000000000001
"2019-04-30 10:44:00",4456,0.0150999999999968
"2019-04-30 10:45:00",7535,-0.00999999999999801
"2019-04-30 10:46:00",4377,-0.0300000000000011
"2019-04-30 10:47:00",3664,-0.0399999999999991
"2019-04-30 10:48:00",5740,0.0300000000000011
"2019-04-30 10:49:00",5730,0
"2019-04-30 10:50:00",2610,0.00500000000000256
"2019-04-30 10:51:00",2386,0.0149999999999935
"2019-04-30 10:52:00",1856,-0.0150999999999968
"2019-04-30 10:53:00",11730,0.0189000000000021
"2019-04-30 10:54:00",4782,0.0011999999999972
"2019-04-30 10:55:00",5365,0
"2019-04-30 10:56:00",3695,-0.0549999999999997
"2019-04-30 10:57:00",25990,0.00999999999999801
"2019-04-30 10:58:00",21483,-0.00999999999999801
"2019-04-30 10:59:00",24900,-0.00999999999999801
"2019-04-30 11:00:00",3023,-0.00679999999999836
"2019-04-30 11:01:00",7975,-0.00820000000000221
"2019-04-30 11:02:00",39729,0.00499999999999545
"2019-04-30 11:03:00",7917,-0.029999999999994
"2019-04-30 11:04:00",14911,0
"2019-04-30 11:05:00",7510,0.00999999999999801
"2019-04-30 11:06:00",3369,-0.00999999999999801
"2019-04-30 11:07:00",3500,0
"2019-04-30 11:08:00",11150,0.019999999999996
"2019-04-30 11:09:00",6820,-0.00499999999999545
"2019-04-30 11:10:00",6296,0.0249999999999986
"2019-04-30 11:11:00",1580,-0.0100000000000051
"2019-04-30 11:12:00",2668,-0.00999999999999801
"2019-04-30 11:13:00",1900,-0.00999999999999801
"2019-04-30 11:14:00",2800,0
"2019-04-30 11:15:00",5344,-0.00999999999999801
"2019-04-30 11:16:00",3295,-0.0150000000000006
"2019-04-30 11:17:00",2454,0.00489999999999924
"2019-04-30 11:18:00",2164,-0.0099000000000018
"2019-04-30 11:19:00",1854,-0.0150000000000006
"2019-04-30 11:20:00",9600,-0.00499999999999545
"2019-04-30 11:21:00",806,0
"2019-04-30 11:22:00",1833,0
"2019-04-30 11:23:00",11371,0.00499999999999545
"2019-04-30 11:24:00",6400,-0.00499999999999545
"2019-04-30 11:25:00",1400,-0.0100000000000051
"2019-04-30 11:26:00",100,0.0100000000000051
"2019-04-30 11:27:00",100,-0.0100000000000051
"2019-04-30 11:28:00",10119,0
"2019-04-30 11:29:00",5408,0.00500000000000256
"2019-04-30 11:30:00",1200,-0.00500000000000256
"2019-04-30 11:31:00",13916,0.0100000000000051
"2019-04-30 11:32:00",4831,0
"2019-04-30 11:33:00",2217,-0.00500000000000256
"2019-04-30 11:34:00",8442,-0.0249999999999986
"2019-04-30 11:35:00",2300,-0.0151000000000039
"2019-04-30 11:36:00",2850,-0.0126999999999953
"2019-04-30 11:37:00",11422,-0.0122
"2019-04-30 11:38:00",1830,-0.0100000000000051
"2019-04-30 11:39:00",1400,0
"2019-04-30 11:40:00",11149,0.027000000000001
"2019-04-30 11:41:00",1343,-0.0069999999999979
"2019-04-30 11:42:00",1676,-0.00999999999999801
"2019-04-30 11:43:00",1721,-0.0100000000000051
"2019-04-30 11:44:00",1100,0.00500000000000256
"2019-04-30 11:45:00",618,0.00110000000000099
"2019-04-30 11:46:00",725,-0.00600000000000023
"2019-04-30 11:47:00",5400,-0.0101000000000013
"2019-04-30 11:48:00",2563,0
"2019-04-30 11:49:00",325,-0.00330000000000297
"2019-04-30 11:50:00",2731,0.00619999999999976
"2019-04-30 11:52:00",2442,-0.0228999999999999
"2019-04-30 11:53:00",1612,0.0100000000000051
"2019-04-30 11:54:00",900,0
"2019-04-30 11:55:00",1839,0.00999999999999801
"2019-04-30 11:56:00",1105,0.00500000000000256
"2019-04-30 11:57:00",2000,-0.00500000000000256
"2019-04-30 11:58:00",4185,0.00999999999999801
"2019-04-30 11:59:00",20814,0
"2019-04-30 12:00:00",20798,0
"2019-04-30 12:01:00",5087,0.0200000000000031
"2019-04-30 12:02:00",1251,-0.0150000000000006
"2019-04-30 12:03:00",770,-0.00500000000000256
"2019-04-30 12:04:00",2242,-0.00319999999999965
"2019-04-30 12:05:00",5572,0.00319999999999965
"2019-04-30 12:06:00",2867,-0.00499999999999545
"2019-04-30 12:07:00",860,-0.00500000000000256
"2019-04-30 12:08:00",200,0.00500000000000256
"2019-04-30 12:09:00",6245,-0.00500000000000256
"2019-04-30 12:10:00",929,0
"2019-04-30 12:11:00",1000,0
"2019-04-30 12:12:00",930,-0.00999999999999801
"2019-04-30 12:13:00",2826,0.0131000000000014
"2019-04-30 12:14:00",123,0.00679999999999836
"2019-04-30 12:15:00",1000,-0.0099000000000018
"2019-04-30 12:16:00",800,0.00500000000000256
"2019-04-30 12:17:00",7184,-0.00500000000000256
"2019-04-30 12:18:00",1277,0.00150000000000006
"2019-04-30 12:19:00",4074,-0.00650000000000261
"2019-04-30 12:20:00",1180,0
"2019-04-30 12:21:00",659,0
"2019-04-30 12:22:00",9654,0.0200000000000031
"2019-04-30 12:23:00",700,-0.00500000000000256
"2019-04-30 12:24:00",744,-0.0198999999999998
"2019-04-30 12:25:00",1348,0.00489999999999924
"2019-04-30 12:26:00",419,-0.00499999999999545
"2019-04-30 12:27:00",2780,0.00209999999999866
"2019-04-30 12:28:00",722,-0.00209999999999866
"2019-04-30 12:29:00",5152,0.0300000000000011
"2019-04-30 12:30:00",891,0
"2019-04-30 12:31:00",3750,0.0215999999999994
"2019-04-30 12:32:00",1067,0.00839999999999463
"2019-04-30 12:33:00",6715,-0.00499999999999545
"2019-04-30 12:34:00",250,0
"2019-04-30 12:35:00",8775,0.00150000000000006
"2019-04-30 12:36:00",2300,-0.0115000000000052
"2019-04-30 12:37:00",900,-0.00499999999999545
"2019-04-30 12:38:00",3728,-0.00500000000000256
"2019-04-30 12:39:00",6393,0
"2019-04-30 12:40:00",6542,-0.0249999999999986
"2019-04-30 12:41:00",6207,0
"2019-04-30 12:42:00",3260,0.00999999999999801
"2019-04-30 12:43:00",2988,0.00480000000000302
"2019-04-30 12:44:00",13573,-0.00529999999999831
"2019-04-30 12:45:00",1200,-0.0145000000000053
"2019-04-30 12:46:00",700,0.00500000000000256
"2019-04-30 12:47:00",300,0.00999999999999801
"2019-04-30 12:48:00",497,0
"2019-04-30 12:49:00",300,-0.00450000000000017
"2019-04-30 12:50:00",1866,0.00690000000000168
"2019-04-30 12:51:00",1458,0.0127000000000024
"2019-04-30 12:52:00",465,0.00489999999999924
"2019-04-30 12:53:00",2400,0.00999999999999801
"2019-04-30 12:54:00",4402,-0.0131999999999977
"2019-04-30 12:55:00",1774,0.00319999999999965
"2019-04-30 12:56:00",2200,-0.00500000000000256
"2019-04-30 12:57:00",1609,-0.0150000000000006
"2019-04-30 12:58:00",1968,0.00500000000000256
"2019-04-30 12:59:00",11400,0
"2019-04-30 13:00:00",716,-0.00500000000000256
"2019-04-30 13:01:00",3064,-0.00999999999999801
"2019-04-30 13:02:00",1262,-0.0300000000000011
"2019-04-30 13:03:00",7308,0.0150000000000006
"2019-04-30 13:04:00",1024,-0.00500000000000256
"2019-04-30 13:05:00",2200,0.0300000000000011
"2019-04-30 13:06:00",3923,-0.0150000000000006
"2019-04-30 13:07:00",1663,0.00489999999999924
"2019-04-30 13:08:00",527,-0.00659999999999883
"2019-04-30 13:09:00",700,-0.00829999999999842
"2019-04-30 13:10:00",575,0.00500000000000256
"2019-04-30 13:11:00",1568,0
"2019-04-30 13:12:00",18880,0
"2019-04-30 13:13:00",2995,-0.0100000000000051
"2019-04-30 13:14:00",5500,0.0100000000000051
"2019-04-30 13:15:00",5200,0.00999999999999801
"2019-04-30 13:16:00",2900,0
"2019-04-30 13:17:00",3566,0.0249999999999986
"2019-04-30 13:18:00",2800,0
"2019-04-30 13:19:00",2601,0.00500000000000256
"2019-04-30 13:20:00",200,-0.00999999999999801
"2019-04-30 13:21:00",603,0.00999999999999801
"2019-04-30 13:22:00",1485,-0.00999999999999801
"2019-04-30 13:23:00",1350,0.0149999999999935
"2019-04-30 13:24:00",16113,-0.0249999999999986
"2019-04-30 13:25:00",3474,-0.0300000000000011
"2019-04-30 13:26:00",1240,0.00500000000000256
"2019-04-30 13:27:00",1500,-0.0150000000000006
"2019-04-30 13:28:00",2252,0.0200000000000031
"2019-04-30 13:29:00",2130,0
"2019-04-30 13:30:00",1900,-0.0100000000000051
"2019-04-30 13:31:00",2286,-0.019999999999996
"2019-04-30 13:32:00",500,-0.00999999999999801
"2019-04-30 13:33:00",2724,-0.0100000000000051
"2019-04-30 13:34:00",1908,-0.00999999999999801
"2019-04-30 13:35:00",35808,0.00999999999999801
"2019-04-30 13:36:00",4927,-0.00999999999999801
"2019-04-30 13:37:00",1275,-0.0150000000000006
"2019-04-30 13:38:00",2300,0.0150000000000006
"2019-04-30 13:39:00",3859,0.0200000000000031
"2019-04-30 13:40:00",1751,0.00999999999999801
"2019-04-30 13:41:00",10771,-0.00209999999999866
"2019-04-30 13:42:00",3394,-0.00789999999999935
"2019-04-30 13:43:00",6546,0.00719999999999743
"2019-04-30 13:44:00",3292,-0.0172000000000025
"2019-04-30 13:45:00",3283,0.0151000000000039
"2019-04-30 13:46:00",2235,-0.0035000000000025
"2019-04-30 13:47:00",1208,-0.00159999999999627
"2019-04-30 13:48:00",1180,0.00999999999999801
"2019-04-30 13:49:00",1500,0
"2019-04-30 13:50:00",2760,-0.00500000000000256
"2019-04-30 13:51:00",2091,-0.0249999999999986
"2019-04-30 13:52:00",559,0
"2019-04-30 13:53:00",3809,-0.00999999999999801
"2019-04-30 13:54:00",2100,-0.0100000000000051
"2019-04-30 13:55:00",7961,-0.00999999999999801
"2019-04-30 13:56:00",1316,-0.00999999999999801
"2019-04-30 13:57:00",4424,0.00999999999999801
"2019-04-30 13:58:00",2170,-0.013300000000001
"2019-04-30 13:59:00",400,-0.00659999999999883
"2019-04-30 14:00:00",2705,0.0149000000000044
"2019-04-30 14:01:00",2123,-0.0150000000000006
"2019-04-30 14:02:00",647,0
"2019-04-30 14:03:00",11612,0.019999999999996
"2019-04-30 14:04:00",1084,0.0099000000000018
"2019-04-30 14:05:00",1800,-0.0099000000000018
"2019-04-30 14:06:00",17734,-0.019999999999996
"2019-04-30 14:07:00",6287,0.019999999999996
"2019-04-30 14:08:00",8395,0.00999999999999801
"2019-04-30 14:09:00",1956,-0.00509999999999877
"2019-04-30 14:10:00",5570,0.0151000000000039
"2019-04-30 14:11:00",4885,-0.0200000000000031
"2019-04-30 14:12:00",3986,0.0099000000000018
"2019-04-30 14:13:00",3997,-0.00999999999999801
"2019-04-30 14:14:00",8269,9.99999999962142e-05
"2019-04-30 14:15:00",7100,0.00999999999999801
"2019-04-30 14:16:00",3555,-0.019999999999996
"2019-04-30 14:17:00",7100,-0.00999999999999801
"2019-04-30 14:18:00",1200,-0.0100000000000051
"2019-04-30 14:19:00",6581,0.0399999999999991
"2019-04-30 14:20:00",2278,0.0500000000000043
"2019-04-30 14:21:00",3814,-0.0200000000000031
"2019-04-30 14:22:00",2510,-0.0150000000000006
"2019-04-30 14:23:00",3335,-0.00600000000000023
"2019-04-30 14:24:00",2500,-0.0189999999999984
"2019-04-30 14:25:00",1100,0.00999999999999801
"2019-04-30 14:26:00",1227,0
"2019-04-30 14:27:00",2570,0
"2019-04-30 14:28:00",5634,0.0150000000000006
"2019-04-30 14:29:00",5398,-0.00499999999999545
"2019-04-30 14:30:00",23268,-0.0200000000000031
"2019-04-30 14:31:00",13167,0.0150000000000006
"2019-04-30 14:32:00",2163,0
"2019-04-30 14:33:00",4980,0.00999999999999801
"2019-04-30 14:34:00",5420,0.0250000000000057
"2019-04-30 14:35:00",4025,0.00499999999999545
"2019-04-30 14:36:00",5998,0.0249999999999986
"2019-04-30 14:37:00",6544,-0.00999999999999801
"2019-04-30 14:38:00",2600,-0.00499999999999545
"2019-04-30 14:39:00",8467,0
"2019-04-30 14:40:00",11339,0.019999999999996
"2019-04-30 14:41:00",11555,0.0249999999999986
"2019-04-30 14:42:00",6438,-0.00499999999999545
"2019-04-30 14:43:00",6381,-0.00500000000000256
"2019-04-30 14:44:00",6621,-0.00999999999999801
"2019-04-30 14:45:00",11068,0.0150000000000006
"2019-04-30 14:46:00",11320,0
"2019-04-30 14:47:00",5641,0.00499999999999545
"2019-04-30 14:48:00",9077,0.0100000000000051
"2019-04-30 14:49:00",7281,0.019999999999996
"2019-04-30 14:50:00",10917,-0.0200999999999993
"2019-04-30 14:51:00",15095,0.00010000000000332
"2019-04-30 14:52:00",5223,0.00999999999999801
"2019-04-30 14:53:00",24659,-0.0150000000000006
"2019-04-30 14:54:00",37402,-0.00500000000000256
"2019-04-30 14:55:00",12223,-0.00999999999999801
"2019-04-30 14:56:00",14117,-0.0200000000000031
"2019-04-30 14:57:00",18126,-9.99999999962142e-05
"2019-04-30 14:58:00",42148,-0.00489999999999924
"2019-04-30 14:59:00",30965,0.0549999999999997
